iteration,train_loss,validation_loss,learning_rate,gradient_norm_before_clip,elapsed_seconds
1,10.390521049499512,10.390223836898803,0.0,0.7480776309967041,0.9597503561526537
10,10.382270812988281,,4.5e-06,0.6983429193496704,1.5361133385449648
20,10.361639976501465,,9.5e-06,0.6321122050285339,2.17786658834666
30,10.316671371459961,,1.45e-05,0.7156559228897095,2.820741320028901
40,10.245243072509766,,1.95e-05,0.8370388150215149,3.461678121238947
50,10.132500648498535,,2.4500000000000003e-05,1.1239912509918213,4.124016386456788
60,9.952033996582031,,2.9500000000000002e-05,1.5241292715072632,4.768253586255014
70,9.796632766723633,,3.4500000000000005e-05,1.6507017612457275,5.407544302754104
80,9.580424308776855,,3.95e-05,1.8073406219482422,6.0471614599227905
90,9.398170471191406,,4.45e-05,1.818543791770935,6.690873150713742
100,9.181705474853516,,4.9500000000000004e-05,1.8563586473464966,7.331709866411984
110,9.025527954101562,,5.4499999999999997e-05,1.7717514038085938,7.97401109803468
120,8.744380950927734,,5.95e-05,1.825181245803833,8.61634103115648
130,8.489266395568848,,6.45e-05,1.8028442859649658,9.25929731503129
140,8.29026985168457,,6.950000000000001e-05,1.8026174306869507,9.901327284052968
150,8.157408714294434,,7.45e-05,1.5834283828735352,10.541340599767864
160,7.953591346740723,,7.950000000000001e-05,1.6150877475738525,11.182393277995288
170,7.664011001586914,,8.450000000000001e-05,1.5558912754058838,11.821189552545547
180,7.68888521194458,,8.95e-05,1.212923526763916,12.460694867186248
190,7.463406562805176,,9.45e-05,1.004852056503296,13.099692411720753
200,7.2727813720703125,,9.95e-05,0.8207168579101562,13.738859491422772
210,7.299868583679199,,0.00010449999999999999,0.5001046061515808,14.377862106077373
220,7.314225196838379,,0.0001095,0.43745356798171997,15.016346914693713
230,7.265746593475342,,0.0001145,0.41357576847076416,15.65528066828847
240,7.261251926422119,,0.0001195,0.3601050078868866,16.292723681777716
250,7.071975231170654,,0.0001245,0.3626973628997803,16.931260213255882
260,7.065217018127441,,0.0001295,0.402516633272171,17.569861995987594
270,7.229467391967773,,0.00013450000000000002,0.6746136546134949,18.20866210758686
280,7.190342426300049,,0.0001395,0.42504969239234924,18.847593842074275
290,6.977045059204102,,0.0001445,0.5229654312133789,19.486943886615336
300,6.953066825866699,,0.0001495,0.46661055088043213,20.12807617802173
310,7.070702075958252,,0.0001545,0.51668381690979,20.768092318437994
320,6.748368740081787,,0.0001595,0.40828901529312134,21.407435775734484
330,6.826671123504639,,0.00016450000000000001,0.5179448127746582,22.047183186747134
340,6.59788179397583,,0.0001695,0.5044601559638977,22.68956235051155
350,6.804386138916016,,0.0001745,0.40163105726242065,23.32931405864656
360,6.7400431632995605,,0.0001795,0.4381721019744873,23.968905813992023
370,6.492771148681641,,0.00018449999999999999,0.49910950660705566,24.608854820020497
380,6.556427955627441,,0.0001895,0.45966237783432007,25.248403367586434
390,6.506054878234863,,0.0001945,0.4260872006416321,25.887954022735357
400,6.679798126220703,,0.0001995,0.4279777407646179,26.52793339267373
410,6.556789398193359,,0.0002045,0.3943871259689331,27.17328134458512
420,6.672733306884766,,0.0002095,0.5448364019393921,27.814213254489005
430,6.469660758972168,,0.0002145,0.4808081090450287,28.455785774625838
440,6.599943161010742,,0.0002195,0.4613993465900421,29.096368797123432
450,6.517096519470215,,0.0002245,0.4403473138809204,29.736311914399266
460,6.436865329742432,,0.00022950000000000002,0.5061956644058228,30.37736116349697
470,6.4022088050842285,,0.0002345,0.46713152527809143,31.01784667558968
480,6.475063800811768,,0.00023950000000000002,0.4775688648223877,31.65854530967772
490,6.388710975646973,,0.0002445,0.5166593194007874,32.29998288117349
500,6.50902795791626,6.347644114494324,0.0002495,0.7166818976402283,33.34952019806951
510,6.274758815765381,,0.0002545,0.5602080821990967,33.99171654880047
520,6.303884506225586,,0.0002595,0.4733346998691559,34.632566013373435
530,6.187717437744141,,0.00026450000000000003,0.4843059480190277,35.2738180719316
540,6.233440399169922,,0.0002695,0.49856412410736084,35.91542022395879
550,6.4322004318237305,,0.0002745,0.48899367451667786,36.556609149090946
560,6.190105438232422,,0.0002795,0.4527198076248169,37.19790132343769
570,6.419272422790527,,0.00028450000000000003,0.5514849424362183,37.83959570713341
580,6.144450664520264,,0.0002895,0.4799550473690033,38.481320925056934
590,6.304020881652832,,0.0002945,0.5437869429588318,39.12288215197623
600,6.339653491973877,,0.00029949999999999996,0.4934495687484741,39.76422042772174
610,6.308234691619873,,0.0003045,0.5455657839775085,40.40608213748783
620,6.299787521362305,,0.0003095,0.5321774482727051,41.047642451711
630,6.231168746948242,,0.0003145,0.5935757160186768,41.688710829243064
640,6.1200103759765625,,0.0003195,0.5727428793907166,42.33040620200336
650,5.972285270690918,,0.00032450000000000003,0.490024209022522,42.972350891679525
660,6.062699317932129,,0.00032950000000000004,0.5091462731361389,43.61545712035149
670,6.059032917022705,,0.0003345,0.4935344159603119,44.257599781267345
680,5.947731018066406,,0.0003395,0.5192155241966248,44.90027692820877
690,6.056809425354004,,0.0003445,0.5515526533126831,45.542971038259566
700,6.112382888793945,,0.00034950000000000004,0.5779609084129333,46.185308064334095
710,6.150930404663086,,0.0003545,0.5486758947372437,46.82758132554591
720,6.050078392028809,,0.0003595,0.5528943538665771,47.47011982277036
730,6.040261268615723,,0.00036449999999999997,0.4935002624988556,48.112130317837
740,5.94406270980835,,0.0003695,0.4632800221443176,48.75435506924987
750,6.02886962890625,,0.0003745,0.4861743152141571,49.396787020377815
760,6.029047966003418,,0.0003795,0.5004494190216064,50.039663282223046
770,5.991555690765381,,0.0003845,0.5262724757194519,50.68145878612995
780,6.080460548400879,,0.00038950000000000003,0.5632920265197754,51.32373260706663
790,6.073415279388428,,0.0003945,0.5154270529747009,51.9658221937716
800,6.016304969787598,,0.0003995,0.49277085065841675,52.60949920397252
810,5.968420505523682,,0.0004045,0.5304583311080933,53.25279652606696
820,5.909806251525879,,0.00040950000000000003,0.5447853803634644,53.895904183387756
830,5.925467014312744,,0.00041450000000000005,0.4716852605342865,54.54060034174472
840,6.000496864318848,,0.0004195,0.49431777000427246,55.1840041289106
850,5.801539421081543,,0.00042449999999999996,0.48152410984039307,55.82674414664507
860,5.941077709197998,,0.0004295,0.5387705564498901,56.469773415476084
870,5.806184768676758,,0.0004345,0.5362772941589355,57.114319891668856
880,5.920375823974609,,0.0004395,0.5544501543045044,57.75781905092299
890,5.954185485839844,,0.0004445,0.5222386121749878,58.4010597942397
900,5.836558818817139,,0.00044950000000000003,0.5126860737800598,59.044324648566544
910,5.970766067504883,,0.0004545,0.5093187689781189,59.693226516246796
920,5.943474292755127,,0.0004595,0.5080522894859314,60.33640467375517
930,5.76857852935791,,0.0004645,0.5361434817314148,60.979824465699494
940,5.779719352722168,,0.00046950000000000003,0.5262707471847534,61.62500551901758
950,5.712921142578125,,0.00047450000000000004,0.5031090974807739,62.27270558755845
960,5.684848308563232,,0.00047950000000000005,0.6261868476867676,62.91607213392854
970,5.884913444519043,,0.0004845,0.6154717206954956,63.55945028178394
980,5.761717796325684,,0.0004895,0.5173341631889343,64.20280376914889
990,5.711735248565674,,0.0004945,0.5093206167221069,64.84651523828506
1000,5.915925979614258,5.7999426364898685,0.0004995,0.5370479226112366,65.89870469458401
1010,5.8224945068359375,,0.0005045000000000001,0.54075026512146,66.54223358817399
1020,6.049036979675293,,0.0005095000000000001,0.5430400967597961,67.18605341296643
1030,5.693681716918945,,0.0005145,0.5131205916404724,67.83037129510194
1040,5.6774702072143555,,0.0005195,0.5371951460838318,68.47433522995561
1050,5.944834232330322,,0.0005245,0.5481611490249634,69.11828568018973
1060,5.642284393310547,,0.0005295,0.5352638363838196,69.76152438949794
1070,5.5072340965271,,0.0005344999999999999,0.5265703797340393,70.40516195259988
1080,5.768338203430176,,0.0005394999999999999,0.5266784429550171,71.05266926344484
1090,5.676121711730957,,0.0005445,0.5129179358482361,71.6969903698191
1100,5.673811912536621,,0.0005495,0.5878672003746033,72.34099734481424
1110,5.854850769042969,,0.0005545,0.5709909200668335,72.98485407046974
1120,5.6107988357543945,,0.0005595,0.5002421140670776,73.62845546659082
1130,5.670385360717773,,0.0005645,0.5268810987472534,74.27263765130192
1140,5.7758989334106445,,0.0005695,0.5786113739013672,74.92077784705907
1150,5.529446601867676,,0.0005745,0.5164182782173157,75.56636547483504
1160,5.70997428894043,,0.0005795,0.5322942137718201,76.21072636824101
1170,5.678084373474121,,0.0005845000000000001,0.5341398119926453,76.85522401705384
1180,5.709534168243408,,0.0005895000000000001,0.5443424582481384,77.49927102401853
1190,5.646168231964111,,0.0005945,0.5098272562026978,78.14505262114108
1200,5.686589241027832,,0.0005995,0.5234332084655762,78.79054712224752
1210,5.729701042175293,,0.0006045,0.5676249861717224,79.43425555992872
1220,5.639339447021484,,0.0006095,0.533671498298645,80.07828641217202
1230,5.562280178070068,,0.0006145,0.5341314673423767,80.72291857842356
1240,5.728215217590332,,0.0006195,0.565658450126648,81.36714575160295
1250,5.567914009094238,,0.0006245000000000001,0.5206255912780762,82.0113982912153
1260,5.6197404861450195,,0.0006295000000000001,0.5294045805931091,82.6551738101989
1270,5.753208160400391,,0.0006345000000000001,0.6301990747451782,83.29964967444539
1280,5.713327884674072,,0.0006395000000000001,0.5799113512039185,83.94327680859715
1290,5.611885070800781,,0.0006445,0.5531472563743591,84.58666321821511
1300,5.762104034423828,,0.0006495,0.5604732632637024,85.23046802077442
1310,5.462396621704102,,0.0006544999999999999,0.5187512636184692,85.87427223473787
1320,5.744896411895752,,0.0006594999999999999,0.5888287425041199,86.51825141534209
1330,5.6162261962890625,,0.0006644999999999999,0.6491978764533997,87.16265829000622
1340,5.592872619628906,,0.0006695,0.5733857750892639,87.80792159121484
1350,5.665005207061768,,0.0006745,0.6435908079147339,88.45216207113117
1360,5.6318559646606445,,0.0006795,0.5534587502479553,89.09940925147384
1370,5.850208282470703,,0.0006845,0.9667783975601196,89.74562284909189
1380,5.678717613220215,,0.0006895,0.5743607878684998,90.39033529162407
1390,5.576902866363525,,0.0006945,0.559761643409729,91.03800203092396
1400,5.638364791870117,,0.0006995,0.5618564486503601,91.68391390796751
1410,5.5154008865356445,,0.0007045,0.5556382536888123,92.32921219617128
1420,5.654383182525635,,0.0007095000000000001,0.545025646686554,92.9760944256559
1430,5.3999128341674805,,0.0007145000000000001,0.5495555996894836,93.62600428983569
1440,5.471743583679199,,0.0007195,0.5475431084632874,94.2707505915314
1450,5.411114692687988,,0.0007245,0.5669987201690674,94.9156067147851
1460,5.5337018966674805,,0.0007295,0.5661803483963013,95.56066234502941
1470,5.508019924163818,,0.0007345,0.5720114707946777,96.2058825660497
1480,5.662322044372559,,0.0007395,0.5431597232818604,96.85458522569388
1490,5.447023391723633,,0.0007445,0.5548545122146606,97.49975626263767
1500,5.547632694244385,5.4966597080230715,0.0007495000000000001,0.5476226806640625,98.55735416058451
1510,5.358369827270508,,0.0007545000000000001,0.5544955134391785,99.20224434882402
1520,5.395934104919434,,0.0007595000000000001,0.5590908527374268,99.84715987555683
1530,5.56216287612915,,0.0007645000000000001,0.5746292471885681,100.49455288704485
1540,5.429544925689697,,0.0007695,0.6456888914108276,101.13988688029349
1550,5.285540580749512,,0.0007745,0.5761449933052063,101.78526422474533
1560,5.53743839263916,,0.0007794999999999999,0.5570611953735352,102.43158578593284
1570,5.384519577026367,,0.0007844999999999999,0.5572333931922913,103.07818982657045
1580,5.453290939331055,,0.0007894999999999999,0.641491174697876,103.72433535009623
1590,5.330035209655762,,0.0007945,0.9924218058586121,104.36978845763952
1600,5.49044942855835,,0.0007995,0.5561801791191101,105.0160353332758
1610,5.618657112121582,,0.0008045,0.6257612109184265,105.66386767476797
1620,5.397047519683838,,0.0008095,0.5654565095901489,106.31028047483414
1630,5.261069297790527,,0.0008145,0.5899863839149475,106.95551297161728
1640,5.546991348266602,,0.0008195,0.5576085448265076,107.6031639976427
1650,5.408198356628418,,0.0008245,0.5657148957252502,108.25176549050957
1660,5.408821105957031,,0.0008295,0.5889507532119751,108.90162745397538
1670,5.41746187210083,,0.0008345000000000001,0.6058567762374878,109.54630318284035
1680,5.390517234802246,,0.0008395000000000001,0.5780218243598938,110.19173779245466
1690,5.363333702087402,,0.0008445,0.5437737107276917,110.83977328334004
1700,5.434552192687988,,0.0008495,0.9883793592453003,111.48621885571629
1710,5.416957378387451,,0.0008545,0.6132203936576843,112.1359780440107
1720,5.26483678817749,,0.0008595,0.5415045619010925,112.78316786605865
1730,5.413543701171875,,0.0008645,0.5719196796417236,113.43414934258908
1740,5.18281364440918,,0.0008695,0.60896897315979,114.07931504957378
1750,5.44801139831543,,0.0008745000000000001,0.5596289038658142,114.73206763528287
1760,5.390018939971924,,0.0008795000000000001,0.6193998456001282,115.3808155041188
1770,5.32611083984375,,0.0008845000000000001,0.5558146834373474,116.02735590003431
1780,5.334690093994141,,0.0008895000000000001,0.6149669289588928,116.67287134379148
1790,5.3486857414245605,,0.0008945000000000001,0.5530444979667664,117.3186002317816
1800,5.393326282501221,,0.0008995,0.581535816192627,117.96400735527277
1810,5.444464683532715,,0.0009044999999999999,0.5840418934822083,118.60874653421342
1820,5.389952182769775,,0.0009094999999999999,0.554385781288147,119.25507317204028
1830,5.45957612991333,,0.0009145,0.7271513938903809,119.90079849027097
1840,5.258719444274902,,0.0009195,0.5514056086540222,120.54608224332333
1850,5.448823928833008,,0.0009245,0.6176354289054871,121.19882736168802
1860,5.501592636108398,,0.0009295,0.5830747485160828,121.84598927851766
1870,5.324901580810547,,0.0009345,0.5668569803237915,122.49144556652755
1880,5.325190544128418,,0.0009395,0.5968300700187683,123.14006979577243
1890,5.498762607574463,,0.0009445,0.5896394848823547,123.78511032741517
1900,5.440880298614502,,0.0009495,0.5302616953849792,124.43199187796563
1910,5.311915397644043,,0.0009545,0.553828239440918,125.07846979703754
1920,5.3050761222839355,,0.0009595000000000001,0.6058398485183716,125.72915308270603
1930,5.3910112380981445,,0.0009645,0.5875681042671204,126.3753139199689
1940,5.315817356109619,,0.0009695,0.574224591255188,127.01980274543166
1950,5.167872905731201,,0.0009745,0.6217347979545593,127.67138919606805
1960,5.318995952606201,,0.0009795000000000001,0.5854688882827759,128.3163666781038
1970,5.398967742919922,,0.0009845000000000001,0.5799627900123596,128.96585341729224
1980,5.264820575714111,,0.0009895000000000001,0.5655617713928223,129.6114453719929
1990,5.3634033203125,,0.0009945000000000002,0.5951501727104187,130.26311175897717
2000,5.352838516235352,5.321521687507629,0.0009995,0.5672573447227478,131.3204859336838
2010,5.3166422843933105,,0.0009999998754338423,0.5409916639328003,131.9673005817458
2020,5.4089202880859375,,0.0009999994448348665,0.5761168599128723,132.61639746371657
2030,5.34125280380249,,0.0009999987066655136,0.5986269116401672,133.26270437333733
2040,5.408892631530762,,0.000999997660926288,0.5626892447471619,133.90818686131388
2050,5.370486259460449,,0.0009999963076179042,0.548944890499115,134.55653844121844
2060,5.417335033416748,,0.0009999946467412876,0.5500297546386719,135.20578245818615
2070,5.368044376373291,,0.000999992678297573,0.5481857657432556,135.8514343155548
2080,5.390279769897461,,0.0009999904022881061,0.6081860661506653,136.49741846881807
2090,5.341063499450684,,0.0009999878187144423,0.6158856749534607,137.14331977441907
2100,5.4813337326049805,,0.0009999849275783475,0.6133713126182556,137.7889906130731
2110,5.21254825592041,,0.0009999817288817978,0.5624935030937195,138.43578619137406
2120,5.285386562347412,,0.0009999782226269795,0.5892305970191956,139.08310113754123
2130,5.276805400848389,,0.000999974408816289,0.6079855561256409,139.72922848537564
2140,5.403776168823242,,0.0009999702874523334,0.5837825536727905,140.37669437937438
2150,5.348409652709961,,0.000999965858537929,0.704096257686615,141.02396517433226
2160,5.294687271118164,,0.000999961122076103,0.5499370694160461,141.67066196538508
2170,5.264577865600586,,0.0009999560780700936,0.6131937503814697,142.3163237851113
2180,5.260288238525391,,0.0009999507265233472,0.622541606426239,142.96400577109307
2190,5.257927417755127,,0.000999945067439522,0.5942385196685791,143.61111117247492
2200,5.184891700744629,,0.000999939100822486,0.587688148021698,144.2565209073946
2210,5.205572128295898,,0.0009999328266763173,0.6010651588439941,144.90225168131292
2220,5.271215915679932,,0.0009999262450053042,0.5581181645393372,145.5483156191185
2230,5.325385093688965,,0.000999919355813945,0.5868113040924072,146.19389335159212
2240,5.350597858428955,,0.000999912159106949,0.6200799345970154,146.839501590468
2250,5.34262752532959,,0.0009999046548892342,0.5792827606201172,147.48714775312692
2260,5.192110061645508,,0.0009998968431659304,0.5849563479423523,148.13303252775222
2270,5.264484405517578,,0.0009998887239423765,0.559942901134491,148.77826172858477
2280,5.29823637008667,,0.000999880297224122,0.5735322833061218,149.42398708034307
2290,5.250736236572266,,0.0009998715630169263,0.5709877014160156,150.0691009601578
2300,5.1655378341674805,,0.0009998625213267596,0.5699569582939148,150.71399090252817
2310,5.25181770324707,,0.0009998531721598014,0.5962365865707397,151.35934889502823
2320,5.288147926330566,,0.0009998435155224418,0.5865737795829773,152.00467739254236
2330,5.409161567687988,,0.0009998335514212814,0.5849460363388062,152.65022083278745
2340,5.3028082847595215,,0.0009998232798631298,0.5781933665275574,153.2954317657277
2350,5.222440719604492,,0.0009998127008550085,0.5840941071510315,153.94078902713954
2360,5.238821029663086,,0.0009998018144041472,0.6133201718330383,154.5866713663563
2370,5.166057109832764,,0.0009997906205179874,0.5429754853248596,155.23082708753645
2380,5.3348541259765625,,0.0009997791192041798,0.657181978225708,155.87539594434202
2390,5.243276119232178,,0.0009997673104705854,0.570727527141571,156.5208182670176
2400,5.170961856842041,,0.000999755194325275,0.5523252487182617,157.1644636336714
2410,5.188933372497559,,0.0009997427707765306,0.5334698557853699,157.80857944395393
2420,5.272621154785156,,0.0009997300398328429,0.5606222748756409,158.45227320399135
2430,5.195786476135254,,0.000999717001502914,0.5620308518409729,159.09631150122732
2440,5.261284828186035,,0.0009997036557956548,0.5500110983848572,159.74133026693016
2450,5.1160173416137695,,0.0009996900027201875,0.5720827579498291,160.38640727940947
2460,5.236368179321289,,0.0009996760422858436,0.5593093633651733,161.0319467606023
2470,5.200902938842773,,0.000999661774502165,0.5353551506996155,161.6793141439557
2480,5.176296234130859,,0.0009996471993789036,0.5340015292167664,162.32570255175233
2490,5.14347505569458,,0.0009996323169260213,0.5432317852973938,162.97175439447165
2500,5.274850845336914,5.195971918106079,0.0009996171271536903,0.5808078050613403,164.03287750855088
2510,5.231492042541504,,0.0009996016300722924,0.5648433566093445,164.67911830823869
2520,5.242514610290527,,0.00099958582569242,0.534941554069519,165.32583930157125
2530,5.1877641677856445,,0.0009995697140248749,0.5694060325622559,165.97289481945336
2540,5.209471702575684,,0.0009995532950806696,0.6034771203994751,166.61813137307763
2550,5.180389404296875,,0.0009995365688710261,0.5937421321868896,167.26308960281312
2560,5.2212233543396,,0.0009995195354073763,0.5616779923439026,167.90815456956625
2570,5.247884750366211,,0.0009995021947013633,0.5687005519866943,168.55282735917717
2580,5.205132484436035,,0.0009994845467648386,0.5430985689163208,169.19795304071158
2590,5.270533084869385,,0.0009994665916098645,0.6150465607643127,169.84334223810583
2600,5.1267619132995605,,0.0009994483292487131,0.601524293422699,170.4889036025852
2610,5.230431079864502,,0.000999429759693867,0.5926846861839294,171.1341912895441
2620,4.995125770568848,,0.000999410882958018,0.5481324195861816,171.7790734935552
2630,5.194831848144531,,0.000999391699054068,0.5976338386535645,172.42368995491415
2640,5.1252336502075195,,0.0009993722079951295,0.5694980025291443,173.07311770692468
2650,5.097185134887695,,0.0009993524097945236,0.5728251338005066,173.71829895861447
2660,5.216043472290039,,0.0009993323044657832,0.540990948677063,174.36367967631668
2670,5.105752944946289,,0.0009993118920226497,0.5448933243751526,175.00899886712432
2680,5.038165092468262,,0.0009992911724790745,0.5693953633308411,175.65413325838745
2690,5.133609771728516,,0.0009992701458492197,0.6034426689147949,176.29881846532226
2700,5.116854667663574,,0.0009992488121474564,0.6272974610328674,176.94287968520075
2710,5.138667106628418,,0.0009992271713883663,0.5316484570503235,177.58805643301457
2720,5.034343242645264,,0.0009992052235867402,0.5550509691238403,178.23229043278843
2730,5.124283790588379,,0.00099918296875758,0.5772058367729187,178.87948948144913
2740,5.115880489349365,,0.000999160406916096,0.5299113392829895,179.5248713772744
2750,5.277932167053223,,0.000999137538077709,0.5416769981384277,180.17551633995026
2760,5.185217380523682,,0.0009991143622580501,0.6402226090431213,180.82530164718628
2770,5.1229658126831055,,0.0009990908794729593,0.5507339835166931,181.4714537197724
2780,5.232787609100342,,0.000999067089738487,0.6639622449874878,182.12767968140543
2790,5.183905124664307,,0.0009990429930708936,0.6074211597442627,182.7735791793093
2800,5.124367713928223,,0.0009990185894866485,0.5802165865898132,183.41809704806656
2810,4.986706733703613,,0.0009989938790024315,0.7380108833312988,184.0613967590034
2820,5.036054611206055,,0.000998968861635132,0.5683668851852417,184.70529810525477
2830,5.174773216247559,,0.0009989435374018491,0.562122106552124,185.35047694202513
2840,5.242988109588623,,0.0009989179063198915,0.5656686425209045,185.99512105155736
2850,5.221471786499023,,0.0009988919684067782,0.7290916442871094,186.63977096043527
2860,5.156966209411621,,0.000998865723680237,0.5484284162521362,187.28424162883312
2870,5.1020097732543945,,0.0009988391721582066,0.5845992565155029,187.92938845884055
2880,5.159595489501953,,0.000998812313858834,0.5594621896743774,188.57420401833951
2890,5.136187553405762,,0.0009987851488004772,0.5771636962890625,189.2191583737731
2900,5.119909286499023,,0.0009987576770017028,0.5920271873474121,189.8642312195152
2910,5.090336799621582,,0.0009987298984812877,0.5546724200248718,190.5082567455247
2920,5.004154205322266,,0.0009987018132582184,0.5613194704055786,191.15148322470486
2930,5.005767822265625,,0.0009986734213516906,0.5431264042854309,191.79484938643873
2940,5.2884521484375,,0.00099864472278111,0.5811156034469604,192.43970350641757
2950,5.20579195022583,,0.000998615717566092,0.6108786463737488,193.08437247760594
2960,5.071173191070557,,0.0009985864057264612,0.5433098077774048,193.72998969815671
2970,5.199994087219238,,0.0009985567872822518,0.5813612937927246,194.37518220208585
2980,5.134430408477783,,0.0009985268622537083,0.6216855645179749,195.02059407066554
2990,5.2408246994018555,,0.0009984966306612836,0.644917368888855,195.6659097140655
3000,5.096033573150635,5.116312026977539,0.000998466092525641,0.563676118850708,196.72294178139418
3010,5.174077987670898,,0.0009984352478676526,0.5753328800201416,197.36831876914948
3020,4.973028659820557,,0.000998404096708401,0.5316477417945862,198.01771100703627
3030,5.111804962158203,,0.0009983726390691778,0.5299506187438965,198.66308917663991
3040,5.066787242889404,,0.0009983408749714834,0.5722215175628662,199.3081216160208
3050,5.120124816894531,,0.0009983088044370285,0.5895169973373413,199.95287566818297
3060,5.118794918060303,,0.0009982764274877333,0.605746328830719,200.59783972706646
3070,5.103233814239502,,0.0009982437441457266,0.5882682204246521,201.2433496452868
3080,4.999879837036133,,0.0009982107544333476,0.5614448189735413,201.88871776219457
3090,5.059136390686035,,0.0009981774583731444,0.5659186840057373,202.53372452501208
3100,4.90433406829834,,0.0009981438559878745,0.5542105436325073,203.18228636309505
3110,5.2749342918396,,0.0009981099473005046,0.6180034279823303,203.82663101982325
3120,5.086627960205078,,0.0009980757323342112,0.5547301173210144,204.47084974870086
3130,5.101737976074219,,0.0009980412111123798,0.5527856945991516,205.12009339407086
3140,5.0980730056762695,,0.0009980063836586056,0.5577382445335388,205.76486346777529
3150,5.04386043548584,,0.0009979712499966925,0.5484459400177002,206.40994472056627
3160,5.082255840301514,,0.0009979358101506542,0.5388967394828796,207.05527673847973
3170,5.207324504852295,,0.0009979000641447133,0.5762876868247986,207.70076506771147
3180,5.122075080871582,,0.0009978640120033022,0.5813368558883667,208.34592478070408
3190,4.94713020324707,,0.0009978276537510617,0.5894721150398254,208.99011218827218
3200,5.044329643249512,,0.0009977909894128428,0.559054434299469,209.6344634750858
3210,5.126120567321777,,0.0009977540190137051,0.6137552857398987,210.2788259172812
3220,5.1230316162109375,,0.0009977167425789172,0.5763735175132751,210.9230134114623
3230,5.109699249267578,,0.0009976791601339578,0.5468670725822449,211.56715863756835
3240,4.998841285705566,,0.0009976412717045138,0.5863124132156372,212.2146605346352
3250,5.082322120666504,,0.0009976030773164815,0.5402126312255859,212.8599519971758
3260,5.092942237854004,,0.0009975645769959665,0.5471141338348389,213.50575726293027
3270,5.0827178955078125,,0.0009975257707692834,0.5876861214637756,214.1509478231892
3280,5.093881607055664,,0.000997486658662956,0.5827264189720154,214.7989253634587
3290,5.082672119140625,,0.0009974472407037166,0.5401382446289062,215.44366245064884
3300,5.141787052154541,,0.0009974075169185076,0.5759727358818054,216.08811735827476
3310,5.059942722320557,,0.0009973674873344797,0.5598776340484619,216.73248587548733
3320,4.934741020202637,,0.0009973271519789924,0.5814117789268494,217.3777836309746
3330,5.04057502746582,,0.0009972865108796149,0.5430853366851807,218.0224442537874
3340,5.136103630065918,,0.000997245564064125,0.5858587622642517,218.66668186336756
3350,5.045392990112305,,0.000997204311560509,0.5599122047424316,219.3111576884985
3360,5.155345439910889,,0.000997162753396963,0.5907869935035706,219.9561390914023
3370,5.073259353637695,,0.000997120889601892,0.5930391550064087,220.60164894443005
3380,5.064177513122559,,0.0009970787202039084,0.5325523018836975,221.24697597883642
3390,5.244227409362793,,0.0009970362452318357,0.6394651532173157,221.8918357817456
3400,5.1014251708984375,,0.0009969934647147045,0.583520770072937,222.53520732745528
3410,5.2000508308410645,,0.0009969503786817551,0.5580105185508728,223.17948294710368
3420,5.122529983520508,,0.0009969069871624365,0.5621993541717529,223.82918585464358
3430,5.121676921844482,,0.0009968632901864061,0.5772251486778259,224.47458731476218
3440,5.008986473083496,,0.0009968192877835304,0.5498451590538025,225.1191472299397
3450,5.034239292144775,,0.000996774979983885,0.5569595098495483,225.76392826903611
3460,4.945958614349365,,0.0009967303668177534,0.5717158317565918,226.40894728619605
3470,4.9830522537231445,,0.0009966854483156287,0.5964770317077637,227.0551443360746
3480,5.033276557922363,,0.000996640224508212,0.574221134185791,227.7003835067153
3490,4.985297203063965,,0.0009965946954264135,0.5642925500869751,228.3471545241773
3500,5.109817981719971,5.042481994628906,0.0009965488611013516,0.5840384364128113,229.40030541457236
3510,5.014050006866455,,0.0009965027215643539,0.585027277469635,230.04552249331027
3520,5.036462783813477,,0.0009964562768469563,0.5468350052833557,230.6916787456721
3530,5.216278553009033,,0.0009964095269809035,0.5840470194816589,231.337173785083
3540,4.980755805969238,,0.0009963624719981482,0.5433141589164734,231.9856828097254
3550,4.9786529541015625,,0.0009963151119308522,0.5233004689216614,232.62993601430207
3560,4.949990272521973,,0.0009962674468113857,0.5568575263023376,233.27755846548826
3570,5.045261383056641,,0.0009962194766723275,0.6008056998252869,233.9255404798314
3580,5.0270280838012695,,0.0009961712015464645,0.6105941534042358,234.56915521156043
3590,4.976319313049316,,0.0009961226214667924,0.5388017892837524,235.21475011203438
3600,5.089248180389404,,0.0009960737364665153,0.5726366639137268,235.86092528235167
3610,4.841607093811035,,0.0009960245465790453,0.5545170903205872,236.50629924982786
3620,4.978858947753906,,0.0009959750518380036,0.5569702386856079,237.15173003356904
3630,5.011587142944336,,0.0009959252522772194,0.5781769752502441,237.79791766311973
3640,5.030542373657227,,0.00099587514793073,0.5880327820777893,238.44280333071947
3650,4.987721920013428,,0.0009958247388327814,0.6311156153678894,239.08978294115514
3660,5.074509620666504,,0.0009957740250178275,0.5451627969741821,239.73719303216785
3670,5.028139114379883,,0.000995723006520531,0.6034901142120361,240.38258215226233
3680,4.916348457336426,,0.0009956716833757625,0.5772594213485718,241.02811246644706
3690,5.108433246612549,,0.0009956200556186009,0.5679911971092224,241.67511332873255
3700,4.9857330322265625,,0.000995568123284333,0.5516567230224609,242.32314360607415
3710,4.915501594543457,,0.0009955158864084547,0.558051347732544,242.97077887970954
3720,5.039534568786621,,0.0009954633450266687,0.5624037384986877,243.61511861439794
3730,4.907150745391846,,0.0009954104991748867,0.6364310383796692,244.26146247517318
3740,4.971160888671875,,0.0009953573488892288,0.5683326125144958,244.90840567741543
3750,5.169208526611328,,0.0009953038942060223,0.6131773591041565,245.55334218591452
3760,4.875125408172607,,0.000995250135161803,0.5287398099899292,246.19995865877718
3770,4.9345808029174805,,0.0009951960717933148,0.5774170756340027,246.84774444252253
3780,5.016087532043457,,0.0009951417041375093,0.551062822341919,247.49361753929406
3790,4.932377815246582,,0.0009950870322315468,0.588069498538971,248.13956474140286
3800,4.890279769897461,,0.0009950320561127946,0.6340551972389221,248.78960744477808
3810,4.846127033233643,,0.0009949767758188285,0.5467427372932434,249.43493341561407
3820,5.039226531982422,,0.0009949211913874317,0.5661254525184631,250.08158892579377
3830,4.96599006652832,,0.0009948653028565963,0.5563615560531616,250.73151476681232
3840,4.867115020751953,,0.000994809110264521,0.5348863005638123,251.3773310482502
3850,4.95356559753418,,0.0009947526136496131,0.5890136957168579,252.029158632271
3860,4.962625503540039,,0.0009946958130504877,0.5613478422164917,252.68014161102474
3870,4.968390941619873,,0.0009946387085059674,0.5772820711135864,253.3262435477227
3880,4.979341506958008,,0.0009945813000550822,0.5838674306869507,253.97563765663654
3890,4.944176197052002,,0.0009945235877370708,0.5856610536575317,254.62129330541939
3900,4.89069938659668,,0.0009944655715913788,0.538753867149353,255.26613560970873
3910,4.994385719299316,,0.0009944072516576597,0.5666916370391846,255.91115414630622
3920,4.97884464263916,,0.0009943486279757744,0.6013445258140564,256.5560929561034
3930,5.008041858673096,,0.0009942897005857918,0.5710904002189636,257.2019665520638
3940,4.999509811401367,,0.0009942304695279883,0.535744309425354,257.85219745337963
3950,4.977874755859375,,0.000994170934842848,0.5587783455848694,258.5030036866665
3960,5.100004196166992,,0.000994111096571062,0.599258542060852,259.1484980620444
3970,4.992790222167969,,0.0009940509547535289,0.599968671798706,259.79474344756454
3980,5.03851842880249,,0.0009939905094313555,0.596933901309967,260.44062098581344
3990,4.793547630310059,,0.0009939297606458555,0.547400712966919,261.0876075187698
4000,4.868356227874756,4.941194844245911,0.0009938687084385502,0.5913214087486267,262.1417190115899
4010,4.992596626281738,,0.000993807352851168,0.605576753616333,262.7972691645846
4020,4.950346946716309,,0.000993745693925645,0.5674881339073181,263.45281078573316
4030,5.056236267089844,,0.0009936837317041244,0.5507299304008484,264.1002508290112
4040,5.10015344619751,,0.000993621466228957,0.6568871736526489,264.74690340459347
4050,4.885734558105469,,0.0009935588975427004,0.5686684250831604,265.4020480690524
4060,4.909527778625488,,0.00099349602568812,0.6347233653068542,266.05775853805244
4070,4.897857666015625,,0.0009934328507081877,0.5615314245223999,266.70307076722383
4080,4.90886116027832,,0.0009933693726460835,0.5640460848808289,267.34783787094057
4090,4.960951805114746,,0.000993305591545194,0.5660973191261292,267.9934939844534
4100,5.0584259033203125,,0.0009932415074491124,0.7157064080238342,268.63853386230767
4110,4.958400249481201,,0.00099317712040164,0.5612462759017944,269.2840925194323
4120,5.026326656341553,,0.000993112430446785,0.6048308610916138,269.9297514213249
4130,4.9685492515563965,,0.000993047437628762,0.5881645083427429,270.5769000714645
4140,5.004079818725586,,0.000992982141991993,0.5747412443161011,271.2233612909913
4150,4.872040271759033,,0.0009929165435811071,0.719892680644989,271.86931653134525
4160,4.998120307922363,,0.0009928506424409398,0.6448211669921875,272.5184352817014
4170,4.906346321105957,,0.0009927844386165346,0.5736752152442932,273.16431995108724
4180,4.87365198135376,,0.0009927179321531406,0.545996367931366,273.80987522006035
4190,4.8886613845825195,,0.0009926511230962146,0.5513560175895691,274.4562562601641
4200,4.959820747375488,,0.0009925840114914201,0.5997277498245239,275.10083574801683
4210,4.975549697875977,,0.000992516597384627,0.5931813716888428,275.7462177053094
4220,4.726387023925781,,0.000992448880821912,0.5866226553916931,276.39121464360505
4230,4.909282684326172,,0.0009923808618495591,0.5730266571044922,277.03914934117347
4240,4.942108154296875,,0.0009923125405140588,0.5528687238693237,277.68421574682
4250,4.9749956130981445,,0.0009922439168621076,0.5667782425880432,278.33097423799336
4260,5.0305891036987305,,0.0009921749909406095,0.5631210207939148,278.9767666887492
4270,4.96420431137085,,0.0009921057627966742,0.5485134720802307,279.624005055055
4280,4.892208099365234,,0.0009920362324776191,0.5692254304885864,280.26890741847456
4290,4.92318058013916,,0.0009919664000309673,0.5701929330825806,280.9138276986778
4300,4.836607933044434,,0.0009918962655044484,0.5679967999458313,281.5618695458397
4310,4.993488311767578,,0.000991825828945999,0.5675624012947083,282.21125019714236
4320,4.963011741638184,,0.0009917550904037615,0.5666662454605103,282.8568555638194
4330,4.811823844909668,,0.0009916840499260855,0.551695704460144,283.5015383530408
4340,4.952606201171875,,0.0009916127075615259,0.5900697112083435,284.14654127694666
4350,4.810873508453369,,0.0009915410633588452,0.5749292373657227,284.79161093663424
4360,4.884239196777344,,0.0009914691173670109,0.5667096376419067,285.4362353477627
4370,4.808110237121582,,0.0009913968696351977,0.5879504680633545,286.08111788798124
4380,4.856936931610107,,0.0009913243202127862,0.5663401484489441,286.7256474401802
4390,5.0351057052612305,,0.0009912514691493633,0.6435391306877136,287.3707319526002
4400,4.7776360511779785,,0.0009911783164947223,0.5978195071220398,288.0160078955814
4410,4.848155975341797,,0.0009911048622988615,0.5792844295501709,288.66192744858563
4420,4.939398288726807,,0.000991031106611987,0.6344855427742004,289.3073637522757
4430,4.813350200653076,,0.0009909570494845098,0.5937666893005371,289.95315166562796
4440,4.82489013671875,,0.0009908826909670473,0.572313129901886,290.59870410803705
4450,4.933743953704834,,0.0009908080311104228,0.5461706519126892,291.2441426059231
4460,4.878841400146484,,0.0009907330699656656,0.5683320164680481,291.88957658968866
4470,4.830362319946289,,0.0009906578075840108,0.615744948387146,292.5346816377714
4480,4.799833297729492,,0.0009905822440168996,0.6033930778503418,293.1797468736768
4490,4.928950309753418,,0.0009905063793159792,0.6084762811660767,293.8251328608021
4500,4.845451354980469,4.917383432388306,0.0009904302135331023,0.5437157154083252,294.87855851929635
4510,5.098021507263184,,0.0009903537467203275,0.5975512266159058,295.5237637218088
4520,4.954730987548828,,0.000990276978929919,0.6007004976272583,296.1684277886525
4530,5.076841831207275,,0.000990199910214347,0.5932542085647583,296.8129594773054
4540,4.8452959060668945,,0.0009901225406262872,0.5658811330795288,297.46245063096285
4550,4.970745086669922,,0.000990044870218621,0.5790708065032959,298.1100745825097
4560,4.842917442321777,,0.0009899668990444354,0.5788681507110596,298.7583619179204
4570,4.802896499633789,,0.0009898886271570227,0.5812274813652039,299.4039500905201
4580,4.808836460113525,,0.0009898100546098815,0.5706307291984558,300.0508903609589
4590,4.927831649780273,,0.000989731181456715,0.5962207317352295,300.6989100603387
4600,4.843481063842773,,0.0009896520077514327,0.6062072515487671,301.3438427718356
4610,5.046468734741211,,0.0009895725335481486,0.6104965209960938,301.9894662955776
4620,4.864082336425781,,0.0009894927589011826,0.5607742071151733,302.6362424567342
4630,4.950133800506592,,0.0009894126838650601,0.6381636261940002,303.28178266156465
4640,4.911622524261475,,0.0009893323084945117,0.5518195629119873,303.92761170025915
4650,4.753122329711914,,0.000989251632844473,0.5442454814910889,304.5731534762308
4660,4.877852439880371,,0.0009891706569700853,0.5619906187057495,305.21835057158023
4670,4.8318586349487305,,0.0009890893809266946,0.5762472748756409,305.8635171549395
4680,4.755847930908203,,0.0009890078047698522,0.676863431930542,306.5082210171968
4690,4.906081199645996,,0.0009889259285553152,0.581809401512146,307.1555617498234
4700,4.9202985763549805,,0.0009888437523390447,0.5716089606285095,307.80095956567675
4710,4.885254859924316,,0.0009887612761772073,0.585720419883728,308.4463682891801
4720,4.975930213928223,,0.0009886785001261753,0.5639580488204956,309.09153943229467
4730,4.744144439697266,,0.0009885954242425247,0.6402817964553833,309.7350613847375
4740,4.7952985763549805,,0.0009885120485830375,0.5534266233444214,310.37919884733856
4750,4.91121768951416,,0.0009884283732046997,0.5875087976455688,311.02453825995326
4760,4.851962566375732,,0.0009883443981647032,0.5901169776916504,311.6708266315982
4770,4.847471714019775,,0.0009882601235204438,0.5661659836769104,312.31649462133646
4780,5.08840274810791,,0.0009881755493295226,0.5821483731269836,312.9613723093644
4790,4.787055015563965,,0.0009880906756497452,0.568996250629425,313.60667316336185
4800,4.8854780197143555,,0.000988005502539122,0.5516297221183777,314.25330880191177
4810,5.040182590484619,,0.0009879200300558677,0.5924548506736755,314.90631499979645
4820,4.8501877784729,,0.0009878342582584024,0.5949055552482605,315.55127336923033
4830,4.810188293457031,,0.00098774818720535,0.5736441016197205,316.196371040307
4840,4.843576431274414,,0.0009876618169555394,0.5541830062866211,316.8453151555732
4850,4.784026145935059,,0.000987575147568004,0.5870668888092041,317.4910125983879
4860,4.811787128448486,,0.0009874881791019812,0.6157548427581787,318.13659208640456
4870,4.926443099975586,,0.000987400911616913,0.6066269874572754,318.7821511141956
4880,4.863387107849121,,0.0009873133451724467,0.5802697539329529,319.42710638511926
4890,4.831378936767578,,0.0009872254798284322,0.6315727233886719,320.0725395055488
4900,4.792538642883301,,0.000987137315644925,0.558181881904602,320.7186795733869
4910,4.952883720397949,,0.0009870488526821845,0.5733844637870789,321.36365423351526
4920,4.907371997833252,,0.0009869600910006745,0.580256462097168,322.0088159516454
4930,4.861228942871094,,0.0009868710306610625,0.6202189326286316,322.65358357317746
4940,4.8104753494262695,,0.0009867816717242205,0.5552787780761719,323.29806715622544
4950,4.818979263305664,,0.0009866920142512245,0.5768564939498901,323.94359522964805
4960,4.829455852508545,,0.0009866020583033546,0.5871925354003906,324.58866304252297
4970,5.0097150802612305,,0.0009865118039420946,0.5879259705543518,325.23366932943463
4980,4.919029712677002,,0.0009864212512291327,0.6060541868209839,325.8789615603164
4990,4.833892822265625,,0.0009863304002263608,0.5829654932022095,326.5244326973334
5000,4.83540153503418,4.85581591129303,0.0009862392509958748,0.5856041312217712,327.57853358983994
5010,4.887877941131592,,0.000986147803599974,0.5896446108818054,328.2236749334261
5020,4.743200302124023,,0.0009860560581011622,0.5849027633666992,328.86866111215204
5030,4.930272102355957,,0.0009859640145621466,0.5826444029808044,329.5196072878316
5040,4.856832027435303,,0.0009858716730458377,0.5737178921699524,330.16664002276957
5050,4.853642463684082,,0.0009857790336153505,0.599526047706604,330.8127293391153
5060,4.835261821746826,,0.000985686096334003,0.5772013664245605,331.46866270247847
5070,4.848670482635498,,0.0009855928612653169,0.6395213007926941,332.1155054345727
5080,4.812676429748535,,0.0009854993284730174,0.560411810874939,332.7645334014669
5090,4.925196647644043,,0.0009854054980210332,0.6000345349311829,333.40987505111843
5100,4.875037670135498,,0.0009853113699734972,0.6106555461883545,334.0555014871061
5110,4.855093002319336,,0.0009852169443947442,0.5915893316268921,334.7020191401243
5120,4.840790748596191,,0.0009851222213493136,0.5955581068992615,335.34724081493914
5130,4.984618186950684,,0.000985027200901948,0.6261915564537048,335.99219539016485
5140,4.930929660797119,,0.0009849318831175922,0.6080070734024048,336.63657170441
5150,4.80599308013916,,0.0009848362680613956,0.5653456449508667,337.2813534922898
5160,4.88430118560791,,0.0009847403557987102,0.593339204788208,337.92538611683995
5170,4.84494161605835,,0.000984644146395091,0.5945544838905334,338.5701791783795
5180,4.810208320617676,,0.0009845476399162958,0.5917709469795227,339.21532330848277
5190,4.823563575744629,,0.0009844508364282867,0.6041555404663086,339.8606119696051
5200,4.915658473968506,,0.0009843537359972272,0.5968623161315918,340.50592336338013
5210,4.716524124145508,,0.000984256338689485,0.576916515827179,341.1522063361481
5220,4.7366485595703125,,0.00098415864457163,0.5576878190040588,341.7979637822136
5230,4.866749286651611,,0.0009840606537104355,0.6171892881393433,342.44326818268746
5240,4.909882545471191,,0.000983962366172877,0.620783269405365,343.0886342506856
5250,4.783498764038086,,0.0009838637820261333,0.5811537504196167,343.7340907929465
5260,4.725696563720703,,0.0009837649013375856,0.5770179033279419,344.38000159617513
5270,4.9022417068481445,,0.0009836657241748179,0.5977862477302551,345.02467214223
5280,4.812599182128906,,0.0009835662506056174,0.6154148578643799,345.66980321891606
5290,4.709338188171387,,0.0009834664806979724,0.5639490485191345,346.3139662304893
5300,4.828071594238281,,0.0009833664145200754,0.5664049386978149,346.9600417781621
5310,4.905058860778809,,0.0009832660521403205,0.6291343569755554,347.60360652115196
5320,4.900684356689453,,0.0009831653936273044,0.5830392241477966,348.24812793917954
5330,4.946704864501953,,0.000983064439049826,0.6099376082420349,348.89265681337565
5340,4.933744430541992,,0.0009829631884768874,0.5769864320755005,349.5379386516288
5350,4.8000078201293945,,0.000982861641977692,0.631890594959259,350.18321895599365
5360,4.842737197875977,,0.0009827597996216457,0.5875887274742126,350.82857147604227
5370,4.660419464111328,,0.0009826576614783574,0.568213939666748,351.4739339090884
5380,4.801582336425781,,0.0009825552276176372,0.6122929453849792,352.1195123726502
5390,4.939884662628174,,0.0009824524981094974,0.6063159704208374,352.7648190865293
5400,4.894819259643555,,0.000982349473024153,0.6102485060691833,353.4095132891089
5410,4.872964859008789,,0.0009822461524320208,0.5854373574256897,354.05423770844936
5420,4.749138832092285,,0.0009821425364037188,0.6418499946594238,354.6985458973795
5430,4.831784248352051,,0.0009820386250100684,0.5620311498641968,355.34251980204135
5440,4.896550178527832,,0.0009819344183220917,0.5750960111618042,355.9877867009491
5450,4.803282260894775,,0.0009818299164110129,0.604727566242218,356.6332122934982
5460,4.867044448852539,,0.0009817251193482582,0.5966399312019348,357.2786818975583
5470,4.7347612380981445,,0.0009816200272054552,0.6067593693733215,357.9239527415484
5480,4.8473687171936035,,0.0009815146400544337,0.5730910897254944,358.5685925539583
5490,5.031354904174805,,0.0009814089579672247,0.5985968708992004,359.2133397758007
5500,4.727628707885742,4.767414665222168,0.0009813029810160606,0.5922790765762329,360.2682616086677
5510,4.749779224395752,,0.000981196709273376,0.5584897994995117,360.913367504254
5520,4.791385650634766,,0.0009810901428118069,0.5636263489723206,361.5574888475239
5530,4.875924110412598,,0.0009809832817041896,0.6529629230499268,362.2040409967303
5540,4.6913557052612305,,0.0009808761260235636,0.5764337778091431,362.8496787501499
5550,4.631176471710205,,0.000980768675843168,0.5762885212898254,363.49654928874224
5560,4.721391677856445,,0.0009806609312364447,0.5810403227806091,364.14294903352857
5570,4.729815483093262,,0.0009805528922770357,0.6577666997909546,364.7888582572341
5580,4.811469554901123,,0.0009804445590387847,0.5738279223442078,365.43391033727676
5590,4.7803120613098145,,0.0009803359315957365,0.5837352871894836,366.0789067009464
5600,4.734230041503906,,0.0009802270100221367,0.567467451095581,366.72308471333236
5610,4.753602027893066,,0.0009801177943924324,0.5950443744659424,367.3660858720541
5620,4.731879234313965,,0.0009800082847812716,0.5923426747322083,368.0105742942542
5630,4.80673885345459,,0.0009798984812635027,0.6356486082077026,368.65578088350594
5640,4.892645835876465,,0.0009797883839141755,0.5693550109863281,369.30222721677274
5650,4.830071449279785,,0.0009796779928085407,0.5939143896102905,369.9478923631832
5660,4.9384565353393555,,0.0009795673080220495,0.8162742257118225,370.59355473984033
5670,4.863406658172607,,0.0009794563296303537,0.5971819758415222,371.24256227724254
5680,4.715641498565674,,0.0009793450577093063,0.6908700466156006,371.89203623868525
5690,4.617514133453369,,0.0009792334923349603,0.6055999398231506,372.53769754897803
5700,4.7233991622924805,,0.0009791216335835696,0.5867035984992981,373.18368160445243
5710,4.77894401550293,,0.0009790094815315888,0.5847592949867249,373.8306075083092
5720,4.763084411621094,,0.0009788970362556728,0.588469386100769,374.4752335837111
5730,4.842301368713379,,0.0009787842978326766,0.5804907083511353,375.12452689465135
5740,4.82175350189209,,0.0009786712663396562,0.6129022240638733,375.7733974168077
5750,4.795985221862793,,0.0009785579418538674,0.583784818649292,376.4227718776092
5760,4.79792594909668,,0.0009784443244527663,0.5590620636940002,377.0680359583348
5770,4.802558898925781,,0.0009783304142140094,0.5849534869194031,377.7167931869626
5780,4.653246879577637,,0.0009782162112154534,0.5783711671829224,378.36229448299855
5790,4.87523078918457,,0.0009781017155351547,0.5995391011238098,379.0086628990248
5800,4.701397895812988,,0.0009779869272513702,0.5825334191322327,379.6532696094364
5810,4.799747943878174,,0.0009778718464425568,0.5933471918106079,380.2988757779822
5820,4.841742992401123,,0.000977756473187371,0.6006520986557007,380.94330422300845
5830,4.8523430824279785,,0.000977640807564669,0.6380834579467773,381.58746427856386
5840,4.736996650695801,,0.0009775248496535077,0.5666598081588745,382.23388132080436
5850,4.744309425354004,,0.0009774085995331427,0.5636645555496216,382.8823535768315
5860,4.684622764587402,,0.0009772920572830304,0.6013219952583313,383.5338426809758
5870,4.9703168869018555,,0.0009771752229828258,0.588412344455719,384.18876896146685
5880,4.703021049499512,,0.0009770580967123847,0.6393805742263794,384.83420615643263
5890,4.684752464294434,,0.0009769406785517611,0.5808470249176025,385.4785905443132
5900,4.735990524291992,,0.0009768229685812096,0.5906667709350586,386.1238029692322
5910,4.823559284210205,,0.0009767049668811837,0.6005122065544128,386.7683095270768
5920,4.708127021789551,,0.0009765866735323367,0.6242694854736328,387.4161578826606
5930,4.829780101776123,,0.0009764680886155208,0.6245956420898438,388.0605368213728
5940,4.718387603759766,,0.0009763492122117877,0.5781910419464111,388.70504112169147
5950,4.72451639175415,,0.0009762300444023881,0.6079730987548828,389.3531429171562
5960,4.725417613983154,,0.0009761105852687724,0.5518213510513306,389.9981880225241
5970,4.841128349304199,,0.0009759908348925897,0.5938352942466736,390.6430961461738
5980,4.8723649978637695,,0.000975870793355688,0.6174395680427551,391.28855892363936
5990,4.775064945220947,,0.0009757504607401148,0.5928929448127747,391.93428159411997
6000,4.699756622314453,4.744614005088806,0.0009756298371281165,0.5880939364433289,392.99086587224156
6010,4.798509120941162,,0.0009755089226021377,0.5798213481903076,393.6370465820655
6020,4.663127422332764,,0.0009753877172448228,0.587628960609436,394.2824405897409
6030,4.676879405975342,,0.0009752662211390142,0.6090355515480042,394.9314268436283
6040,4.686145782470703,,0.0009751444343677536,0.6169374585151672,395.58198918402195
6050,4.720071792602539,,0.0009750223570142809,0.8192439675331116,396.2262485213578
6060,4.837125778198242,,0.0009748999891620349,0.5901410579681396,396.8703607879579
6070,4.6839985847473145,,0.000974777330894653,0.5554295778274536,397.5165767967701
6080,4.642791748046875,,0.0009746543822959706,0.5722581744194031,398.16357368044555
6090,4.659908771514893,,0.0009745311434500223,0.5939167737960815,398.8428763849661
6100,4.801240921020508,,0.0009744076144410405,0.5616937279701233,399.50611855555326
6110,4.714169979095459,,0.0009742837953534563,0.5948470234870911,400.1671709306538
6120,4.775149345397949,,0.0009741596862718985,0.6163937449455261,400.8356571793556
6130,4.7439985275268555,,0.0009740352872811949,0.5851685404777527,401.50155722815543
6140,4.7377729415893555,,0.0009739105984663708,0.5691328644752502,402.17598187178373
6150,4.756532669067383,,0.0009737856199126499,0.6317479014396667,402.830652365461
6160,4.729896545410156,,0.0009736603517054538,0.57795250415802,403.4862238196656
6170,4.843771934509277,,0.0009735347939304021,0.6802940964698792,404.13405636604875
6180,4.87410306930542,,0.0009734089466733126,0.6149951219558716,404.7832730477676
6190,4.654083728790283,,0.0009732828100202006,0.5897979736328125,405.42861410044134
6200,4.831144332885742,,0.0009731563840572792,0.5666381120681763,406.07348527852446
6210,4.810816287994385,,0.0009730296688709594,0.618659257888794,406.7186031183228
6220,4.892755508422852,,0.0009729026645478498,0.5903465747833252,407.36670385021716
6230,4.8225860595703125,,0.0009727753711747569,0.5870242118835449,408.01364313438535
6240,4.739658355712891,,0.000972647788838684,0.5940408706665039,408.66302678361535
6250,4.661491394042969,,0.0009725199176268331,0.5827094316482544,409.30953831691295
6260,4.679150104522705,,0.0009723917576266025,0.637717604637146,409.95631588436663
6270,4.587218284606934,,0.0009722633089255885,0.7178724408149719,410.6046515740454
6280,4.691272258758545,,0.0009721345716115845,0.5728136897087097,411.25133487954736
6290,4.732669830322266,,0.0009720055457725813,0.6026422381401062,411.89767590817064
6300,4.7112836837768555,,0.0009718762314967668,0.5982146263122559,412.5442575700581
6310,4.759394645690918,,0.0009717466288725262,0.6330301761627197,413.1900056190789
6320,4.828369140625,,0.0009716167379884416,0.6417611241340637,413.8363928711042
6330,4.651103973388672,,0.0009714865589332924,0.5831926465034485,414.4840711504221
6340,4.584516525268555,,0.0009713560917960542,0.6042301058769226,415.13279432430863
6350,4.750774383544922,,0.0009712253366659005,0.6147743463516235,415.7809152379632
6360,4.73006534576416,,0.0009710942936322013,0.6187122464179993,416.4321828801185
6370,4.658420562744141,,0.0009709629627845228,0.6260535717010498,417.0816744333133
6380,4.724226951599121,,0.0009708313442126288,0.577936053276062,417.7301160329953
6390,4.763564109802246,,0.0009706994380064792,0.5611532330513,418.37898109760135
6400,4.591159820556641,,0.0009705672442562308,0.5699936151504517,419.02561654150486
6410,4.780389785766602,,0.0009704347630522366,0.6146438717842102,419.6724452357739
6420,4.886650085449219,,0.0009703019944850463,0.5936952829360962,420.32143092527986
6430,4.728782653808594,,0.0009701689386454061,0.5819910764694214,420.9717468377203
6440,4.73478364944458,,0.0009700355956242581,0.6074408888816833,421.6242184136063
6450,4.749781608581543,,0.0009699019655127413,0.6123892068862915,422.2736000465229
6460,4.746415138244629,,0.0009697680484021904,0.5746883153915405,422.9202992292121
6470,4.7152509689331055,,0.0009696338443841367,0.5792080163955688,423.5650819791481
6480,4.686962127685547,,0.0009694993535503073,0.5835745930671692,424.21514709014446
6490,4.718540668487549,,0.0009693645759926252,0.5871063470840454,424.8602941231802
6500,4.7922234535217285,4.722423887252807,0.00096922951180321,0.637641429901123,425.9170709270984
6510,4.8103227615356445,,0.0009690941610743764,0.6192232966423035,426.56835677754134
6520,4.7616095542907715,,0.0009689585238986358,0.5963259339332581,427.21770217176527
6530,4.8530683517456055,,0.0009688226003686944,0.6207568049430847,427.869886348024
6540,4.719181060791016,,0.000968686390577455,0.6415069103240967,428.52169907465577
6550,4.788328647613525,,0.0009685498946180156,0.6955034732818604,429.1683115232736
6560,4.742156982421875,,0.0009684131125836699,0.6204501390457153,429.81315481010824
6570,4.740878105163574,,0.0009682760445679072,0.6200909614562988,430.4581183111295
6580,4.737383842468262,,0.0009681386906644122,0.6134698390960693,431.1036118194461
6590,4.755949974060059,,0.0009680010509670648,0.5855213403701782,431.7477829726413
6600,4.83118200302124,,0.0009678631255699405,0.6578171253204346,432.3921785270795
6610,4.706896781921387,,0.0009677249145673103,0.575613796710968,433.0365163926035
6620,4.984509468078613,,0.0009675864180536399,0.600327730178833,433.6805117232725
6630,4.764184474945068,,0.0009674476361235903,0.6076539754867554,434.3271512836218
6640,4.766491889953613,,0.0009673085688720178,0.59601891040802,434.97280300594866
6650,4.745329856872559,,0.0009671692163939733,0.5812034606933594,435.62084105517715
6660,4.813677787780762,,0.0009670295787847031,0.6762620806694031,436.26714423205703
6670,4.734493732452393,,0.0009668896561396481,0.6427032947540283,436.91299814824015
6680,4.7616424560546875,,0.0009667494485544443,0.5789403915405273,437.5615814793855
6690,4.66883659362793,,0.0009666089561249222,0.6476349234580994,438.2066048765555
6700,4.879641056060791,,0.0009664681789471068,0.6081765294075012,438.85118945874274
6710,4.727868556976318,,0.0009663271171172182,0.5860870480537415,439.50199326500297
6720,4.742091178894043,,0.0009661857707316707,0.6092211008071899,440.14627517480403
6730,4.659620761871338,,0.0009660441398870734,0.708649218082428,440.78990347869694
6740,4.691179275512695,,0.0009659022246802294,0.6312894821166992,441.4331836877391
6750,4.641441345214844,,0.0009657600252081368,0.5866214036941528,442.0773506546393
6760,4.692254066467285,,0.0009656175415679873,0.5737566947937012,442.7220517350361
6770,4.651447772979736,,0.000965474773857167,0.5751746296882629,443.3665727665648
6780,4.667001724243164,,0.0009653317221732566,0.5990461707115173,444.0108925802633
6790,4.543133735656738,,0.0009651883866140305,0.6230289340019226,444.65947534237057
6800,4.660783767700195,,0.000965044767277457,0.5952979922294617,445.3143553752452
6810,4.86701774597168,,0.0009649008642616986,0.6264815926551819,445.9636897277087
6820,4.77087926864624,,0.0009647566776651121,0.6209152340888977,446.60880369879305
6830,4.622928142547607,,0.0009646122075862472,0.6289984583854675,447.25271677970886
6840,4.75942850112915,,0.0009644674541238479,0.5979114174842834,447.89741243980825
6850,4.849059104919434,,0.0009643224173768519,0.6402835249900818,448.5420915214345
6860,4.71217155456543,,0.0009641770974443905,0.6099092364311218,449.1865162970498
6870,4.75724983215332,,0.0009640314944257884,0.6214823126792908,449.8311195150018
6880,4.734911918640137,,0.000963885608420564,0.6477439403533936,450.4759206287563
6890,4.747982025146484,,0.000963739439528429,0.599173367023468,451.1207553045824
6900,4.681589126586914,,0.0009635929878492882,0.5929829478263855,451.76526257023215
6910,4.829669952392578,,0.0009634462534832403,0.6640588641166687,452.4094841843471
6920,4.805782794952393,,0.0009632992365305767,0.6275680661201477,453.05255681462586
6930,4.692364692687988,,0.0009631519370917822,0.6071457862854004,453.6948618022725
6940,4.723730564117432,,0.0009630043552675344,0.5826326608657837,454.33741146791726
6950,4.679429531097412,,0.0009628564911587042,0.6515834927558899,454.9816288705915
6960,4.748753547668457,,0.0009627083448663551,0.63477623462677,455.62717284914106
6970,4.699203968048096,,0.0009625599164917442,0.607827365398407,456.2722041653469
6980,4.704710960388184,,0.0009624112061363204,0.6393510699272156,456.91654731333256
6990,4.606133460998535,,0.0009622622139017262,0.6344793438911438,457.5618365947157
7000,4.922088146209717,4.689047574996948,0.000962112939889796,0.6005167365074158,458.616175044328
7010,4.844252586364746,,0.0009619633842025574,0.5955274701118469,459.26166733168066
7020,4.685805797576904,,0.0009618135469422304,0.6250057816505432,459.9070267332718
7030,4.718435287475586,,0.0009616634282112271,0.5891774892807007,460.5519389808178
7040,4.66143798828125,,0.0009615130281121524,0.5879201889038086,461.197887073271
7050,4.812771797180176,,0.0009613623467478033,0.609901487827301,461.84295822121203
7060,4.713410377502441,,0.0009612113842211692,0.5865861773490906,462.4874202674255
7070,4.893692493438721,,0.0009610601406354314,0.5920524001121521,463.1316357553005
7080,4.5491485595703125,,0.0009609086160939636,0.6149237155914307,463.7765424409881
7090,4.770688056945801,,0.0009607568107003314,0.5886626243591309,464.42214776482433
7100,4.814270496368408,,0.000960604724558292,0.9072750210762024,465.06855789572
7110,4.6690354347229,,0.0009604523577717955,0.6112828254699707,465.71386409457773
7120,4.670058727264404,,0.0009602997104449825,0.6356512904167175,466.35876063629985
7130,4.781678199768066,,0.0009601467826821866,0.6376979351043701,467.00226420070976
7140,4.668042182922363,,0.0009599935745879319,0.5761972069740295,467.6456458764151
7150,4.715511798858643,,0.0009598400862669351,0.5600528717041016,468.29046990629286
7160,4.720921516418457,,0.0009596863178241039,0.6691336035728455,468.9350793650374
7170,4.581445217132568,,0.0009595322693645376,0.6104402542114258,469.58016452472657
7180,4.692007064819336,,0.0009593779409935269,0.6023788452148438,470.2246368685737
7190,4.615568161010742,,0.0009592233328165535,0.6790027618408203,470.86897119227797
7200,4.764502048492432,,0.0009590684449392911,0.648230791091919,471.514438662678
7210,4.716838836669922,,0.0009589132774676039,0.5864902138710022,472.16002489905804
7220,4.789900779724121,,0.0009587578305075473,0.6633885502815247,472.8049727072939
7230,4.623544692993164,,0.0009586021041653679,0.6108899116516113,473.4491264531389
7240,4.584512233734131,,0.0009584460985475031,0.6080906391143799,474.09411593992263
7250,4.795297145843506,,0.0009582898137605815,0.7017449736595154,474.7383970124647
7260,4.592442512512207,,0.000958133249911422,0.593933641910553,475.3830197779462
7270,4.583487510681152,,0.0009579764071070346,0.6048504114151001,476.02847470808774
7280,4.9225921630859375,,0.0009578192854546202,0.6338196992874146,476.67338851094246
7290,4.794828414916992,,0.0009576618850615694,0.5965975522994995,477.3186592105776
7300,4.7713422775268555,,0.0009575042060354644,0.5983502268791199,477.96305051166564
7310,4.731978893280029,,0.000957346248484077,0.5900344252586365,478.60799300670624
7320,4.710386276245117,,0.0009571880125153699,0.5885885953903198,479.25325390323997
7330,4.656292915344238,,0.0009570294982374957,0.5776501893997192,479.8978637121618
7340,4.740891456604004,,0.0009568707057587976,0.607780396938324,480.5427077692002
7350,4.673161506652832,,0.0009567116351878086,0.6632126569747925,481.1859866697341
7360,4.656230926513672,,0.0009565522866332521,0.5737907290458679,481.8302217517048
7370,4.676977157592773,,0.0009563926602040411,0.5946956276893616,482.47497890517116
7380,4.757121562957764,,0.000956232756009279,0.6097856760025024,483.11940927803516
7390,4.677241325378418,,0.0009560725741582588,0.6891158223152161,483.7645633313805
7400,4.65873908996582,,0.000955912114760463,0.6402286291122437,484.4088369049132
7410,4.712090492248535,,0.0009557513779255643,0.6532087922096252,485.0531059624627
7420,4.653087615966797,,0.0009555903637634251,0.6434431672096252,485.69829879235476
7430,4.695916175842285,,0.0009554290723840964,0.593272864818573,486.34365979395807
7440,4.588807582855225,,0.0009552675038978198,0.5926206707954407,486.98888009320945
7450,4.7291412353515625,,0.0009551056584150258,0.5813113451004028,487.6330859400332
7460,4.784673690795898,,0.0009549435360463341,0.5916414260864258,488.27686760853976
7470,4.572383880615234,,0.000954781136902554,0.5697781443595886,488.9204738056287
7480,4.679576396942139,,0.0009546184610946837,0.5874521136283875,489.5650157239288
7490,4.613085746765137,,0.0009544555087339104,0.6078391075134277,490.2099866271019
7500,4.733839988708496,4.699049639701843,0.0009542922799316108,0.5934348702430725,491.26376828271896
7510,4.628999710083008,,0.0009541287747993502,0.5641050338745117,491.908431022428
7520,4.714778900146484,,0.0009539649934488826,0.6107339859008789,492.5529906274751
7530,4.730271339416504,,0.0009538009359921511,0.6205258369445801,493.19769724365324
7540,4.706226348876953,,0.0009536366025412875,0.5954870581626892,493.8414294300601
7550,4.733065128326416,,0.0009534719932086121,0.6129143834114075,494.4847986549139
7560,4.747193813323975,,0.0009533071081066339,0.5978987812995911,495.1295091221109
7570,4.626246929168701,,0.0009531419473480503,0.5592671036720276,495.77479408308864
7580,4.645709991455078,,0.0009529765110457471,0.6284911036491394,496.41962697915733
7590,4.618301868438721,,0.0009528107993127984,0.6145093441009521,497.06478285510093
7600,4.68976354598999,,0.0009526448122624666,0.571613073348999,497.71063564438373
7610,4.619842052459717,,0.0009524785500082024,0.5576908588409424,498.35675155743957
7620,4.647923469543457,,0.0009523120126636444,0.5887892842292786,499.0027173254639
7630,4.757162094116211,,0.0009521452003426194,0.6204302906990051,499.6479707295075
7640,4.807631015777588,,0.0009519781131591418,0.6044790148735046,500.29291417915374
7650,4.586665630340576,,0.0009518107512274144,0.5934283137321472,500.9379588859156
7660,4.682936668395996,,0.0009516431146618273,0.6231716871261597,501.5824562590569
7670,4.638088226318359,,0.0009514752035769587,0.5882918834686279,502.22703605145216
7680,4.630645275115967,,0.0009513070180875741,0.5876671671867371,502.8717316184193
7690,4.718066215515137,,0.0009511385583086267,0.6215729713439941,503.5164146022871
7700,4.841252326965332,,0.0009509698243552572,0.5713770389556885,504.16144043952227
7710,4.675857067108154,,0.0009508008163427937,0.6027880311012268,504.80589669104666
7720,4.704161643981934,,0.0009506315343867516,0.5805429816246033,505.4516070736572
7730,4.7714996337890625,,0.0009504619786028334,0.5822454690933228,506.0968303270638
7740,4.726923942565918,,0.000950292149106929,0.5952965021133423,506.7414523223415
7750,4.764036178588867,,0.0009501220460151152,0.6070045828819275,507.38672189600766
7760,4.662945747375488,,0.000949951669443656,0.6274996399879456,508.0319483252242
7770,4.595270156860352,,0.0009497810195090017,0.5791609287261963,508.67709005624056
7780,4.756848335266113,,0.0009496100963277906,0.5934519171714783,509.32256980706006
7790,4.741114616394043,,0.0009494389000168468,0.5836526155471802,509.96737340744585
7800,4.728765487670898,,0.0009492674306931812,0.6221926808357239,510.6126170894131
7810,4.8667802810668945,,0.0009490956884739915,0.5908735394477844,511.2582380324602
7820,4.867456436157227,,0.000948923673476662,0.5801076889038086,511.903432931751
7830,4.702174186706543,,0.0009487513858187634,0.584500253200531,512.5486781429499
7840,4.567483901977539,,0.0009485788256180526,0.562970757484436,513.1938780741766
7850,4.686221122741699,,0.0009484059929924728,0.5882316827774048,513.8390958746895
7860,4.635786056518555,,0.0009482328880601535,0.5930931568145752,514.4838281245902
7870,4.757808208465576,,0.0009480595109394104,0.6370898485183716,515.1289533991367
7880,4.688111305236816,,0.000947885861748745,0.6021978259086609,515.7740409141406
7890,4.567923545837402,,0.000947711940606845,0.6639347672462463,516.4195979526266
7900,4.613442897796631,,0.0009475377476325837,0.5996173024177551,517.0647533992305
7910,4.708343029022217,,0.0009473632829450205,0.580126941204071,517.7085853954777
7920,4.570042133331299,,0.0009471885466634003,0.6016858220100403,518.3517225859687
7930,4.719791412353516,,0.0009470135389071537,0.6265760064125061,518.9950063796714
7940,4.578359127044678,,0.000946838259795897,0.5815946459770203,519.639852501452
7950,4.657453536987305,,0.0009466627094494315,0.5925797820091248,520.2855693046004
7960,4.591202735900879,,0.0009464868879877446,0.5878041386604309,520.9314956683666
7970,4.723149299621582,,0.0009463107955310083,0.6045841574668884,521.5757231097668
7980,4.675444602966309,,0.0009461344321995802,0.6019898653030396,522.2194867245853
7990,4.714585781097412,,0.000945957798114003,0.6148319244384766,522.8640631176531
8000,4.818636894226074,4.648331975936889,0.0009457808933950046,0.6173835396766663,523.9164517475292
8010,4.692806243896484,,0.0009456037181634975,0.574219822883606,524.5615245290101
8020,4.876523971557617,,0.0009454262725405793,0.5975584387779236,525.2067028079182
8030,4.634562969207764,,0.0009452485566475325,0.6197709441184998,525.8521554479375
8040,4.592206954956055,,0.0009450705706058242,0.638497531414032,526.4968471154571
8050,4.693367958068848,,0.0009448923145371061,0.6477578282356262,527.1417216351256
8060,4.6052350997924805,,0.0009447137885632146,0.6269702911376953,527.786721393466
8070,4.613228797912598,,0.0009445349928061708,0.6028078198432922,528.4315022099763
8080,4.647130012512207,,0.0009443559273881794,0.5900071859359741,529.0757183237001
8090,4.504857063293457,,0.0009441765924316304,0.9695852994918823,529.7207813747227
8100,4.685563564300537,,0.0009439969880590972,0.5834524631500244,530.3657184503973
8110,4.621245384216309,,0.0009438171143933379,0.6372250318527222,531.0100109875202
8120,4.60634708404541,,0.0009436369715572943,0.5632409453392029,531.6550011439249
8130,4.629361152648926,,0.0009434565596740924,0.5844811201095581,532.3000044077635
8140,4.566031455993652,,0.0009432758788670421,0.5997760891914368,532.9462325479835
8150,4.708408832550049,,0.0009430949292596369,0.6273776888847351,533.5911155035719
8160,4.486438751220703,,0.0009429137109755543,0.6442158222198486,534.235006602481
8170,4.593759059906006,,0.0009427322241386552,0.6165418028831482,534.8784138374031
8180,4.635317325592041,,0.0009425504688729842,0.6087523698806763,535.522864472121
8190,4.620055675506592,,0.0009423684453027691,0.5900091528892517,536.1679560346529
8200,4.697050094604492,,0.0009421861535524216,0.6028720736503601,536.8127518473193
8210,4.604039669036865,,0.0009420035937465361,0.6000877022743225,537.4579882584512
8220,4.621744632720947,,0.0009418207660098907,0.5902235507965088,538.1023956974968
8230,4.5896806716918945,,0.0009416376704674465,0.5877540707588196,538.7500256281346
8240,4.537012100219727,,0.0009414543072443472,0.6127437949180603,539.394238258712
8250,4.646584510803223,,0.0009412706764659202,0.5957286357879639,540.0385248539969
8260,4.751186370849609,,0.0009410867782576755,0.6153978705406189,540.6870338637382
8270,4.722938060760498,,0.0009409026127453053,0.6097559928894043,541.3332676654682
8280,4.585705757141113,,0.0009407181800546855,0.5900713801383972,541.9831334175542
8290,4.78647518157959,,0.0009405334803118738,1.1409952640533447,542.6284744590521
8300,4.830718994140625,,0.0009403485136431107,0.6024253368377686,543.2732130233198
8310,4.680593490600586,,0.0009401632801748195,0.5915444493293762,543.918335583061
8320,4.671601295471191,,0.0009399777800336052,0.6026618480682373,544.5643465900794
8330,4.722278594970703,,0.0009397920133462556,0.6470795273780823,545.2120186919346
8340,4.667186737060547,,0.0009396059802397402,0.6040757298469543,545.8575637657195
8350,4.606137752532959,,0.0009394196808412112,0.5622082948684692,546.5017953440547
8360,4.684638977050781,,0.0009392331152780025,0.6017497777938843,547.1465414641425
8370,4.680022716522217,,0.0009390462836776296,0.6490578651428223,547.7917047403753
8380,4.611727714538574,,0.0009388591861677904,0.6161942481994629,548.4381837937981
8390,4.623404502868652,,0.0009386718228763639,0.6082091331481934,549.0833174483851
8400,4.830265998840332,,0.0009384841939314116,0.6301782131195068,549.7279622452334
8410,4.531203746795654,,0.0009382962994611759,0.5796715021133423,550.3724803309888
8420,4.797379493713379,,0.0009381081395940811,0.6189396977424622,551.0175093980506
8430,4.674652576446533,,0.0009379197144587324,0.6228480935096741,551.6627268977463
8440,4.669034957885742,,0.0009377310241839167,0.5769418478012085,552.3084770012647
8450,4.804136276245117,,0.0009375420688986022,0.6134170293807983,552.9527716850862
8460,4.783689498901367,,0.0009373528487319377,0.605438768863678,553.5965275010094
8470,4.63939094543457,,0.0009371633638132538,0.687633216381073,554.240367536433
8480,4.5948710441589355,,0.0009369736142720613,0.6085895895957947,554.8846567953005
8490,4.57346248626709,,0.0009367836002380524,0.6098561882972717,555.5287447972223
8500,4.609174728393555,4.659720063209534,0.0009365933218411001,0.6049314141273499,556.5821168189868
8510,4.620923042297363,,0.0009364027792112575,0.6048344969749451,557.2265523271635
8520,4.6799540519714355,,0.0009362119724787589,0.6425708532333374,557.8709025988355
8530,4.643282890319824,,0.0009360209017740188,1.1482295989990234,558.5146056963131
8540,4.710566520690918,,0.0009358295672276324,0.6104682683944702,559.1584408674389
8550,4.729848384857178,,0.000935637968970375,0.616121232509613,559.8022119207308
8560,4.742891311645508,,0.000935446107133202,0.6099695563316345,560.447111595422
8570,4.493971824645996,,0.0009352539818472494,0.5880053043365479,561.0921528786421
8580,4.549526691436768,,0.0009350615932438329,0.5928395986557007,561.7367502683774
8590,4.644965171813965,,0.0009348689414544484,0.604927659034729,562.3813793389127
8600,4.54530668258667,,0.0009346760266107715,0.583197832107544,563.0255925282836
8610,4.571017265319824,,0.0009344828488446576,0.6062526702880859,563.6707624914125
8620,4.78160285949707,,0.000934289408288142,0.6204167604446411,564.315125297755
8630,4.758715629577637,,0.0009340957050734395,0.6279194355010986,564.9594142967835
8640,4.688822269439697,,0.0009339017393329445,0.626833438873291,565.603930734098
8650,4.751248836517334,,0.0009337075111992305,0.6186559796333313,566.249081172049
8660,4.707550048828125,,0.0009335130208050508,0.6148357391357422,566.893930034712
8670,4.668499946594238,,0.0009333182682833376,0.6019631624221802,567.5391534874216
8680,4.613537311553955,,0.0009331232537672026,0.7693539261817932,568.1834907587618
8690,4.690680503845215,,0.0009329279773899363,0.602063000202179,568.8282623495907
8700,4.4833784103393555,,0.0009327324392850081,0.6329792141914368,569.4755451856181
8710,4.5259552001953125,,0.0009325366395860668,0.6268566250801086,570.12041836977
8720,4.511879920959473,,0.0009323405784269394,0.5784080624580383,570.7647588588297
8730,4.6130828857421875,,0.0009321442559416318,0.8010225892066956,571.408977245912
8740,4.612249374389648,,0.0009319476722643288,0.632766604423523,572.053635744378
8750,4.724757194519043,,0.0009317508275293933,0.7863777279853821,572.6980348676443
8760,4.594674587249756,,0.0009315537218713667,0.5824742913246155,573.3434521984309
8770,4.607816696166992,,0.0009313563554249693,0.5902831554412842,573.9868537569419
8780,4.5489702224731445,,0.0009311587283250989,0.7480322122573853,574.6307558622211
8790,4.664872169494629,,0.0009309608407068317,0.5927891135215759,575.2754498478025
8800,4.6942524909973145,,0.0009307626927054221,0.5901077389717102,575.9203409552574
8810,4.624310493469238,,0.0009305642844563026,0.6534470915794373,576.5650939065963
8820,4.6604719161987305,,0.000930365616095083,0.6360599994659424,577.209810606204
8830,4.670987129211426,,0.0009301666877575515,0.6277080774307251,577.8550165006891
8840,4.529726028442383,,0.0009299674995796737,0.6404367685317993,578.4998039826751
8850,4.553266525268555,,0.0009297680516975928,0.6645006537437439,579.1440532132983
8860,4.698209762573242,,0.0009295683442476294,0.6352318525314331,579.787942007184
8870,4.651665687561035,,0.0009293683773662821,0.6571771502494812,580.4322680300102
8880,4.566021919250488,,0.000929168151190226,0.6153456568717957,581.0765652693808
8890,4.634904384613037,,0.0009289676658563138,0.5941256284713745,581.7211597692221
8900,4.637833118438721,,0.0009287669215015755,0.6153559684753418,582.3662381591275
8910,4.6110148429870605,,0.000928565918263218,0.6394575238227844,583.0112269241363
8920,4.556478500366211,,0.0009283646562786249,0.6260888576507568,583.6560595370829
8930,4.659717559814453,,0.0009281631356853571,0.6104781627655029,584.3016618760303
8940,4.656008720397949,,0.0009279613566211519,0.6624720692634583,584.946729238145
8950,4.514815807342529,,0.0009277593192239233,0.6094768047332764,585.5929552419111
8960,4.555285453796387,,0.0009275570236317622,0.6128107905387878,586.2381111131981
8970,4.544806957244873,,0.0009273544699829355,0.5954229235649109,586.8823373513296
8980,4.494441509246826,,0.0009271516584158869,0.5755851864814758,587.5261820685118
8990,4.73952579498291,,0.000926948589069236,0.6262505650520325,588.1699614217505
9000,4.698317050933838,4.6291269063949585,0.000926745262081779,0.647822380065918,589.221596901305
9010,4.50681209564209,,0.0009265416775924878,0.6104983687400818,589.865954647772
9020,4.736635684967041,,0.0009263378357405106,0.5893222689628601,590.5107061853632
9030,4.691422462463379,,0.0009261337366651712,0.617620587348938,591.154862514697
9040,4.706838607788086,,0.0009259293805059698,0.5885584354400635,591.7986334133893
9050,4.52119255065918,,0.0009257247674025813,0.6282284259796143,592.4424055553973
9060,4.581331253051758,,0.0009255198974948573,0.5992355942726135,593.0863263877109
9070,4.633449554443359,,0.0009253147709228243,0.5894168615341187,593.7305864943191
9080,4.56674861907959,,0.0009251093878266843,0.6239965558052063,594.3753012586385
9090,4.527654647827148,,0.0009249037483468149,0.6322622299194336,595.0195247959346
9100,4.405620574951172,,0.0009246978526237685,0.5827082991600037,595.6635536355898
9110,4.454583168029785,,0.0009244917007982732,0.6030232906341553,596.3077963283285
9120,4.596855163574219,,0.0009242852930112314,0.6290287375450134,596.9522744650021
9130,4.745610237121582,,0.0009240786294037214,0.7073933482170105,597.5974129792303
9140,4.59379768371582,,0.0009238717101169955,0.6078448295593262,598.242393345572
9150,4.5140252113342285,,0.000923664535292481,0.6261104941368103,598.8869154267013
9160,4.597872734069824,,0.0009234571050717801,0.6241475939750671,599.5316830137745
9170,4.692283630371094,,0.0009232494195966694,0.619316816329956,600.1765630505979
9180,4.758256435394287,,0.0009230414790091001,0.6678126454353333,600.8228762680665
9190,4.710686683654785,,0.0009228332834511972,0.6107239127159119,601.4676263956353
9200,4.764565467834473,,0.0009226248330652608,0.6351991295814514,602.1146942181513
9210,4.775060653686523,,0.0009224161279937647,0.6222010850906372,602.7583212507889
9220,4.538618087768555,,0.0009222071683793567,0.5892276763916016,603.402245676145
9230,4.557042121887207,,0.0009219979543648588,0.602676272392273,604.0465874271467
9240,4.647212028503418,,0.0009217884860932669,0.5871387720108032,604.6905024461448
9250,4.61875057220459,,0.0009215787637077505,0.6695059537887573,605.3349244864658
9260,4.721592903137207,,0.0009213687873516527,0.6398050785064697,605.9789435174316
9270,4.513145446777344,,0.0009211585571684909,0.6460918188095093,606.6229105563834
9280,4.783621311187744,,0.0009209480733019548,0.6133999824523926,607.2675232179463
9290,4.549892425537109,,0.0009207373358959086,0.5874107480049133,607.9113585483283
9300,4.570048809051514,,0.000920526345094389,0.5968419909477234,608.5553286718205
9310,4.535984992980957,,0.0009203151010416065,0.5995289087295532,609.1990047898144
9320,4.671303749084473,,0.0009201036038819443,0.7105857729911804,609.843380141072
9330,4.630545616149902,,0.0009198918537599586,0.5865612030029297,610.4879684718326
9340,4.711528778076172,,0.0009196798508203787,0.624953031539917,611.1321488460526
9350,4.640094757080078,,0.0009194675952081069,0.6063942909240723,611.7764823148027
9360,4.6930999755859375,,0.0009192550870682174,0.6109086275100708,612.4211965184659
9370,4.641424179077148,,0.0009190423265459579,0.5903723835945129,613.0661049401388
9380,4.614334583282471,,0.000918829313786748,0.6548997759819031,613.7105559054762
9390,4.457018852233887,,0.0009186160489361799,0.5968804359436035,614.3552527744323
9400,4.645134925842285,,0.0009184025321400183,0.5919249057769775,615.0022941166535
9410,4.531702041625977,,0.0009181887635441999,0.6247663497924805,615.6469565974548
9420,4.496682643890381,,0.0009179747432948333,0.6067056655883789,616.292324190028
9430,4.576813697814941,,0.0009177604715381995,0.6139765977859497,616.9374743606895
9440,4.603219032287598,,0.0009175459484207512,0.6071503758430481,617.582461216487
9450,4.5858941078186035,,0.0009173311740891128,0.6423652768135071,618.2264386052266
9460,4.578758239746094,,0.0009171161486900807,0.6034345626831055,618.8709477875382
9470,4.625461578369141,,0.0009169008723706226,0.6099868416786194,619.5154094751924
9480,4.623551368713379,,0.0009166853452778781,0.5882528424263,620.1599929854274
9490,4.581814765930176,,0.0009164695675591574,0.5957192182540894,620.8039560634643
9500,4.578287124633789,4.607352304458618,0.0009162535393619432,0.6135889887809753,621.8595954356715
9510,4.518772125244141,,0.0009160372608338883,0.6161622405052185,622.5048583280295
9520,4.572229385375977,,0.000915820732122817,0.6046382188796997,623.149426177144
9530,4.563431739807129,,0.0009156039533767251,0.659824013710022,623.7940440382808
9540,4.668119430541992,,0.0009153869247437782,0.6200785636901855,624.437871651724
9550,4.714927673339844,,0.0009151696463723138,0.6222624182701111,625.0815682439134
9560,4.608951568603516,,0.0009149521184108393,0.6007636785507202,625.7264755237848
9570,4.606004238128662,,0.0009147343410080334,0.614544153213501,626.3706490620971
9580,4.5282111167907715,,0.0009145163143127444,0.5985230207443237,627.0143462829292
9590,4.5292158126831055,,0.0009142980384739919,0.6424532532691956,627.6583092417568
9600,4.61293363571167,,0.0009140795136409652,0.5913985967636108,628.304360431619
9610,4.587184906005859,,0.0009138607399630241,0.6185155510902405,628.9483907474205
9620,4.5006208419799805,,0.000913641717589698,0.612921953201294,629.5923331845552
9630,4.600141525268555,,0.000913422446670687,0.6208518147468567,630.2367715463042
9640,4.651758670806885,,0.0009132029273558606,0.8244028687477112,630.881499517709
9650,4.656205177307129,,0.0009129831597952581,0.6036338210105896,631.5254224026576
9660,4.500801086425781,,0.0009127631441390886,0.6414777636528015,632.1712230388075
9670,4.570064544677734,,0.0009125428805377307,0.5836352109909058,632.8162902742624
9680,4.639118194580078,,0.0009123223691417326,0.6003949046134949,633.4606533544138
9690,4.597560405731201,,0.0009121016101018116,0.6147371530532837,634.1047393381596
9700,4.516704082489014,,0.0009118806035688547,0.6221587061882019,634.75269233156
9710,4.615811347961426,,0.0009116593496939175,0.6323819160461426,635.3981733769178
9720,4.611936569213867,,0.000911437848628225,0.5822579264640808,636.0424121040851
9730,4.486788749694824,,0.0009112161005231711,0.6319200992584229,636.6920003509149
9740,4.670025825500488,,0.0009109941055303186,0.6104390621185303,637.3417068114504
9750,4.657681465148926,,0.0009107718638013988,0.6063473224639893,637.9870380209759
9760,4.595037460327148,,0.0009105493754883121,0.6041579246520996,638.6337854629382
9770,4.5938005447387695,,0.000910326640743127,0.6389760971069336,639.2774265613407
9780,4.504472732543945,,0.0009101036597180806,0.6550259590148926,639.9207183951512
9790,4.700014591217041,,0.0009098804325655785,0.5881650447845459,640.5645431056619
9800,4.6917219161987305,,0.0009096569594381939,0.6853463053703308,641.2093708207831
9810,4.562124729156494,,0.0009094332404886692,0.6168252825737,641.8542708838359
9820,4.709348678588867,,0.0009092092758699138,0.6059979200363159,642.4983838861808
9830,4.645412921905518,,0.0009089850657350054,0.6653695702552795,643.1427015475929
9840,4.5855817794799805,,0.0009087606102371897,0.6120648980140686,643.7935256371275
9850,4.549400329589844,,0.0009085359095298797,0.61020427942276,644.4396215090528
9860,4.5514373779296875,,0.0009083109637666565,0.634212076663971,645.083805651404
9870,4.61679744720459,,0.0009080857731012681,0.622025728225708,645.7295327829197
9880,4.701418399810791,,0.0009078603376876304,0.5993767380714417,646.3745034188032
9890,4.690217018127441,,0.0009076346576798262,0.6144664883613586,647.0228375662118
9900,4.605628967285156,,0.0009074087332321057,0.6325808167457581,647.6674105152488
9910,4.711055278778076,,0.0009071825644988865,0.6633711457252502,648.3130153594539
9920,4.503403663635254,,0.0009069561516347524,0.6184752583503723,648.9581019096076
9930,4.514630317687988,,0.0009067294947944544,0.6019176840782166,649.6036443319172
9940,4.559900760650635,,0.0009065025941329105,0.6454463601112366,650.2478659069166
9950,4.595552444458008,,0.0009062754498052052,0.5968114733695984,650.8925228174776
9960,4.823755264282227,,0.0009060480619665895,0.6100245714187622,651.5366181554273
9970,4.660022735595703,,0.0009058204307724806,0.590542733669281,652.1802327455953
9980,4.4547014236450195,,0.0009055925563784625,0.5867202877998352,652.842869669199
9990,4.413162708282471,,0.0009053644389402852,0.6378170251846313,653.4926097309217
10000,4.569534778594971,4.575966048240661,0.0009051360786138648,0.6083271503448486,654.5503945946693
10010,4.568017959594727,,0.0009049074755552835,0.6161037087440491,655.8697829991579
10020,4.686367988586426,,0.0009046786299207889,0.6003772020339966,656.5152958249673
10030,4.624810218811035,,0.0009044495418667955,0.6383626461029053,657.1588326534256
10040,4.532190322875977,,0.0009042202115498824,0.5979146957397461,657.8086133077741
10050,4.565485954284668,,0.0009039906391267947,0.6303797960281372,658.4562871186063
10060,4.631839275360107,,0.0009037608247544432,0.6255360245704651,659.1014730865136
10070,4.579216957092285,,0.0009035307685899037,0.6370210647583008,659.7462966628373
10080,4.524897575378418,,0.0009033004707904175,0.6015233397483826,660.4020997397602
10090,4.688931465148926,,0.0009030699315133909,0.6312833428382874,661.0474312584847
10100,4.580382823944092,,0.0009028391509163954,0.6082924008369446,661.6969322254881
10110,4.719600677490234,,0.0009026081291571672,0.6573805809020996,662.3414146723226
10120,4.753190040588379,,0.0009023768663936077,0.6057137250900269,662.9881783137098
10130,4.557209014892578,,0.0009021453627837828,0.6261725425720215,663.6347809517756
10140,4.5971999168396,,0.0009019136184859229,0.6104090809822083,664.2831126134843
10150,4.6385040283203125,,0.0009016816336584231,0.6101303100585938,664.9552628919482
10160,4.6508073806762695,,0.0009014494084598428,0.6121430993080139,665.5993906352669
10170,4.681759357452393,,0.0009012169430489059,0.6645599007606506,666.2439619433135
10180,4.615022659301758,,0.0009009842375845002,0.5808200240135193,666.8883811989799
10190,4.5727081298828125,,0.0009007512922256778,0.6166497468948364,667.5341259585693
10200,4.678983211517334,,0.0009005181071316544,0.6400244832038879,668.1784011963755
10210,4.640153408050537,,0.0009002846824618099,0.6204320192337036,668.8223472936079
10220,4.4432573318481445,,0.000900051018375688,0.5999593734741211,669.468068914488
10230,4.59526252746582,,0.000899817115032996,0.6290929317474365,670.1150322752073
10240,4.544111728668213,,0.0008995829725936041,0.5903185606002808,670.7604288980365
10250,4.581356048583984,,0.000899348591217547,0.6125487685203552,671.4061478544027
10260,4.673293113708496,,0.000899113971065022,0.6145947575569153,672.0600819857791
10270,4.685522079467773,,0.0008988791122963896,0.6157548427581787,672.7053681258112
10280,4.521387100219727,,0.0008986440150721737,0.578620195388794,673.3495881520212
10290,4.61676549911499,,0.0008984086795530611,0.6095527410507202,673.9950995165855
10300,4.7678070068359375,,0.0008981731058999012,0.6312166452407837,674.6401383262128
10310,4.440865516662598,,0.0008979372942737067,0.6197208166122437,675.2871384304017
10320,4.658778190612793,,0.0008977012448356523,0.6896461844444275,675.9320466751233
10330,4.553802013397217,,0.0008974649577470756,0.6092298030853271,676.5773024111986
10340,4.621156692504883,,0.0008972284331694769,0.6168443560600281,677.2233937550336
10350,4.511514663696289,,0.000896991671264518,0.5964037179946899,677.9045660691336
10360,4.537178039550781,,0.0008967546721940239,0.5858136415481567,678.5694016562775
10370,4.618992328643799,,0.000896517436119981,0.6268287897109985,679.2148977033794
10380,4.622844219207764,,0.0008962799632045381,0.6144035458564758,679.860010009259
10390,4.712359428405762,,0.0008960422536100054,0.6331364512443542,680.504804905504
10400,4.552231788635254,,0.0008958043074988554,0.6087968349456787,681.1499265758321
10410,4.50640344619751,,0.0008955661250337221,0.6307016611099243,681.7944331262261
10420,4.5814056396484375,,0.0008953277063774007,0.6202400326728821,682.437550152652
10430,4.559530735015869,,0.0008950890516928484,0.6117491126060486,683.0820764321834
10440,4.642964839935303,,0.000894850161143183,0.6777474284172058,683.7289379891008
10450,4.510739326477051,,0.0008946110348916844,0.6398833394050598,684.3810567492619
10460,4.592229843139648,,0.0008943716731017928,0.6544570326805115,685.0291015524417
10470,4.669323921203613,,0.0008941320759371099,0.6440029144287109,685.6764402408153
10480,4.611780166625977,,0.0008938922435613982,0.6408992409706116,686.3236393798143
10490,4.443805694580078,,0.0008936521761385807,0.5993577241897583,686.9698480069637
10500,4.501498222351074,4.595105099678039,0.0008934118738327412,0.666529655456543,688.0276097115129
10510,4.59207010269165,,0.000893171336808124,0.6136828660964966,688.6748254252598
10520,4.623782157897949,,0.0008929305652291341,0.6244598627090454,689.3283786205575
10530,4.589340686798096,,0.0008926895592603365,0.632270872592926,689.9730594614521
10540,4.612579345703125,,0.0008924483190664565,0.5882599353790283,690.6180664552376
10550,4.456360816955566,,0.0008922068448123795,0.627811074256897,691.2670711670071
10560,4.601841926574707,,0.000891965136663151,0.625852108001709,691.9113895967603
10570,4.5616455078125,,0.000891723194783976,0.6530410647392273,692.5555539764464
10580,4.439060211181641,,0.0008914810193402198,0.6120714545249939,693.2008502129465
10590,4.514917850494385,,0.0008912386104974068,0.6975821256637573,693.8452810393646
10600,4.472723960876465,,0.0008909959684212211,0.6628695726394653,694.4934311006218
10610,4.669373989105225,,0.0008907530932775065,0.610060453414917,695.1387723460793
10620,4.577357292175293,,0.0008905099852322656,0.618772566318512,695.7848865790293
10630,4.444568157196045,,0.0008902666444516608,0.5897230505943298,696.4361249860376
10640,4.473869323730469,,0.0008900230711020128,0.624164879322052,697.0850894972682
10650,4.548449516296387,,0.0008897792653498021,0.6136030554771423,697.7319994447753
10660,4.602940082550049,,0.0008895352273616675,0.6184752583503723,698.3765854565427
10670,4.545965671539307,,0.0008892909573044065,0.6276571750640869,699.0231245635077
10680,4.466938018798828,,0.0008890464553449757,0.6287773251533508,699.6682186676189
10690,4.413693428039551,,0.0008888017216504894,0.6754526495933533,700.3125542132184
10700,4.567461967468262,,0.0008885567563882212,0.6333888173103333,700.9606724753976
10710,4.658810138702393,,0.0008883115597256024,0.6025441884994507,701.6092326091602
10720,4.450074672698975,,0.0008880661318302227,0.6903038620948792,702.2549903057516
10730,4.499967575073242,,0.0008878204728698297,0.5982556939125061,702.9010454686359
10740,4.57831335067749,,0.0008875745830123288,0.6370702981948853,703.5485969632864
10750,4.6051106452941895,,0.0008873284624257836,0.5952367782592773,704.1957009155303
10760,4.42857551574707,,0.0008870821112784152,0.6133735179901123,704.841070972383
10770,4.5112810134887695,,0.000886835529738602,0.6068764328956604,705.4873591251671
10780,4.564774036407471,,0.0008865887179748807,0.6257981061935425,706.1343313893303
10790,4.533414840698242,,0.0008863416761559444,0.6188594698905945,706.780634730123
10800,4.670577049255371,,0.0008860944044506439,0.6428084969520569,707.4261736264452
10810,4.701683044433594,,0.0008858469030279872,0.6167073845863342,708.0703299101442
10820,4.6102294921875,,0.0008855991720571391,0.6054328083992004,708.714227094315
10830,4.594622611999512,,0.0008853512117074214,0.5888932943344116,709.3580501079559
10840,4.548695087432861,,0.0008851030221483127,0.6198548078536987,710.0005143275484
10850,4.516254425048828,,0.0008848546035494481,0.6367775201797485,710.6452396325767
10860,4.530213832855225,,0.0008846059560806196,0.6190449595451355,711.2972597805783
10870,4.442070007324219,,0.0008843570799117752,0.5970742106437683,711.9430192830041
10880,4.509402751922607,,0.0008841079752130195,0.6550686955451965,712.5907964957878
10890,4.5328521728515625,,0.0008838586421546132,0.6222745776176453,713.2386857429519
10900,4.37883186340332,,0.000883609080906973,0.6357913613319397,713.8797429613769
10910,4.811461448669434,,0.0008833592916406719,0.6557804346084595,714.5220266822726
10920,4.659363269805908,,0.0008831092745264382,0.669505774974823,715.1665454395115
10930,4.56428337097168,,0.0008828590297351566,0.6071130037307739,715.8120726784691
10940,4.56881046295166,,0.0008826085574378666,0.6290892362594604,716.4563479796052
10950,4.6491241455078125,,0.0008823578578057641,0.634818971157074,717.1026308676228
10960,4.638190269470215,,0.0008821069310101996,0.6523833274841309,717.7600933769718
10970,4.7068328857421875,,0.0008818557772226794,0.6679164171218872,718.4050459973514
10980,4.497641563415527,,0.0008816043966148647,0.6608136296272278,719.0495490320027
10990,4.655570030212402,,0.0008813527893585716,0.6161911487579346,719.6935853222385
11000,4.514971733093262,4.593695902824402,0.0008811009556257717,0.6093220114707947,720.7450793683529
11010,4.618410110473633,,0.0008808488955885905,0.643784761428833,721.3890571752563
11020,4.664919853210449,,0.0008805966094193089,0.6109589338302612,722.0327314930037
11030,4.438742637634277,,0.0008803440972903623,0.6451408863067627,722.6764933625236
11040,4.517215251922607,,0.00088009135937434,0.6072114109992981,723.3203381057829
11050,4.672760486602783,,0.0008798383958439861,0.7305303812026978,723.9645701134577
11060,4.559930324554443,,0.000879585206872199,0.6374477744102478,724.6090827696025
11070,4.5001749992370605,,0.0008793317926320307,0.607705295085907,725.2541185952723
11080,4.625324249267578,,0.0008790781532966876,0.6251092553138733,725.8986710309982
11090,4.597536087036133,,0.0008788242890395298,0.6083634495735168,726.5433548083529
11100,4.52495002746582,,0.0008785702000340709,0.6586430072784424,727.1876047756523
11110,4.672183990478516,,0.0008783158864539786,0.6427226066589355,727.8316248580813
11120,4.531769752502441,,0.0008780613484730737,0.6607970595359802,728.4760821489617
11130,4.595086097717285,,0.0008778065862653305,0.6331668496131897,729.1208463227376
11140,4.695230484008789,,0.0008775516000048768,0.6242942214012146,729.7659791661426
11150,4.611782550811768,,0.000877296389865993,0.5937705039978027,730.4107048446313
11160,4.53795862197876,,0.000877040956023113,0.6056195497512817,731.0548229431733
11170,4.533238410949707,,0.0008767852986508233,0.6502541303634644,731.7008566427976
11180,4.659076690673828,,0.0008765294179238634,0.636600136756897,732.3454037141055
11190,4.608327865600586,,0.0008762733140171255,0.6375983357429504,732.9899568967521
11200,4.477590560913086,,0.0008760169871056537,0.6959789395332336,733.6348475310951
11210,4.47822380065918,,0.0008757604373646458,0.6376243829727173,734.2792760571465
11220,4.48543643951416,,0.0008755036649694503,0.6312001347541809,734.9238672964275
11230,4.6993937492370605,,0.0008752466700955693,0.6104990243911743,735.5684189973399
11240,4.645577430725098,,0.0008749894529186562,0.6639608144760132,736.212686797604
11250,4.478361129760742,,0.0008747320136145164,0.6158303022384644,736.8574764430523
11260,4.472992420196533,,0.0008744743523591074,0.6328144073486328,737.502328960225
11270,4.582369804382324,,0.0008742164693285382,0.5896551609039307,738.1473352396861
11280,4.5512495040893555,,0.0008739583646990694,0.6402912139892578,738.7927206680179
11290,4.597562313079834,,0.0008737000386471129,0.6707441210746765,739.4361746609211
11300,4.572968482971191,,0.0008734414913492325,0.61939537525177,740.0793993026018
11310,4.592374801635742,,0.0008731827229821425,0.617889404296875,740.7220354620367
11320,4.471094131469727,,0.0008729237337227088,0.6421934962272644,741.3659026864916
11330,4.643912315368652,,0.0008726645237479482,0.6791549921035767,742.0103631047532
11340,4.597484588623047,,0.0008724050932350279,0.6329182386398315,742.6544577544555
11350,4.496490955352783,,0.0008721454423612668,0.615561842918396,743.2991488510743
11360,4.611395359039307,,0.0008718855713041332,0.6727758049964905,743.9442281937227
11370,4.530094623565674,,0.0008716254802412472,0.6604751348495483,744.5893661463633
11380,4.510412216186523,,0.0008713651693503777,0.6332334280014038,745.2349994061515
11390,4.485472679138184,,0.0008711046388094457,0.6376585960388184,745.8796267649159
11400,4.550868988037109,,0.0008708438887965206,0.6190411448478699,746.5243271235377
11410,4.5660505294799805,,0.000870582919489823,0.6125019192695618,747.1692464444786
11420,4.607036113739014,,0.0008703217310677229,0.628351092338562,747.8136253012344
11430,4.401391983032227,,0.00087006032370874,0.6575074791908264,748.4580218167976
11440,4.414180755615234,,0.0008697986975915439,0.6000033617019653,749.1021053241566
11450,4.5770955085754395,,0.0008695368528949534,0.6169794201850891,749.7467408282682
11460,4.523946762084961,,0.000869274789797937,0.6200696229934692,750.3912947000936
11470,4.364127159118652,,0.0008690125084796124,0.5943225026130676,751.0344814928249
11480,4.4885663986206055,,0.0008687500091192464,0.6431083083152771,751.6782634276897
11490,4.596376895904541,,0.0008684872918962548,0.6507455706596375,752.3214216083288
11500,4.553620338439941,4.5581683874130245,0.0008682243569902024,0.6237529516220093,753.374012039043
11510,4.601262092590332,,0.0008679612045808025,0.657439112663269,754.0185821503401
11520,4.647715091705322,,0.0008676978348479175,0.6916697025299072,754.6632312787697
11530,4.563523292541504,,0.0008674342479715582,0.6614746451377869,755.3081210674718
11540,4.463360786437988,,0.0008671704441318836,0.6391183733940125,755.9535587895662
11550,4.57895565032959,,0.0008669064235092012,0.6256143450737,756.5988567071036
11560,4.582866668701172,,0.0008666421862839665,0.6139919757843018,757.2436617407948
11570,4.592684745788574,,0.0008663777326367833,0.6122763156890869,757.8880431894213
11580,4.548659801483154,,0.0008661130627484031,0.6330097317695618,758.5323038231581
11590,4.4997992515563965,,0.0008658481767997254,0.6019941568374634,759.1772702569142
11600,4.5919189453125,,0.0008655830749717968,0.6146994233131409,759.8220542548224
11610,4.693487644195557,,0.0008653177574458124,0.6383174657821655,760.4663098026067
11620,4.516596794128418,,0.0008650522244031141,0.6597860455513,761.1106961816549
11630,4.588962554931641,,0.0008647864760251911,0.649886965751648,761.754847785458
11640,4.548598289489746,,0.0008645205124936801,0.6033304333686829,762.3988577090204
11650,4.407421112060547,,0.0008642543339903646,0.61269611120224,763.0437592482194
11660,4.591067790985107,,0.0008639879406971749,0.6862101554870605,763.6896042134613
11670,4.5255584716796875,,0.0008637213327961885,0.6523532271385193,764.3356531318277
11680,4.506017208099365,,0.0008634545104696293,0.6322364211082458,764.9802084360272
11690,4.568207740783691,,0.0008631874738998682,0.6124110221862793,765.6245368421078
11700,4.396788120269775,,0.0008629202232694215,0.7481369376182556,766.270095249638
11710,4.67547082901001,,0.0008626527587609529,0.611005961894989,766.9150440143421
11720,4.569724082946777,,0.000862385080557272,0.7185050249099731,767.5604630112648
11730,4.704733848571777,,0.0008621171888413342,0.6826832294464111,768.2057944331318
11740,4.569258213043213,,0.0008618490837962408,0.6351374983787537,768.851305228658
11750,4.333477020263672,,0.0008615807656052391,0.6328715085983276,769.4953749170527
11760,4.537336826324463,,0.0008613122344517223,0.6796112060546875,770.1402987856418
11770,4.483567237854004,,0.0008610434905192286,0.6418965458869934,770.7848464520648
11780,4.6493611335754395,,0.0008607745339914422,0.6552550196647644,771.4303740831092
11790,4.535521030426025,,0.0008605053650521923,0.6178781986236572,772.0747115490958
11800,4.551024913787842,,0.0008602359838854531,0.6578271389007568,772.7231822507456
11810,4.513837814331055,,0.0008599663906753444,0.6166053414344788,773.3744995323941
11820,4.648438453674316,,0.0008596965856061304,0.606008768081665,774.0195702556521
11830,4.581020355224609,,0.0008594265688622205,0.6152275204658508,774.667431589216
11840,4.559337615966797,,0.0008591563406281685,0.651706337928772,775.3174278531224
11850,4.67637825012207,,0.0008588859010886727,0.6151877045631409,775.9627227308229
11860,4.5390119552612305,,0.0008586152504285762,0.6388165354728699,776.6095624510199
11870,4.53450870513916,,0.0008583443888328662,0.6319969296455383,777.258016734384
11880,4.5549187660217285,,0.0008580733164866739,0.5933073163032532,777.9034078978002
11890,4.4983062744140625,,0.0008578020335752747,0.6329088807106018,778.5477786622941
11900,4.634194374084473,,0.0008575305402840879,0.6551401615142822,779.1923124939203
11910,4.4267706871032715,,0.0008572588367986767,0.602580726146698,779.8419297253713
11920,4.417505741119385,,0.0008569869233047479,0.6500301361083984,780.4908046955243
11930,4.565690994262695,,0.0008567147999881516,0.6107015609741211,781.1350355530158
11940,4.550543785095215,,0.0008564424670348818,0.6232980489730835,781.7789249457419
11950,4.601202487945557,,0.0008561699246310752,0.6142869591712952,782.4250294165686
11960,4.636310577392578,,0.0008558971729630123,0.6533638834953308,783.071395078674
11970,4.593988418579102,,0.000855624212217116,0.6369301676750183,783.7176754781976
11980,4.455699920654297,,0.0008553510425799527,0.5964778661727905,784.363121714443
11990,4.57813835144043,,0.0008550776642382308,0.6082951426506042,785.0096254432574
12000,4.5276899337768555,4.5460281610488895,0.0008548040773788022,0.6197534203529358,786.0654514255002
12010,4.492645263671875,,0.0008545302821886609,0.6099737882614136,786.7108937222511
12020,4.4012770652771,,0.0008542562788549432,0.6776647567749023,787.3552589686587
12030,4.575036525726318,,0.0008539820675649279,0.6898062825202942,788.0015408890322
12040,4.383763313293457,,0.0008537076485060359,0.6856900453567505,788.6466424250975
12050,4.57200813293457,,0.0008534330218658298,0.6502838730812073,789.2973965043202
12060,4.44507360458374,,0.0008531581878320146,0.7167311310768127,789.9420614996925
12070,4.542015552520752,,0.0008528831465924365,0.6350597739219666,790.5866219904274
12080,4.576378345489502,,0.0008526078983350837,0.6408101916313171,791.2306036697701
12090,4.622132301330566,,0.0008523324432480858,0.6825671195983887,791.8780182795599
12100,4.61585807800293,,0.000852056781519714,0.6440577507019043,792.5229054801166
12110,4.65080451965332,,0.0008517809133383801,0.6194432377815247,793.1676957644522
12120,4.658343315124512,,0.0008515048388926375,0.680418074131012,793.8120460286736
12130,4.434725761413574,,0.0008512285583711806,0.6815028190612793,794.4552493868396
12140,4.520079135894775,,0.0008509520719628444,0.6591590642929077,795.0986274434254
12150,4.532696723937988,,0.000850675379856605,0.6392346024513245,795.7428559735417
12160,4.452481746673584,,0.0008503984822415784,0.6071915030479431,796.3947427179664
12170,4.545220375061035,,0.0008501213793070219,0.6289573907852173,797.0393613930792
12180,4.559413909912109,,0.0008498440712423327,0.6950452923774719,797.6854376466945
12190,4.593713760375977,,0.0008495665582370481,0.6070643663406372,798.3350948616862
12200,4.535557746887207,,0.0008492888404808459,0.6679041981697083,798.9896420221776
12210,4.685579299926758,,0.000849010918163543,0.6451508402824402,799.6434420542791
12220,4.568436622619629,,0.0008487327914750971,0.6240492463111877,800.288364241831
12230,4.495450019836426,,0.0008484544606056053,0.6797771453857422,800.9338739672676
12240,4.420613765716553,,0.0008481759257453038,0.6147708892822266,801.582088444382
12250,4.466450214385986,,0.0008478971870845687,0.6197695136070251,802.2284139310941
12260,4.509639263153076,,0.0008476182448139153,0.6693733334541321,802.8748031305149
12270,4.455246925354004,,0.0008473390991239979,0.6506683230400085,803.5196431027725
12280,4.404068470001221,,0.0008470597502056099,0.6298589110374451,804.1648620553315
12290,4.523139953613281,,0.0008467801982496839,0.6440625786781311,804.8129421770573
12300,4.371969699859619,,0.0008465004434472907,0.6346507668495178,805.4622096717358
12310,4.491042137145996,,0.0008462204859896403,0.6143132448196411,806.1160817462951
12320,4.541384696960449,,0.000845940326068081,0.6278582811355591,806.761099493131
12330,4.60407018661499,,0.0008456599638740993,0.6204313635826111,807.405798974447
12340,4.631890296936035,,0.0008453793995993203,0.6886757612228394,808.0507353516296
12350,4.558058738708496,,0.0008450986334355068,0.6128965020179749,808.6960741737857
12360,4.5160112380981445,,0.0008448176655745601,0.6231272220611572,809.3477568468079
12370,4.593513488769531,,0.0008445364962085188,0.638451874256134,809.9920931383967
12380,4.4406232833862305,,0.0008442551255295596,0.6180746555328369,810.6413478543982
12390,4.5142292976379395,,0.0008439735537299969,0.6325698494911194,811.2859839461744
12400,4.481963634490967,,0.0008436917810022822,0.6195374727249146,811.9297234723344
12410,4.530557632446289,,0.0008434098075390046,0.6235260963439941,812.5759506011382
12420,4.45039176940918,,0.00084312763353289,0.6467397212982178,813.2217486063018
12430,4.434433937072754,,0.0008428452591768023,0.6293318867683411,813.8664295887575
12440,4.524171829223633,,0.0008425626846637411,0.6771369576454163,814.511046637781
12450,4.546618461608887,,0.0008422799101868437,0.626777708530426,815.1633254121989
12460,4.4681501388549805,,0.0008419969359393835,0.675176203250885,815.8083714321256
12470,4.507872581481934,,0.0008417137621147711,0.6791725158691406,816.4534852690995
12480,4.489863872528076,,0.0008414303889065531,0.72979736328125,817.0977170802653
12490,4.404743671417236,,0.0008411468165084122,0.6858382821083069,817.7437759917229
12500,4.392322540283203,4.514715027809143,0.0008408630451141675,0.6946090459823608,818.8038976825774
12510,4.491662979125977,,0.0008405790749177742,0.6515195369720459,819.4485733769834
12520,4.458550453186035,,0.0008402949061133232,0.655200719833374,820.0934019926935
12530,4.5603742599487305,,0.0008400105388950412,0.6203356981277466,820.7384740561247
12540,4.376323699951172,,0.0008397259734572906,0.6180418729782104,821.383065440692
12550,4.4173479080200195,,0.0008394412099945688,0.6077840924263,822.0287970453501
12560,4.545065879821777,,0.0008391562487015094,0.6340309977531433,822.6728331521153
12570,4.517629146575928,,0.0008388710897728807,0.6526233553886414,823.3167336173356
12580,4.486266136169434,,0.000838585733403586,0.6274271011352539,823.9603332709521
12590,4.581845283508301,,0.0008383001797886636,0.63750821352005,824.6051409207284
12600,4.424076080322266,,0.0008380144291232869,0.661359429359436,825.2484930967912
12610,4.517700672149658,,0.0008377284816027638,0.6228127479553223,825.8925342131406
12620,4.509103775024414,,0.0008374423374225365,0.6515218615531921,826.5381788061932
12630,4.446652412414551,,0.000837155996778182,0.6445412039756775,827.182012392208
12640,4.434863090515137,,0.0008368694598654114,0.6850562691688538,827.8262884607539
12650,4.508686065673828,,0.0008365827268800701,0.6614482402801514,828.47044804506
12660,4.398606300354004,,0.0008362957980181373,0.6359843015670776,829.1144949924201
12670,4.4678754806518555,,0.000836008673475726,0.6758293509483337,829.7590670613572
12680,4.606884479522705,,0.0008357213534490835,0.6436440348625183,830.4038779977709
12690,4.42605447769165,,0.00083543383813459,0.6626299023628235,831.0488068740815
12700,4.580918788909912,,0.0008351461277287596,0.6393173933029175,831.6937392046675
12710,4.594933032989502,,0.0008348582224282397,0.6343972682952881,832.3376740235835
12720,4.460227966308594,,0.0008345701224298107,0.6445096731185913,832.9819361492991
12730,4.451923370361328,,0.0008342818279303866,0.6250874400138855,833.6260486263782
12740,4.583022594451904,,0.0008339933391270135,0.7324241399765015,834.2759396582842
12750,4.641190528869629,,0.000833704656216871,0.6489052176475525,834.9254231285304
12760,4.453727722167969,,0.0008334157793972713,0.6175247430801392,835.5698666637763
12770,4.550960540771484,,0.0008331267088656587,0.6711836457252502,836.2158385422081
12780,4.4732279777526855,,0.0008328374448196104,0.6466163396835327,836.8634091531858
12790,4.260951995849609,,0.0008325479874568355,0.6885120272636414,837.5076867286116
12800,4.654781341552734,,0.0008322583369751756,0.7008043527603149,838.1518219886348
12810,4.42816162109375,,0.0008319684935726037,0.6562215089797974,838.7956469049677
12820,4.515297889709473,,0.0008316784574472254,0.6406793594360352,839.4399154670537
12830,4.548700332641602,,0.0008313882287972774,0.6349470615386963,840.0840115193278
12840,4.454246520996094,,0.0008310978078211284,0.6300100088119507,840.730267714709
12850,4.447629928588867,,0.0008308071947172785,0.7458817958831787,841.3746246099472
12860,4.521109104156494,,0.0008305163896843586,0.6686493754386902,842.0188592057675
12870,4.662974834442139,,0.0008302253929211316,0.6339996457099915,842.6651442525908
12880,4.620542049407959,,0.0008299342046264908,0.6621274352073669,843.3076565284282
12890,4.362323760986328,,0.0008296428249994608,0.632752537727356,843.9511322723702
12900,4.489490032196045,,0.0008293512542391968,0.7092276811599731,844.5951797105372
12910,4.43587064743042,,0.0008290594925449849,0.6548176407814026,845.240088770166
12920,4.513740062713623,,0.0008287675401162409,0.6774446368217468,845.8844747235999
12930,4.647397518157959,,0.0008284753971525119,0.6581758260726929,846.5286171520129
12940,4.458920478820801,,0.0008281830638534749,0.6028075814247131,847.1728523699567
12950,4.671220302581787,,0.0008278905404189368,0.6609559059143066,847.8171273646876
12960,4.617016792297363,,0.0008275978270488347,0.6183756589889526,848.4608518127352
12970,4.655978679656982,,0.0008273049239432355,0.6508422493934631,849.1045729899779
12980,4.488637924194336,,0.0008270118313023355,0.6342195272445679,849.7492718445137
12990,4.534270286560059,,0.0008267185493264608,0.6524694561958313,850.393816748634
13000,4.555819511413574,4.530761241912842,0.0008264250782160671,0.6388680338859558,851.4443633444607
13010,4.492995262145996,,0.0008261314181717389,0.643152117729187,852.0904963091016
13020,4.664504528045654,,0.0008258375693941902,0.6596090197563171,852.7346245497465
13030,4.439161777496338,,0.0008255435320842637,0.6660282611846924,853.3789861984551
13040,4.559914588928223,,0.0008252493064429313,0.6687183976173401,854.0236324798316
13050,4.402870178222656,,0.0008249548926712935,0.6521660089492798,854.6671690354124
13060,4.46391487121582,,0.000824660290970579,0.6525974273681641,855.3109798152
13070,4.686913013458252,,0.0008243655015421456,0.7007312774658203,855.9546864004806
13080,4.508171081542969,,0.000824070524587479,0.6557515859603882,856.5984237184748
13090,4.606017112731934,,0.0008237753603081933,0.6314988136291504,857.2429143395275
13100,4.481602191925049,,0.0008234800089060302,0.7006561756134033,857.8869305951521
13110,4.552335739135742,,0.0008231844705828598,0.6340399384498596,858.5312737766653
13120,4.419032573699951,,0.0008228887455406799,0.653876006603241,859.1758229061961
13130,4.567290306091309,,0.0008225928339816156,0.6788417100906372,859.8200711840764
13140,4.351978302001953,,0.0008222967361079195,0.7349890470504761,860.4644924765453
13150,4.5662336349487305,,0.0008220004521219719,0.6464337110519409,861.1088760541752
13160,4.442383766174316,,0.0008217039822262801,0.6182491779327393,861.7527189785615
13170,4.501034259796143,,0.0008214073266234786,0.6846505403518677,862.3966245539486
13180,4.481231212615967,,0.0008211104855163285,0.6469919681549072,863.0411057174206
13190,4.603493690490723,,0.0008208134591077179,0.6492193937301636,863.6855730963871
13200,4.53070068359375,,0.0008205162476006616,0.6368601322174072,864.3297258159146
13210,4.439722537994385,,0.0008202188511983009,0.6220636367797852,864.9735975377262
13220,4.533876895904541,,0.0008199212701039036,0.6230806708335876,865.617701892741
13230,4.6339592933654785,,0.0008196235045208631,0.8124229907989502,866.2614131635055
13240,4.610866546630859,,0.0008193255546526998,0.6453715562820435,866.9054177226499
13250,4.510513782501221,,0.0008190274207030595,0.6293156743049622,867.5500286053866
13260,4.463533878326416,,0.0008187291028757138,0.637096107006073,868.1968563385308
13270,4.302872180938721,,0.0008184306013745605,0.618089497089386,868.8418226838112
13280,4.311059474945068,,0.0008181319164036222,0.6397475600242615,869.4874476976693
13290,4.705580711364746,,0.0008178330481670473,0.6948583722114563,870.1317584980279
13300,4.39464807510376,,0.0008175339968691096,0.6847025752067566,870.775935168378
13310,4.484081268310547,,0.0008172347627142076,0.6554583311080933,871.420142237097
13320,4.538692951202393,,0.0008169353459068653,0.6889549493789673,872.0656584231183
13330,4.4567389488220215,,0.000816635746651731,0.6714717745780945,872.710244981572
13340,4.508688926696777,,0.0008163359651535781,0.6704559922218323,873.3542606327683
13350,4.521437168121338,,0.0008160360016173045,0.6124399304389954,873.9983140286058
13360,4.585454940795898,,0.0008157358562479323,0.6430414915084839,874.6426407322288
13370,4.343549728393555,,0.0008154355292506081,0.6180826425552368,875.2874026009813
13380,4.551509857177734,,0.0008151350208306026,0.6854050755500793,875.9317848589271
13390,4.452544689178467,,0.0008148343311933104,0.6953195333480835,876.5761083187535
13400,4.414027214050293,,0.0008145334605442501,0.6202009916305542,877.2248689588159
13410,4.612486839294434,,0.0008142324090890639,0.6479690074920654,877.8695079376921
13420,4.540191650390625,,0.0008139311770335177,0.6369988322257996,878.5133665595204
13430,4.5304059982299805,,0.0008136297645835006,0.6155734062194824,879.1565702771768
13440,4.484393119812012,,0.0008133281719450254,0.6381798386573792,879.800133750774
13450,4.529012203216553,,0.0008130263993242277,0.6502271294593811,880.4440089967102
13460,4.612226963043213,,0.0008127244469273662,0.6893233060836792,881.0879701888189
13470,4.489011764526367,,0.0008124223149608225,0.6711083650588989,881.7331503061578
13480,4.546185493469238,,0.0008121200036311011,0.6637051701545715,882.3778134314343
13490,4.534002304077148,,0.0008118175131448289,0.6565337777137756,883.0222778059542
13500,4.486173629760742,4.509586238861084,0.0008115148437087553,0.6346234679222107,884.0751485452056
13510,4.459774017333984,,0.0008112119955297519,0.6843193173408508,884.7190252570435
13520,4.491439342498779,,0.0008109089688148125,0.6416542530059814,885.3674736553803
13530,4.544277667999268,,0.0008106057637710533,0.6471185088157654,886.0120034981519
13540,4.4731926918029785,,0.0008103023806057118,0.6835471987724304,886.6625760709867
13550,4.544028282165527,,0.0008099988195261478,0.7109259963035583,887.3069567810744
13560,4.433983325958252,,0.0008096950807398424,0.658018946647644,887.9514732128009
13570,4.482120513916016,,0.0008093911644543978,0.6408901810646057,888.5955635402352
13580,4.5240559577941895,,0.0008090870708775383,0.6642968058586121,889.242379469797
13590,4.620381832122803,,0.000808782800217109,0.6481472253799438,889.8875937648118
13600,4.509507179260254,,0.0008084783526810759,0.637957751750946,890.5321446098387
13610,4.555379390716553,,0.000808173728477526,0.6944648027420044,891.1773075656965
13620,4.5339460372924805,,0.0008078689278146672,0.6648910641670227,891.8209140403196
13630,4.608064651489258,,0.0008075639509008277,0.641420841217041,892.46580571495
13640,4.470614910125732,,0.0008072587979444565,0.6527857780456543,893.11002648063
13650,4.487680912017822,,0.0008069534691541227,0.6534680724143982,893.7547365343198
13660,4.436574935913086,,0.0008066479647385156,0.639168918132782,894.3992119915783
13670,4.482535362243652,,0.0008063422849064447,0.6771275401115417,895.0434984946623
13680,4.487595081329346,,0.0008060364298668393,0.669167697429657,895.6879561655223
13690,4.508693695068359,,0.0008057303998287483,0.6396868228912354,896.3314798446372
13700,4.487078666687012,,0.0008054241950013404,0.6824493408203125,896.9745760867372
13710,4.363282203674316,,0.0008051178155939037,0.7069239020347595,897.6183985173702
13720,4.449357986450195,,0.0008048112618158457,0.6838245391845703,898.2639957405627
13730,4.437584400177002,,0.0008045045338766929,0.6408276557922363,898.9145714854822
13740,4.4947919845581055,,0.0008041976319860912,0.617846667766571,899.5596186872572
13750,4.397219657897949,,0.0008038905563538049,0.6951968669891357,900.2047010241076
13760,4.368728160858154,,0.0008035833071897173,0.7074984908103943,900.8505201311782
13770,4.496128082275391,,0.0008032758847038304,0.6284111738204956,901.4997035972774
13780,4.722873210906982,,0.0008029682891062646,0.7051148414611816,902.1448671594262
13790,4.540932655334473,,0.0008026605206072584,0.6358882188796997,902.7911735661328
13800,4.477592468261719,,0.000802352579417169,0.6343401670455933,903.4376707673073
13810,4.438613414764404,,0.0008020444657464711,0.6758448481559753,904.0826699603349
13820,4.434113502502441,,0.0008017361798057574,0.6670241951942444,904.7275047898293
13830,4.528487682342529,,0.0008014277218057387,0.6440055966377258,905.3732939083129
13840,4.460084915161133,,0.0008011190919572428,0.6530892848968506,906.0164286121726
13850,4.635735511779785,,0.0008008102904712155,0.6367902159690857,906.6619435325265
13860,4.617284774780273,,0.0008005013175587196,0.7031087279319763,907.3086426807567
13870,4.658346176147461,,0.0008001921734309353,0.6817225813865662,907.9542792644352
13880,4.504415035247803,,0.0007998828582991597,0.6327787041664124,908.598401915282
13890,4.483854293823242,,0.0007995733723748067,0.6684695482254028,909.2436865344644
13900,4.562371253967285,,0.0007992637158694069,0.6745469570159912,909.8883615108207
13910,4.581995010375977,,0.0007989538889946078,0.6217370629310608,910.5333856772631
13920,4.55360221862793,,0.0007986438919621731,0.6809020042419434,911.177699059248
13930,4.385092735290527,,0.0007983337249839827,0.6549569368362427,911.8219018988311
13940,4.467334747314453,,0.000798023388272033,0.6560825705528259,912.4678086191416
13950,4.409642219543457,,0.0007977128820384361,0.6657251715660095,913.1182801891118
13960,4.602457523345947,,0.00079740220649542,0.6488155126571655,913.7633692380041
13970,4.572780132293701,,0.000797091361855329,0.6358926892280579,914.4085852149874
13980,4.3716535568237305,,0.0007967803483306218,0.6492179036140442,915.0552880270407
13990,4.561855316162109,,0.0007964691661338735,0.6414284110069275,915.6999313319102
14000,4.544929027557373,4.478176546096802,0.0007961578154777743,0.654400646686554,916.7560447426513
14010,4.370359420776367,,0.0007958462965751294,0.641670823097229,917.4059208091348
14020,4.669865608215332,,0.0007955346096388589,0.6524640321731567,918.050301881507
14030,4.522039413452148,,0.000795222754881998,0.6804000735282898,918.6945040067658
14040,4.513257026672363,,0.0007949107325176965,0.6732718348503113,919.340842355974
14050,4.538858413696289,,0.0007945985427592186,0.6294043660163879,919.9845920549706
14060,4.489824295043945,,0.0007942861858199433,0.6525206565856934,920.6283959876746
14070,4.4260454177856445,,0.0007939736619133633,0.6649184226989746,921.2723116148263
14080,4.5656046867370605,,0.000793660971253086,0.7865806221961975,921.9191635316238
14090,4.553833484649658,,0.0007933481140528323,0.6678763628005981,922.5651816669852
14100,4.6568121910095215,,0.0007930350905264375,0.6488757133483887,923.2105356333777
14110,4.632562160491943,,0.0007927219008878499,0.6640498638153076,923.8601827220991
14120,4.48486852645874,,0.0007924085453511317,0.6543315649032593,924.5047495746985
14130,4.592370986938477,,0.0007920950241304586,0.6772074103355408,925.1504933666438
14140,4.445278167724609,,0.0007917813374401193,0.6638960242271423,925.7952352343127
14150,4.444197654724121,,0.0007914674854945158,0.7165505886077881,926.4398565310985
14160,4.396341323852539,,0.0007911534685081628,0.6405807733535767,927.0844380483031
14170,4.545107364654541,,0.000790839286695688,0.6682907342910767,927.729264087975
14180,4.497652053833008,,0.0007905249402718318,0.6576387882232666,928.3743678471074
14190,4.478281021118164,,0.0007902104294514469,0.6342000961303711,929.0187862413004
14200,4.431899070739746,,0.0007898957544494985,0.6406570076942444,929.663354370743
14210,4.597784042358398,,0.0007895809154810641,0.6550720930099487,930.3077126415446
14220,4.467234134674072,,0.0007892659127613329,0.6367907524108887,930.9520512018353
14230,4.54453182220459,,0.0007889507465056066,0.6425081491470337,931.597561490722
14240,4.674777984619141,,0.0007886354169292983,0.7036595940589905,932.2429899033159
14250,4.433021545410156,,0.0007883199242479327,0.699826180934906,932.8882765462622
14260,4.46501350402832,,0.000788004268677146,0.6475203633308411,933.5410336107016
14270,4.5269060134887695,,0.000787688450432686,0.684535026550293,934.1891728080809
14280,4.467552185058594,,0.0007873724697304113,0.6499855518341064,934.834173290059
14290,4.436339378356934,,0.0007870563267862918,0.6899534463882446,935.4790953351185
14300,4.565447807312012,,0.0007867400218164085,0.6429246664047241,936.1230243220925
14310,4.503058433532715,,0.0007864235550369523,0.6334291696548462,936.7717238431796
14320,4.407909870147705,,0.0007861069266642257,0.6691371202468872,937.4169193925336
14330,4.432436466217041,,0.000785790136914641,0.6415292620658875,938.0615201024339
14340,4.623310565948486,,0.0007854731860047214,0.6755871772766113,938.7083422439173
14350,4.576229095458984,,0.0007851560741510993,0.6458061337471008,939.3597804969177
14360,4.586832046508789,,0.0007848388015705179,0.6548637747764587,940.0107823433354
14370,4.493405818939209,,0.0007845213684798299,0.6674514412879944,940.6557619143277
14380,4.498917102813721,,0.0007842037750959982,0.6721656918525696,941.3105365196243
14390,4.614938735961914,,0.0007838860216360946,0.6917212605476379,941.9549815021455
14400,4.412158012390137,,0.0007835681083173006,0.6498631834983826,942.5998572073877
14410,4.438805103302002,,0.0007832500353569068,0.6114310026168823,943.2445884011686
14420,4.355370044708252,,0.0007829318029723134,0.6308122277259827,943.8891153382137
14430,4.358851432800293,,0.0007826134113810291,0.6933660507202148,944.5381792094558
14440,4.447115898132324,,0.0007822948608006715,0.7269541621208191,945.1829742779955
14450,4.4675679206848145,,0.000781976151448967,0.700575053691864,945.8279164526612
14460,4.478783130645752,,0.0007816572835437504,0.6566898226737976,946.4770888220519
14470,4.475624084472656,,0.0007813382573029648,0.6459444165229797,947.124193479307
14480,4.537013053894043,,0.0007810190729446618,0.6751062870025635,947.7693041805178
14490,4.285492897033691,,0.0007806997306870007,0.6068824529647827,948.4164116363972
14500,4.649062156677246,4.4761995553970335,0.000780380230748249,0.7081893086433411,949.4714510049671
14510,4.479928493499756,,0.0007800605733467822,0.6839495897293091,950.1141217155382
14520,4.525304317474365,,0.0007797407587010827,0.6732959151268005,950.7607609257102
14530,4.490926742553711,,0.000779420787029741,0.6461038589477539,951.405414365232
14540,4.511462211608887,,0.0007791006585514547,0.6412580609321594,952.0504914913327
14550,4.508981704711914,,0.0007787803734850285,0.6676840782165527,952.6950896242633
14560,4.417365074157715,,0.0007784599320493743,0.6712486743927002,953.3395424960181
14570,4.593214988708496,,0.0007781393344635109,0.6641570329666138,953.9843027833849
14580,4.427717685699463,,0.0007778185809465635,0.6565139293670654,954.6290743947029
14590,4.421876907348633,,0.0007774976717177642,0.7046328783035278,955.2760798055679
14600,4.614180088043213,,0.0007771766069964514,0.7006253600120544,955.9204919142649
14610,4.495707035064697,,0.00077685538700207,0.7012262344360352,956.5660178521648
14620,4.588035583496094,,0.0007765340119541708,0.6894701719284058,957.2101627187803
14630,4.513703346252441,,0.0007762124820724104,0.6663574576377869,957.8546828189865
14640,4.459092140197754,,0.0007758907975765515,0.632753849029541,958.4992719162256
14650,4.42192268371582,,0.0007755689586864626,0.6698115468025208,959.143942900002
14660,4.650728702545166,,0.0007752469656221173,0.6622816324234009,959.7883221535012
14670,4.322185039520264,,0.000774924818603595,0.6317446827888489,960.4370342139155
14680,4.424678802490234,,0.0007746025178510803,0.919655978679657,961.0814292747527
14690,4.360838890075684,,0.0007742800635848622,0.6373518705368042,961.7256812974811
14700,4.527327537536621,,0.0007739574560253355,0.670012354850769,962.3701057415456
14710,4.423917770385742,,0.0007736346953929996,0.669340968132019,963.0142797846347
14720,4.449413299560547,,0.0007733117819084581,0.6905726790428162,963.6583309946582
14730,4.634266376495361,,0.0007729887157924193,0.6524330377578735,964.3033887725323
14740,4.2769012451171875,,0.0007726654972656959,0.7102605700492859,964.9475383181125
14750,4.455496788024902,,0.0007723421265492047,0.7068968415260315,965.5926410751417
14760,4.538623332977295,,0.0007720186038639668,0.661926805973053,966.2370122279972
14770,4.506970405578613,,0.0007716949294311065,0.6552964448928833,966.881563375704
14780,4.38284969329834,,0.0007713711034718524,0.6606455445289612,967.525944525376
14790,4.4304914474487305,,0.0007710471262075364,0.6760862469673157,968.1702637849376
14800,4.255702972412109,,0.0007707229978595939,0.6876589059829712,968.8209515390918
14810,4.634427070617676,,0.0007703987186495641,0.6579920053482056,969.4695927407593
14820,4.38824462890625,,0.000770074288799088,0.6261760592460632,970.1151700485498
14830,4.546501159667969,,0.0007697497085299108,0.6453104615211487,970.7597130425274
14840,4.434327125549316,,0.0007694249780638798,0.6410338282585144,971.4044019374996
14850,4.386373519897461,,0.0007691000976229454,0.6299320459365845,972.0489882910624
14860,4.642629623413086,,0.0007687750674291603,0.6692861914634705,972.6932491594926
14870,4.581632614135742,,0.0007684498877046794,0.6755907535552979,973.337360823527
14880,4.578518867492676,,0.0007681245586717603,0.7818884253501892,973.9816242903471
14890,4.465094566345215,,0.000767799080552762,0.6967236995697021,974.6265932666138
14900,4.463468074798584,,0.000767473453570146,0.6689623594284058,975.2710041152313
14910,4.351449966430664,,0.0007671476779464751,0.680577278137207,975.9160294253379
14920,4.402740478515625,,0.0007668217539044139,0.7193471193313599,976.5604101410136
14930,4.424151420593262,,0.0007664956816667284,0.7155876755714417,977.2050302475691
14940,4.309680938720703,,0.0007661694614562859,0.6958447098731995,977.8488177452236
14950,4.281575679779053,,0.0007658430934960549,0.6752805709838867,978.4926826134324
14960,4.4244842529296875,,0.0007655165780091047,0.6692700386047363,979.1375643322244
14970,4.5316619873046875,,0.0007651899152186056,0.6799086332321167,979.781761514023
14980,4.525696754455566,,0.0007648631053478287,0.6729637980461121,980.4262273162603
14990,4.635702133178711,,0.0007645361486201453,0.6906644701957703,981.0703304046765
15000,4.505492210388184,4.467242240905762,0.0007642090452590272,0.6506251692771912,982.1240279814228
15010,4.540477752685547,,0.0007638817954880465,0.646751344203949,982.7685206197202
15020,4.379418849945068,,0.0007635543995308755,0.650303840637207,983.4129930306226
15030,4.488163948059082,,0.0007632268576112861,0.6686039566993713,984.0570499226451
15040,4.455042362213135,,0.0007628991699531501,0.6103398203849792,984.7019885582849
15050,4.419557571411133,,0.0007625713367804389,0.6760042905807495,985.3460576897487
15060,4.529056549072266,,0.0007622433583172235,0.6814782023429871,985.9900457607582
15070,4.440296173095703,,0.000761915234787674,0.6569056510925293,986.6345754833892
15080,4.496018409729004,,0.0007615869664160599,0.6876754760742188,987.2791239833459
15090,4.44925594329834,,0.0007612585534267492,0.6593810319900513,987.9246960729361
15100,4.54947566986084,,0.0007609299960442093,0.681313693523407,988.5697657642886
15110,4.484374046325684,,0.0007606012944930062,0.6693353056907654,989.2140918998048
15120,4.585874557495117,,0.000760272448997804,0.7029941082000732,989.8585130367428
15130,4.293022632598877,,0.0007599434597833658,0.6370347142219543,990.5026986412704
15140,4.474287986755371,,0.0007596143270745524,0.6703327298164368,991.146412242204
15150,4.543086051940918,,0.000759285051096323,0.6914693117141724,991.7903332225978
15160,4.555724620819092,,0.0007589556320737347,0.6892337203025818,992.4343716306612
15170,4.387347221374512,,0.000758626070231942,0.6338127851486206,993.0788587331772
15180,4.256381988525391,,0.0007582963657961978,0.6478647589683533,993.7231847178191
15190,4.624431133270264,,0.0007579665189918516,0.7683960199356079,994.3680036850274
15200,4.511092185974121,,0.0007576365300443505,0.6898371577262878,995.0126390354708
15210,4.512565612792969,,0.0007573063991792392,0.7041664123535156,995.6581794470549
15220,4.474316596984863,,0.0007569761266221587,0.6364446878433228,996.3025987762958
15230,4.455644130706787,,0.0007566457125988475,0.6980251669883728,996.9480158295482
15240,4.332047462463379,,0.0007563151573351403,0.7015082240104675,997.592511581257
15250,4.307345390319824,,0.0007559844610569682,0.6831046938896179,998.2362067019567
15260,4.336880683898926,,0.0007556536239903596,0.6534788608551025,998.8801813423634
15270,4.476069450378418,,0.0007553226463614381,0.6418924927711487,999.5248705940321
15280,4.493208885192871,,0.0007549915283964238,0.6794047355651855,1000.1720036454499
15290,4.549356460571289,,0.0007546602703216329,0.6776102781295776,1000.8166772741824
15300,4.3726959228515625,,0.0007543288723634771,0.6818323731422424,1001.4638226591051
15310,4.480903148651123,,0.0007539973347484637,0.7175562977790833,1002.1082866052166
15320,4.561677932739258,,0.0007536656577031956,0.6975182294845581,1002.7528929337859
15330,4.610124111175537,,0.0007533338414543707,0.661637544631958,1003.3973564552143
15340,4.462613105773926,,0.0007530018862287827,0.7049956917762756,1004.0417148247361
15350,4.401485443115234,,0.0007526697922533196,0.6416354775428772,1004.6863303557038
15360,4.686975002288818,,0.0007523375597549647,0.6867294311523438,1005.3306857366115
15370,4.343347549438477,,0.0007520051889607955,0.6828063130378723,1005.9751730086282
15380,4.582345962524414,,0.0007516726800979844,0.7347192168235779,1006.6192094469443
15390,4.4645304679870605,,0.0007513400333937982,0.74210524559021,1007.264348205179
15400,4.611096382141113,,0.0007510072490755975,0.6936294436454773,1007.9085609493777
15410,4.378889083862305,,0.0007506743273708378,0.650341272354126,1008.5532927513123
15420,4.583294868469238,,0.0007503412685070673,0.6524257659912109,1009.1979579310864
15430,4.424782752990723,,0.000750008072711929,0.6869500279426575,1009.8429388375953
15440,4.551150321960449,,0.000749674740213159,0.6887326240539551,1010.4872638657689
15450,4.5734453201293945,,0.0007493412712385867,0.7391698360443115,1011.1315303212032
15460,4.458471298217773,,0.0007490076660161354,0.845458984375,1011.7762038642541
15470,4.500001907348633,,0.0007486739247738208,0.6669784188270569,1012.42079617735
15480,4.486614227294922,,0.0007483400477397519,0.6615236401557922,1013.065298454836
15490,4.521098613739014,,0.0007480060351421308,0.6380415558815002,1013.7091409796849
15500,4.5207648277282715,4.4344069480896,0.0007476718872092517,0.6523993611335754,1014.7619914226234
15510,4.574130058288574,,0.0007473376041695016,0.7010390162467957,1015.4063121592626
15520,4.5443830490112305,,0.0007470031862513599,0.6832432150840759,1016.050779168494
15530,4.404342174530029,,0.0007466686336833979,0.6793743968009949,1016.6948051396757
15540,4.429263114929199,,0.0007463339466942793,0.6665551662445068,1017.3399804932997
15550,4.320882797241211,,0.0007459991255127596,0.6675260663032532,1017.9847849877551
15560,4.343005657196045,,0.0007456641703676855,0.6386491656303406,1018.6349748596549
15570,4.396957874298096,,0.0007453290814879962,0.6995747685432434,1019.2815695833415
15580,4.349596977233887,,0.0007449938591027215,0.6846013069152832,1019.9250531736761
15590,4.48372220993042,,0.0007446585034409827,0.7185300588607788,1020.5694492291659
15600,4.480238914489746,,0.0007443230147319923,0.6979051232337952,1021.2134553855285
15610,4.406559944152832,,0.0007439873932050538,0.6380999684333801,1021.8576926123351
15620,4.480408668518066,,0.0007436516390895611,0.6334325075149536,1022.5019199224189
15630,4.344937324523926,,0.0007433157526149992,0.654934287071228,1023.1464071357623
15640,4.507364273071289,,0.0007429797340109433,0.6809259057044983,1023.7895895922557
15650,4.403134346008301,,0.0007426435835070588,0.8453553318977356,1024.4326928984374
15660,4.3437089920043945,,0.0007423073013331016,0.6631376147270203,1025.076058712788
15670,4.477344512939453,,0.0007419708877189171,0.666487991809845,1025.7200541114435
15680,4.44047737121582,,0.000741634342894441,0.6397268772125244,1026.3636134741828
15690,4.343435287475586,,0.0007412976670896989,0.7408770322799683,1027.0072349095717
15700,4.540651321411133,,0.0007409608605348049,0.6729127764701843,1027.650811121799
15710,4.4881181716918945,,0.0007406239234599634,0.6905649900436401,1028.2945728637278
15720,4.573171615600586,,0.0007402868560954678,0.6889293193817139,1028.9384866729379
15730,4.497441291809082,,0.0007399496586717001,0.6759066581726074,1029.5818724241108
15740,4.4035186767578125,,0.000739612331419132,0.7234635949134827,1030.2257737116888
15750,4.365499019622803,,0.0007392748745683233,0.6788045763969421,1030.8691330542788
15760,4.450457572937012,,0.0007389372883499227,0.6926347613334656,1031.5131436074153
15770,4.4977498054504395,,0.0007385995729946668,0.6926225423812866,1032.1573747154325
15780,4.5361785888671875,,0.0007382617287333814,0.7305417656898499,1032.8014644160867
15790,4.430822849273682,,0.0007379237557969795,0.6969119906425476,1033.4470029072836
15800,4.334242820739746,,0.0007375856544164626,0.6356568336486816,1034.090432385914
15810,4.532711505889893,,0.0007372474248229197,0.6982686519622803,1034.7343753883615
15820,4.5453619956970215,,0.0007369090672475275,0.6713678240776062,1035.3785315854475
15830,4.42677640914917,,0.0007365705819215504,0.6795378923416138,1036.0230669965968
15840,4.525246620178223,,0.0007362319690763397,0.7169995903968811,1036.6683884570375
15850,4.629271030426025,,0.0007358932289433343,0.6878126263618469,1037.31354212109
15860,4.454443454742432,,0.0007355543617540597,0.7228490114212036,1037.9577213469893
15870,4.428698539733887,,0.0007352153677401285,0.6523057818412781,1038.603257553652
15880,4.561826705932617,,0.0007348762471332401,0.6708772778511047,1039.247029878199
15890,4.475430488586426,,0.0007345370001651798,0.6794862747192383,1039.890712079592
15900,4.4970855712890625,,0.0007341976270678202,0.6796019077301025,1040.535199187696
15910,4.465941429138184,,0.0007338581280731192,0.8383906483650208,1041.1808022465557
15920,4.370771408081055,,0.0007335185034131215,0.6909571290016174,1041.825847465545
15930,4.51834774017334,,0.0007331787533199571,0.6863550543785095,1042.4708035076037
15940,4.492281913757324,,0.000732838878025842,0.6841320395469666,1043.11497449968
15950,4.328761100769043,,0.000732498877763078,0.6823599338531494,1043.7603361662477
15960,4.519801139831543,,0.0007321587527640518,0.7060931324958801,1044.4049165546894
15970,4.325441837310791,,0.000731818503261236,0.665965735912323,1045.0498881340027
15980,4.390657424926758,,0.0007314781294871874,0.6771371960639954,1045.6942083407193
15990,4.540764331817627,,0.0007311376316745485,0.6917175054550171,1046.3403690205887
16000,4.420530319213867,4.467703747749328,0.0007307970100560464,0.6747127175331116,1047.3954322459176
16010,4.520713806152344,,0.0007304562648644928,0.6852074861526489,1048.0395410154015
16020,4.485713958740234,,0.0007301153963327839,0.6631363034248352,1048.6836982732639
16030,4.434567451477051,,0.0007297744046938998,0.6606137752532959,1049.3299904549494
16040,4.354076385498047,,0.0007294332901809053,0.7095829844474792,1049.973399328068
16050,4.463432312011719,,0.000729092053026949,0.6433650851249695,1050.6255444819108
16060,4.396808624267578,,0.000728750693465263,0.6824988722801208,1051.2710029836744
16070,4.424720287322998,,0.0007284092117291638,0.6671286821365356,1051.9149609832093
16080,4.4646453857421875,,0.0007280676080520505,0.6681264042854309,1052.562063655816
16090,4.424527645111084,,0.0007277258826674061,0.6942851543426514,1053.2085499754176
16100,4.343347072601318,,0.000727384035808797,0.7279717922210693,1053.8569367779419
16110,4.447603702545166,,0.0007270420677098719,0.6673141717910767,1054.5018184324726
16120,4.313274383544922,,0.000726699978604363,0.6733060479164124,1055.1483577704057
16130,4.234905242919922,,0.0007263577687260849,0.6381885409355164,1055.7938661705703
16140,4.450746536254883,,0.0007260154383089347,0.6480241417884827,1056.4386985311285
16150,4.494524002075195,,0.0007256729875868923,0.7102176547050476,1057.0883383313194
16160,4.45822811126709,,0.0007253304167940193,0.698474645614624,1057.7328433413059
16170,4.494312286376953,,0.0007249877261644597,0.6904152631759644,1058.3767437394708
16180,4.118640899658203,,0.0007246449159324393,0.6532220840454102,1059.0201553823426
16190,4.34468412399292,,0.0007243019863322655,0.6653860211372375,1059.6640635980293
16200,4.481184005737305,,0.0007239589375983281,0.6802536249160767,1060.3107009120286
16210,4.3529157638549805,,0.0007236157699650967,0.7022813558578491,1060.9546038759872
16220,4.329293251037598,,0.0007232724836671238,0.7108538746833801,1061.5983786033466
16230,4.635697364807129,,0.0007229290789390421,0.7202510833740234,1062.243674078025
16240,4.394567489624023,,0.0007225855560155657,0.72718745470047,1062.8886769963428
16250,4.4769816398620605,,0.0007222419151314892,0.6787897944450378,1063.5330670624971
16260,4.3265838623046875,,0.0007218981565216877,0.6902288794517517,1064.1822748584673
16270,4.4858245849609375,,0.0007215542804211171,0.7004508376121521,1064.831197607331
16280,4.509970188140869,,0.0007212102870648136,0.7284775376319885,1065.4754509422928
16290,4.509737491607666,,0.0007208661766878931,0.7156194448471069,1066.1202001776546
16300,4.476146221160889,,0.0007205219495255524,0.6376016139984131,1066.764466067776
16310,4.436277866363525,,0.0007201776058130668,0.6947562098503113,1067.4096492063254
16320,4.402854919433594,,0.0007198331457857924,0.6652787923812866,1068.0536527456716
16330,4.460371971130371,,0.0007194885696791642,0.645374596118927,1068.6974306395277
16340,4.636322021484375,,0.0007191438777286969,0.6948894262313843,1069.3421921385452
16350,4.524357795715332,,0.0007187990701699842,0.6751899123191833,1069.9872992550954
16360,4.32463264465332,,0.0007184541472386985,0.6842225193977356,1070.6396253909916
16370,4.446892261505127,,0.0007181091091705918,0.7060418128967285,1071.2836755244061
16380,4.496835708618164,,0.0007177639562014939,0.6765892505645752,1071.9274808233604
16390,4.462546348571777,,0.0007174186885673141,0.6638365387916565,1072.5694837169722
16400,4.280795097351074,,0.0007170733065040393,0.7227502465248108,1073.2120384657755
16410,4.428465843200684,,0.0007167278102477348,0.6866356730461121,1073.855636043474
16420,4.425285816192627,,0.0007163822000345443,0.7073399424552917,1074.5004072021693
16430,4.388918399810791,,0.0007160364761006887,0.698891282081604,1075.1449690572917
16440,4.398767471313477,,0.0007156906386824675,0.7224687933921814,1075.7917902767658
16450,4.506104469299316,,0.0007153446880162572,0.6772019863128662,1076.4366968953982
16460,4.36314582824707,,0.0007149986243385117,0.6488426327705383,1077.081468326971
16470,4.489824295043945,,0.0007146524478857622,0.7078296542167664,1077.730162504129
16480,4.438824653625488,,0.0007143061588946172,0.7419942021369934,1078.3742536716163
16490,4.3771138191223145,,0.0007139597576017619,0.6835470795631409,1079.0192809766158
16500,4.356865882873535,4.443052101135254,0.0007136132442439584,0.6768774390220642,1080.0765263587236
16510,4.31485652923584,,0.0007132666190580451,0.6671779751777649,1080.7218989934772
16520,4.466107368469238,,0.0007129198822809373,0.6709891557693481,1081.3668296132237
16530,4.400470733642578,,0.0007125730341496263,0.6806159615516663,1082.0118906851858
16540,4.536248207092285,,0.0007122260749011792,0.736858606338501,1082.656927623786
16550,4.349559783935547,,0.0007118790047727398,0.6693474054336548,1083.3020320814103
16560,4.444086074829102,,0.0007115318240015269,0.727486252784729,1083.9484900031239
16570,4.3259429931640625,,0.0007111845328248356,0.6908173561096191,1084.5934969512746
16580,4.392800331115723,,0.0007108371314800359,0.6585013270378113,1085.2380452100188
16590,4.4624104499816895,,0.0007104896202045735,0.6641912460327148,1085.8829455496743
16600,4.445041656494141,,0.000710141999235969,0.6878325343132019,1086.527156564407
16610,4.405596733093262,,0.0007097942688118179,0.6965361833572388,1087.171967622824
16620,4.387655735015869,,0.0007094464291697911,0.6590220928192139,1087.8189938515425
16630,4.512820243835449,,0.0007090984805476333,0.6733220219612122,1088.4655315121636
16640,4.41048526763916,,0.0007087504231831643,0.7112711668014526,1089.1118014603853
16650,4.52877140045166,,0.0007084022573142781,0.6905974745750427,1089.7555477032438
16660,4.409320831298828,,0.0007080539831789424,0.6871604919433594,1090.3999691857025
16670,4.457253456115723,,0.0007077056010151997,0.6823076009750366,1091.0428743362427
16680,4.455042362213135,,0.0007073571110611659,0.6607001423835754,1091.6862305831164
16690,4.660371780395508,,0.0007070085135550303,0.6976987719535828,1092.330355075188
16700,4.429377555847168,,0.0007066598087350562,0.6415490508079529,1092.9775632144883
16710,4.536771774291992,,0.0007063109968395801,0.7516250610351562,1093.6223099650815
16720,4.405085563659668,,0.0007059620781070116,0.6597791314125061,1094.2665503174067
16730,4.509922027587891,,0.0007056130527758334,0.6945738792419434,1094.9111990854144
16740,4.429917812347412,,0.0007052639210846008,0.6994320750236511,1095.5551977846771
16750,4.410580158233643,,0.0007049146832719423,0.6870893836021423,1096.1993585266173
16760,4.350165367126465,,0.0007045653395765586,0.7305609583854675,1096.844343570061
16770,4.436189651489258,,0.0007042158902372227,0.6628032922744751,1097.489168475382
16780,4.3326029777526855,,0.00070386633549278,0.694532036781311,1098.1339739169925
16790,4.541496276855469,,0.0007035166755821478,0.6603294014930725,1098.7783111911267
16800,4.364546775817871,,0.0007031669107443154,0.6792702078819275,1099.4225489320233
16810,4.563580513000488,,0.000702817041218344,0.7004119753837585,1100.0700873471797
16820,4.288903713226318,,0.0007024670672433656,0.6859778165817261,1100.7146474681795
16830,4.467397689819336,,0.0007021169890585846,0.6677887439727783,1101.3588764024898
16840,4.397650241851807,,0.0007017668069032759,0.6924197673797607,1102.005611166358
16850,4.439385414123535,,0.0007014165210167858,0.7331736087799072,1102.6519692875445
16860,4.454372882843018,,0.0007010661316385313,0.7649855017662048,1103.296605735086
16870,4.366031646728516,,0.0007007156390080004,0.705202043056488,1103.940972758457
16880,4.45003604888916,,0.0007003650433647512,0.7107489705085754,1104.5865309285
16890,4.459562301635742,,0.0007000143449484129,0.7266132831573486,1105.2364904023707
16900,4.457472324371338,,0.0006996635439986844,0.7130283713340759,1105.8823159188032
16910,4.427171230316162,,0.0006993126407553348,0.6954611539840698,1106.526068445295
16920,4.486760139465332,,0.000698961635458203,0.7221212387084961,1107.1703143669292
16930,4.468872547149658,,0.0006986105283471981,0.7514672875404358,1107.8150546429679
16940,4.442022323608398,,0.0006982593196622985,0.6798213720321655,1108.460413637571
16950,4.46831750869751,,0.0006979080096435518,0.693533182144165,1109.1049965554848
16960,4.381418704986572,,0.0006975565985310753,0.6946794390678406,1109.7491755913943
16970,4.447697639465332,,0.0006972050865650549,0.7158060073852539,1110.393193463795
16980,4.447809219360352,,0.000696853473985746,0.6865607500076294,1111.0371280275285
16990,4.365144729614258,,0.0006965017610334724,0.6899425983428955,1111.6816865988076
17000,4.584238052368164,4.457414889335633,0.0006961499479486266,0.7082750201225281,1112.735038970597
17010,4.52150821685791,,0.0006957980349716693,0.7289517521858215,1113.3794592339545
17020,4.498693466186523,,0.00069544602234313,0.7300151586532593,1114.0241653649136
17030,4.457736968994141,,0.000695093910303606,0.6721053719520569,1114.668564782478
17040,4.3588056564331055,,0.0006947416990937624,0.7511757016181946,1115.3126956932247
17050,4.363739013671875,,0.0006943893889543323,0.7123619318008423,1115.9581500086933
17060,4.545624732971191,,0.0006940369801261162,0.7013418674468994,1116.6019189953804
17070,4.451201915740967,,0.0006936844728499824,0.6860916614532471,1117.2463537519798
17080,4.636058807373047,,0.0006933318673668665,0.7286839485168457,1117.890972590074
17090,4.486519813537598,,0.0006929791639177707,0.706447184085846,1118.5391508946195
17100,4.423188209533691,,0.0006926263627437645,0.7013012170791626,1119.1842605695128
17110,4.409833908081055,,0.0006922734640859844,0.7629919648170471,1119.8288521682844
17120,4.402918815612793,,0.000691920468185633,0.7180321216583252,1120.474123723805
17130,4.335260391235352,,0.0006915673752839799,0.6768711805343628,1121.1189484000206
17140,4.381624221801758,,0.0006912141856223607,0.7472485899925232,1121.7640081336722
17150,4.442667484283447,,0.0006908608994421772,0.7154664397239685,1122.4102506441996
17160,4.4854865074157715,,0.0006905075169848971,0.7228984832763672,1123.0555819543079
17170,4.3374481201171875,,0.000690154038492054,0.7183684706687927,1123.700425603427
17180,4.371697425842285,,0.0006898004642052472,0.7119606733322144,1124.34477174934
17190,4.339015483856201,,0.0006894467943661415,0.6978709101676941,1124.9891782589257
17200,4.506840229034424,,0.0006890930292164666,0.713456928730011,1125.633721918799
17210,4.455965042114258,,0.0006887391689980178,0.7402054667472839,1126.2783266017213
17220,4.535202980041504,,0.0006883852139526553,0.705149233341217,1126.9225967889652
17230,4.636785507202148,,0.000688031164322304,0.7569421529769897,1127.5672568250448
17240,4.484634876251221,,0.0006876770203489535,0.700092077255249,1128.2118310043588
17250,4.334975719451904,,0.0006873227822746576,0.7018356323242188,1128.8565596016124
17260,4.334403991699219,,0.0006869684503415349,0.74803626537323,1129.501381099224
17270,4.305603504180908,,0.0006866140247917679,0.7400975823402405,1130.1459278380498
17280,4.347290992736816,,0.0006862595058676034,0.6791300773620605,1130.7907648347318
17290,4.512382984161377,,0.0006859048938113514,0.670364499092102,1131.4356416352093
17300,4.419613361358643,,0.0006855501888653858,0.7186442613601685,1132.0811945684254
17310,4.450007915496826,,0.0006851953912721446,0.7070286870002747,1132.7258448367938
17320,4.333847999572754,,0.000684840501274128,0.655994713306427,1133.3696244489402
17330,4.398880958557129,,0.0006844855191139003,0.6583310961723328,1134.0136596485972
17340,4.276459693908691,,0.0006841304450340884,0.6798204183578491,1134.658242892474
17350,4.525517463684082,,0.0006837752792773821,0.7185688018798828,1135.3035321971402
17360,4.4097771644592285,,0.000683420022086534,0.719214677810669,1135.9485368942842
17370,4.54913854598999,,0.0006830646737043587,0.700885534286499,1136.6010740781203
17380,4.373518943786621,,0.0006827092343737337,0.741364061832428,1137.2463117921725
17390,4.464759826660156,,0.0006823537043375985,0.7132231593132019,1137.8918877840042
17400,4.355031490325928,,0.0006819980838389542,0.6956404447555542,1138.537516059354
17410,4.461521625518799,,0.0006816423731208644,0.6692600250244141,1139.1832028245553
17420,4.398834228515625,,0.0006812865724264538,0.7163485288619995,1139.8280240697786
17430,4.312898635864258,,0.0006809306819989089,0.6931114196777344,1140.47211307846
17440,4.330935478210449,,0.0006805747020814775,0.7197484374046326,1141.1161056943238
17450,4.394274711608887,,0.0006802186329174684,0.6871539354324341,1141.7603168329224
17460,4.334115028381348,,0.0006798624747502519,0.7545607686042786,1142.4095754511654
17470,4.570575714111328,,0.0006795062278232581,0.6992676854133606,1143.0550759611651
17480,4.4172821044921875,,0.0006791498923799788,0.7232351303100586,1143.6993728447706
17490,4.444175720214844,,0.0006787934686639659,0.8356376886367798,1144.359367661178
17500,4.426061630249023,4.414407515525818,0.0006784369569188315,0.7183934450149536,1145.4128770977259
17510,4.505824089050293,,0.0006780803573882486,0.7411121129989624,1146.0570235149935
17520,4.423014163970947,,0.0006777236703159487,0.7468967437744141,1146.7032964453101
17530,4.339064598083496,,0.0006773668959457245,0.7130293846130371,1147.3478893712163
17540,4.606766700744629,,0.0006770100345214281,0.7361761331558228,1147.9929156443104
17550,4.375633239746094,,0.0006766530862869707,0.6846489906311035,1148.6381089426577
17560,4.328964710235596,,0.0006762960514863232,0.7406869530677795,1149.282251556404
17570,4.464520454406738,,0.0006759389303635151,0.7126951217651367,1149.9265524921939
17580,4.524587154388428,,0.0006755817231626359,0.7306045293807983,1150.570636487566
17590,4.376949310302734,,0.000675224430127833,0.6722894310951233,1151.216857733205
17600,4.384680271148682,,0.0006748670515033129,0.6985498666763306,1151.862116733566
17610,4.252756595611572,,0.0006745095875333406,0.728128969669342,1152.5063815126196
17620,4.447607040405273,,0.0006741520384622392,0.7506465315818787,1153.1586814299226
17630,4.402054786682129,,0.0006737944045343901,0.6908431053161621,1153.8037409745157
17640,4.466187000274658,,0.0006734366859942329,0.6898138523101807,1154.4547257386148
17650,4.410200119018555,,0.0006730788830862648,0.6750288009643555,1155.0999671062455
17660,4.456425189971924,,0.0006727209960550407,0.7011727690696716,1155.746246509254
17670,4.303772926330566,,0.0006723630251451729,0.700939953327179,1156.398897391744
17680,4.443774223327637,,0.0006720049706013311,0.6854661107063293,1157.0431554727256
17690,4.645796775817871,,0.0006716468326682427,0.7537356615066528,1157.6885233586654
17700,4.263201713562012,,0.000671288611590691,0.6879653930664062,1158.3352829655632
17710,4.488734245300293,,0.0006709303076135169,0.7181888222694397,1158.981177341193
17720,4.49200439453125,,0.0006705719209816179,0.7091509699821472,1159.6275895601138
17730,4.586766242980957,,0.0006702134519399477,0.714748203754425,1160.2719043716788
17740,4.378009796142578,,0.0006698549007335171,0.6719818711280823,1160.9241821346804
17750,4.284550189971924,,0.0006694962676073915,0.7273231744766235,1161.6013568909839
17760,4.355353832244873,,0.0006691375528066942,0.695359468460083,1162.2563127521425
17770,4.440093994140625,,0.0006687787565766027,0.7035826444625854,1162.9000914534554
17780,4.422835826873779,,0.0006684198791623511,0.6905831694602966,1163.5446713427082
17790,4.400168418884277,,0.0006680609208092288,0.6747512221336365,1164.1906481189653
17800,4.438377380371094,,0.0006677018817625803,0.7151870727539062,1164.8366553951055
17810,4.418893814086914,,0.0006673427622678055,0.7011455297470093,1165.4815351823345
17820,4.352015495300293,,0.0006669835625703592,0.6834774017333984,1166.1263023186475
17830,4.354992866516113,,0.000666624282915751,0.7089967727661133,1166.7724250862375
17840,4.476241588592529,,0.0006662649235495452,0.7115195393562317,1167.4204355478287
17850,4.458775520324707,,0.0006659054847173602,0.7075188755989075,1168.0678040785715
17860,4.286181926727295,,0.0006655459666648696,0.6635279655456543,1168.71385143511
17870,4.348133563995361,,0.0006651863696378001,0.6916841864585876,1169.3606243794784
17880,4.37851619720459,,0.0006648266938819332,0.7375657558441162,1170.0060948869213
17890,4.462800979614258,,0.0006644669396431038,0.7524431347846985,1170.653526922688
17900,4.475335121154785,,0.0006641071071672005,0.7305079698562622,1171.2991677606478
17910,4.498420238494873,,0.0006637471967001654,0.7055725455284119,1171.9442569697276
17920,4.447115421295166,,0.0006633872084879939,0.753314197063446,1172.590250082314
17930,4.363008975982666,,0.0006630271427767346,0.6811153292655945,1173.2362331012264
17940,4.465322971343994,,0.0006626669998124891,0.7033704519271851,1173.8817561930045
17950,4.353360176086426,,0.0006623067798414114,0.6898077726364136,1174.5282797440886
17960,4.529923439025879,,0.0006619464831097089,0.7020507454872131,1175.1724308514968
17970,4.355679035186768,,0.0006615861098636406,0.7342932820320129,1175.8147043902427
17980,4.344974517822266,,0.0006612256603495184,0.7142208814620972,1176.4570162557065
17990,4.5422821044921875,,0.0006608651348137063,0.7470590472221375,1177.0993513716385
18000,4.258294582366943,4.453719210624695,0.0006605045335026198,0.7210174798965454,1178.149702298455
18010,4.416382312774658,,0.0006601438566627267,0.765485405921936,1178.7950327973813
18020,4.312397003173828,,0.0006597831045405463,0.6804278492927551,1179.4775304012
18030,4.319622993469238,,0.000659422277382649,0.73447185754776,1180.1224653841928
18040,4.476343154907227,,0.0006590613754356569,0.7100624442100525,1180.7733483482152
18050,4.507170677185059,,0.000658700398946243,0.7219109535217285,1181.419308978133
18060,4.307575225830078,,0.0006583393481611315,0.7040253281593323,1182.063727075234
18070,4.3904643058776855,,0.0006579782233270972,0.7594150900840759,1182.7160522686318
18080,4.4659929275512695,,0.0006576170246909653,0.7195751667022705,1183.3599068820477
18090,4.37529993057251,,0.0006572557524996118,0.7259069085121155,1184.0047270283103
18100,4.459115028381348,,0.0006568944069999629,0.7747287750244141,1184.6502055190504
18110,4.598385810852051,,0.0006565329884389948,0.7119903564453125,1185.2955076480284
18120,4.4539079666137695,,0.0006561714970637336,0.698645293712616,1185.9417665451765
18130,4.348086833953857,,0.0006558099331212552,0.7130822539329529,1186.5884883804247
18140,4.354852199554443,,0.0006554482968586853,0.7246065139770508,1187.2373613901436
18150,4.503454685211182,,0.0006550865885231987,0.7063774466514587,1187.8844467829913
18160,4.5028839111328125,,0.00065472480836202,0.7415163516998291,1188.5303178858012
18170,4.422876834869385,,0.0006543629566224222,0.7452248930931091,1189.1762958839536
18180,4.356088638305664,,0.0006540010335517275,0.7028420567512512,1189.8233372764662
18190,4.291369438171387,,0.0006536390393973073,0.7023694515228271,1190.4751114351675
18200,4.341146945953369,,0.0006532769744065805,0.6906298398971558,1191.1238558944315
18210,4.225861549377441,,0.000652914838827016,0.7137125730514526,1191.7701807804406
18220,4.401429176330566,,0.0006525526329061295,0.7267328500747681,1192.4206157382578
18230,4.350478649139404,,0.0006521903568914851,0.6777220964431763,1193.0664862403646
18240,4.340091705322266,,0.0006518280110306956,0.7757318615913391,1193.7128603840247
18250,4.316557884216309,,0.0006514655955714208,0.726106584072113,1194.3629097575322
18260,4.339514255523682,,0.000651103110761368,0.7260310649871826,1195.0127773154527
18270,4.274655342102051,,0.0006507405568482925,0.8050188422203064,1195.663792715408
18280,4.484738349914551,,0.0006503779340799962,0.7715336680412292,1196.311481833458
18290,4.372673988342285,,0.0006500152427043286,0.7627993822097778,1196.9584188293666
18300,4.406430244445801,,0.0006496524829691856,0.7043097615242004,1197.6050558397546
18310,4.422008991241455,,0.0006492896551225101,0.718776285648346,1198.250810181722
18320,4.382680416107178,,0.0006489267594122918,0.7091919779777527,1198.8968340232968
18330,4.521947860717773,,0.000648563796086566,0.7291029691696167,1199.543524313718
18340,4.297945976257324,,0.0006482007653934151,0.7002233862876892,1200.1892382437363
18350,4.39625358581543,,0.0006478376675809671,0.7222634553909302,1200.8351595206186
18360,4.444877624511719,,0.0006474745028973957,0.7279586791992188,1201.4820575900376
18370,4.4956254959106445,,0.0006471112715909209,0.7106286287307739,1202.1286350311711
18380,4.27746057510376,,0.0006467479739098074,0.7065231204032898,1202.7745801769197
18390,4.531347751617432,,0.0006463846101023663,0.7264735102653503,1203.4209489431232
18400,4.332558631896973,,0.000646021180416953,0.7315210103988647,1204.0671430649236
18410,4.4203033447265625,,0.0006456576851019681,0.7289857268333435,1204.7135473741218
18420,4.4575982093811035,,0.0006452941244058576,0.7177953124046326,1205.3598694382235
18430,4.37858772277832,,0.0006449304985771115,0.6899269819259644,1206.0064750965685
18440,4.271255970001221,,0.0006445668078642649,0.6776930689811707,1206.654789103195
18450,4.540091514587402,,0.0006442030525158969,0.7761813998222351,1207.302994464524
18460,4.502007007598877,,0.0006438392327806306,0.706747829914093,1207.9510918529704
18470,4.391946792602539,,0.0006434753489071337,0.7378316521644592,1208.5957008842379
18480,4.454405784606934,,0.0006431114011441171,0.6928579807281494,1209.2711638761684
18490,4.380747318267822,,0.000642747389740336,0.7237738370895386,1209.9349546553567
18500,4.296599864959717,4.396488308906555,0.0006423833149445884,0.7167394161224365,1211.0379899302498
18510,4.392549514770508,,0.0006420191770057161,0.7466074824333191,1211.6841428251937
18520,4.4259724617004395,,0.0006416549761726042,0.7417287826538086,1212.3319357736036
18530,4.482703685760498,,0.0006412907126941802,0.7205526828765869,1212.9773866711184
18540,4.432559013366699,,0.0006409263868194149,0.7390836477279663,1213.6225991211832
18550,4.324341773986816,,0.0006405619987973218,0.6910497546195984,1214.2680779062212
18560,4.518321990966797,,0.0006401975488769562,0.7656542062759399,1214.9157017758116
18570,4.308162212371826,,0.0006398330373074166,0.6869613528251648,1215.5616487823427
18580,4.436492919921875,,0.000639468464337843,0.7300083637237549,1216.2091620601714
18590,4.27473258972168,,0.0006391038302174176,0.7392462491989136,1216.8567933924496
18600,4.3219475746154785,,0.0006387391351953646,0.7219972610473633,1217.5037672761828
18610,4.484433174133301,,0.0006383743795209494,0.7198311686515808,1218.1510087316856
18620,4.400482177734375,,0.0006380095634434791,0.7307687997817993,1218.7972704861313
18630,4.4669904708862305,,0.0006376446872123022,0.7037171125411987,1219.4458507243544
18640,4.370811462402344,,0.0006372797510768078,0.7195822596549988,1220.0956059070304
18650,4.421448707580566,,0.0006369147552864268,0.7215141654014587,1220.7416073158383
18660,4.277921676635742,,0.0006365497000906298,0.7101837396621704,1221.3899303581566
18670,4.491098403930664,,0.0006361845857389292,0.6932376623153687,1222.037211176008
18680,4.456996917724609,,0.0006358194124808767,0.75960373878479,1222.6853267196566
18690,4.362369060516357,,0.0006354541805660651,0.8458556532859802,1223.3301669666544
18700,4.37357234954834,,0.0006350888902441269,0.7216016054153442,1223.9751250334084
18710,4.428135871887207,,0.0006347235417647344,0.7294065952301025,1224.6190420128405
18720,4.402314186096191,,0.0006343581353776002,0.7519871592521667,1225.2628814438358
18730,4.534801483154297,,0.0006339926713324759,0.7335832715034485,1225.907020748593
18740,4.406520843505859,,0.0006336271498791526,0.7222961187362671,1226.5511811682954
18750,4.371192932128906,,0.000633261571267461,0.7419103980064392,1227.1958562275395
18760,4.382171630859375,,0.0006328959357472706,0.7436097264289856,1227.8396926531568
18770,4.341620445251465,,0.0006325302435684897,0.7172879576683044,1228.4845534833148
18780,4.411379814147949,,0.0006321644949810656,0.7662290930747986,1229.1282295426354
18790,4.307131290435791,,0.0006317986902349839,0.7474972605705261,1229.7719748439267
18800,4.501285552978516,,0.0006314328295802689,0.7403466105461121,1230.4157724529505
18810,4.464473724365234,,0.0006310669132669824,0.7400906085968018,1231.0599924158305
18820,4.503886699676514,,0.0006307009415452253,0.7417633533477783,1231.7039124444127
18830,4.450192451477051,,0.0006303349146651357,0.7412520051002502,1232.3480743253604
18840,4.406603813171387,,0.0006299688328768893,0.7052159309387207,1232.9922362128273
18850,4.484897613525391,,0.0006296026964306997,0.7289223670959473,1233.6360774487257
18860,4.452967643737793,,0.0006292365055768179,0.7250120043754578,1234.2799628181383
18870,4.30440092086792,,0.0006288702605655314,0.7392613291740417,1234.9232281232253
18880,4.308819770812988,,0.0006285039616471656,0.7333263754844666,1235.5707150148228
18890,4.455315589904785,,0.0006281376090720823,0.9968220591545105,1236.2177164731547
18900,4.289527893066406,,0.00062777120309068,0.709657609462738,1236.8658693591133
18910,4.3681511878967285,,0.0006274047439533938,0.7143110632896423,1237.5110745551065
18920,4.368593692779541,,0.0006270382319106949,0.7160505652427673,1238.1558346701786
18930,4.392663955688477,,0.0006266716672130909,0.7047305703163147,1238.8007862344384
18940,4.302463531494141,,0.0006263050501111253,0.7127158045768738,1239.4454701719806
18950,4.405619144439697,,0.0006259383808553777,0.7132704854011536,1240.0912496363744
18960,4.3562421798706055,,0.0006255716596964626,0.7221579551696777,1240.736198081635
18970,4.367444038391113,,0.0006252048868850307,0.7278069853782654,1241.3804705888033
18980,4.675938606262207,,0.0006248380626717678,0.818803608417511,1242.0246786549687
18990,4.295520305633545,,0.0006244711873073947,0.7353312373161316,1242.6689685676247
19000,4.510689735412598,4.401894617080688,0.0006241042610426675,0.7573915123939514,1243.721208925359
19010,4.593050956726074,,0.0006237372841283764,0.7688385844230652,1244.3662147922441
19020,4.543900966644287,,0.0006233702568153469,0.7283257842063904,1245.0111059537157
19030,4.436883926391602,,0.0006230031793544389,0.7466311454772949,1245.656179559417
19040,4.370846748352051,,0.0006226360519965459,0.7150212526321411,1246.3008254012093
19050,4.389045238494873,,0.0006222688749925966,0.7371736168861389,1246.94637677446
19060,4.411226749420166,,0.0006219016485935526,0.7439566850662231,1247.591860418208
19070,4.462156295776367,,0.0006215343730504095,0.7460179328918457,1248.2479152046144
19080,4.356142997741699,,0.0006211670486141974,0.7243241667747498,1248.8940890617669
19090,4.381438732147217,,0.0006207996755359785,0.7255555391311646,1249.5388807933778
19100,4.330615520477295,,0.0006204322540668489,0.7459825277328491,1250.1855430426076
19110,4.449896812438965,,0.0006200647844579377,0.7253985404968262,1250.830317822285
19120,4.479860305786133,,0.000619697266960407,0.7357208132743835,1251.4806241141632
19130,4.420883655548096,,0.0006193297018254517,0.733076274394989,1252.125436318107
19140,4.414876937866211,,0.0006189620893042988,0.7424021363258362,1252.7708051539958
19150,4.296857833862305,,0.0006185944296482083,0.7040073871612549,1253.4163551144302
19160,4.34703254699707,,0.0006182267231084718,0.7693043351173401,1254.0608192794025
19170,4.341611862182617,,0.0006178589699364133,0.7110734581947327,1254.7052575116977
19180,4.5047712326049805,,0.0006174911703833889,0.7436621785163879,1255.3498084424064
19190,4.423642158508301,,0.0006171233247007859,0.7450385689735413,1255.9936662074178
19200,4.435486316680908,,0.0006167554331400235,0.7277539968490601,1256.6382040642202
19210,4.432093620300293,,0.0006163874959525518,0.7844722270965576,1257.2829102892429
19220,4.406443119049072,,0.0006160195133898526,0.7400699257850647,1257.9273063931614
19230,4.414376258850098,,0.0006156514857034389,0.7242140173912048,1258.5717975283042
19240,4.528078556060791,,0.0006152834131448534,0.6868799328804016,1259.2162662493065
19250,4.509378433227539,,0.0006149152959656706,0.7299798727035522,1259.862181391567
19260,4.471660614013672,,0.0006145471344174954,0.717940628528595,1260.50668092072
19270,4.4034318923950195,,0.0006141789287519621,0.7455365061759949,1261.1509797731414
19280,4.5428242683410645,,0.0006138106792207366,0.8170411586761475,1261.8000561026856
19290,4.358436107635498,,0.0006134423860755133,0.7933268547058105,1262.444948727265
19300,4.425210475921631,,0.0006130740495680174,0.7105552554130554,1263.0895618675277
19310,4.395910263061523,,0.0006127056699500033,0.7376616597175598,1263.7333942847326
19320,4.33412504196167,,0.0006123372474732551,0.7824763655662537,1264.3772641504183
19330,4.463691234588623,,0.0006119687823895862,0.7586188912391663,1265.0215973192826
19340,4.485483169555664,,0.0006116002749508387,0.7323193550109863,1265.6660509156063
19350,4.360115051269531,,0.0006112317254088841,0.7476182579994202,1266.3108161063865
19360,4.314818382263184,,0.0006108631340156227,0.7160750031471252,1266.956264205277
19370,4.353944778442383,,0.000610494501022983,0.7242765426635742,1267.6015936220065
19380,4.483179092407227,,0.0006101258266829223,0.7573516964912415,1268.2466286374256
19390,4.3778486251831055,,0.0006097571112474261,0.7082090973854065,1268.8914223676547
19400,4.484817981719971,,0.0006093883549685077,0.7223923802375793,1269.536088344641
19410,4.382261276245117,,0.0006090195580982088,0.719298779964447,1270.1811008704826
19420,4.391617774963379,,0.0006086507208885983,0.7119177579879761,1270.8251040223986
19430,4.391644477844238,,0.0006082818435917734,0.7569828629493713,1271.4703023899347
19440,4.325943470001221,,0.0006079129264598578,0.7316573262214661,1272.1153347212821
19450,4.38615083694458,,0.0006075439697450029,0.7503389716148376,1272.7603257335722
19460,4.234469890594482,,0.0006071749736993876,0.7537268996238708,1273.4050775216892
19470,4.324027061462402,,0.0006068059385752168,0.7537800669670105,1274.050238396041
19480,4.441917419433594,,0.0006064368646247224,0.7395675778388977,1274.6950353467837
19490,4.541098594665527,,0.0006060677521001634,0.7408499717712402,1275.3391532367095
19500,4.52724552154541,4.39856104850769,0.0006056986012538244,0.734880268573761,1276.390704602003
19510,4.345033168792725,,0.000605329412338017,0.7426461577415466,1277.0354245845228
19520,4.21936559677124,,0.0006049601856050776,0.8112125992774963,1277.680738360621
19530,4.237931728363037,,0.0006045909213073697,0.7648001313209534,1278.3254604060203
19540,4.403561592102051,,0.0006042216196972818,0.7040119171142578,1278.969796942547
19550,4.465961456298828,,0.0006038522810272282,0.7748388648033142,1279.615369568579
19560,4.49189567565918,,0.0006034829055496484,0.712482213973999,1280.2608824735507
19570,4.396792411804199,,0.0006031134935170068,0.727749228477478,1280.9061266575009
19580,4.404627799987793,,0.0006027440451817933,0.7414678335189819,1281.5509187094867
19590,4.5654191970825195,,0.0006023745607965222,0.8122316598892212,1282.1958050467074
19600,4.418652057647705,,0.0006020050406137328,0.72798091173172,1282.8405518457294
19610,4.356100559234619,,0.0006016354848859885,0.7176594138145447,1283.4854727685452
19620,4.372334957122803,,0.000601265893865877,0.7025845050811768,1284.1300297547132
19630,4.462653636932373,,0.0006008962678060106,0.7499451637268066,1284.7754475101829
19640,4.415179252624512,,0.0006005266069590249,0.7882099151611328,1285.4196188980713
19650,4.399449348449707,,0.00060015691157758,0.7406833171844482,1286.0625454662368
19660,4.465306758880615,,0.000599787181914359,0.7210285067558289,1286.7068627271801
19670,4.448649883270264,,0.0005994174182220684,0.7874067425727844,1287.350973656401
19680,4.358006477355957,,0.0005990476207534386,1.0180346965789795,1287.995144162327
19690,4.4542975425720215,,0.0005986777897612224,0.726986289024353,1288.6388460351154
19700,4.4563212394714355,,0.000598307925498196,0.7444508075714111,1289.283102444373
19710,4.368927955627441,,0.0005979380282171579,0.7757953405380249,1289.9270938299596
19720,4.2900590896606445,,0.0005975680981709296,0.7428295612335205,1290.5708716902882
19730,4.270887851715088,,0.0005971981356123549,0.7322242856025696,1291.2148551316932
19740,4.526530742645264,,0.0005968281407942995,0.7162511944770813,1291.8596700020134
19750,4.401900291442871,,0.0005964581139696512,0.7366491556167603,1292.5047093825415
19760,4.32672643661499,,0.0005960880553913204,0.7270451188087463,1293.1490580812097
19770,4.412392616271973,,0.000595717965312238,0.7135792970657349,1293.7930114064366
19780,4.440241813659668,,0.0005953478439853576,0.7555027604103088,1294.436805783771
19790,4.345119476318359,,0.0005949776916636534,0.7512418627738953,1295.080966545269
19800,4.432828903198242,,0.0005946075086001211,0.763201117515564,1295.7266064062715
19810,4.468260288238525,,0.0005942372950477773,0.7632830142974854,1296.3718251157552
19820,4.351768493652344,,0.0005938670512596594,0.7488812804222107,1297.017067156732
19830,4.349861145019531,,0.0005934967774888256,0.7241906523704529,1297.6617327453569
19840,4.316113471984863,,0.0005931264739883547,0.7449862360954285,1298.3062276709825
19850,4.2823486328125,,0.0005927561410113452,0.7281762957572937,1298.9503174265847
19860,4.336893081665039,,0.0005923857788109168,0.7211751341819763,1299.5945117138326
19870,4.524422645568848,,0.000592015387640208,0.7566197514533997,1300.2376934057102
19880,4.3074870109558105,,0.0005916449677523781,0.7087703943252563,1300.8809570511803
19890,4.513947486877441,,0.0005912745194006053,0.7722709774971008,1301.5251744296402
19900,4.438365936279297,,0.0005909040428380878,0.7643415331840515,1302.1690415041521
19910,4.377094268798828,,0.0005905335383180428,0.7415202856063843,1302.8138322243467
19920,4.437623977661133,,0.0005901630060937063,0.7127794027328491,1303.4580182805657
19930,4.379193305969238,,0.0005897924464183341,0.7778730988502502,1304.1024979837239
19940,4.50614595413208,,0.0005894218595451998,0.8041446208953857,1304.7458681901917
19950,4.4642839431762695,,0.0005890512457275962,0.6989580988883972,1305.3876251196489
19960,4.4166669845581055,,0.0005886806052188346,0.9522024393081665,1306.0300095099956
19970,4.4270429611206055,,0.0005883099382722439,0.7540818452835083,1306.6727643171325
19980,4.541677951812744,,0.0005879392451411717,0.7920834422111511,1307.3174113761634
19990,4.434144020080566,,0.0005875685260789832,0.7682065963745117,1307.9598129857332
20000,4.24434757232666,4.377019762992859,0.0005871977813390613,0.7417401671409607,1309.0116183916107
20010,4.2593159675598145,,0.0005868270111748068,0.8171115517616272,1310.3036767337471
20020,4.317217826843262,,0.0005864562158396372,0.7725322842597961,1310.9450288116932
20030,4.474938869476318,,0.0005860853955869878,0.7668443918228149,1311.5871613426134
20040,4.431093215942383,,0.000585714550670311,0.7363937497138977,1312.2288015671074
20050,4.364249229431152,,0.0005853436813430755,0.7487834095954895,1312.8689311575145
20060,4.3962507247924805,,0.0005849727878587671,0.7620612382888794,1313.509517511353
20070,4.499715805053711,,0.0005846018704708879,0.7920621037483215,1314.1512883985415
20080,4.562674522399902,,0.0005842309294329565,0.7631024122238159,1314.7930609090254
20090,4.348799705505371,,0.0005838599649985077,0.7642880082130432,1315.4353620950133
20100,4.339203834533691,,0.0005834889774210919,0.7555363774299622,1316.0776214655489
20110,4.39871883392334,,0.0005831179669542761,0.7639585733413696,1316.7192621706054
20120,4.305633068084717,,0.000582746933851642,0.8031008243560791,1317.3601501639932
20130,4.397341728210449,,0.0005823758783667875,0.7509637475013733,1318.001713110134
20140,4.244625091552734,,0.0005820048007533253,0.7535942792892456,1318.6432550130412
20150,4.402254581451416,,0.0005816337012648835,0.749596893787384,1319.2852877089754
20160,4.424498558044434,,0.0005812625801551054,0.7525210976600647,1319.926671746187
20170,4.357470989227295,,0.0005808914376776485,0.775030255317688,1320.567688290961
20180,4.383988380432129,,0.0005805202740861851,0.7547288537025452,1321.210709547624
20190,4.46208381652832,,0.0005801490896344024,0.7613944411277771,1321.8530855728313
20200,4.257437229156494,,0.000579777884576001,0.7702546715736389,1322.4952072864398
20210,4.436556339263916,,0.0005794066591646963,0.8150491118431091,1323.1374282203615
20220,4.442543983459473,,0.0005790354136542174,0.8244653344154358,1323.779787428677
20230,4.372813701629639,,0.0005786641482983071,0.7508134245872498,1324.4210234638304
20240,4.286350727081299,,0.0005782928633507218,0.8001439571380615,1325.0633013574407
20250,4.5280303955078125,,0.0005779215590652309,0.7696582078933716,1325.7051634099334
20260,4.443699359893799,,0.0005775502356956179,0.7279336452484131,1326.3462121644989
20270,4.414246559143066,,0.0005771788934956785,0.7417203783988953,1326.9880052646622
20280,4.289445877075195,,0.0005768075327192217,0.7365376353263855,1327.6300306050107
20290,4.3709306716918945,,0.0005764361536200691,0.7639592289924622,1328.2730680117384
20300,4.523715972900391,,0.0005760647564520547,0.7443379759788513,1328.9152901889756
20310,4.250787734985352,,0.000575693341469025,0.8361664414405823,1329.5572486724705
20320,4.35207462310791,,0.0005753219089248388,0.7676323056221008,1330.2008241508156
20330,4.4016828536987305,,0.0005749504590733665,0.7534894943237305,1330.844492056407
20340,4.446533203125,,0.0005745789921684909,0.773439884185791,1331.4863017983735
20350,4.35481595993042,,0.0005742075084641059,0.7482117414474487,1332.1280392920598
20360,4.470086097717285,,0.0005738360082141169,0.7592213749885559,1332.7696630321443
20370,4.220505237579346,,0.0005734644916724411,0.7866857647895813,1333.4109655609354
20380,4.283630847930908,,0.0005730929590930065,0.7685097455978394,1334.0531906383112
20390,4.380801200866699,,0.0005727214107297523,0.8090885281562805,1334.6954742204398
20400,4.495784759521484,,0.0005723498468366279,0.7997137904167175,1335.339129023254
20410,4.371463298797607,,0.000571978267667594,0.8493403792381287,1335.9808290181682
20420,4.397506237030029,,0.0005716066734766216,0.7643402218818665,1336.622670745477
20430,4.419538974761963,,0.0005712350645176913,0.8002012968063354,1337.2648107921705
20440,4.469901084899902,,0.0005708634410447949,0.7171502709388733,1337.9066226556897
20450,4.354708671569824,,0.0005704918033119332,0.7949200868606567,1338.5490157976747
20460,4.449914932250977,,0.0005701201515731169,0.7522449493408203,1339.1914266552776
20470,4.460677146911621,,0.0005697484860823671,0.8118010759353638,1339.8354372736067
20480,4.384729385375977,,0.000569376807093713,0.7738706469535828,1340.4775492846966
20490,4.277156352996826,,0.000569005114861194,0.7325213551521301,1341.1209379732609
20500,4.356506824493408,4.391944217681885,0.0005686334096388585,0.9640752077102661,1342.1703771259636
20510,4.268969535827637,,0.0005682616916807628,0.7459995746612549,1342.8129987837747
20520,4.330615520477295,,0.0005678899612409733,0.7831000089645386,1343.4565120255575
20530,4.36517858505249,,0.0005675182185735638,0.7657862901687622,1344.0985297877342
20540,4.481672763824463,,0.0005671464639326173,0.7587891221046448,1344.739845409058
20550,4.53111457824707,,0.0005667746975722243,0.805923342704773,1345.3817872740328
20560,4.435850143432617,,0.0005664029197464836,0.8293435573577881,1346.0237329937518
20570,4.438969612121582,,0.0005660311307095021,0.7376294732093811,1346.6661818539724
20580,4.4170074462890625,,0.0005656593307153937,0.7627783417701721,1347.3082864340395
20590,4.371083736419678,,0.0005652875200182805,0.8131495118141174,1347.9501088149846
20600,4.3376054763793945,,0.0005649156988722917,0.7742080092430115,1348.5921232774854
20610,4.370583534240723,,0.000564543867531563,0.7571251392364502,1349.2331649037078
20620,4.367332935333252,,0.0005641720262502384,0.7660306692123413,1349.8749505616724
20630,4.410825252532959,,0.0005638001752824672,0.7456614375114441,1350.5161071475595
20640,4.234643936157227,,0.0005634283148824064,0.7306353449821472,1351.157972770743
20650,4.309665203094482,,0.000563056445304219,0.7854088544845581,1351.80037208274
20660,4.26630973815918,,0.0005626845668020744,0.784858763217926,1352.4425690025091
20670,4.250161170959473,,0.000562312679630148,0.8390147089958191,1353.0846930667758
20680,4.401190757751465,,0.0005619407840426211,0.7786685228347778,1353.730331050232
20690,4.486274242401123,,0.0005615688802936809,0.8041849732398987,1354.3732092119753
20700,4.378957748413086,,0.0005611969686375202,0.8017611503601074,1355.0143897579983
20710,4.374781608581543,,0.0005608250493283369,0.7574620246887207,1355.6560505153611
20720,4.323790073394775,,0.0005604531226203346,0.7451103925704956,1356.2979561807588
20730,4.47810173034668,,0.0005600811887677214,0.7488287091255188,1356.939862745814
20740,4.2588982582092285,,0.0005597092480247108,0.7568756937980652,1357.5838632006198
20750,4.314250946044922,,0.0005593373006455208,0.7438866496086121,1358.2275852905586
20760,4.429682731628418,,0.0005589653468843737,0.7427513599395752,1358.869722967036
20770,4.236567497253418,,0.0005585933869954968,0.7620872855186462,1359.5121519770473
20780,4.362983703613281,,0.0005582214212331207,0.7841445803642273,1360.1542496429756
20790,4.419533729553223,,0.0005578494498514807,0.8101006150245667,1360.7962067294866
20800,4.343424320220947,,0.0005574774731048159,0.9033350348472595,1361.437903413549
20810,4.253191947937012,,0.0005571054912473685,0.7798742651939392,1362.0800023414195
20820,4.374636650085449,,0.0005567335045333852,0.7722916007041931,1362.7216055039316
20830,4.581753730773926,,0.0005563615132171149,0.763212263584137,1363.3635247312486
20840,4.2738471031188965,,0.0005559895175528101,0.8018298745155334,1364.0054056001827
20850,4.389793395996094,,0.0005556175177947266,0.8185175061225891,1364.647170082666
20860,4.3687944412231445,,0.0005552455141971228,0.792945921421051,1365.2890381803736
20870,4.430354118347168,,0.0005548735070142595,0.7655466198921204,1365.9309793189168
20880,4.447471618652344,,0.0005545014965003999,0.7792074084281921,1366.573006705381
20890,4.400966644287109,,0.00055412948290981,0.7514765858650208,1367.2151730870828
20900,4.401139259338379,,0.0005537574664967576,0.76261967420578,1367.8583617173135
20910,4.498044967651367,,0.0005533854475155122,0.7578251957893372,1368.5008377600461
20920,4.481581211090088,,0.0005530134262203454,0.7895366549491882,1369.1429871246219
20930,4.345296859741211,,0.00055264140286553,0.772535502910614,1369.7852432373911
20940,4.486547470092773,,0.0005522693777053407,0.7853392362594604,1370.428141882643
20950,4.312849521636963,,0.0005518973509940534,0.7785523533821106,1371.070288687013
20960,4.373659610748291,,0.0005515253229859443,0.7733505964279175,1371.7122877780348
20970,4.243932247161865,,0.0005511532939352913,0.7396692633628845,1372.354657636024
20980,4.3950581550598145,,0.0005507812640963729,0.76124507188797,1372.9956552097574
20990,4.312382698059082,,0.0005504092337234677,0.756617546081543,1373.6359356911853
21000,4.335193634033203,4.394612193107605,0.0005500372030708555,0.7452601194381714,1374.6855658367276
21010,4.298804759979248,,0.0005496651723928149,0.755102813243866,1375.3267791606486
21020,4.304668426513672,,0.0005492931419436262,0.7842209339141846,1375.9696365343407
21030,4.455685615539551,,0.0005489211119775681,0.7806745171546936,1376.6116770757362
21040,4.370213031768799,,0.0005485490827489198,0.8037738800048828,1377.2539696320891
21050,4.399840831756592,,0.0005481770545119598,0.7812364101409912,1377.896036771126
21060,4.35650634765625,,0.0005478050275209658,0.7727182507514954,1378.537959696725
21070,4.5957183837890625,,0.0005474330020302149,0.7880889177322388,1379.1800580117851
21080,4.351284027099609,,0.0005470609782939828,0.8177050352096558,1379.8221647692844
21090,4.208194732666016,,0.0005466889565665442,0.8191918134689331,1380.46445986256
21100,4.384174346923828,,0.0005463169371021728,0.8141008615493774,1381.106755129993
21110,4.3731303215026855,,0.00054594492015514,0.778214156627655,1381.7497535655275
21120,4.340332984924316,,0.0005455729059797162,0.7412567138671875,1382.3911317866296
21130,4.360276222229004,,0.0005452008948301694,0.7972258925437927,1383.0319605646655
21140,4.470344543457031,,0.0005448288869607656,0.7663150429725647,1383.6722944276407
21150,4.165285587310791,,0.0005444568826257689,0.7413487434387207,1384.3138712989166
21160,4.353639125823975,,0.0005440848820794405,0.7641647458076477,1384.955414608121
21170,4.377649307250977,,0.0005437128855760397,0.7604945302009583,1385.5973112313077
21180,4.288607597351074,,0.000543340893369822,0.7748264670372009,1386.2396241948009
21190,4.4190874099731445,,0.0005429689057150411,0.8096916079521179,1386.8820087155327
21200,4.378856658935547,,0.0005425969228659469,0.7675323486328125,1387.5249740360305
21210,4.24876594543457,,0.000542224945076786,0.7640608549118042,1388.1698546325788
21220,4.268160820007324,,0.0005418529726018018,0.7583962678909302,1388.8121298085898
21230,4.368727684020996,,0.0005414810056952341,0.7674925923347473,1389.454272300005
21240,4.321127891540527,,0.0005411090446113186,0.774928092956543,1390.0963990846649
21250,4.456038951873779,,0.0005407370896042873,0.735916793346405,1390.7382529312745
21260,4.33250093460083,,0.0005403651409283678,0.7716988325119019,1391.3791235275567
21270,4.3434858322143555,,0.0005399931988377838,0.7667917013168335,1392.0204035565257
21280,4.190712928771973,,0.000539621263586754,0.7840508818626404,1392.6617723274976
21290,4.393359184265137,,0.0005392493354294926,0.8104895949363708,1393.3033981705084
21300,4.362520217895508,,0.0005388774146202091,0.7773377895355225,1393.9455577237532
21310,4.468796730041504,,0.000538505501413108,0.7973030805587769,1394.587204460986
21320,4.512356758117676,,0.000538133596062388,0.8058164715766907,1395.2287442851812
21330,4.398017406463623,,0.0005377616988222433,0.7956441640853882,1395.8707105573267
21340,4.299883842468262,,0.0005373898099468621,0.7519437670707703,1396.5128720346838
21350,4.380545139312744,,0.000537017929690427,0.7996132969856262,1397.1548808012158
21360,4.294707298278809,,0.0005366460583071142,0.8170902132987976,1397.7971442844719
21370,4.494615077972412,,0.000536274196051095,0.8122023344039917,1398.4384679179639
21380,4.458806037902832,,0.0005359023431765331,0.7696961760520935,1399.0803792690858
21390,4.356086730957031,,0.0005355304999375868,0.7558917999267578,1399.7225118745118
21400,4.38018798828125,,0.0005351586665884075,0.7483763098716736,1400.365511088632
21410,4.47392463684082,,0.0005347868433831396,0.8144093155860901,1401.0076683089137
21420,4.229809761047363,,0.0005344150305759206,0.7283087372779846,1401.6498235482723
21430,4.370506763458252,,0.0005340432284208814,0.7740358710289001,1402.2927662916481
21440,4.388336181640625,,0.000533671437172145,0.7456448674201965,1402.9349722154438
21450,4.323269844055176,,0.0005332996570838274,0.7634994983673096,1403.5769561016932
21460,4.314859867095947,,0.0005329278884100367,0.7620978355407715,1404.2196431364864
21470,4.270511150360107,,0.0005325561314048733,0.766101062297821,1404.8614000622183
21480,4.426304817199707,,0.0005321843863224296,0.8026874661445618,1405.503322605975
21490,4.342392921447754,,0.00053181265341679,0.7739059329032898,1406.1447042692453
21500,4.395376682281494,4.362146401405335,0.00053144093294203,0.7974110245704651,1407.1945877615362
21510,4.527469158172607,,0.0005310692251522175,0.7684014439582825,1407.836587996222
21520,4.355276107788086,,0.0005306975303014111,0.7980390787124634,1408.4784624893218
21530,4.243249416351318,,0.0005303258486436607,0.7545671463012695,1409.120487589389
21540,4.289007186889648,,0.0005299541804330072,0.7675065398216248,1409.7629513349384
21550,4.395107269287109,,0.0005295825259234824,0.7920532822608948,1410.4056144729257
21560,4.287210464477539,,0.0005292108853691085,0.7660645246505737,1411.0476246224716
21570,4.348448753356934,,0.0005288392590238985,0.8086481690406799,1411.689714631997
21580,4.339544296264648,,0.0005284676471418556,0.771989107131958,1412.3311373963952
21590,4.266005039215088,,0.0005280960499769727,0.7640784382820129,1412.9725479949266
21600,4.420102119445801,,0.0005277244677832331,0.768206775188446,1413.6142620369792
21610,4.258888244628906,,0.0005273529008146097,0.7561723589897156,1414.256073890254
21620,4.269538402557373,,0.000526981349325065,0.7593783140182495,1414.897785069421
21630,4.438868522644043,,0.000526609813568551,0.8411891460418701,1415.5397124923766
21640,4.366808891296387,,0.0005262382937990089,0.7869849801063538,1416.1818366535008
21650,4.494653701782227,,0.0005258667902703689,0.8476272225379944,1416.8242217451334
21660,4.327967643737793,,0.0005254953032365502,0.7845590114593506,1417.4666593978181
21670,4.297887802124023,,0.0005251238329514607,0.8060156106948853,1418.1081085763872
21680,4.468539237976074,,0.0005247523796689969,0.7595869898796082,1418.74999521859
21690,4.448004722595215,,0.0005243809436430434,0.8030189871788025,1419.3924339050427
21700,4.451235771179199,,0.0005240095251274734,0.773958683013916,1420.0349330864847
21710,4.286977291107178,,0.0005236381243761479,0.77371746301651,1420.6772069185972
21720,4.440183639526367,,0.0005232667416429157,0.8032959699630737,1421.3203105824068
21730,4.316704273223877,,0.0005228953771816136,0.7764188647270203,1421.9629643931985
21740,4.3618669509887695,,0.0005225240312460656,0.7603031992912292,1422.606149226427
21750,4.235325336456299,,0.0005221527040900832,0.7655724883079529,1423.24775995221
21760,4.42012357711792,,0.0005217813959674649,0.7908477783203125,1423.8883166182786
21770,4.362314224243164,,0.0005214101071319966,0.7584097981452942,1424.5300549846143
21780,4.337254524230957,,0.0005210388378374502,0.7879981398582458,1425.1701492276043
21790,4.400979995727539,,0.0005206675883375852,0.8188042044639587,1425.8113647038117
21800,4.358759880065918,,0.0005202963588861468,0.7739497423171997,1426.4534358559176
21810,4.367566108703613,,0.0005199251497368672,0.7363677024841309,1427.0951391635463
21820,4.245753765106201,,0.000519553961143464,0.7731263041496277,1427.7373814806342
21830,4.210031509399414,,0.0005191827933596415,0.7764533162117004,1428.3793222848326
21840,4.398629188537598,,0.0005188116466390889,0.8068157434463501,1429.0244085332379
21850,4.487590789794922,,0.000518440521235482,0.802162230014801,1429.6687908591703
21860,4.338545799255371,,0.0005180694174024812,0.7689549922943115,1430.3110425379127
21870,4.433065891265869,,0.0005176983353937323,0.7689435482025146,1430.9531728550792
21880,4.309925079345703,,0.0005173272754628668,0.8128077387809753,1431.596021343954
21890,4.38022518157959,,0.0005169562378635003,0.7998920679092407,1432.238952559419
21900,4.26703405380249,,0.0005165852228492336,0.7765414118766785,1432.8805449744686
21910,4.259154319763184,,0.0005162142306736521,0.8093395233154297,1433.5221116403118
21920,4.193117141723633,,0.0005158432615903252,0.8165222406387329,1434.163420622237
21930,4.349387168884277,,0.0005154723158528072,0.8370609283447266,1434.8050606949255
21940,4.317160606384277,,0.0005151013937146355,0.7780315279960632,1435.4470206722617
21950,4.295949935913086,,0.0005147304954293322,0.7813602685928345,1436.0892928848043
21960,4.5675048828125,,0.0005143596212504029,0.8348439335823059,1436.7310936152935
21970,4.437524795532227,,0.0005139887714313362,0.795516312122345,1437.3727175416425
21980,4.4029998779296875,,0.0005136179462256046,0.8203123807907104,1438.0144065814093
21990,4.4680657386779785,,0.0005132471458866637,0.9000028967857361,1438.6571845011786
22000,4.32474422454834,4.332429075241089,0.0005128763706679522,0.7609764337539673,1439.7075009793043
22010,4.172070503234863,,0.0005125056208228912,0.8219995498657227,1440.3504389282316
22020,4.289515972137451,,0.0005121348966048848,0.7593212127685547,1440.9931747689843
22030,4.232740879058838,,0.0005117641982673195,0.8426216244697571,1441.636441118084
22040,4.325522422790527,,0.0005113935260635641,0.8392491340637207,1442.278592204675
22050,4.373779296875,,0.0005110228802469698,0.7888391017913818,1442.920235316269
22060,4.435833930969238,,0.0005106522610708692,0.7713962197303772,1443.5622668666765
22070,4.320752143859863,,0.0005102816687885772,0.7819659113883972,1444.203262082301
22080,4.277759552001953,,0.0005099111036533898,0.8077040314674377,1444.844229767099
22090,4.332178115844727,,0.0005095405659185854,0.7873041033744812,1445.4874968817458
22100,4.310415267944336,,0.0005091700558374223,0.8503629565238953,1446.1308786608279
22110,4.397017955780029,,0.0005087995736631414,0.8022848963737488,1446.7735667414963
22120,4.343914031982422,,0.0005084291196489632,0.7493382692337036,1447.4167827377096
22130,4.406195640563965,,0.0005080586940480898,0.7573668956756592,1448.0603811731562
22140,4.290448188781738,,0.0005076882971137036,0.7832423448562622,1448.7063048109412
22150,4.469541072845459,,0.0005073179290989672,0.8338244557380676,1449.3509448636323
22160,4.319698810577393,,0.0005069475902570239,0.7696146368980408,1449.9984564473853
22170,4.251188278198242,,0.0005065772808409965,0.7931022047996521,1450.6436084331945
22180,4.39345121383667,,0.0005062070011039884,0.7596949934959412,1451.2926096050069
22190,4.327960968017578,,0.000505836751299082,0.7966673970222473,1451.9373258510605
22200,4.3296661376953125,,0.0005054665316793396,0.7607011795043945,1452.5890353750437
22210,4.250292778015137,,0.0005050963424978031,0.8508343696594238,1453.2338064722717
22220,4.415508270263672,,0.0005047261840074929,0.7927187085151672,1453.8821238717064
22230,4.399405002593994,,0.0005043560564614091,0.8886450529098511,1454.524088311009
22240,4.380292892456055,,0.0005039859601125305,0.8159741163253784,1455.165181641467
22250,4.388215065002441,,0.000503615895213814,0.7641752362251282,1455.8072646930814
22260,4.469721794128418,,0.0005032458620181958,0.7851371765136719,1456.4495756421238
22270,4.450854301452637,,0.00050287586077859,0.770095944404602,1457.0916034439579
22280,4.4203338623046875,,0.0005025058917478891,0.8199140429496765,1457.7346149841323
22290,4.319877624511719,,0.0005021359551789633,0.8159264922142029,1458.3770414125174
22300,4.3462934494018555,,0.0005017660513246607,0.7742008566856384,1459.0190964257345
22310,4.357163429260254,,0.0005013961804378074,0.8379085063934326,1459.659859424457
22320,4.296167850494385,,0.0005010263427712063,0.8087859153747559,1460.301915673539
22330,4.279009819030762,,0.0005006565385776384,0.7523423433303833,1460.9444432323799
22340,4.375927925109863,,0.0005002867681098608,0.8549798130989075,1461.5858516171575
22350,4.469125747680664,,0.0004999170316206086,0.8468176126480103,1462.2274109935388
22360,4.456081867218018,,0.000499547329362593,0.8270019292831421,1462.8704621549696
22370,4.440030097961426,,0.0004991776615885019,0.7999366521835327,1463.5128687862307
22380,4.174957275390625,,0.0004988080285509999,0.7647062540054321,1464.1549688437954
22390,4.6121439933776855,,0.0004984384305027278,0.8219420909881592,1464.7976333349943
22400,4.427151203155518,,0.0004980688676963021,0.7921072244644165,1465.4399761194363
22410,4.348970413208008,,0.0004976993403843159,0.8822774291038513,1466.0824257023633
22420,4.300829887390137,,0.0004973298488193374,0.7818464040756226,1466.7249711686745
22430,4.505793571472168,,0.0004969603932539103,0.8292196989059448,1467.3667926043272
22440,4.264780044555664,,0.0004965909739405545,0.8051385283470154,1468.0099898455665
22450,4.346197605133057,,0.0004962215911317642,0.8311933875083923,1468.6542534194887
22460,4.291096210479736,,0.0004958522450800094,0.8260474801063538,1469.294934953563
22470,4.3148908615112305,,0.0004954829360377344,0.7533273696899414,1469.935179603286
22480,4.195446968078613,,0.0004951136642573586,0.7641269564628601,1470.5758022889495
22490,4.392134666442871,,0.0004947444299912757,0.8043406009674072,1471.2172896610573
22500,4.232146263122559,4.3661536693573,0.0004943752334918539,0.7988261580467224,1472.2673164745793
22510,4.331873416900635,,0.0004940060750114357,0.7960110902786255,1472.9089720156044
22520,4.533683776855469,,0.0004936369548023371,0.8197138905525208,1473.5508389081806
22530,4.3983306884765625,,0.0004932678731168483,0.7863599061965942,1474.192910890095
22540,4.3525567054748535,,0.0004928988302072333,0.7637357711791992,1474.8357742670923
22550,4.3582940101623535,,0.0004925298263257295,0.8323638439178467,1475.4780390411615
22560,4.31243896484375,,0.0004921608617245475,0.8201577067375183,1476.1198644842952
22570,4.402833938598633,,0.000491791936655871,0.7740482091903687,1476.7623023753986
22580,4.393527030944824,,0.000491423051371857,0.7914761304855347,1477.4049562932923
22590,4.310293197631836,,0.000491054206124635,0.7792625427246094,1478.0463262293488
22600,4.389781951904297,,0.0004906854011663073,0.7611578702926636,1478.6899312641472
22610,4.4171552658081055,,0.0004903166367489489,0.7737551331520081,1479.3320401003584
22620,4.387057304382324,,0.0004899479131246062,0.8222067356109619,1479.9738119570538
22630,4.407464981079102,,0.0004895792305452986,0.8167815208435059,1480.615986068733
22640,4.3512468338012695,,0.0004892105892630174,0.8062271475791931,1481.2585899084806
22650,4.369067192077637,,0.0004888419895297249,0.7757629156112671,1481.8999901115894
22660,4.158435344696045,,0.0004884734315973562,0.8079343438148499,1482.5404790854082
22670,4.27365255355835,,0.00048810491571781657,0.8207677602767944,1483.1816997118294
22680,4.3797383308410645,,0.0004877364421429835,0.8127043843269348,1483.824644478038
22690,4.494553089141846,,0.0004873680111247052,0.8115476965904236,1484.467911931686
22700,4.494516372680664,,0.0004869996229148008,0.8083086609840393,1485.1094319019467
22710,4.302681922912598,,0.0004866312777650599,0.8156237602233887,1485.7516319798306
22720,4.348394393920898,,0.0004862629759272432,0.8591002225875854,1486.3933616084978
22730,4.43223237991333,,0.00048589471765308134,0.8401613235473633,1487.0364408064634
22740,4.290749549865723,,0.0004855265031942756,0.7846024632453918,1487.6787704769522
22750,4.413483619689941,,0.0004851583328024969,0.7711745500564575,1488.3207642305642
22760,4.346808910369873,,0.00048479020672938624,0.784042239189148,1488.963455026038
22770,4.307933330535889,,0.0004844221252265545,0.8026478886604309,1489.6055407803506
22780,4.446439743041992,,0.00048405408854558177,0.8018518686294556,1490.2476120460778
22790,4.256206512451172,,0.00048368609693801793,0.8569080829620361,1490.889731974341
22800,4.280379772186279,,0.0004833181506553813,0.79793381690979,1491.5362057844177
22810,4.36717414855957,,0.0004829502499491599,0.8038634657859802,1492.178430003114
22820,4.28868293762207,,0.0004825823950708105,0.8059470057487488,1492.81963245105
22830,4.331113338470459,,0.00048221458627175826,0.8095369338989258,1493.4593959944323
22840,4.32900333404541,,0.0004818468238033972,0.7816004157066345,1494.0992144811898
22850,4.419116020202637,,0.00048147910791708937,0.8224653601646423,1494.7393731875345
22860,4.24128532409668,,0.0004811114388641651,0.8027093410491943,1495.379452817142
22870,4.25745964050293,,0.000480743816895923,0.8120351433753967,1496.0213673450053
22880,4.218869209289551,,0.0004803762422636288,0.7973538637161255,1496.6633754763752
22890,4.230014324188232,,0.00048000871521851677,0.7784357666969299,1497.305291492492
22900,4.2645158767700195,,0.00047964123601178775,0.8071739077568054,1497.9460008433089
22910,4.442034721374512,,0.0004792738048946104,0.8211973309516907,1498.5863620685413
22920,4.368212699890137,,0.00047890642211812054,0.8196104764938354,1499.2265165504068
22930,4.333388328552246,,0.0004785390879334208,0.77644944190979,1499.8671859046444
22940,4.459083557128906,,0.00047817180259158065,0.8483616709709167,1500.5089008351788
22950,4.213017463684082,,0.000477804566343636,0.7951492667198181,1501.1514380089939
22960,4.427689552307129,,0.00047743737944058956,0.7820824384689331,1501.793530035764
22970,4.307551383972168,,0.0004770702421334101,0.7828075289726257,1502.435529384762
22980,4.336452007293701,,0.0004767031546730326,0.807857871055603,1503.0765158087015
22990,4.45154333114624,,0.00047633611731035756,0.8224549889564514,1503.717644309625
23000,4.383566856384277,4.332945942878723,0.00047596913029625173,0.8170185089111328,1504.7637415342033
23010,4.389353275299072,,0.00047560219388154726,0.7977421879768372,1505.4048291007057
23020,4.257682800292969,,0.0004752353083170418,0.7777188420295715,1506.0467428565025
23030,4.260583877563477,,0.00047486847385349803,0.8101492524147034,1506.6891180770472
23040,4.333035469055176,,0.000474501690741644,0.8004572987556458,1507.3319952683523
23050,4.332267761230469,,0.00047413495923217234,0.7761051654815674,1507.9741420811042
23060,4.297981262207031,,0.0004737682795757407,0.8059965968132019,1508.615461204201
23070,4.458675384521484,,0.0004734016520229714,0.805400013923645,1509.256986909546
23080,4.3595733642578125,,0.0004730350768244505,0.8246731162071228,1509.8978624762967
23090,4.230886936187744,,0.0004726685542307288,0.7773944139480591,1510.5398258529603
23100,4.2858734130859375,,0.00047230208449232114,0.7687584161758423,1511.1816855566576
23110,4.34294319152832,,0.00047193566785970606,0.7953704595565796,1511.823739447631
23120,4.340700149536133,,0.0004715693045833259,0.8288743495941162,1512.46583352983
23130,4.456757545471191,,0.00047120299491358646,0.8488823175430298,1513.1066194782034
23140,4.441516876220703,,0.00047083673910085704,0.8204923868179321,1513.747482321225
23150,4.297727108001709,,0.00047047053739546993,0.809987485408783,1514.3868455225602
23160,4.334678649902344,,0.0004701043900477206,0.7948176264762878,1515.024332191795
23170,4.473911285400391,,0.0004697382973078675,0.869325578212738,1515.6626884089783
23180,4.2349958419799805,,0.00046937225942613115,0.7823562026023865,1516.3020631121472
23190,4.317391872406006,,0.0004690062766526952,0.8370680212974548,1516.942996182479
23200,4.345584869384766,,0.0004686403492377056,0.8054227232933044,1517.585621457547
23210,4.300628662109375,,0.00046827447743126994,0.8158314824104309,1518.227898105979
23220,4.446682453155518,,0.0004679086614834584,0.7796730399131775,1518.8697568429634
23230,4.3519287109375,,0.0004675429016443026,0.8076369166374207,1519.5119846500456
23240,4.368718147277832,,0.0004671771981637961,0.8092395663261414,1520.1536498041824
23250,4.378913402557373,,0.0004668115512918936,0.7865517735481262,1520.7951876362786
23260,4.4017653465271,,0.00046644596127851155,0.8338653445243835,1521.4369126642123
23270,4.289605140686035,,0.00046608042837352693,0.7835521697998047,1522.0789341907948
23280,4.383454322814941,,0.00046571495282677825,0.7532434463500977,1522.7234640391544
23290,4.378405570983887,,0.0004653495348880645,0.795991837978363,1523.3649003105238
23300,4.402031898498535,,0.00046498417480714553,0.8398924469947815,1524.0061768228188
23310,4.224377632141113,,0.0004646188728337413,0.7916432619094849,1524.648125407286
23320,4.3411149978637695,,0.00046425362921753254,0.8140935897827148,1525.2897603660822
23330,4.358959197998047,,0.00046388844420815954,0.8150185346603394,1525.9312852406874
23340,4.219918727874756,,0.0004635233180552231,0.8088703751564026,1526.5727757494897
23350,4.444581508636475,,0.00046315825100828336,0.7945051193237305,1527.2145165540278
23360,4.449395656585693,,0.00046279324331686,0.7972904443740845,1527.8564391955733
23370,4.314862251281738,,0.0004624282952304326,0.7894457578659058,1528.4983607456088
23380,4.225214004516602,,0.0004620634069984397,0.8720206618309021,1529.1407548161224
23390,4.366031169891357,,0.0004616985788702788,0.7862173318862915,1529.7825365355238
23400,4.321803092956543,,0.0004613338110953067,0.8158347606658936,1530.424213418737
23410,4.4154510498046875,,0.0004609691039228386,0.8062036633491516,1531.0659130560234
23420,4.3548431396484375,,0.00046060445760214854,0.7959707975387573,1531.7062649279833
23430,4.422696590423584,,0.00046023987238246866,0.8330889344215393,1532.3470139084384
23440,4.177815914154053,,0.0004598753485129897,0.7890119552612305,1532.9875328512862
23450,4.3948564529418945,,0.0004595108862428603,0.8109232783317566,1533.6285143094137
23460,4.248486518859863,,0.00045914648582118673,0.8324238657951355,1534.271671032533
23470,4.453582286834717,,0.0004587821474970334,0.8226091265678406,1534.9134048083797
23480,4.346348285675049,,0.0004584178715194222,0.8374568223953247,1535.5547312013805
23490,4.354123115539551,,0.00045805365813733216,0.8181471228599548,1536.1958441380411
23500,4.329610824584961,4.3435862302780155,0.00045768950759969985,0.8055479526519775,1537.2441989816725
23510,4.299670219421387,,0.0004573254201554186,0.8747279644012451,1537.8857837785035
23520,4.461390018463135,,0.0004569613960533389,0.851258397102356,1538.5274636810645
23530,4.231549263000488,,0.0004565974355422676,0.7813292145729065,1539.169402629137
23540,4.298493385314941,,0.0004562335388709685,0.7836100459098816,1539.8133729547262
23550,4.2784342765808105,,0.00045586970628816144,0.8362582921981812,1540.456572192721
23560,4.459277153015137,,0.0004555059380425224,0.8551280498504639,1541.101945339702
23570,4.2799224853515625,,0.00045514223438268363,0.8058732748031616,1541.7463192064315
23580,4.095483303070068,,0.00045477859555723333,0.8019416928291321,1542.39084094204
23590,4.299088954925537,,0.000454415021814715,0.7873214483261108,1543.0349776241928
23600,4.364080905914307,,0.000454051513403628,0.8062373399734497,1543.681610364467
23610,4.39726448059082,,0.0004536880705724268,0.8141561150550842,1544.3258422194049
23620,4.42737340927124,,0.00045332469356952127,0.8684029579162598,1544.9706220440567
23630,4.3096842765808105,,0.0004529613826432762,0.7932804226875305,1545.6149565493688
23640,4.262001991271973,,0.0004525981380420109,0.8080883622169495,1546.2592313466594
23650,4.433083534240723,,0.00045223496001399986,0.824126124382019,1546.9041201854125
23660,4.362983703613281,,0.0004518718488074717,0.8569517135620117,1547.5482667097822
23670,4.2320685386657715,,0.0004515088046706096,0.7933309078216553,1548.1930035036057
23680,4.225813865661621,,0.00045114582785155084,0.8076974749565125,1548.8371260091662
23690,4.474259376525879,,0.0004507829185983866,0.8141028881072998,1549.4815688803792
23700,4.405675411224365,,0.00045042007715916197,0.8522055149078369,1550.1258298037574
23710,4.423437595367432,,0.0004500573037818755,0.8201732039451599,1550.7695281449705
23720,4.470303535461426,,0.0004496945987144796,0.9278153777122498,1551.4132760772482
23730,4.449626922607422,,0.00044933196220487976,0.8338531851768494,1552.0570091698319
23740,4.388573169708252,,0.0004489693945009343,0.95426344871521,1552.7015277016908
23750,4.286637306213379,,0.0004486068958504552,0.8480052947998047,1553.3457983294502
23760,4.474730491638184,,0.0004482444665012066,0.8464773297309875,1553.9900712613016
23770,4.208529472351074,,0.0004478821067009056,0.8196677565574646,1554.634580890648
23780,4.3719329833984375,,0.0004475198166972218,0.8409660458564758,1555.2815911164507
23790,4.2205586433410645,,0.000447157596737777,0.8103678822517395,1555.9265182260424
23800,4.349322319030762,,0.00044679544707014506,0.8250486254692078,1556.5708950301632
23810,4.2087016105651855,,0.0004464333679418519,0.8263487815856934,1557.2195816896856
23820,4.161402702331543,,0.0004460713596003753,0.8104845285415649,1557.8650041604415
23830,4.352310657501221,,0.0004457094222931443,0.8650850057601929,1558.509885554202
23840,4.242829322814941,,0.0004453475562675397,0.802706241607666,1559.1542742447928
23850,4.23023796081543,,0.0004449857617708937,0.791405200958252,1559.7992306770757
23860,4.345577239990234,,0.0004446240390504892,0.8342564702033997,1560.4439603975043
23870,4.193751335144043,,0.0004442623883535603,0.7765143513679504,1561.0881982883438
23880,4.377196788787842,,0.0004439008099272921,0.7948495745658875,1561.732795778662
23890,4.189233779907227,,0.00044353930401881973,0.7990760207176208,1562.3743704622611
23900,4.381782054901123,,0.00044317787087522935,0.8572733998298645,1563.0158474389464
23910,4.390456676483154,,0.000442816510743557,0.8291168808937073,1563.6572063500062
23920,4.380414962768555,,0.0004424552238707887,0.8205068111419678,1564.298597406596
23930,4.353604316711426,,0.00044209401050386083,0.8431795239448547,1564.939412358217
23940,4.317008972167969,,0.00044173287088965923,0.8612915873527527,1565.580897553824
23950,4.289841651916504,,0.0004413718052750196,0.8355220556259155,1566.222576128319
23960,4.255875587463379,,0.0004410108139067266,0.8104406595230103,1566.8652957221493
23970,4.367136001586914,,0.0004406498970315147,0.8003752827644348,1567.507908702828
23980,4.258378028869629,,0.00044028905489606703,0.8686308860778809,1568.1504340553656
23990,4.26186466217041,,0.00043992828774701585,0.8148430585861206,1568.7926483592018
24000,4.341488361358643,4.3207086563110355,0.0004395675958309421,0.7985630631446838,1569.8418743303046
24010,4.3457560539245605,,0.0004392069793943755,0.8326444029808044,1570.4839308969676
24020,4.2664103507995605,,0.00043884643868379345,0.8493354916572571,1571.1271152468398
24030,4.379340648651123,,0.0004384859739456225,0.838935375213623,1571.7689775126055
24040,4.376803398132324,,0.0004381255854262369,0.7851746678352356,1572.410313181579
24050,4.358969211578369,,0.00043776527337195865,0.8933020830154419,1573.051396950148
24060,4.375751972198486,,0.00043740503802905785,0.8529817461967468,1573.6949312472716
24070,4.342041015625,,0.00043704487964375176,0.7918939590454102,1574.3393074441701
24080,4.204316139221191,,0.00043668479846220543,0.8270298838615417,1574.983052374795
24090,4.132328510284424,,0.00043632479473053077,0.8394674062728882,1575.6251539466903
24100,4.272279739379883,,0.0004359648686947872,0.7784199714660645,1576.266592363827
24110,4.422117233276367,,0.0004356050206009805,0.8330820798873901,1576.9091912461445
24120,4.29953670501709,,0.0004352452506950634,0.8085068464279175,1577.5500142062083
24130,4.200451850891113,,0.0004348855592229355,0.857528805732727,1578.1925028180704
24140,4.3002448081970215,,0.0004345259464304423,0.8702359795570374,1578.835940297693
24150,4.375433444976807,,0.00043416641256337587,0.8893976807594299,1579.4804101502523
24160,4.321644306182861,,0.00043380695786747437,0.8150416612625122,1580.1240421673283
24170,4.319227695465088,,0.00043344758258842135,0.8135905265808105,1580.7669209185988
24180,4.344088554382324,,0.0004330882869718467,0.8150860071182251,1581.4088555481285
24190,4.239690780639648,,0.00043272907126332567,0.8411990404129028,1582.0507415467873
24200,4.275416374206543,,0.0004323699357083784,0.821661114692688,1582.6942061670125
24210,4.503703594207764,,0.000432010880552471,0.877345621585846,1583.3340877909213
24220,4.322138786315918,,0.00043165190604101404,0.8163985013961792,1583.9757996927947
24230,4.405119895935059,,0.0004312930124193634,0.833207905292511,1584.6183761907741
24240,4.333088397979736,,0.00043093419993281944,0.8408183455467224,1585.2612140392885
24250,4.337438583374023,,0.000430575468826627,0.8727781772613525,1585.9037572452798
24260,4.335108757019043,,0.0004302168193459757,0.8645599484443665,1586.5458425441757
24270,4.26873779296875,,0.0004298582517359987,0.8284913301467896,1587.189306223765
24280,4.306208610534668,,0.00042949976624177404,0.8227423429489136,1587.833281809464
24290,4.215341567993164,,0.0004291413631083228,0.8358352184295654,1588.4771860400215
24300,4.316964626312256,,0.0004287830425806101,0.8605930805206299,1589.125895875506
24310,4.541971206665039,,0.0004284248049035449,0.8702985048294067,1589.7708059204742
24320,4.413331031799316,,0.0004280666503219791,0.8338443040847778,1590.4163913931698
24330,4.34799337387085,,0.00042770857908070814,0.8339003324508667,1591.0615921411663
24340,4.29864501953125,,0.0004273505914244701,0.8080757260322571,1591.705627541989
24350,4.368788719177246,,0.00042699268759794636,0.8400864601135254,1592.350063752383
24360,4.488690376281738,,0.0004266348678457608,0.8150888681411743,1592.994099485688
24370,4.319489479064941,,0.0004262771324124797,0.9061617851257324,1593.6412130994722
24380,4.330807685852051,,0.00042591948154261224,0.893959105014801,1594.2854558927938
24390,4.281937122344971,,0.00042556191548060894,0.8772301077842712,1594.9396078344434
24400,4.294937610626221,,0.000425204434470863,0.8317685723304749,1595.5839670421556
24410,4.214507102966309,,0.0004248470387577094,0.8240127563476562,1596.229367179796
24420,4.174493789672852,,0.00042448972858542464,0.8435649871826172,1596.8747029425576
24430,4.326027870178223,,0.0004241325041982269,0.8267412781715393,1597.5199830774218
24440,4.292966842651367,,0.00042377536584027565,0.8335117101669312,1598.1634619124234
24450,4.386855125427246,,0.0004234183137556717,0.7931243181228638,1598.818284375593
24460,4.3296895027160645,,0.00042306134818845666,0.8897914290428162,1599.4631311204284
24470,4.420158386230469,,0.0004227044693826133,0.8360853791236877,1600.1075286176056
24480,4.277711868286133,,0.0004223476775820647,0.8265635967254639,1600.7524865129963
24490,4.444330215454102,,0.0004219909730306748,0.856033444404602,1601.3995275357738
24500,4.25343132019043,4.325125503540039,0.0004216343559722477,0.8278841376304626,1602.4532997626811
24510,4.200765609741211,,0.00042127782665052794,0.8131404519081116,1603.097210366279
24520,4.186441898345947,,0.00042092138530919985,0.8889958262443542,1603.7391463303939
24530,4.265138626098633,,0.0004205650321918878,0.8349775075912476,1604.3820335827768
24540,4.220677375793457,,0.0004202087675421557,0.8345202803611755,1605.025146230124
24550,4.491673469543457,,0.0004198525916035071,0.8328962326049805,1605.6740017542616
24560,4.289803981781006,,0.0004194965046193851,0.8417178392410278,1606.3201199742034
24570,4.225893974304199,,0.00041914050683317154,0.8247976899147034,1606.9663747986779
24580,4.389754295349121,,0.00041878459848818756,0.8311375975608826,1607.6107586901635
24590,4.177792549133301,,0.00041842877982769324,0.8316692113876343,1608.2660232707858
24600,4.4163923263549805,,0.0004180730510948873,0.819629430770874,1608.91087853536
24610,4.293483734130859,,0.00041771741253290694,0.8518583178520203,1609.5573666589335
24620,4.294690132141113,,0.00041736186438482765,0.8569457530975342,1610.2065811352804
24630,4.305583953857422,,0.00041700640689366355,0.8319274187088013,1610.8500839695334
24640,4.203813552856445,,0.00041665104030236613,0.8163137435913086,1611.4963741945103
24650,4.3900322914123535,,0.00041629576485382525,0.8427070379257202,1612.1403884710744
24660,4.291343688964844,,0.00041594058079086853,0.8098275661468506,1612.7866884060204
24670,4.274905681610107,,0.00041558548835626065,0.8560704588890076,1613.4317389708012
24680,4.465106010437012,,0.0004152304877927039,0.8425399661064148,1614.076646731235
24690,4.400134086608887,,0.00041487557934283807,0.844942569732666,1614.7210112893954
24700,4.388855934143066,,0.00041452076324923945,0.8580207824707031,1615.3671731958166
24710,4.420906066894531,,0.00041416603975442186,0.8693469166755676,1616.0137005737051
24720,4.390915870666504,,0.00041381140910083506,0.9173125624656677,1616.662675531581
24730,4.321721076965332,,0.0004134568715308661,0.8554747700691223,1617.3090796284378
24740,4.338893890380859,,0.00041310242728683785,0.8570587038993835,1617.9566027345136
24750,4.3615288734436035,,0.00041274807661100985,0.856006383895874,1618.601088438183
24760,4.279191017150879,,0.0004123938197455771,0.8493066430091858,1619.2454026443884
24770,4.218796730041504,,0.00041203965693267113,0.8477576971054077,1619.889341365546
24780,4.275667667388916,,0.0004116855884143586,0.795055091381073,1620.533926161006
24790,4.303152084350586,,0.00041133161443264227,0.8322243690490723,1621.178321475163
24800,4.2220306396484375,,0.0004109777352294598,0.8415176868438721,1621.8247715495527
24810,4.188206195831299,,0.0004106239510466846,0.8796188831329346,1622.4692479344085
24820,4.3799943923950195,,0.0004102702621261244,0.8278300166130066,1623.1161266919225
24830,4.359553337097168,,0.00040991666870952257,0.8439035415649414,1623.7605984220281
24840,4.277050971984863,,0.00040956317103855696,0.823121190071106,1624.408638805151
24850,4.330197334289551,,0.00040920976935483944,0.8303216695785522,1625.0508148316294
24860,4.2186598777771,,0.00040885646389991705,0.8188204765319824,1625.6933959480375
24870,4.273772239685059,,0.0004085032549152707,0.8367157578468323,1626.3394971340895
24880,4.233983039855957,,0.0004081501426423153,0.8856045007705688,1626.986189449206
24890,4.347561836242676,,0.00040779712732239996,0.8522726893424988,1627.63235785719
24900,4.279935359954834,,0.00040744420919680715,0.8170626759529114,1628.276927728206
24910,4.263311386108398,,0.0004070913885067532,0.9165906310081482,1628.92200518772
24920,4.152925491333008,,0.00040673866549338747,0.8299098014831543,1629.5661313626915
24930,4.36187219619751,,0.0004063860403977932,0.8874435424804688,1630.2099882215261
24940,4.413601875305176,,0.0004060335134609862,0.837056040763855,1630.854126965627
24950,4.086019515991211,,0.0004056810849239151,0.8216149806976318,1631.498353227973
24960,4.314898490905762,,0.0004053287550274615,0.8494735360145569,1632.1422912403941
24970,4.270083427429199,,0.00040497652401243976,0.8627861738204956,1632.7863354124129
24980,4.227665901184082,,0.0004046243921195963,0.8471909165382385,1633.4284914480522
24990,4.26475715637207,,0.0004042723595896101,0.8230549097061157,1634.0718221664429
25000,4.283542633056641,4.289362502098084,0.00040392042666309195,0.8303309082984924,1635.123373357579
25010,4.427031517028809,,0.0004035685935805848,0.8316161632537842,1635.7678982019424
25020,4.283967018127441,,0.00040321686058256313,0.8301439881324768,1636.411847106181
25030,4.162905693054199,,0.0004028652279094332,0.8485097885131836,1637.0561561789364
25040,4.202150344848633,,0.00040251369580153267,0.8404243588447571,1637.7005925020203
25050,4.380414962768555,,0.0004021622644991302,0.8277497291564941,1638.3453566329554
25060,4.123543739318848,,0.00040181093424242583,0.8269711136817932,1638.9898331323639
25070,4.359386444091797,,0.00040145970527155075,0.843737006187439,1639.6337233111262
25080,4.2990875244140625,,0.0004011085778265664,0.8313599824905396,1640.2783531807363
25090,4.246394157409668,,0.00040075755214746513,0.8560929298400879,1640.9266866147518
25100,4.209258556365967,,0.0004004066284741697,0.8153373003005981,1641.5721765831113
25110,4.127955436706543,,0.0004000558070465332,0.843183696269989,1642.2201762413606
25120,4.337649345397949,,0.0003997050881043387,0.8483758568763733,1642.867952468805
25130,4.257454872131348,,0.00039935447188729924,0.8295221924781799,1643.5158726582304
25140,4.23869514465332,,0.0003990039586350577,0.8167815804481506,1644.1611848985776
25150,4.280473232269287,,0.0003986535485871866,0.9006669521331787,1644.8051309473813
25160,4.2684478759765625,,0.00039830324198318796,0.8590201139450073,1645.4525765171275
25170,4.185438632965088,,0.00039795303906249303,0.8308455348014832,1646.0966171044856
25180,4.333171844482422,,0.0003976029400644622,0.8417453169822693,1646.7404612451792
25190,4.338832378387451,,0.0003972529452283848,0.8205081224441528,1647.38821724616
25200,4.26422119140625,,0.000396903054793479,0.8740791082382202,1648.0323076341301
25210,4.028923988342285,,0.00039655326899889164,0.8766265511512756,1648.6802411312237
25220,4.415423393249512,,0.00039620358808369814,0.8331230282783508,1649.3250903375447
25230,4.225132465362549,,0.00039585401228690176,0.8660179376602173,1649.9722419884056
25240,4.345328330993652,,0.00039550454184743457,0.8659665584564209,1650.6161882020533
25250,4.286442279815674,,0.0003951551770041562,0.831605851650238,1651.2602279037237
25260,4.364845275878906,,0.00039480591799585416,0.8686258792877197,1651.9123225091025
25270,4.214974403381348,,0.0003944567650612439,0.8703538179397583,1652.554670742713
25280,4.337139129638672,,0.00039410771843896797,0.8865551352500916,1653.1955877030268
25290,4.234326362609863,,0.00039375877836759663,0.8805650472640991,1653.8369636815041
25300,4.274123191833496,,0.00039340994508562684,0.8648423552513123,1654.4813879933208
25310,4.307104110717773,,0.00039306121883148326,0.8070415258407593,1655.1283218599856
25320,4.22560977935791,,0.0003927125998435167,0.8733156323432922,1655.7704510940239
25330,4.3587212562561035,,0.0003923640883600049,0.8475056290626526,1656.4142380785197
25340,4.378466606140137,,0.00039201568461915223,0.898915708065033,1657.058329791762
25350,4.280589580535889,,0.0003916673888590895,0.8217856287956238,1657.7004087809473
25360,4.332902908325195,,0.00039131920131787345,0.9073561429977417,1658.3454254800454
25370,4.262876510620117,,0.00039097112223348716,0.8701901435852051,1658.9955800892785
25380,4.319873332977295,,0.00039062315184383914,0.8326995968818665,1659.6422071382403
25390,4.227232933044434,,0.0003902752903867641,0.8597836494445801,1660.285575103946
25400,4.338945388793945,,0.00038992753810002204,0.8372018933296204,1660.9305284684524
25410,4.265349864959717,,0.00038957989522129817,0.8575044870376587,1661.5743982540444
25420,4.350421905517578,,0.00038923236198820334,0.823574960231781,1662.2183493459597
25430,4.324551105499268,,0.00038888493863827294,0.8670715093612671,1662.8660930544138
25440,4.265820026397705,,0.0003885376254089679,0.8402183055877686,1663.509987436235
25450,4.411895751953125,,0.0003881904225376733,0.8545346856117249,1664.165740845725
25460,4.169234752655029,,0.0003878433302616992,0.8277063369750977,1664.8356168102473
25470,4.292544364929199,,0.00038749634881827985,0.8580557107925415,1665.5094718849286
25480,4.483792781829834,,0.00038714947844457366,0.9054222106933594,1666.1544678453356
25490,4.310985565185547,,0.00038680271937766345,0.821448564529419,1666.7987820887938
25500,4.333690643310547,4.277213501930237,0.0003864560718545558,0.8402835726737976,1667.8524614609778
25510,4.274438858032227,,0.0003861095361121808,0.8606998324394226,1668.4965672707185
25520,4.2366814613342285,,0.0003857631123873925,0.8407095670700073,1669.1415266888216
25530,4.3792924880981445,,0.000385416800916968,0.8820399045944214,1669.7876060632989
25540,4.384527683258057,,0.0003850706019376083,0.8815452456474304,1670.4334090827033
25550,4.278660774230957,,0.0003847245156859371,0.8712907433509827,1671.0782269006595
25560,4.208149433135986,,0.0003843785423985008,0.8391066193580627,1671.723084492609
25570,4.2970733642578125,,0.00038403268231176923,0.8845799565315247,1672.3699481626973
25580,4.458261966705322,,0.00038368693566213414,0.8363811373710632,1673.0164661072195
25590,4.398185729980469,,0.0003833413026859105,0.879257082939148,1673.6626702342182
25600,4.336355209350586,,0.00038299578361933485,0.8620895743370056,1674.3086243849248
25610,4.3503522872924805,,0.0003826503786985663,0.8473312258720398,1674.9554320145398
25620,4.108153343200684,,0.000382305088159686,0.8224923610687256,1675.6007299032062
25630,4.346558570861816,,0.0003819599122386965,0.8600127100944519,1676.2467551920563
25640,4.351620674133301,,0.00038161485117152254,0.8501055836677551,1676.891738387756
25650,4.408878326416016,,0.00038126990519401013,0.8825885653495789,1677.5388004202396
25660,4.278096675872803,,0.0003809250745419264,0.8289768695831299,1678.1843074131757
25670,4.295343399047852,,0.00038058035945096,0.8463762998580933,1678.8286965833977
25680,4.367247581481934,,0.0003802357601567204,0.8501315712928772,1679.47349620983
25690,4.352514266967773,,0.00037989127689473786,0.8446472883224487,1680.117503779009
25700,4.334264278411865,,0.0003795469099004636,0.8514037132263184,1680.7609446235
25710,4.2206926345825195,,0.00037920265940926903,0.8693234324455261,1681.4047190481797
25720,4.190640449523926,,0.00037885852565644636,0.798694372177124,1682.0490418849513
25730,4.239449501037598,,0.00037851450887720756,0.8362275958061218,1682.7423120019957
25740,4.2513017654418945,,0.0003781706093066849,0.9017655849456787,1683.4058555010706
25750,4.203636646270752,,0.00037782682717993067,0.8647913932800293,1684.0717136655003
25760,4.334738731384277,,0.00037748316273191645,0.8362959623336792,1684.7207907205448
25770,4.370138645172119,,0.0003771396161975339,0.8942023515701294,1685.3672030456364
25780,4.232128143310547,,0.0003767961878115937,0.9183236956596375,1686.013944725506
25790,4.364986419677734,,0.00037645287780882573,0.9043758511543274,1686.675376147963
25800,4.106860160827637,,0.0003761096864238794,0.885359525680542,1687.326352887787
25810,4.219426155090332,,0.0003757666138913227,0.8876182436943054,1687.9708030503243
25820,4.292985439300537,,0.00037542366044564257,0.8754838705062866,1688.6172120338306
25830,4.286925315856934,,0.00037508082632124425,0.8407914042472839,1689.265187671408
25840,4.3141279220581055,,0.00037473811175245175,0.8634625673294067,1689.9144134204835
25850,4.273342132568359,,0.0003743955169735073,0.8610090017318726,1690.5630648126826
25860,4.3879923820495605,,0.00037405304221857115,0.8759596943855286,1691.2105234814808
25870,4.352044582366943,,0.00037371068772172166,0.864021360874176,1691.8574937917292
25880,4.169365882873535,,0.00037336845371695475,0.8515158295631409,1692.505706875585
25890,4.259485244750977,,0.0003730263404381841,0.8499696254730225,1693.1547098197043
25900,4.296445846557617,,0.00037268434811924103,0.8373686671257019,1693.8015522900969
25910,4.182682514190674,,0.0003723424769938741,0.9082776308059692,1694.4477313850075
25920,4.125094413757324,,0.00037200072729574884,0.8979677557945251,1695.0967056462541
25930,4.53740930557251,,0.0003716590992584481,0.9114842414855957,1695.744560547173
25940,4.201445579528809,,0.0003713175931154713,0.8540390133857727,1696.3935156073421
25950,4.242145538330078,,0.00037097620910023476,0.8259344696998596,1697.0400327621028
25960,4.1288371086120605,,0.00037063494744607136,0.8644850254058838,1697.6868296647444
25970,4.2808990478515625,,0.0003702938083862299,0.8879814147949219,1698.332733836025
25980,4.2511210441589355,,0.00036995279215387597,0.8819908499717712,1698.9780675424263
25990,4.327254295349121,,0.00036961189898209075,0.8383423686027527,1699.6250040847808
26000,4.2665791511535645,4.27507712841034,0.0003692711291038717,0.8859922289848328,1700.6824942529202
26010,4.281921863555908,,0.0003689304827521317,0.8389290571212769,1701.3297373885289
26020,4.319246292114258,,0.0003685899601596993,0.8382023572921753,1701.9765694933012
26030,4.237918853759766,,0.0003682495615593186,0.8805317878723145,1702.6234191730618
26040,4.368573188781738,,0.0003679092871836487,0.8886427879333496,1703.2700434913859
26050,4.289400577545166,,0.0003675691372652642,0.8924489617347717,1703.917156319134
26060,4.32753849029541,,0.00036722911203665405,0.8609068393707275,1704.5611304165795
26070,4.365764617919922,,0.00036688921173022235,0.9047162532806396,1705.2080768393353
26080,4.276713848114014,,0.0003665494365782878,0.9034088253974915,1705.8558427095413
26090,4.4536967277526855,,0.00036620978681308353,0.8961563110351562,1706.5027195885777
26100,4.323462009429932,,0.000365870262666757,0.9094663262367249,1707.1504030879587
26110,4.294252395629883,,0.0003655308643713696,0.8537042140960693,1707.7982274508104
26120,4.276752471923828,,0.000365191592158897,0.842393159866333,1708.4457574775442
26130,4.39858865737915,,0.0003648524462612284,0.8729816675186157,1709.0932186804712
26140,4.249983310699463,,0.00036451342691016706,0.8558275103569031,1709.7386728497222
26150,4.349704265594482,,0.00036417453433742954,0.8594471216201782,1710.3844296718016
26160,4.190365791320801,,0.00036383576877464547,0.8522371053695679,1711.0302717220038
26170,4.485541343688965,,0.0003634971304533579,0.8873625993728638,1711.6795363593847
26180,4.1812543869018555,,0.0003631586196050232,0.862285852432251,1712.3243309613317
26190,4.233083724975586,,0.0003628202364610101,0.8471864461898804,1712.9703790713102
26200,4.237089157104492,,0.0003624819812526004,1.3551656007766724,1713.6177790826187
26210,4.314735412597656,,0.00036214385421098823,0.9149556756019592,1714.265877213329
26220,4.155564308166504,,0.0003618058555672804,0.9062244296073914,1714.9125091806054
26230,4.447525501251221,,0.0003614679855524957,0.8697722554206848,1715.5597516912967
26240,4.216439723968506,,0.0003611302443975653,0.8563833832740784,1716.2053651120514
26250,4.1851091384887695,,0.00036079263233333193,0.880420446395874,1716.8522987840697
26260,4.211935043334961,,0.00036045514959055005,0.8585485816001892,1717.4978160234168
26270,4.2252631187438965,,0.0003601177963998861,0.8754834532737732,1718.1450690357015
26280,4.339965343475342,,0.00035978057299191783,0.8842694759368896,1718.795782275498
26290,4.301187515258789,,0.0003594434795971345,0.8764976263046265,1719.4421244608238
26300,4.243411064147949,,0.0003591065164459358,0.8820415139198303,1720.0895695574582
26310,4.355454921722412,,0.0003587696837686331,0.8955325484275818,1720.7387505546212
26320,4.179258346557617,,0.0003584329817954483,0.8813108205795288,1721.3878429885954
26330,4.261003494262695,,0.00035809641075651433,0.8399069905281067,1722.0359800867736
26340,4.199285507202148,,0.00035775997088187384,0.8699318170547485,1722.680276450701
26350,4.114597320556641,,0.0003574236624014807,0.8330461382865906,1723.32455796469
26360,4.3340349197387695,,0.0003570874855451983,0.8290805220603943,1723.968913204968
26370,4.3387041091918945,,0.00035675144054280047,0.8648098707199097,1724.612986185588
26380,4.347612380981445,,0.0003564155276239708,0.8506014347076416,1725.2583547458053
26390,4.2752909660339355,,0.00035607974701830277,0.8737022876739502,1725.9025727026165
26400,4.2916717529296875,,0.0003557440989552989,0.9383944869041443,1726.5466015506536
26410,4.2412190437316895,,0.0003554085836643717,0.840151309967041,1727.190538391471
26420,4.275182247161865,,0.0003550732013748426,0.8427801728248596,1727.8348074443638
26430,4.296945571899414,,0.00035473795231594256,0.8701767921447754,1728.4788582855836
26440,4.298266410827637,,0.0003544028367168107,0.8555070161819458,1729.1234220340848
26450,4.340462684631348,,0.0003540678548064957,0.8598029613494873,1729.7681511398405
26460,4.414770126342773,,0.00035373300681395436,0.9005091190338135,1730.412513045594
26470,4.200813293457031,,0.0003533982929680521,0.8760726451873779,1731.0567048462108
26480,4.453487396240234,,0.0003530637134975628,0.8999393582344055,1731.7042773980647
26490,4.247880935668945,,0.00035272926863116845,0.9243234992027283,1732.3509785775095
26500,4.350430488586426,4.294235706329346,0.0003523949585974587,0.8703460693359375,1733.4048290941864
26510,4.328417778015137,,0.00035206078362493145,0.8715659379959106,1734.0494182920083
26520,4.19532585144043,,0.0003517267439419922,0.8778023719787598,1734.6932453857735
26530,4.23261022567749,,0.00035139283977695377,0.8732288479804993,1735.3371295435354
26540,4.33059549331665,,0.00035105907135803664,0.8644897937774658,1735.9832561714575
26550,4.218280792236328,,0.0003507254389133685,0.8071310520172119,1736.6306142397225
26560,4.234777450561523,,0.0003503919426709836,0.9007746577262878,1737.2791637070477
26570,4.317100524902344,,0.0003500585828588237,0.9106329679489136,1737.9231443209574
26580,4.340782165527344,,0.0003497253597047371,0.8897441029548645,1738.570444278419
26590,4.214203834533691,,0.00034939227343647883,0.8436356782913208,1739.215246597305
26600,4.2196431159973145,,0.00034905932428170986,0.9435458779335022,1739.861090422608
26610,4.273245811462402,,0.00034872651246799815,0.9337000250816345,1740.5088070919737
26620,4.134759902954102,,0.0003483938382228171,0.8992071151733398,1741.1537158135325
26630,4.291772842407227,,0.0003480613017735466,0.8710155487060547,1741.8085266277194
26640,4.1622772216796875,,0.00034772890334747224,0.8600049614906311,1742.4530959883705
26650,4.397666931152344,,0.00034739664317178523,0.8836996555328369,1743.0977899320424
26660,4.266591548919678,,0.00034706452147358204,0.8446863889694214,1743.7479369807988
26670,4.25199556350708,,0.00034673253847986485,0.8721603751182556,1744.3921532221138
26680,4.2030487060546875,,0.00034640069441754085,0.8272414207458496,1745.0405661631376
26690,4.264640808105469,,0.0003460689895134227,0.8709845542907715,1745.6844391822815
26700,4.347367286682129,,0.000345737423994227,0.8705349564552307,1746.3349394965917
26710,4.24769401550293,,0.0003454059980865761,0.9169334173202515,1746.9816597225145
26720,4.182424545288086,,0.0003450747120169961,0.8626121878623962,1747.6267715701833
26730,4.259289264678955,,0.00034474356601191816,0.8693082332611084,1748.2725252006203
26740,4.289295673370361,,0.00034441256029767734,0.8457112908363342,1748.9174521965906
26750,4.317865371704102,,0.00034408169510051327,0.8899238705635071,1749.5622272640467
26760,4.210507392883301,,0.0003437509706465686,0.8623939752578735,1750.2069479227066
26770,4.070782661437988,,0.0003434203871618907,0.8632835745811462,1750.851672518067
26780,4.503115177154541,,0.0003430899448724303,0.8949989080429077,1751.4960722913966
26790,4.2804083824157715,,0.00034275964400404165,0.8710638284683228,1752.1404629303142
26800,4.300168514251709,,0.0003424294847824822,0.9173097610473633,1752.7850743317977
26810,4.313748359680176,,0.00034209946743341246,0.8923959136009216,1753.4294502427801
26820,4.311589241027832,,0.00034176959218239634,0.851986289024353,1754.079636534676
26830,4.250674247741699,,0.0003414398592549005,0.8780186176300049,1754.7249072333798
26840,4.224987030029297,,0.0003411102688762942,0.8734063506126404,1755.370767080225
26850,4.321557521820068,,0.00034078082127184957,0.9049037098884583,1756.0150732863694
26860,4.155826568603516,,0.0003404515166667407,0.8267238736152649,1756.6595140444115
26870,4.412854194641113,,0.00034012235528604423,0.8900304436683655,1757.3051844015718
26880,4.260873794555664,,0.00033979333735473883,0.8680349588394165,1757.9494678443298
26890,4.322885513305664,,0.0003394644630977054,0.8741310834884644,1758.5981074450538
26900,4.346805572509766,,0.0003391357327397263,0.8527743816375732,1759.2433636579663
26910,4.368773937225342,,0.00033880714650548526,0.9224791526794434,1759.8883943054825
26920,4.262619972229004,,0.0003384787046195683,0.8590633273124695,1760.5341757992283
26930,4.259077548980713,,0.00033815040730646206,0.8716340661048889,1761.179037480615
26940,4.326653480529785,,0.0003378222547905548,0.8622711896896362,1761.823244950734
26950,4.25508975982666,,0.00033749424729613597,0.9098313450813293,1762.46715548262
26960,4.268514633178711,,0.00033716638504739503,0.8675211071968079,1763.1117650624365
26970,4.295011520385742,,0.0003368386682684231,0.8751188516616821,1763.7564990809187
26980,4.271720886230469,,0.00033651109718321135,0.8726541996002197,1764.400595924817
26990,4.220668315887451,,0.0003361836720156517,0.8758916854858398,1765.0447261845693
27000,4.15449857711792,4.309746718406677,0.0003358563929895362,0.8662487864494324,1766.0977847799659
27010,4.521245956420898,,0.0003355292603285566,0.8678446412086487,1766.7463174257427
27020,4.427521705627441,,0.00033520227425630527,0.8711811304092407,1767.3904985934496
27030,4.196901321411133,,0.00033487543499627397,0.9642407298088074,1768.0348056619987
27040,4.275872707366943,,0.00033454874277185444,0.8763652443885803,1768.6799318613485
27050,4.268755912780762,,0.0003342221978063378,0.9093503355979919,1769.3247994799167
27060,4.176548004150391,,0.0003338958003229141,0.9006252288818359,1769.969079433009
27070,4.266535758972168,,0.0003335695505446731,0.946846604347229,1770.6135016903281
27080,4.373156547546387,,0.00033324344869460366,0.9020258784294128,1771.2582478923723
27090,4.186262130737305,,0.00033291749499559303,0.8891668319702148,1771.903485766612
27100,4.343337535858154,,0.00033259168967042773,0.8848069310188293,1772.5479427976534
27110,4.2025909423828125,,0.00033226603294179237,0.9041023850440979,1773.19222854916
27120,4.438081741333008,,0.00033194052503227034,0.8915719389915466,1773.8365610130131
27130,4.228106498718262,,0.00033161516616434335,0.8522712588310242,1774.4821980297565
27140,4.217509746551514,,0.000331289956560391,0.8198169469833374,1775.128994395025
27150,4.242165565490723,,0.0003309648964426912,0.8747935891151428,1775.7726324647665
27160,4.371013641357422,,0.00033063998603341906,0.8685529828071594,1776.4162921840325
27170,4.152810096740723,,0.0003303152255546483,0.8714909553527832,1777.0618960168213
27180,4.420808792114258,,0.00032999061522834917,0.8918092846870422,1777.7067785076797
27190,4.298252105712891,,0.00032966615527638994,0.8420163989067078,1778.3524372810498
27200,4.54117488861084,,0.0003293418459205362,0.878009021282196,1778.996724223718
27210,4.212096214294434,,0.00032901768738244987,0.9024596214294434,1779.641382032074
27220,4.348989009857178,,0.00032869367988369044,0.8854867815971375,1780.2865348756313
27230,4.300189018249512,,0.00032836982364571404,0.8735615611076355,1780.9302070941776
27240,4.281553745269775,,0.00032804611888987334,0.8695580959320068,1781.57371545583
27250,4.306881427764893,,0.0003277225658374177,0.8397949934005737,1782.217921577394
27260,4.177509307861328,,0.0003273991647094923,0.8646663427352905,1782.8622873723507
27270,4.193243980407715,,0.0003270759157271386,0.869354784488678,1783.5067303422838
27280,4.256164073944092,,0.0003267528191112945,0.9467343091964722,1784.1506801079959
27290,4.3170928955078125,,0.0003264298750827935,0.9008588194847107,1784.7948494199663
27300,4.334494590759277,,0.0003261070838623648,0.9160464406013489,1785.439832185395
27310,4.260908603668213,,0.000325784445670633,0.8503146171569824,1786.0838519362733
27320,4.2495245933532715,,0.0003254619607281184,0.8561971187591553,1786.7282307595015
27330,4.278412818908691,,0.0003251396292552363,0.8570870757102966,1787.372698144056
27340,4.199965476989746,,0.0003248174514722973,0.9075424671173096,1788.0171819273382
27350,4.488483905792236,,0.0003244954275995071,0.8693932294845581,1788.661112873815
27360,4.189249038696289,,0.0003241735578569657,0.8309460282325745,1789.3057876341045
27370,4.276639938354492,,0.00032385184246466796,0.8670255541801453,1789.9502591751516
27380,4.2506208419799805,,0.00032353028164250336,0.8681025505065918,1790.5946760615334
27390,4.410581588745117,,0.00032320887561025586,0.8723103404045105,1791.2393717430532
27400,4.323751449584961,,0.00032288762458760353,0.9058428406715393,1791.884997593239
27410,4.3093390464782715,,0.000322566528794118,0.9387989044189453,1792.529401996173
27420,4.383523464202881,,0.0003222455884492656,0.9048916101455688,1793.1737759765238
27430,4.233124732971191,,0.0003219248037724058,0.8775646686553955,1793.8172073317692
27440,4.267346382141113,,0.0003216041749827921,0.9006509184837341,1794.460954447277
27450,4.166477203369141,,0.0003212837022995712,0.8398274183273315,1795.1047490965575
27460,4.191677093505859,,0.0003209633859417832,0.8773853778839111,1795.7497177273035
27470,4.259372711181641,,0.000320643226128361,0.8741286993026733,1796.3937072614208
27480,4.125909805297852,,0.0003203232230781311,0.9059938192367554,1797.037959760055
27490,4.259284973144531,,0.00032000337700981244,0.8810147643089294,1797.6824705386534
27500,4.305042743682861,4.276759433746338,0.00031968368814201713,0.8448057174682617,1798.7379770735279
27510,4.179988861083984,,0.0003193641566932489,0.8730391263961792,1799.3822531756014
27520,4.157052993774414,,0.0003190447828819049,0.8377729654312134,1800.026346795261
27530,4.270656585693359,,0.00031872556692627406,0.919880211353302,1800.6705224653706
27540,4.264639854431152,,0.0003184065090445375,0.8447155356407166,1801.3148919511586
27550,4.436119079589844,,0.00031808760945476806,0.8982979655265808,1801.959023764357
27560,4.225341796875,,0.000317768868374931,0.8664994239807129,1802.6037789983675
27570,4.228140830993652,,0.0003174502860228824,0.8412212133407593,1803.247982500121
27580,4.3406982421875,,0.00031713186261637043,0.8646851778030396,1803.8922081384808
27590,4.330258846282959,,0.0003168135983730346,0.8724810481071472,1804.5370712829754
27600,4.215442180633545,,0.00031649549351040563,0.967567503452301,1805.1808376042172
27610,4.184542179107666,,0.0003161775482459049,0.8601104021072388,1805.8250302746892
27620,4.281352996826172,,0.00031585976279684504,0.8927585482597351,1806.4702766342089
27630,4.396430492401123,,0.00031554213738042955,0.8867037892341614,1807.1152577456087
27640,4.285952568054199,,0.0003152246722137525,0.8961952328681946,1807.7644117120653
27650,4.431801795959473,,0.00031490736751379805,0.9624752998352051,1808.4102431144565
27660,4.256132125854492,,0.0003145902234974413,0.9005264043807983,1809.0592949250713
27670,4.457219123840332,,0.0003142732403814468,0.9159032106399536,1809.703516789712
27680,4.20235538482666,,0.0003139564183824698,0.9056907296180725,1810.347864806652
27690,4.193963050842285,,0.00031363975771705495,0.8551161289215088,1810.992025914602
27700,4.390656471252441,,0.00031332325860163724,0.8567455410957336,1811.6359915612265
27710,4.284782886505127,,0.0003130069212525403,0.8465602993965149,1812.2800606330857
27720,4.235584259033203,,0.000312690745885978,0.8355270028114319,1812.9234511451796
27730,4.283102989196777,,0.0003123747327180534,0.8967191576957703,1813.5652351472527
27740,4.316390037536621,,0.0003120588819647581,0.9137998223304749,1814.2076454153284
27750,4.3080949783325195,,0.00031174319384197336,0.9000506401062012,1814.850462676026
27760,4.344851493835449,,0.0003114276685654691,0.9404179453849792,1815.4942863183096
27770,4.066954612731934,,0.00031111230635090374,0.869804859161377,1816.1389507614076
27780,4.3650712966918945,,0.00031079710741382434,0.9036034345626831,1816.7832002341747
27790,4.260553359985352,,0.00031048207196966645,0.8929429650306702,1817.4273012811318
27800,4.252951622009277,,0.00031016720023375403,0.8818984031677246,1818.0713903605938
27810,4.289401531219482,,0.00030985249242129856,0.8754096031188965,1818.7154457345605
27820,4.1717987060546875,,0.00030953794874740033,0.8828064799308777,1819.3597363457084
27830,4.297991752624512,,0.00030922356942704644,0.8798604607582092,1820.0074659474194
27840,4.332642078399658,,0.00030890935467511253,0.8778936266899109,1820.6517044119537
27850,4.28185510635376,,0.00030859530470636127,0.9104799032211304,1821.2959737600759
27860,4.16188383102417,,0.00030828141973544316,0.9126710295677185,1821.9420163994655
27870,4.1540327072143555,,0.0003079676999768952,0.8699498772621155,1822.5859033055604
27880,4.199311256408691,,0.00030765414564514214,0.8760379552841187,1823.2297541191801
27890,4.3508992195129395,,0.0003073407569544953,0.8700849413871765,1823.8704194510356
27900,4.311193466186523,,0.0003070275341191531,0.8706033229827881,1824.515890606679
27910,4.144050598144531,,0.0003067144773532001,0.8609888553619385,1825.1603438267484
27920,4.263615608215332,,0.0003064015868706079,0.9353494644165039,1825.8045032154769
27930,4.23605489730835,,0.00030608886288523396,0.8926047682762146,1826.4476451193914
27940,4.18393611907959,,0.00030577630561082225,0.8565772771835327,1827.0917082577944
27950,4.3140764236450195,,0.0003054639152610028,0.8658103942871094,1827.735710666515
27960,4.282032012939453,,0.0003051516920492916,0.8700128793716431,1828.3804040197283
27970,4.307567596435547,,0.0003048396361890899,0.9209271669387817,1829.029048585333
27980,4.326836585998535,,0.0003045277478936852,0.9041244387626648,1829.6735000936314
27990,4.3204193115234375,,0.0003042160273762501,0.9513841271400452,1830.3180151432753
28000,4.210884094238281,4.24585645198822,0.0003039044748498429,0.9070855975151062,1831.3719521202147
28010,4.3077545166015625,,0.00030359309052740654,0.8832175135612488,1832.0157372970134
28020,4.244403839111328,,0.00030328187462176913,0.8856326341629028,1832.6592712355778
28030,4.222590923309326,,0.0003029708273456441,0.8712010979652405,1833.3038264140487
28040,4.305591106414795,,0.00030265994891162917,0.8599277138710022,1833.9479088969529
28050,4.229820251464844,,0.0003023492395322069,0.8848016858100891,1834.5920007517561
28060,4.19326114654541,,0.00030203869941974437,0.8796320557594299,1835.2352343220264
28070,4.190884590148926,,0.0003017283287864925,0.8532860279083252,1835.8791189361364
28080,4.205236434936523,,0.0003014181278445868,0.9189255237579346,1836.522912886925
28090,4.225377082824707,,0.00030110809680604676,0.946546733379364,1837.1666411766782
28100,4.4239397048950195,,0.00030079823588277584,0.8848079442977905,1837.811030831188
28110,4.267918586730957,,0.0003004885452865608,0.8968567848205566,1838.4549037441611
28120,4.160272121429443,,0.00030017902522907217,0.8697333335876465,1839.0980775281787
28130,4.356285095214844,,0.00029986967592186413,0.9144688248634338,1839.7472160840407
28140,4.242408752441406,,0.000299560497576374,0.8980902433395386,1840.3900479376316
28150,4.228718280792236,,0.0002992514904039223,0.8702906370162964,1841.0339916851372
28160,4.351200103759766,,0.0002989426546157126,0.9077479243278503,1841.6775684282184
28170,4.239510536193848,,0.000298633990422831,0.864020586013794,1842.3301320075989
28180,4.2438812255859375,,0.00029832549803624674,0.9203894138336182,1842.9763210555539
28190,4.322375297546387,,0.0002980171776668114,0.8924326300621033,1843.6208590120077
28200,4.33705997467041,,0.0002977090295252592,0.9049855470657349,1844.2725634099916
28210,4.125150203704834,,0.0002974010538222062,0.9756339192390442,1844.9157818444073
28220,4.257116317749023,,0.00029709325076815126,0.9143375158309937,1845.5589410383254
28230,4.262622833251953,,0.0002967856205734745,0.9109656810760498,1846.2043639803305
28240,4.3033447265625,,0.00029647816344843835,0.8491796255111694,1846.849163136445
28250,4.364375114440918,,0.00029617087960318695,0.866569995880127,1847.493660655804
28260,4.286508083343506,,0.000295863769247746,0.854056715965271,1848.1379815069959
28270,4.107046127319336,,0.0002955568325920223,0.8979074954986572,1848.783193060197
28280,4.301690578460693,,0.0002952500698458042,0.8846186399459839,1849.4306134339422
28290,4.189338684082031,,0.0002949434812187615,0.8792736530303955,1850.0759082967415
28300,4.250024795532227,,0.00029463706692044406,0.8884658813476562,1850.7205888247117
28310,4.289656639099121,,0.0002943308271602835,0.916766345500946,1851.364424946718
28320,4.4181647300720215,,0.0002940247621475919,0.9776437878608704,1852.010454072617
28330,4.350334167480469,,0.0002937188720915615,0.8697767853736877,1852.6546201864257
28340,4.3492536544799805,,0.0002934131572012655,0.9056922197341919,1853.297661561519
28350,4.311551094055176,,0.00029310761768565704,0.9024569392204285,1853.9404248613864
28360,4.11794376373291,,0.0002928022537535697,0.858112096786499,1854.5869041187689
28370,4.342437744140625,,0.0002924970656137165,0.881502628326416,1855.2353005660698
28380,4.322049617767334,,0.0002921920534746911,0.8878716826438904,1855.8792746635154
28390,4.119102478027344,,0.0002918872175449659,0.8767030835151672,1856.525699744001
28400,4.327744007110596,,0.0002915825580328937,0.8665107488632202,1857.1706978864968
28410,4.365368843078613,,0.00029127807514670636,0.9104449152946472,1857.8164242031053
28420,4.27700662612915,,0.00029097376909451516,0.898845374584198,1858.4616235420108
28430,4.136218547821045,,0.0002906696400843102,0.8820676207542419,1859.109474670142
28440,4.289085388183594,,0.00029036568832396093,0.9485108852386475,1859.7541801072657
28450,4.385079383850098,,0.00029006191402121547,0.9018296003341675,1860.4036133810878
28460,4.2276716232299805,,0.00028975831738370085,0.8841591477394104,1861.0526111926883
28470,4.365597248077393,,0.00028945489861892225,1.0015523433685303,1861.695284939371
28480,4.137575626373291,,0.00028915165793426373,0.8851038217544556,1862.3372472841293
28490,4.25404167175293,,0.00028884859553698726,0.8794021606445312,1862.983999849297
28500,4.366302967071533,4.267833185195923,0.00028854571163423317,0.9458164572715759,1864.0361464610323
28510,4.223422050476074,,0.00028824300643301985,0.8667242527008057,1864.6799178263173
28520,4.493895530700684,,0.0002879404801402436,0.9390283823013306,1865.3236587019637
28530,4.245302200317383,,0.0002876381329626779,0.9031932950019836,1865.971754880622
28540,4.344208240509033,,0.0002873359651069744,0.8939600586891174,1866.6176183205098
28550,4.211400508880615,,0.00028703397677966205,0.9037364721298218,1867.2623901292682
28560,4.155893802642822,,0.000286732168187147,0.8856741786003113,1867.9076146781445
28570,4.2501373291015625,,0.00028643053953571256,0.8853012323379517,1868.5541103100404
28580,4.31866455078125,,0.0002861290910315189,0.8945946097373962,1869.1980722164735
28590,4.317976951599121,,0.0002858278228806034,0.9275991916656494,1869.8430472072214
28600,4.21768045425415,,0.0002855267352888799,0.9187888503074646,1870.494445996359
28610,4.350800514221191,,0.000285225828462139,0.920857310295105,1871.1399150723591
28620,4.335012912750244,,0.00028492510260604784,0.8876663446426392,1871.788576848805
28630,4.442501068115234,,0.00028462455792614943,0.9323815703392029,1872.4325037905946
28640,4.260110855102539,,0.0002843241946278632,0.9098681211471558,1873.0808002306148
28650,4.214184284210205,,0.0002840240129164849,0.914946436882019,1873.728381427005
28660,4.280599117279053,,0.0002837240129971859,0.9247694611549377,1874.3752623395994
28670,4.210345268249512,,0.0002834241950750132,0.8882870078086853,1875.019929079339
28680,4.352560520172119,,0.00028312455935488933,0.9194804430007935,1875.665991130285
28690,4.104846954345703,,0.00028282510604161267,0.8969241976737976,1876.3115629330277
28700,4.288932800292969,,0.0002825258353398567,0.9206863641738892,1876.958300696686
28710,4.287176132202148,,0.0002822267474541702,0.9309989213943481,1877.6020621350035
28720,4.195461273193359,,0.00028192784258897696,0.8845382928848267,1878.2478537857533
28730,4.258495330810547,,0.00028162912094857536,0.8846462368965149,1878.8945047333837
28740,4.384223461151123,,0.000281330582737139,0.9171966910362244,1879.538975700736
28750,4.27786922454834,,0.000281032228158716,0.871768057346344,1880.1840188000351
28760,4.265878200531006,,0.000280734057417229,0.9846103191375732,1880.8304047416896
28770,4.324471950531006,,0.0002804360707164747,0.8705695867538452,1881.4763429593295
28780,4.216729164123535,,0.00028013826826012406,0.9053176641464233,1882.1217024028301
28790,4.143179893493652,,0.0002798406502517224,0.8828674554824829,1882.7675872314721
28800,4.328493595123291,,0.00027954321689468894,0.8839218616485596,1883.4128620019183
28810,4.252377510070801,,0.0002792459683923164,0.8824873566627502,1884.058329503052
28820,4.295210361480713,,0.00027894890494777156,0.9132457971572876,1884.7072062976658
28830,4.248663902282715,,0.0002786520267640942,0.8786672949790955,1885.3525893725455
28840,4.324790954589844,,0.0002783553340441979,0.90664142370224,1885.9995343172923
28850,4.171227931976318,,0.0002780588269908695,0.9262577295303345,1886.6435430748388
28860,4.437935829162598,,0.00027776250580676835,0.9257904291152954,1887.2874185396358
28870,4.192998886108398,,0.00027746637069442766,0.8754689693450928,1887.935684115626
28880,4.197465896606445,,0.0002771704218562526,0.8805248737335205,1888.580622933805
28890,4.09627628326416,,0.0002768746594945216,0.9245278835296631,1889.2258522175252
28900,4.115323066711426,,0.00027657908381138535,0.88531094789505,1889.870267518796
28910,4.289348125457764,,0.00027628369500886713,0.903914213180542,1890.515338649042
28920,4.370456218719482,,0.00027598849328886257,0.9385314583778381,1891.160747744143
28930,4.190934181213379,,0.00027569347885313887,0.8671865463256836,1891.805312877521
28940,4.199719429016113,,0.000275398651903336,0.9203342795372009,1892.4501059474424
28950,4.293176651000977,,0.00027510401264096507,0.8793848752975464,1893.095097053796
28960,4.225645542144775,,0.0002748095612674094,0.8901119232177734,1893.7408189335838
28970,4.2772626876831055,,0.00027451529798392386,0.9045597910881042,1894.385217687115
28980,4.124380111694336,,0.0002742212229916343,0.8866798877716064,1895.0291878366843
28990,4.189611434936523,,0.0002739273364915384,0.9662684202194214,1895.67377756536
29000,4.166214466094971,4.258075261116028,0.0002736336386845048,0.8941291570663452,1896.7302936157212
29010,4.182166576385498,,0.00027334012977127316,0.9215637445449829,1897.375097895041
29020,4.178300380706787,,0.00027304680995245427,0.9355213642120361,1898.019613563083
29030,4.271735668182373,,0.0002727536794285292,0.854158878326416,1898.6642006775364
29040,4.373559474945068,,0.00027246073839984987,0.9218497276306152,1899.3088538916782
29050,4.1278181076049805,,0.00027216798706663884,0.8898496627807617,1899.9530819477513
29060,4.29328727722168,,0.00027187542562898874,0.9228935241699219,1900.5970567176118
29070,4.263790130615234,,0.00027158305428686287,0.9197711944580078,1901.240191125311
29080,4.285475730895996,,0.000271290873240094,0.9059998989105225,1901.8850026624277
29090,4.174941062927246,,0.0002709988826883851,0.9055168032646179,1902.5296596297994
29100,4.213438034057617,,0.0002707070828313091,0.8927820920944214,1903.174606175162
29110,4.144313812255859,,0.0002704154738683084,0.9154735207557678,1903.8196405079216
29120,4.1652607917785645,,0.00027012405599869516,0.9141502380371094,1904.4647159986198
29130,4.274958610534668,,0.00026983282942165057,0.9107378125190735,1905.1101034991443
29140,4.187633514404297,,0.00026954179433622504,0.8989076018333435,1905.7551676826552
29150,4.244541645050049,,0.0002692509509413386,0.9003169536590576,1906.3994361627847
29160,4.267040252685547,,0.00026896029943577983,0.9069383144378662,1907.0435909386724
29170,4.142826080322266,,0.0002686698400182065,0.887755811214447,1907.687938443385
29180,4.267698287963867,,0.00026837957288714464,0.8929421305656433,1908.3324296679348
29190,4.181427955627441,,0.00026808949824098916,0.8902977705001831,1908.9767794646323
29200,4.239665508270264,,0.00026779961627800334,0.8923039436340332,1909.6216403553262
29210,4.1268310546875,,0.00026750992719631883,0.8885716795921326,1910.26558829844
29220,4.338547229766846,,0.0002672204311939355,0.8893006443977356,1910.9100134354085
29230,4.2232346534729,,0.00026693112846872105,0.9391322135925293,1911.5555973295122
29240,4.290780067443848,,0.00026664201921841087,0.8711246848106384,1912.207555201836
29250,4.205906391143799,,0.0002663531036406087,0.9384062886238098,1912.8539114082232
29260,4.239291667938232,,0.0002660643819327856,0.8718386888504028,1913.497852401808
29270,4.323440074920654,,0.0002657758542922802,0.9221832156181335,1914.1417107768357
29280,4.325024604797363,,0.0002654875209162982,0.9182813763618469,1914.7859194381163
29290,4.146933555603027,,0.0002651993820019128,0.9399570822715759,1915.430359620601
29300,4.322995185852051,,0.00026491143774606433,0.956020712852478,1916.074822820723
29310,4.186957359313965,,0.0002646236883455601,0.9233120083808899,1916.7192879291251
29320,4.189464092254639,,0.00026433613399707374,0.8979060649871826,1917.3637185897678
29330,4.270124435424805,,0.00026404877489714636,0.8802825212478638,1918.008697799407
29340,4.319207191467285,,0.0002637616112421848,0.9184310436248779,1918.6534706167877
29350,4.089221954345703,,0.0002634746432284629,0.8575992584228516,1919.2982412539423
29360,4.131804466247559,,0.0002631878710521206,0.8714794516563416,1919.9436448430642
29370,4.230574607849121,,0.00026290129490916405,0.8706011176109314,1920.5881909951568
29380,4.25587272644043,,0.00026261491499546513,0.9153616428375244,1921.2328360127285
29390,4.2213850021362305,,0.00026232873150676194,0.8720912337303162,1921.8773159552366
29400,4.18599271774292,,0.00026204274463865817,0.9294075965881348,1922.521720292978
29410,4.250868320465088,,0.0002617569545866233,0.9116525650024414,1923.165919283405
29420,4.234973907470703,,0.0002614713615459919,0.8880288004875183,1923.8099507139996
29430,4.265948295593262,,0.0002611859657119643,0.9173255562782288,1924.4533905386925
29440,4.262057304382324,,0.00026090076727960574,0.9530907273292542,1925.0974178006873
29450,4.29443359375,,0.00026061576644384666,0.8995295763015747,1925.7428082749248
29460,4.290513038635254,,0.00026033096339948245,0.8984972238540649,1926.3872620649636
29470,4.123306751251221,,0.0002600463583411735,0.8999945521354675,1927.0320997666568
29480,4.316528797149658,,0.0002597619514634444,0.9083777666091919,1927.677351012826
29490,4.332827091217041,,0.00025947774296068466,0.8935572504997253,1928.3223774693906
29500,4.307372570037842,4.258240103721619,0.0002591937330271483,0.9144735336303711,1929.3756353165954
29510,4.233628273010254,,0.00025890992185695317,0.9287552237510681,1930.0203074319288
29520,4.134521007537842,,0.0002586263096440816,0.8878616690635681,1930.664482248947
29530,4.191664695739746,,0.00025834289658238006,1.0257339477539062,1931.3085655132309
29540,4.103869438171387,,0.0002580596828655584,0.922459602355957,1931.9535951176658
29550,4.277348518371582,,0.0002577766686871906,0.8767814636230469,1932.5979105569422
29560,4.237441062927246,,0.0002574938542407144,0.9282082915306091,1933.2426518443972
29570,4.308323860168457,,0.00025721123971943064,0.8838462233543396,1933.8869527485222
29580,4.1172380447387695,,0.00025692882531650363,0.9021974205970764,1934.53197194729
29590,4.233790397644043,,0.0002566466112249612,0.8894047141075134,1935.17650874611
29600,4.169044494628906,,0.00025636459763769365,0.932442843914032,1935.820134472102
29610,4.309380531311035,,0.0002560827847474548,0.9383024573326111,1936.4642958249897
29620,4.1905107498168945,,0.0002558011727468611,0.9213243722915649,1937.1086064549163
29630,4.326932907104492,,0.0002555197618283918,0.9084512591362,1937.7538346378133
29640,4.199902534484863,,0.00025523855218438846,0.8970890641212463,1938.3985611852258
29650,4.190701484680176,,0.0002549575440070552,0.9029051661491394,1939.0429133372381
29660,4.438617706298828,,0.00025467673748845855,0.9065660238265991,1939.6875703679398
29670,4.095252990722656,,0.00025439613282052725,0.8902308940887451,1940.331857258454
29680,4.263712406158447,,0.00025411573019505163,0.9213739633560181,1940.9793974105269
29690,4.24240779876709,,0.00025383552980368454,0.9756320118904114,1941.625592470169
29700,4.235365867614746,,0.00025355553183794,0.9210354089736938,1942.2706465553492
29710,4.1402387619018555,,0.00025327573648919425,0.8915351629257202,1942.915436831303
29720,4.307541847229004,,0.00025299614394868453,0.9569113850593567,1943.5603357190266
29730,4.278711318969727,,0.0002527167544075101,0.9479281306266785,1944.2058018660173
29740,4.186337947845459,,0.0002524375680566306,0.9180030822753906,1944.85262372531
29750,4.244526386260986,,0.00025215858508686746,0.907856285572052,1945.4972238447517
29760,4.349846839904785,,0.000251879805688903,0.9357594847679138,1946.1413226947188
29770,4.316906452178955,,0.0002516012300532804,0.9191976189613342,1946.7861337801442
29780,4.155837059020996,,0.0002513228583704033,0.8979676961898804,1947.43061911501
29790,4.198390007019043,,0.00025104469083053597,0.8932094573974609,1948.075653353706
29800,4.1487321853637695,,0.0002507667276238035,0.9127840399742126,1948.7199652893469
29810,4.143764495849609,,0.00025048896894019115,0.9000044465065002,1949.366469560191
29820,4.135607719421387,,0.0002502114149695442,0.9105152487754822,1950.0114323925227
29830,4.255442142486572,,0.00024993406590156854,0.8975382447242737,1950.6552056465298
29840,4.204301834106445,,0.0002496569219258292,0.9205532073974609,1951.2996738916263
29850,4.078647136688232,,0.00024937998323175164,0.8777614831924438,1951.9441190958023
29860,4.089211940765381,,0.0002491032500086209,0.9246910810470581,1952.588300222531
29870,4.241115093231201,,0.00024882672244558155,0.9293378591537476,1953.2316607553512
29880,4.125658988952637,,0.00024855040073163765,0.9347341656684875,1953.8753370940685
29890,4.278661727905273,,0.0002482742850556521,0.963723361492157,1954.519115240313
29900,4.209428787231445,,0.00024799837560634765,0.8787537217140198,1955.1628672322258
29910,4.127511978149414,,0.0002477226725723057,0.876059353351593,1955.8078884743154
29920,4.1280107498168945,,0.0002474471761419668,0.86861652135849,1956.4521138025448
29930,4.173068523406982,,0.00024717188650363035,0.949604332447052,1957.096320568584
29940,4.2628631591796875,,0.00024689680384545366,0.9705816507339478,1957.7411015378311
29950,4.153075695037842,,0.00024662192835545353,0.8979194164276123,1958.3881968595088
29960,4.1083478927612305,,0.0002463472602215047,0.9316190481185913,1959.0328097622842
29970,4.412286758422852,,0.0002460727996313404,0.9328898787498474,1959.6772180842236
29980,4.507650375366211,,0.0002457985467725516,0.9534391760826111,1960.3256249055266
29990,4.191129684448242,,0.00024552450183258753,0.8689703345298767,1960.9705751966685
30000,4.1306939125061035,4.237094378471374,0.0002452506649987554,0.8811044692993164,1962.0206849621609
30010,4.259782791137695,,0.0002449770364582202,0.9038675427436829,1963.3414258398116
30020,4.279601573944092,,0.00024470361639800434,0.8740607500076294,1963.9852607725188
30030,4.214466571807861,,0.00024443040500498806,0.9448175430297852,1964.6295559052378
30040,4.222589015960693,,0.0002441574024659084,1.00113844871521,1965.2738776644692
30050,4.14724588394165,,0.0002438846089673603,0.9234785437583923,1965.9166400227696
30060,4.336915016174316,,0.00024361202469579563,0.891292929649353,1966.5604071766138
30070,4.266486167907715,,0.00024333964983752285,0.9066306948661804,1967.2051352318376
30080,4.182703018188477,,0.00024306748457870786,0.902064323425293,1967.849078993313
30090,4.328276634216309,,0.00024279552910537287,0.927870512008667,1968.492966667749
30100,4.299561977386475,,0.00024252378360339704,0.9636037945747375,1969.1364887412637
30110,4.291987895965576,,0.00024225224825851567,0.9597386121749878,1969.7806105306372
30120,4.186760902404785,,0.00024198092325632077,0.9914036393165588,1970.4244364872575
30130,4.271319389343262,,0.0002417098087822605,0.9566261172294617,1971.0684158317745
30140,4.242035865783691,,0.00024143890502163886,0.9024437069892883,1971.7121969899163
30150,4.185699462890625,,0.00024116821215961615,0.8979923725128174,1972.3564647091553
30160,4.213687896728516,,0.0002408977303812082,0.9246733784675598,1973.0004866980016
30170,4.135503768920898,,0.00024062745987128687,0.9395242929458618,1973.6466230982915
30180,4.26795768737793,,0.00024035740081457968,0.9412484169006348,1974.2910522753373
30190,4.233706951141357,,0.00024008755339566913,0.9830396175384521,1974.9359584162012
30200,4.281347274780273,,0.00023981791779899346,0.9420775771141052,1975.5815483173355
30210,4.174893379211426,,0.00023954849420884617,0.9766622185707092,1976.226320039481
30220,4.130564212799072,,0.00023927928280937576,0.919025182723999,1976.8686185535043
30230,4.197386741638184,,0.00023901028378458573,0.9016817212104797,1977.5123427351937
30240,4.2724504470825195,,0.00023874149731833413,0.9230192303657532,1978.1567601766437
30250,4.2519941329956055,,0.00023847292359433425,1.025676965713501,1978.8006664523855
30260,4.130924701690674,,0.00023820456279615348,0.900571882724762,1979.4457798711956
30270,4.117339134216309,,0.0002379364151072139,0.9320111274719238,1980.0938863642514
30280,4.300899505615234,,0.00023766848071079226,0.9393205642700195,1980.7393041979522
30290,4.355044364929199,,0.00023740075979001869,0.9118659496307373,1981.3836206877604
30300,4.29398775100708,,0.00023713325252787827,0.9575642347335815,1982.0293851243332
30310,4.286214828491211,,0.0002368659591072095,0.9312354326248169,1982.674857207574
30320,4.148965835571289,,0.00023659887971070508,0.9434828162193298,1983.3194677513093
30330,4.395801544189453,,0.0002363320145209113,0.9348497986793518,1983.9704311210662
30340,4.123003005981445,,0.00023606536372022786,0.952167272567749,1984.6149186464027
30350,4.196814060211182,,0.00023579892749090792,0.9422144293785095,1985.2589418031275
30360,4.1515326499938965,,0.00023553270601505837,0.9207723736763,1985.9031196301803
30370,4.1176862716674805,,0.000235266699474639,0.9178465604782104,1986.5464261965826
30380,4.250781536102295,,0.00023500090805146287,0.8992196917533875,1987.1922204932198
30390,4.258476734161377,,0.0002347353319271957,0.9050322771072388,1987.8363620815799
30400,4.278115272521973,,0.00023446997128335643,0.9226479530334473,1988.4803125392646
30410,4.241700172424316,,0.0002342048263013165,0.9485838413238525,1989.1246971795335
30420,4.290452003479004,,0.00023393989716230003,0.88947993516922,1989.7699704393744
30430,4.3210859298706055,,0.0002336751840473837,0.9141294956207275,1990.4201061753556
30440,4.221728801727295,,0.0002334106871374963,0.965376079082489,1991.066587459296
30450,4.4054999351501465,,0.00023314640661341887,0.9114706516265869,1991.7140579065308
30460,4.158285140991211,,0.00023288234265578478,0.9269204139709473,1992.3586879456416
30470,4.3782854080200195,,0.0002326184954450792,0.9343376755714417,1993.0030610021204
30480,4.1973371505737305,,0.00023235486516163942,0.938258945941925,1993.6510179191828
30490,4.271946907043457,,0.00023209145198565395,0.8885825276374817,1994.2947197053581
30500,4.099527359008789,4.263882350921631,0.00023182825609716334,0.9328446984291077,1995.3493523756042
30510,4.234043121337891,,0.00023156527767605948,0.9274561405181885,1995.9936858154833
30520,4.243244171142578,,0.00023130251690208587,0.9183915257453918,1996.637678428553
30530,4.229796886444092,,0.00023103997395483664,0.9161533713340759,1997.2821360742673
30540,4.35424280166626,,0.00023077764901375776,0.9088026881217957,1997.9265207527205
30550,4.254996299743652,,0.00023051554225814554,0.9261941313743591,1998.5701046660542
30560,4.289811611175537,,0.00023025365386714763,0.9224406480789185,1999.2230525845662
30570,4.2455925941467285,,0.00022999198401976224,1.0693795680999756,1999.8714986611158
30580,4.3476152420043945,,0.00022973053289483832,0.8965810537338257,2000.5165381906554
30590,4.25735330581665,,0.00022946930067107533,0.9180511832237244,2001.1641530497
30600,4.339499473571777,,0.0002292082875270228,0.9419487118721008,2001.8093725526705
30610,4.328188419342041,,0.00022894749364108077,0.9213796854019165,2002.4565631309524
30620,4.165602684020996,,0.00022868691919149974,0.945520281791687,2003.1027492946014
30630,4.2143096923828125,,0.00022842656435637944,0.9172929525375366,2003.7514042705297
30640,4.387364864349365,,0.0002281664293136703,0.9603256583213806,2004.3995161922649
30650,4.229479789733887,,0.00022790651424117189,0.9161494970321655,2005.0439654933289
30660,4.192844390869141,,0.0002276468193165338,0.915015697479248,2005.688076827675
30670,4.13447380065918,,0.00022738734471725513,0.9264091849327087,2006.3328749723732
30680,4.286688804626465,,0.0002271280906206843,0.9182274341583252,2006.977424962446
30690,4.299602508544922,,0.00022686905720401918,0.9065558314323425,2007.6299432329834
30700,4.230988502502441,,0.0002266102446443063,0.9465068578720093,2008.274812605232
30710,4.137762546539307,,0.00022635165311844205,0.9109188318252563,2008.9191926121712
30720,4.194357872009277,,0.00022609328280317093,0.9269992709159851,2009.5668442593887
30730,4.151303768157959,,0.0002258351338750867,1.0022152662277222,2010.2112690396607
30740,4.2237348556518555,,0.00022557720651063192,0.901487410068512,2010.8561975499615
30750,4.3454084396362305,,0.00022531950088609722,1.0547748804092407,2011.502631118521
30760,4.216794013977051,,0.00022506201717762217,0.9678621888160706,2012.149866912514
30770,4.1573686599731445,,0.0002248047555611944,0.923456072807312,2012.7958299806342
30780,4.281424045562744,,0.00022454771621264975,0.9471579194068909,2013.4438710641116
30790,4.334580421447754,,0.0002242908993076723,0.9125334620475769,2014.0885147964582
30800,4.19879150390625,,0.00022403430502179403,0.9130025506019592,2014.7336954111233
30810,4.373702049255371,,0.00022377793353039446,0.9028081297874451,2015.3794770110399
30820,4.344991683959961,,0.00022352178500870118,0.9063505530357361,2016.0282392315567
30830,4.181663990020752,,0.00022326585963178936,0.8971320986747742,2016.6766735473648
30840,4.125241756439209,,0.00022301015757458174,0.8775747418403625,2017.321262625046
30850,4.231192588806152,,0.00022275467901184792,0.9393033981323242,2017.9682412911206
30860,4.1608405113220215,,0.00022249942411820526,0.9612779021263123,2018.6153667736799
30870,4.171327590942383,,0.00022224439306811812,0.9278643131256104,2019.265444549732
30880,4.120567321777344,,0.00022198958603589767,0.9501511454582214,2019.9108039774
30890,4.141109943389893,,0.00022173500319570241,0.9364498853683472,2020.5638258205727
30900,4.170070171356201,,0.0002214806447215371,0.9529799818992615,2021.2080787392333
30910,4.078770637512207,,0.0002212265107872532,0.9358949065208435,2021.852149325423
30920,4.1826701164245605,,0.00022097260156654907,0.956364095211029,2022.498909314163
30930,4.261065483093262,,0.00022071891723296922,0.9196401238441467,2023.1435241252184
30940,4.197029113769531,,0.00022046545795990468,0.9860870838165283,2023.7885124413297
30950,4.343570709228516,,0.0002202122239205921,1.1082974672317505,2024.433491469361
30960,4.190032958984375,,0.00021995921528811474,0.9274184107780457,2025.0827904697508
30970,4.33361291885376,,0.00021970643223540173,0.9171725511550903,2025.7305063661188
30980,4.235398769378662,,0.00021945387493522772,0.9067271947860718,2026.3751897942275
30990,4.3586931228637695,,0.00021920154356021347,0.9500308632850647,2027.0205810964108
31000,4.183903694152832,4.240186548233032,0.00021894943828282498,0.9383313059806824,2028.0748633602634
31010,4.273582458496094,,0.00021869755927537364,1.225811243057251,2028.7247114870697
31020,4.33089542388916,,0.00021844590671001658,0.9243132472038269,2029.3753439672291
31030,4.199065208435059,,0.0002181944807587559,0.9352579116821289,2030.0194278312847
31040,4.1694135665893555,,0.000217943281593439,0.934868574142456,2030.6638915883377
31050,4.186202049255371,,0.00021769230938575791,0.890056312084198,2031.309226441197
31060,4.315418243408203,,0.00021744156430724988,0.9567974805831909,2031.955930300057
31070,4.097204208374023,,0.00021719104652929684,0.9485323429107666,2032.6010384317487
31080,4.246210098266602,,0.00021694075622312535,0.9439219236373901,2033.245514133945
31090,4.178802490234375,,0.0002166906935598063,0.9117774367332458,2033.8890956323594
31100,4.19224739074707,,0.0002164408587102555,0.9328663349151611,2034.5329894106835
31110,4.396245002746582,,0.00021619125184523227,0.9025207161903381,2035.1771463938057
31120,4.2321248054504395,,0.00021594187313534084,0.9265490174293518,2035.8213924756274
31130,4.255885124206543,,0.0002156927227510291,0.8925192356109619,2036.4657430499792
31140,4.215158939361572,,0.0002154438008625892,1.0290069580078125,2037.1108830599114
31150,4.2937211990356445,,0.00021519510764015656,0.9150747656822205,2037.7552882404998
31160,4.170172691345215,,0.00021494664325371083,0.907038688659668,2038.3995329802856
31170,4.158548355102539,,0.00021469840787307514,0.9222560524940491,2039.0445653395727
31180,4.280503273010254,,0.00021445040166791603,0.8902673721313477,2039.689046480693
31190,4.3532257080078125,,0.0002142026248077432,0.9317985773086548,2040.3328752946109
31200,4.254998207092285,,0.0002139550774619101,0.9297522902488708,2040.9762517344207
31210,4.233346939086914,,0.0002137077597996127,0.9077696800231934,2041.6209173919633
31220,4.251220226287842,,0.00021346067198989044,0.923673689365387,2042.2654067985713
31230,4.047972679138184,,0.00021321381420162547,0.991827130317688,2042.9095455585048
31240,4.261744022369385,,0.00021296718660354294,0.939988911151886,2043.553349387832
31250,4.229855060577393,,0.00021272078936421018,0.9091858863830566,2044.1974236862734
31260,4.4711384773254395,,0.00021247462265203755,0.9256728291511536,2044.842244132422
31270,4.211263656616211,,0.00021222868663527778,0.9403584003448486,2045.4893894707784
31280,4.204092979431152,,0.0002119829814820256,0.9591218829154968,2046.1342341341078
31290,4.233716011047363,,0.00021173750736021827,0.9145233631134033,2046.7840906456113
31300,4.175590991973877,,0.00021149226443763512,0.9326919913291931,2047.4304623780772
31310,4.374238014221191,,0.0002112472528818972,0.9297706484794617,2048.0761258928105
31320,4.222234725952148,,0.0002110024728604677,0.9572689533233643,2048.72245901078
31330,4.081865310668945,,0.0002107579245406514,0.8969270586967468,2049.3671788545325
31340,4.212893486022949,,0.00021051360808959502,0.9278427362442017,2050.0114327901974
31350,4.216914176940918,,0.00021026952367428616,0.9169766306877136,2050.654242971912
31360,4.1739983558654785,,0.0002100256714615545,0.9669735431671143,2051.2964123990387
31370,4.201888084411621,,0.00020978205161807054,0.9547266364097595,2051.9392849821597
31380,4.241759300231934,,0.00020953866431034626,0.970926821231842,2052.5826332550496
31390,4.13657283782959,,0.00020929550970473455,0.9161423444747925,2053.2264396212995
31400,4.231138706207275,,0.0002090525879674294,0.8731206655502319,2053.8715164167807
31410,4.216082572937012,,0.00020880989926446534,0.9310063123703003,2054.5162289226428
31420,4.078831672668457,,0.0002085674437617179,0.9601868987083435,2055.160341197625
31430,4.0655083656311035,,0.0002083252216249031,0.9722720980644226,2055.8047255109996
31440,4.179442882537842,,0.00020808323301957767,0.9274339079856873,2056.44984743651
31450,4.09898567199707,,0.0002078414781111383,0.93925541639328,2057.094520674087
31460,4.384943962097168,,0.0002075999570648223,0.9610045552253723,2057.7377797989175
31470,4.2068891525268555,,0.00020735867004570695,0.9560596346855164,2058.38208951056
31480,4.314154624938965,,0.00020711761721870975,0.911873996257782,2059.0261936793104
31490,4.254003047943115,,0.00020687679874858793,0.892012894153595,2059.6712474562228
31500,4.120790004730225,4.23890962600708,0.00020663621479993885,0.973730742931366,2060.7330491021276
31510,4.292720317840576,,0.0002063958655371991,0.9314013719558716,2061.3777165906504
31520,4.249920845031738,,0.00020615575112464528,0.9388407468795776,2062.0224815914407
31530,4.117997169494629,,0.0002059158717263933,0.927473783493042,2062.6691365623847
31540,4.235461235046387,,0.00020567622750639858,0.9211247563362122,2063.315959814936
31550,4.266461372375488,,0.0002054368186284556,0.913155198097229,2063.96067953296
31560,4.222416877746582,,0.00020519764525619793,0.9357004165649414,2064.606382210739
31570,4.172696590423584,,0.0002049587075530984,0.9215227961540222,2065.2513734670356
31580,4.323450088500977,,0.00020472000568246874,0.9221401214599609,2065.895406954922
31590,4.259330749511719,,0.0002044815398074594,0.9114468693733215,2066.539597766474
31600,4.144843101501465,,0.0002042433100910597,0.9118668437004089,2067.1832358576357
31610,4.130764007568359,,0.0002040053166960971,0.8842882513999939,2067.827446415089
31620,4.080289840698242,,0.00020376755978523806,0.9227101802825928,2068.4719924945384
31630,4.188941955566406,,0.00020353003952098707,0.948967456817627,2069.1166724190116
31640,4.28762149810791,,0.0002032927560656872,0.9590719938278198,2069.76505805552
31650,4.362545967102051,,0.0002030557095815193,0.9782986640930176,2070.4096402972937
31660,4.189379692077637,,0.00020281890023050232,0.9420263171195984,2071.0541200172156
31670,4.047260284423828,,0.00020258232817449326,0.9172435402870178,2071.6986714592203
31680,4.293864727020264,,0.00020234599357518696,0.9760114550590515,2072.343403035775
31690,4.283592700958252,,0.00020210989659411586,0.9404675364494324,2072.9880250981078
31700,4.333364486694336,,0.00020187403739265017,0.9176945686340332,2073.6325736986473
31710,4.268322944641113,,0.00020163841613199716,0.9170599579811096,2074.277863321826
31720,4.270257949829102,,0.00020140303297320187,0.91612708568573,2074.9226542012766
31730,4.354804515838623,,0.00020116788807714647,0.925599217414856,2075.567361314781
31740,4.2765092849731445,,0.0002009329816045504,0.9325746893882751,2076.2118785800412
31750,4.255385398864746,,0.00020069831371596994,0.9190768003463745,2076.856296164915
31760,4.181791305541992,,0.00020046388457179814,0.9715330600738525,2077.501048660837
31770,4.315054893493652,,0.00020022969433226539,0.9550250768661499,2078.1452054083347
31780,4.145147323608398,,0.00019999574315743835,0.9971169233322144,2078.788824089803
31790,4.233136177062988,,0.00019976203120722054,0.9215537905693054,2079.4346914077178
31800,4.110476970672607,,0.00019952855864135196,0.9667657017707825,2080.0795469703153
31810,4.26007080078125,,0.00019929532561940876,0.9366949200630188,2080.724150771275
31820,4.217877388000488,,0.00019906233230080348,1.0062485933303833,2081.3704288657755
31830,4.235846996307373,,0.00019882957884478507,0.9388123154640198,2082.0146203907207
31840,4.346826553344727,,0.00019859706541043806,0.921517550945282,2082.6588047193363
31850,4.337637424468994,,0.00019836479215668343,0.9628103971481323,2083.303586134687
31860,4.20391845703125,,0.0001981327592422775,0.9304654002189636,2083.9479830265045
31870,4.197686195373535,,0.00019790096682581275,0.9200462698936462,2084.5905568096787
31880,4.170560359954834,,0.00019766941506571707,0.9731215238571167,2085.2337570413947
31890,4.2381815910339355,,0.00019743810412025387,0.9189659953117371,2085.878112513572
31900,4.160414695739746,,0.00019720703414752218,0.9172206521034241,2086.52236737404
31910,4.259699821472168,,0.00019697620530545595,0.9242662787437439,2087.166672863066
31920,4.163480758666992,,0.00019674561775182464,0.9320948123931885,2087.810805275105
31930,4.316376209259033,,0.00019651527164423252,0.9256879687309265,2088.458054254763
31940,4.201547622680664,,0.00019628516714011908,0.9563068151473999,2089.1026595914736
31950,4.217929363250732,,0.00019605530439675863,0.9252721667289734,2089.74693297036
31960,4.272153854370117,,0.00019582568357126006,0.9446548223495483,2090.391794981435
31970,4.044438362121582,,0.00019559630482056706,0.9353547096252441,2091.0366770634428
31980,4.201845169067383,,0.00019536716830145795,0.932468593120575,2091.681071050465
31990,4.184059143066406,,0.0001951382741705453,0.9324581027030945,2092.3253794712946
32000,4.233480453491211,4.194231307506561,0.0001949096225842762,0.9246615171432495,2093.378654495813
32010,4.237774848937988,,0.00019468121369893178,0.9084985852241516,2094.0242150407284
32020,4.121226787567139,,0.0001944530476706272,0.9542515873908997,2094.6732688983902
32030,4.166882514953613,,0.00019422512465531192,0.900755763053894,2095.3183200620115
32040,4.06760311126709,,0.0001939974448087692,0.9435161352157593,2095.964000218548
32050,4.024169445037842,,0.0001937700082866162,0.9218297004699707,2096.6086559006944
32060,4.160757064819336,,0.00019354281524430332,0.9584397673606873,2097.253186861053
32070,4.13898229598999,,0.00019331586583711506,0.9019202589988708,2097.898147944361
32080,4.326059341430664,,0.00019308916022016918,0.9324145913124084,2098.542523417622
32090,4.240017890930176,,0.00019286269854841675,0.9712498188018799,2099.1871923459694
32100,4.196608543395996,,0.00019263648097664248,1.0361820459365845,2099.8320893347263
32110,4.17539119720459,,0.00019241050765946363,0.9315381050109863,2100.476307881996
32120,4.241498947143555,,0.00019218477875133087,1.0591849088668823,2101.1216023843735
32130,4.1801862716674805,,0.00019195929440652784,0.9222522377967834,2101.7665392532945
32140,4.260190010070801,,0.00019173405477917094,0.9224987030029297,2102.410908269696
32150,4.248095512390137,,0.00019150906002320946,0.9021480679512024,2103.0552920140326
32160,4.135951042175293,,0.000191284310292425,0.951025664806366,2103.6998512521386
32170,4.214085578918457,,0.00019105980574043194,1.0353809595108032,2104.345103769563
32180,4.1926350593566895,,0.00019083554652067706,0.9695712327957153,2104.9878800120205
32190,4.3139238357543945,,0.00019061153278643946,0.945823073387146,2105.630516706966
32200,4.208824157714844,,0.00019038776469083044,0.9292229413986206,2106.275697165169
32210,4.128564357757568,,0.00019016424238679335,0.9656493067741394,2106.9204596113414
32220,4.147394180297852,,0.00018994096602710335,1.0224250555038452,2107.56428113766
32230,4.240354537963867,,0.00018971793576436796,0.9662927985191345,2108.20820023492
32240,4.1687235832214355,,0.00018949515175102622,0.9172936677932739,2108.852245701477
32250,4.240989685058594,,0.00018927261413934904,0.9387792348861694,2109.4978304384276
32260,4.091405868530273,,0.00018905032308143852,0.9615570306777954,2110.1413763426244
32270,4.1786346435546875,,0.00018882827872922854,0.925361156463623,2110.7859539492056
32280,4.229050159454346,,0.00018860648123448452,0.9878785610198975,2111.431559063494
32290,4.284533500671387,,0.00018838493074880286,1.0880751609802246,2112.0763503452763
32300,4.209355354309082,,0.00018816362742361115,0.9174696803092957,2112.7272358955815
32310,4.15447473526001,,0.00018794257141016828,0.9461787939071655,2113.3725566687062
32320,4.272582530975342,,0.00018772176285956375,0.9470760822296143,2114.017328031361
32330,4.181958198547363,,0.0001875012019227182,0.9574592709541321,2114.6613393602893
32340,3.994586944580078,,0.00018728088875038298,0.8772493600845337,2115.3063192917034
32350,4.230373382568359,,0.00018706082349314018,0.9316738247871399,2115.9511304032058
32360,4.174557685852051,,0.00018684100630140212,0.9204802513122559,2116.6015410963446
32370,4.147151947021484,,0.00018662143732541187,0.9484831094741821,2117.2460974408314
32380,4.208778381347656,,0.00018640211671524273,0.928099513053894,2117.8906741440296
32390,4.253485679626465,,0.0001861830446207984,0.9187058210372925,2118.5352489007637
32400,4.261990547180176,,0.00018596422119181237,0.9361578226089478,2119.1842713439837
32410,4.180980205535889,,0.00018574564657784865,0.9567968845367432,2119.82905096747
32420,4.234285831451416,,0.00018552732092830065,0.8966495394706726,2120.4787580138072
32430,4.24168586730957,,0.000185309244392392,0.9349755048751831,2121.1239345232025
32440,4.172637939453125,,0.000185091417119176,0.9279145002365112,2121.769172599539
32450,4.238312721252441,,0.00018487383925753565,0.9521149396896362,2122.4138729255646
32460,4.2703657150268555,,0.00018465651095618307,0.9481069445610046,2123.058635079302
32470,4.041825771331787,,0.00018443943236366028,0.952006995677948,2123.703502058983
32480,4.3144612312316895,,0.00018422260362833856,0.9668614864349365,2124.3488889066502
32490,4.124585151672363,,0.0001840060248984181,1.029876708984375,2124.999186305329
32500,4.295311450958252,4.223895859718323,0.00018378969632192846,0.9379838705062866,2126.060806505382
32510,4.226378440856934,,0.0001835736180467284,0.9279621243476868,2126.7057723058388
32520,4.11285400390625,,0.00018335779022050507,0.9871415495872498,2127.3518200935796
32530,4.1584978103637695,,0.00018314221299077488,1.0104315280914307,2127.998570390977
32540,4.265697479248047,,0.00018292688650488285,0.9812337160110474,2128.6432899720967
32550,4.304533004760742,,0.00018271181091000273,0.9524645805358887,2129.287823729217
32560,4.072972297668457,,0.0001824969863531364,0.9407672882080078,2129.9336300455034
32570,4.271879196166992,,0.00018228241298111467,0.9433131217956543,2130.5813477402553
32580,4.157498359680176,,0.00018206809094059622,0.9344184994697571,2131.2300049737096
32590,4.193910598754883,,0.00018185402037806822,1.0329807996749878,2131.8740167003125
32600,4.247993469238281,,0.00018164020143984582,0.9690603613853455,2132.5194458262995
32610,4.1595458984375,,0.00018142663427207247,0.9163293242454529,2133.1644873637706
32620,4.127721786499023,,0.00018121331902071902,0.9219936728477478,2133.8093139231205
32630,4.27230978012085,,0.0001810002558315846,0.9190186858177185,2134.453778111376
32640,4.122764587402344,,0.00018078744485029583,0.9390129446983337,2135.0985668506473
32650,4.244418144226074,,0.00018057488622230715,0.9127750396728516,2135.7462319619954
32660,4.1027374267578125,,0.00018036258009290014,0.9358869791030884,2136.393975591287
32670,4.101408958435059,,0.0001801505266071843,0.9440765976905823,2137.038815055974
32680,4.291718482971191,,0.00017993872591009601,0.9545820951461792,2137.6829952271655
32690,4.300590515136719,,0.00017972717814639902,0.9496409296989441,2138.33047301881
32700,4.192890167236328,,0.0001795158834606843,1.0224686861038208,2138.974785113707
32710,4.1556806564331055,,0.0001793048419973699,0.9677743315696716,2139.620354441926
32720,4.24376106262207,,0.0001790940539007004,0.9389193654060364,2140.266487522982
32730,4.2960991859436035,,0.00017888351931474763,0.973446249961853,2140.9130703909323
32740,4.234291076660156,,0.00017867323838341003,0.9408595561981201,2141.560425718315
32750,4.124159812927246,,0.00017846321125041269,1.0238343477249146,2142.2115599885583
32760,4.230423927307129,,0.0001782534380593071,0.9190421104431152,2142.8566664839163
32770,4.325203895568848,,0.00017804391895347111,0.9299149513244629,2143.501878411509
32780,4.227376937866211,,0.0001778346540761092,0.9363128542900085,2144.1470623910427
32790,4.269244194030762,,0.00017762564357025183,0.9580676555633545,2144.794068241492
32800,4.137504577636719,,0.00017741688757875586,0.9215567708015442,2145.4398233434185
32810,4.223500728607178,,0.0001772083862443041,0.9301943778991699,2146.0857361191884
32820,4.311893939971924,,0.00017700013970940503,0.9477763175964355,2146.732421583496
32830,4.178383827209473,,0.00017679214811639328,0.9450702667236328,2147.378182541579
32840,4.233614444732666,,0.00017658441160742916,0.9406677484512329,2148.0226949825883
32850,4.3035078048706055,,0.0001763769303244987,0.9380469918251038,2148.6677904091775
32860,4.185249328613281,,0.00017616970440941329,0.9574426412582397,2149.3122488018125
32870,4.171263694763184,,0.00017596273400380982,0.9224978685379028,2149.9583878992125
32880,4.198509216308594,,0.00017575601924915072,0.9210231900215149,2150.6050427695736
32890,4.216562271118164,,0.0001755495602867235,0.92291259765625,2151.252589412965
32900,4.218235015869141,,0.000175343357257641,0.9367532134056091,2151.9003851180896
32910,4.207533836364746,,0.00017513741030284114,1.0089505910873413,2152.5453622136265
32920,4.227353096008301,,0.00017493171956308644,0.9211020469665527,2153.1942528616637
32930,4.319817543029785,,0.0001747262851789648,0.9522454738616943,2153.8396720234305
32940,4.172035217285156,,0.00017452110729088857,0.9626548886299133,2154.4839924732223
32950,4.176177978515625,,0.00017431618603909503,0.9229035973548889,2155.129235864617
32960,4.291190147399902,,0.00017411152156364577,1.0310375690460205,2155.7785221580416
32970,4.214088439941406,,0.00017390711400442726,0.9535666704177856,2156.4281774163246
32980,4.264734268188477,,0.00017370296350114982,1.0210630893707275,2157.073234271258
32990,4.210014820098877,,0.00017349907019334858,0.9694743752479553,2157.726212747395
33000,4.2529377937316895,4.218946623802185,0.00017329543422038265,0.9842590093612671,2158.7830774690956
33010,4.149672508239746,,0.0001730920557214355,0.9695875644683838,2159.4280059486628
33020,4.296852111816406,,0.00017288893483551404,0.9829106330871582,2160.072448471561
33030,4.292340278625488,,0.0001726860717014497,0.9601219296455383,2160.716992551461
33040,4.308324337005615,,0.00017248346645789764,0.9272632002830505,2161.3619532044977
33050,4.340888023376465,,0.00017228111924333633,0.955765426158905,2162.0105228303
33060,4.10443115234375,,0.0001720790301960684,0.9393313527107239,2162.6554997283965
33070,4.309539794921875,,0.00017187719945421982,0.9218087792396545,2163.3026074403897
33080,4.184618949890137,,0.00017167562715573976,0.9429767727851868,2163.9526909301057
33090,4.29525899887085,,0.00017147431343840126,0.9803163409233093,2164.5973984524608
33100,4.200903415679932,,0.00017127325843980016,0.909264862537384,2165.2426912123337
33110,4.181841850280762,,0.00017107246229735586,0.9383464455604553,2165.889255571179
33120,4.2407732009887695,,0.00017087192514831043,0.9523104429244995,2166.533589400351
33130,4.144761562347412,,0.0001706716471297293,0.9470673203468323,2167.1779516283423
33140,4.205716133117676,,0.00017047162837850039,0.9329968690872192,2167.822255375795
33150,4.308980464935303,,0.00017027186903133474,0.9841831922531128,2168.466712986119
33160,4.361220359802246,,0.000170072369224766,0.9778239727020264,2169.1117568369955
33170,4.25949764251709,,0.0001698731290951505,0.9438763856887817,2169.7558337217197
33180,4.175813674926758,,0.00016967414877866677,0.9585318565368652,2170.399773863144
33190,4.312237739562988,,0.00016947542841131604,0.975023090839386,2171.043915127404
33200,4.310764789581299,,0.00016927696812892194,0.942318856716156,2171.6910195052624
33210,4.258540153503418,,0.00016907876806713016,0.9502028226852417,2172.3356569800526
33220,4.219407081604004,,0.0001688808283614085,0.9612409472465515,2172.980017265305
33230,4.356762409210205,,0.00016868314914704694,0.9531934261322021,2173.6239649774507
33240,4.162374496459961,,0.00016848573055915723,0.8948107957839966,2174.2678882209584
33250,4.221819877624512,,0.00016828857273267327,0.9786590933799744,2174.911824364215
33260,4.381886005401611,,0.00016809167580235054,0.9563676118850708,2175.556287633255
33270,4.310845375061035,,0.0001678950399027663,0.9844761490821838,2176.2008716296405
33280,4.2586259841918945,,0.00016769866516831914,0.9268426299095154,2176.8452905211598
33290,4.310757160186768,,0.00016750255173322943,0.9809052348136902,2177.4896251205355
33300,4.258807182312012,,0.00016730669973153892,0.9760925769805908,2178.134715922177
33310,4.21298885345459,,0.00016711110929711062,0.9547716379165649,2178.7788898833096
33320,4.156827926635742,,0.00016691578056362872,0.954688310623169,2179.42424797453
33330,4.197091579437256,,0.00016672071366459842,0.9454286098480225,2180.072526459582
33340,4.037126064300537,,0.0001665259087333462,0.9869325160980225,2180.7199283475056
33350,4.115926265716553,,0.00016633136590301945,0.9573303461074829,2181.3650777144358
33360,4.127321720123291,,0.00016613708530658632,0.9234590530395508,2182.009819692932
33370,4.264199256896973,,0.0001659430670768359,0.93569415807724,2182.6541734403
33380,4.192828178405762,,0.00016574931134637758,0.9136705994606018,2183.3006024640054
33390,4.21845006942749,,0.00016555581824764164,0.9524085521697998,2183.9452415471897
33400,4.073337554931641,,0.00016536258791287887,0.9044740200042725,2184.5898246383294
33410,4.2610063552856445,,0.00016516962047416044,0.976115882396698,2185.233860624023
33420,4.190077304840088,,0.00016497691606337766,0.9357390999794006,2185.8782851994038
33430,4.160266399383545,,0.00016478447481224214,0.9665668606758118,2186.5224231025204
33440,4.164099216461182,,0.0001645922968522857,0.9576030969619751,2187.165906582959
33450,4.179474830627441,,0.0001644003823148602,0.9758331775665283,2187.8102717706934
33460,4.181612491607666,,0.0001642087313311374,0.981260359287262,2188.454292088747
33470,4.247951984405518,,0.00016401734403210903,0.9229620695114136,2189.0982269141823
33480,4.14730978012085,,0.00016382622054858634,0.9448435306549072,2189.7426740191877
33490,4.246776103973389,,0.00016363536101120045,0.9676367044448853,2190.386858907528
33500,4.230024814605713,4.201623177528381,0.00016344476555040215,0.9369521737098694,2191.436275520362
33510,4.2640838623046875,,0.00016325443429646171,0.9271402955055237,2192.07994615566
33520,4.304774284362793,,0.00016306436737946863,1.0387122631072998,2192.724984548986
33530,4.173393249511719,,0.00016287456492933175,0.9400513172149658,2193.369220986031
33540,4.372172832489014,,0.00016268502707577937,0.9519153833389282,2194.0130673302338
33550,4.122319221496582,,0.0001624957539483588,0.9613445401191711,2194.6571958409622
33560,4.328791618347168,,0.00016230674567643645,0.9538401961326599,2195.304827711545
33570,4.1574387550354,,0.00016211800238919783,0.9676675796508789,2195.9500722866505
33580,4.258993148803711,,0.00016192952421564697,0.9596008062362671,2196.594709043391
33590,4.198026180267334,,0.000161741311284607,0.947684109210968,2197.247745684348
33600,4.229465961456299,,0.00016155336372471987,0.9793794751167297,2197.892997518182
33610,4.104689598083496,,0.00016136568166444563,0.956368088722229,2198.540621683933
33620,4.2093658447265625,,0.00016117826523206347,0.9530224204063416,2199.186489181593
33630,3.9942679405212402,,0.0001609911145556706,0.9520857334136963,2199.83059951663
33640,4.235015869140625,,0.00016080422976318278,0.94407057762146,2200.474600696005
33650,4.23651647567749,,0.000160617610982334,0.9399107098579407,2201.117829097435
33660,4.312516212463379,,0.00016043125834067646,0.9564375281333923,2201.7646985342726
33670,4.219908714294434,,0.00016024517196558058,0.9405604600906372,2202.4084269218147
33680,4.283407688140869,,0.00016005935198423434,0.9698653221130371,2203.0528842480853
33690,4.043027877807617,,0.00015987379852364423,1.0191898345947266,2203.696807725355
33700,4.270773887634277,,0.00015968851171063405,0.9579634666442871,2204.34023784101
33710,4.210928916931152,,0.00015950349167184567,0.9633397459983826,2204.9849255001172
33720,4.105894088745117,,0.00015931873853373868,0.9253789782524109,2205.6292078411207
33730,4.214573860168457,,0.00015913425242258995,0.9609843492507935,2206.273551025428
33740,4.135601043701172,,0.00015895003346449397,0.898046612739563,2206.916994829662
33750,4.257656097412109,,0.0001587660817853628,0.9775646328926086,2207.5604654243216
33760,4.23730993270874,,0.00015858239751092556,0.9406239986419678,2208.2046279674396
33770,4.056568145751953,,0.00015839898076672892,0.9323097467422485,2208.852031457238
33780,4.169288158416748,,0.00015821583167813634,0.9519299268722534,2209.4964171005413
33790,4.13337516784668,,0.00015803295037032837,0.9547682404518127,2210.140585422516
33800,4.136170387268066,,0.00015785033696830286,0.9760148525238037,2210.7869974495843
33810,4.324275016784668,,0.0001576679915968742,0.9619846940040588,2211.431723382324
33820,4.266500473022461,,0.00015748591438067398,0.9607885479927063,2212.0815309574828
33830,4.116827011108398,,0.00015730410544414998,0.9233857989311218,2212.7259055441245
33840,4.134896278381348,,0.000157122564911567,0.9146118760108948,2213.3701949249953
33850,4.178522109985352,,0.00015694129290700628,0.975436806678772,2214.015088808723
33860,4.347204208374023,,0.00015676028955436555,0.9633103013038635,2214.658981868066
33870,4.279380798339844,,0.00015657955497735894,0.9397517442703247,2215.3076090496033
33880,4.086292266845703,,0.0001563990892995168,0.9641895294189453,2215.952141849324
33890,4.2245330810546875,,0.0001562188926441856,0.9627956748008728,2216.5972085259855
33900,4.159402847290039,,0.00015603896513452815,0.9312401413917542,2217.241687889211
33910,4.220784664154053,,0.00015585930689352318,0.9374522566795349,2217.888202851638
33920,4.205965518951416,,0.0001556799180439655,0.970952570438385,2218.5323093207553
33930,4.218405723571777,,0.00015550079870846562,0.977226972579956,2219.176476133056
33940,4.0600385665893555,,0.00015532194900944979,0.9918228387832642,2219.8215173631907
33950,4.176536560058594,,0.00015514336906916027,0.9177975058555603,2220.466657280922
33960,4.286345481872559,,0.00015496505900965474,0.9571471810340881,2221.110428713262
33970,4.148345947265625,,0.00015478701895280654,0.9894342422485352,2221.7544601317495
33980,4.036980152130127,,0.00015460924902030416,0.9559872150421143,2222.39847678598
33990,4.2410383224487305,,0.00015443174933365175,0.9351895451545715,2223.043424458243
34000,4.197207450866699,4.2059613227844235,0.00015425452001416865,0.9660071134567261,2224.095355739817
34010,4.148988723754883,,0.00015407756118298948,0.9641491174697876,2224.7393571175635
34020,4.209400177001953,,0.00015390087296106398,0.9344285726547241,2225.383080309257
34030,4.38308048248291,,0.00015372445546915674,0.9640003442764282,2226.0267354371026
34040,4.29620885848999,,0.00015354830882784753,0.9510065317153931,2226.6708408743143
34050,4.051155090332031,,0.00015337243315753093,0.9394508004188538,2227.32087659277
34060,4.19530725479126,,0.0001531968285784164,0.9259457588195801,2227.9654834903777
34070,4.367485046386719,,0.00015302149521052781,0.9414259195327759,2228.6128666009754
34080,4.223474502563477,,0.00015284643317370404,0.9813531041145325,2229.2571351341903
34090,4.159548759460449,,0.00015267164258759818,0.9702305793762207,2229.9015163425356
34100,4.240030288696289,,0.00015249712357167798,0.9751266837120056,2230.552748755552
34110,4.151260852813721,,0.0001523228762452256,0.943035364151001,2231.197423985228
34120,4.266358375549316,,0.00015214890072733756,0.944571316242218,2231.8435812192038
34130,4.014749526977539,,0.00015197519713692432,0.9142008423805237,2232.48791143205
34140,4.320645332336426,,0.0001518017655927106,0.9765810966491699,2233.1314585972577
34150,4.172273635864258,,0.00015162860621323535,0.9771308302879333,2233.775985523127
34160,4.153076171875,,0.00015145571911685143,0.9751389026641846,2234.4211419271305
34170,4.196816444396973,,0.00015128310442172536,1.0068821907043457,2235.0656043011695
34180,4.149398326873779,,0.0001511107622458378,0.9633705615997314,2235.709671714343
34190,4.220455646514893,,0.00015093869270698285,0.9666221141815186,2236.3537552487105
34200,4.337034225463867,,0.00015076689592276852,0.9999193549156189,2236.997538614087
34210,4.263548851013184,,0.00015059537201061633,0.9708259701728821,2237.6423661550507
34220,4.222929000854492,,0.00015042412108776126,0.987522304058075,2238.287293846719
34230,4.371643543243408,,0.00015025314327125154,0.980217456817627,2238.932086427696
34240,4.398311614990234,,0.00015008243867794909,0.9850624203681946,2239.5764318909496
34250,4.181215286254883,,0.00014991200742452886,0.9641717672348022,2240.221437565051
34260,4.253147125244141,,0.0001497418496274788,0.960182249546051,2240.866566042416
34270,4.156742095947266,,0.00014957196540310038,1.1666356325149536,2241.5118036102504
34280,4.2846879959106445,,0.00014940235486750783,0.9560917019844055,2242.1575310137123
34290,4.252457141876221,,0.00014923301813662824,0.975732147693634,2242.8022711239755
34300,4.362521648406982,,0.00014906395532620178,0.9455816745758057,2243.4465581951663
34310,4.3265156745910645,,0.00014889516655178125,0.9511795043945312,2244.0907613607123
34320,4.144221305847168,,0.00014872665192873226,0.9383518099784851,2244.734832298942
34330,4.290077209472656,,0.0001485584115722328,0.9846634864807129,2245.3795753559098
34340,4.324380874633789,,0.0001483904455972738,0.9869270920753479,2246.0279401224107
34350,4.192476272583008,,0.00014822275411865814,0.9615501761436462,2246.672742531635
34360,4.2340545654296875,,0.00014805533725100156,0.9559749960899353,2247.3175408802927
34370,4.219876766204834,,0.0001478881951087318,0.9649969339370728,2247.9679636470973
34380,4.108811378479004,,0.0001477213278060891,0.9310119152069092,2248.614736779593
34390,4.21617317199707,,0.00014755473545712547,0.9863530993461609,2249.262464839034
34400,4.229250907897949,,0.0001473884181757054,0.9162587523460388,2249.907737744041
34410,4.189505100250244,,0.00014722237607550504,0.9219655394554138,2250.552734882571
34420,4.237277984619141,,0.00014705660927001281,0.9867798686027527,2251.197794644162
34430,4.224830627441406,,0.00014689111787252848,0.957560122013092,2251.843770221807
34440,4.055113315582275,,0.00014672590199616412,0.9764930009841919,2252.4903562599793
34450,4.174892425537109,,0.00014656096175384294,0.9792004227638245,2253.1354451552033
34460,4.094555377960205,,0.00014639629725830028,0.9503403902053833,2253.780357499607
34470,4.23454475402832,,0.00014623190862208263,0.9714798927307129,2254.426242876798
34480,4.246267795562744,,0.00014606779595754827,0.9789848327636719,2255.072057357058
34490,4.316522598266602,,0.0001459039593768664,1.0094424486160278,2255.71874804236
34500,4.203193187713623,4.17515869140625,0.00014574039899201786,0.9661569595336914,2256.774057140574
34510,4.290687561035156,,0.00014557711491479475,0.9859545230865479,2257.418645790778
34520,4.2397003173828125,,0.00014541410725680014,0.9387832880020142,2258.0647499430925
34530,4.12862491607666,,0.00014525137612944822,0.967723548412323,2258.709636813961
34540,4.255486488342285,,0.0001450889216439641,0.9637051820755005,2259.3548238622025
34550,4.220823287963867,,0.00014492674391138397,0.9474775791168213,2260.0042099514976
34560,4.24153995513916,,0.0001447648430425547,0.9487049579620361,2260.6520400457084
34570,4.209362983703613,,0.00014460321914813414,0.9943336248397827,2261.300638301298
34580,4.264019966125488,,0.00014444187233859064,0.9661350846290588,2261.9482231186703
34590,4.272571563720703,,0.00014428080272420318,0.9560750722885132,2262.593547206372
34600,4.237734794616699,,0.00014412001041506133,0.9488242864608765,2263.2372306967154
34610,4.234687328338623,,0.00014395949552106513,0.9864361882209778,2263.881321239285
34620,4.339003562927246,,0.00014379925815192514,0.9548177123069763,2264.5258122803643
34630,4.273196220397949,,0.00014363929841716195,1.0048295259475708,2265.1711765844375
34640,4.125123023986816,,0.00014347961642610643,0.966327428817749,2265.8229834074154
34650,4.126581192016602,,0.00014332021228789983,0.9754224419593811,2266.468703635037
34660,4.31704044342041,,0.00014316108611149336,0.9726353287696838,2267.1191817168146
34670,4.124603271484375,,0.00014300223800564832,0.937644898891449,2267.7645228831097
34680,4.149686813354492,,0.00014284366807893587,0.9472038745880127,2268.410495779477
34690,4.3039231300354,,0.000142685376439737,0.9577927589416504,2269.0547481141984
34700,4.11895751953125,,0.00014252736319624254,0.9681175351142883,2269.6989845195785
34710,4.1265153884887695,,0.00014236962845645313,0.9930123090744019,2270.344052767381
34720,4.095057487487793,,0.00014221217232817903,0.9850455522537231,2270.9888111660257
34730,4.175373077392578,,0.00014205499491903994,0.95355623960495,2271.63481929712
34740,4.054861068725586,,0.000141898096336465,0.9824157357215881,2272.2807954186574
34750,4.1306986808776855,,0.00014174147668769309,0.9497090578079224,2272.92586116679
34760,4.135957717895508,,0.00014158513607977221,0.937516450881958,2273.5730847613886
34770,4.323439598083496,,0.00014142907461955965,0.9685875177383423,2274.216825613752
34780,4.344097137451172,,0.00014127329241372214,0.9688708186149597,2274.8599209273234
34790,4.114085674285889,,0.00014111778956873508,0.936830461025238,2275.504159063101
34800,4.27302360534668,,0.00014096256619088336,0.9975130558013916,2276.1483304109424
34810,4.158588409423828,,0.00014080762238626068,0.961826741695404,2276.7929640822113
34820,4.071229934692383,,0.00014065295826076962,0.9780986905097961,2277.438264556229
34830,4.0832319259643555,,0.0001404985739201217,0.9639565348625183,2278.0840271404013
34840,4.126128673553467,,0.00014034446946983712,0.9325772523880005,2278.7300369432196
34850,4.223817825317383,,0.00014019064501524477,0.9786180853843689,2279.3742369692773
34860,4.224967002868652,,0.00014003710066148235,0.9769617319107056,2280.01764254272
34870,4.24144172668457,,0.00013988383651349586,0.948514461517334,2280.6594367558137
34880,4.064755916595459,,0.00013973085267604006,0.943605363368988,2281.3029641564935
34890,4.16111946105957,,0.00013957814925367776,0.9386902451515198,2281.947646486573
34900,4.2274861335754395,,0.00013942572635078045,0.9511442184448242,2282.592302764766
34910,4.180603981018066,,0.00013927358407152764,1.002872109413147,2283.237528413534
34920,4.109792709350586,,0.0001391217225199072,0.9484345316886902,2283.8827959718183
34930,4.232807159423828,,0.00013897014179971518,0.993292510509491,2284.5285250302404
34940,4.226329803466797,,0.00013881884201455533,0.9965609312057495,2285.175389654003
34950,4.294374465942383,,0.00013866782326783978,0.9379319548606873,2285.8196591762826
34960,4.2094292640686035,,0.0001385170856627884,0.9820432066917419,2286.4644280970097
34970,4.222949981689453,,0.00013836662930242886,0.9482067227363586,2287.108895480633
34980,4.152132034301758,,0.00013821645428959686,0.9771619439125061,2287.7553109303117
34990,4.108495712280273,,0.00013806656072693537,0.9647558331489563,2288.398788632825
35000,3.9969356060028076,4.166647279262543,0.00013791694871689543,1.0101318359375,2289.451532864943
35010,4.209709644317627,,0.00013776761836173525,0.9531617760658264,2290.0954005615786
35020,4.255761623382568,,0.00013761856976352076,0.9704281091690063,2290.7385735176504
35030,4.324117660522461,,0.00013746980302412542,0.9640944004058838,2291.3840554812923
35040,4.255692005157471,,0.00013732131824522966,0.9804708957672119,2292.0285393502563
35050,4.136849403381348,,0.0001371731155283216,0.9289631247520447,2292.673289933242
35060,4.168979167938232,,0.00013702519497469634,1.0146785974502563,2293.318696648814
35070,4.264986515045166,,0.00013687755668545623,0.9748783707618713,2293.965851594694
35080,4.065072536468506,,0.00013673020076151063,0.9467766284942627,2294.610960951075
35090,4.268350601196289,,0.00013658312730357596,0.9554370045661926,2295.257963741198
35100,4.256357192993164,,0.00013643633641217536,0.9788831472396851,2295.9038542266935
35110,4.236683368682861,,0.0001362898281876392,0.9667108654975891,2296.5517117353156
35120,4.096762657165527,,0.00013614360273010435,0.968245804309845,2297.1976672634482
35130,4.195370197296143,,0.00013599766013951478,0.9704920649528503,2297.842404782772
35140,4.300258636474609,,0.0001358520005156205,0.9343603253364563,2298.488258616999
35150,4.132923126220703,,0.0001357066239579788,0.9918602108955383,2299.135017512366
35160,4.198439598083496,,0.00013556153056595301,1.0615900754928589,2299.7802270073444
35170,4.209855079650879,,0.00013541672043871315,0.9631835222244263,2300.4256559256464
35180,4.130911350250244,,0.0001352721936752357,1.0154132843017578,2301.0763686383143
35190,4.178544521331787,,0.0001351279503743032,1.0095324516296387,2301.721511510201
35200,4.101245880126953,,0.00013498399063450455,0.9843361377716064,2302.3663738807663
35210,4.147028923034668,,0.00013484031455423488,0.9604149460792542,2303.0119216721505
35220,4.196488380432129,,0.00013469692223169554,0.973130464553833,2303.6569368094206
35230,4.101557731628418,,0.00013455381376489386,1.0127249956130981,2304.3015551045537
35240,4.274444580078125,,0.00013441098925164296,0.9896348714828491,2304.945746543817
35250,4.248661994934082,,0.00013426844878956215,0.9724134206771851,2305.5905575742945
35260,4.2769365310668945,,0.00013412619247607648,0.9688680171966553,2306.235474737361
35270,4.323497772216797,,0.00013398422040841683,0.9934455752372742,2306.8802401795983
35280,4.215583324432373,,0.00013384253268361972,0.964429497718811,2307.524489876814
35290,4.312906742095947,,0.00013370112939852741,0.9661698937416077,2308.1701804362237
35300,4.232210636138916,,0.00013356001064978765,0.992530345916748,2308.814722583629
35310,4.351565361022949,,0.0001334191765338538,0.9450507760047913,2309.4586318610236
35320,4.22479248046875,,0.00013327862714698467,0.9964789748191833,2310.102464926429
35330,4.168511390686035,,0.00013313836258524445,0.9568986296653748,2310.7471985416487
35340,4.211516380310059,,0.00013299838294450272,1.025525689125061,2311.3920158352703
35350,4.255629539489746,,0.00013285868832043404,0.9726549983024597,2312.036608955823
35360,4.250514984130859,,0.00013271927880851848,1.0364420413970947,2312.680920502171
35370,4.290300369262695,,0.00013258015450404127,0.9665133357048035,2313.324320654385
35380,4.240610122680664,,0.0001324413155020923,1.3219677209854126,2313.968259033747
35390,4.2050275802612305,,0.00013230276189756692,0.9750365018844604,2314.6133331907913
35400,4.111441612243652,,0.0001321644937851651,0.9583512544631958,2315.262677617371
35410,4.2442827224731445,,0.0001320265112593918,0.9868205189704895,2315.908580207266
35420,4.219761848449707,,0.00013188881441455677,0.9543001055717468,2316.5576222790405
35430,4.149794578552246,,0.00013175140334477456,0.945263683795929,2317.2016462991014
35440,4.32792329788208,,0.00013161427814396438,0.9846678376197815,2317.8462412459776
35450,4.145945072174072,,0.00013147743890584988,1.0061331987380981,2318.4908813955262
35460,4.184698104858398,,0.00013134088572395956,1.0097243785858154,2319.1360240364447
35470,4.347790718078613,,0.00013120461869162603,0.9736340045928955,2319.7804346894845
35480,4.241846084594727,,0.00013106863790198658,0.9852500557899475,2320.42485686671
35490,4.189536094665527,,0.00013093294344798293,0.9812877178192139,2321.0681398138404
35500,4.3110809326171875,4.201046323776245,0.00013079753542236081,0.9778264760971069,2322.1164966775104
35510,4.18983268737793,,0.00013066241391767043,0.9839752316474915,2322.7596306381747
35520,4.244673728942871,,0.00013052757902626597,0.9622755646705627,2323.4034462897107
35530,4.333958625793457,,0.0001303930308403059,0.9518792033195496,2324.0472411885858
35540,4.107328414916992,,0.0001302587694517526,0.964114248752594,2324.691368685104
35550,4.388659954071045,,0.0001301247949523725,0.9746218323707581,2325.3353980947286
35560,4.134705543518066,,0.00012999110743373575,0.9787145853042603,2325.978748055175
35570,4.301639556884766,,0.00012985770698721664,0.9643850326538086,2326.622484442778
35580,4.234539031982422,,0.0001297245937039931,0.9574146866798401,2327.266334296204
35590,4.174999237060547,,0.0001295917676750469,0.9620493054389954,2327.91014925763
35600,4.092443943023682,,0.00012945922899116317,0.9531261324882507,2328.55502436962
35610,4.3015265464782715,,0.000129326977742931,1.019995927810669,2329.2002806905657
35620,4.367156505584717,,0.00012919501402074284,1.0180493593215942,2329.8453397182748
35630,4.229908466339111,,0.0001290633379147946,0.993290364742279,2330.493461941369
35640,4.275607585906982,,0.0001289319495150858,0.9928467869758606,2331.1435297923163
35650,4.278549671173096,,0.0001288008489114191,0.9788681268692017,2331.7868055617437
35660,4.255758285522461,,0.00012867003619340035,0.9565378427505493,2332.430931629613
35670,4.267200469970703,,0.00012853951145043902,1.0075414180755615,2333.078357690014
35680,4.210350513458252,,0.00012840927477174747,0.9724436402320862,2333.7229729061946
35690,4.151520729064941,,0.0001282793262463413,0.9721084237098694,2334.367922289297
35700,4.062668800354004,,0.00012814966596303898,1.0316181182861328,2335.012593081221
35710,4.248133659362793,,0.0001280202940104622,0.9919606447219849,2335.6575154587626
35720,4.099115371704102,,0.00012789121047703536,0.9747281074523926,2336.302644997835
35730,4.243764400482178,,0.000127762415450986,0.9669535160064697,2336.9476304762065
35740,4.149126052856445,,0.00012763390902034423,0.9486376643180847,2337.592386885546
35750,4.249823570251465,,0.00012750569127294297,0.979385256767273,2338.2375989099964
35760,4.065586090087891,,0.0001273777622964178,0.9474529027938843,2338.8818503580987
35770,4.283156394958496,,0.000127250122178207,0.9940872192382812,2339.526566383429
35780,4.140517711639404,,0.00012712277100555142,0.9809906482696533,2340.171635086648
35790,4.198172569274902,,0.0001269957088654944,0.9946984052658081,2340.8163036331534
35800,4.2277350425720215,,0.0001268689358448816,1.0242422819137573,2341.461552431807
35810,4.18663215637207,,0.00012674245203036133,1.0229872465133667,2342.1060546385124
35820,4.408201694488525,,0.00012661625750838391,1.0109232664108276,2342.7508972249925
35830,4.12637186050415,,0.0001264903523652024,0.9931081533432007,2343.3950449880213
35840,4.227445602416992,,0.00012636473668687146,1.003244161605835,2344.039197817445
35850,4.10983943939209,,0.00012623941055924838,0.9564896821975708,2344.683497939259
35860,4.166738510131836,,0.00012611437406799235,0.9676525592803955,2345.3301727389917
35870,4.155004024505615,,0.00012598962729856464,0.9348058104515076,2345.9741419805214
35880,4.191717624664307,,0.0001258651703362285,0.9792169332504272,2346.6200491553172
35890,4.160121917724609,,0.0001257410032660491,0.9850214719772339,2347.26932661701
35900,4.142497539520264,,0.00012561712617289344,0.9481875896453857,2347.915363240987
35910,4.0447306632995605,,0.0001254935391414303,1.008536458015442,2348.560008241795
35920,4.150885105133057,,0.00012537024225613036,0.9777387976646423,2349.209015672095
35930,4.15570068359375,,0.00012524723560126583,0.9687808752059937,2349.85443976894
35940,4.218194961547852,,0.0001251245192609105,1.0167495012283325,2350.5023153461516
35950,4.247596740722656,,0.00012500209331894007,0.9927127957344055,2351.1467882199213
35960,4.078556060791016,,0.0001248799578590312,1.0168421268463135,2351.791658484377
35970,4.178274154663086,,0.00012475811296466257,1.0688234567642212,2352.43640359398
35980,4.196047306060791,,0.0001246365587191139,0.9641269445419312,2353.081654184498
35990,4.029145240783691,,0.0001245152952054665,1.0205012559890747,2353.7260815622285
36000,4.365761756896973,4.159860682487488,0.00012439432250660267,0.9888577461242676,2354.777064587921
36010,4.340117454528809,,0.00012427364070520614,0.9708014726638794,2355.4208941981196
36020,4.277359485626221,,0.00012415324988376196,0.9690958261489868,2356.0662348782644
36030,4.2428693771362305,,0.00012403315012455586,0.9702590107917786,2356.711181481369
36040,4.217626571655273,,0.00012391334150967508,1.019820213317871,2357.3563407436013
36050,4.112674713134766,,0.00012379382412100768,0.9385293126106262,2358.0016973186284
36060,4.236230850219727,,0.00012367459804024249,0.9877245426177979,2358.646438796073
36070,4.1396589279174805,,0.00012355566334886961,0.9279196262359619,2359.294085198082
36080,4.205095291137695,,0.00012343702012817964,1.0424574613571167,2359.93952893652
36090,4.037025451660156,,0.0001233186684592643,0.9445146322250366,2360.583027820103
36100,4.276935577392578,,0.00012320060842301554,1.0220561027526855,2361.226605472155
36110,4.256899833679199,,0.00012308284010012656,1.005035161972046,2361.871753926389
36120,4.162862300872803,,0.00012296536357109077,0.9759076833724976,2362.516893072985
36130,4.24973726272583,,0.00012284817891620222,0.9915291666984558,2363.1617178004235
36140,4.263144493103027,,0.00012273128621555554,0.9946293234825134,2363.807104278356
36150,4.227855682373047,,0.00012261468554904595,1.005543828010559,2364.4527940070257
36160,4.445199966430664,,0.00012249837699636874,1.0331811904907227,2365.098232029937
36170,4.205313682556152,,0.00012238236063701974,0.9555079936981201,2365.7438560537994
36180,4.080118179321289,,0.000122266636550295,0.9587006568908691,2366.388708446175
36190,4.097079277038574,,0.000122151204815291,0.9430858492851257,2367.033514065668
36200,4.271286964416504,,0.00012203606551090408,0.9955929517745972,2367.677905470133
36210,4.253427028656006,,0.00012192121871583097,0.9501548409461975,2368.3219872955233
36220,4.187428951263428,,0.0001218066645085683,0.9892054796218872,2368.964760181494
36230,4.273493766784668,,0.00012169240296741276,0.9989088773727417,2369.608179016039
36240,4.123264312744141,,0.00012157843417046116,0.9670458436012268,2370.2523044263944
36250,4.252469062805176,,0.00012146475819561003,0.9606938362121582,2370.897416888736
36260,4.159521102905273,,0.0001213513751205558,0.9877979755401611,2371.542003833689
36270,4.246777534484863,,0.00012123828502279476,1.0013482570648193,2372.187488367781
36280,4.239823341369629,,0.00012112548797962291,1.0219422578811646,2372.8324606325477
36290,4.169351100921631,,0.00012101298406813605,0.9890475273132324,2373.4775600936264
36300,4.23247766494751,,0.00012090077336522944,0.9829727411270142,2374.12209807802
36310,4.068114757537842,,0.00012078885594759805,0.9446462988853455,2374.7664851890877
36320,4.200057029724121,,0.00012067723189173639,0.982756495475769,2375.4113540276885
36330,4.128561973571777,,0.00012056590127393846,1.0082107782363892,2376.055952290073
36340,4.229729652404785,,0.00012045486417029768,0.9957409501075745,2376.6994686815888
36350,4.229076862335205,,0.00012034412065670697,0.9626274704933167,2377.3435678919777
36360,4.21942138671875,,0.00012023367080885828,0.980228066444397,2377.9876567116007
36370,4.268511772155762,,0.00012012351470224316,1.009995937347412,2378.6325404765084
36380,4.261597633361816,,0.00012001365241215222,1.0045093297958374,2379.280070150271
36390,4.249101638793945,,0.00011990408401367542,1.00407075881958,2379.926479546353
36400,4.171248435974121,,0.00011979480958170162,1.037632942199707,2380.57302214019
36410,4.143790245056152,,0.0001196858291909188,0.9347968101501465,2381.2185531500727
36420,4.116211891174316,,0.00011957714291581414,0.9845662713050842,2381.864186119288
36430,4.306309700012207,,0.00011946875083067364,1.0222820043563843,2382.5126891555265
36440,4.199268817901611,,0.00011936065300958225,0.9494879245758057,2383.1580689754337
36450,4.214581489562988,,0.00011925284952642393,0.96296626329422,2383.8038508044556
36460,3.9404144287109375,,0.00011914534045488122,0.9290955066680908,2384.4497100561857
36470,4.228637218475342,,0.00011903812586843556,0.978760838508606,2385.095018419437
36480,4.153937339782715,,0.00011893120584036712,0.9904962182044983,2385.7415642654523
36490,4.065993309020996,,0.00011882458044375488,0.9503158926963806,2386.3879083488137
36500,4.2874884605407715,4.191788172721862,0.00011871824975147613,1.0662002563476562,2387.443556688726
36510,4.169816017150879,,0.00011861221383620682,1.0306694507598877,2388.0892867734656
36520,4.155895233154297,,0.0001185064727704217,0.9907196164131165,2388.736822183244
36530,4.1545867919921875,,0.00011840102662639364,0.9703320264816284,2389.3821210013703
36540,4.032266139984131,,0.00011829587547619415,0.9877738356590271,2390.027197019197
36550,4.354162216186523,,0.00011819101939169312,0.9670404195785522,2390.6712779905647
36560,4.1919755935668945,,0.00011808645844455855,0.9418600797653198,2391.317004309036
36570,4.29723596572876,,0.00011798219270625695,1.1020601987838745,2391.9621555134654
36580,4.30666971206665,,0.00011787822224805304,0.9983699917793274,2392.6082011805847
36590,4.195301055908203,,0.00011777454714100943,1.0076243877410889,2393.2547241598368
36600,4.153193473815918,,0.00011767116745598729,0.9705605506896973,2393.8989835605025
36610,4.248565673828125,,0.00011756808326364551,1.0151424407958984,2394.5437303045765
36620,4.1283369064331055,,0.00011746529463444125,1.0106759071350098,2395.1885805763304
36630,4.063213348388672,,0.00011736280163862956,0.9571340680122375,2395.8323090616614
36640,4.212887763977051,,0.00011726060434626341,0.987706184387207,2396.4776877490804
36650,4.32763671875,,0.00011715870282719375,1.0011450052261353,2397.122948532924
36660,4.219944953918457,,0.00011705709715106923,0.9446893930435181,2397.767592534423
36670,4.240250587463379,,0.0001169557873873364,0.9724023342132568,2398.4132622713223
36680,4.3031463623046875,,0.00011685477360523952,0.9765095710754395,2399.057946923189
36690,4.1530280113220215,,0.00011675405587382057,0.9807676076889038,2399.70281648729
36700,4.103602409362793,,0.00011665363426191917,1.0346909761428833,2400.3503990657628
36710,4.0847368240356445,,0.00011655350883817253,0.967176616191864,2400.9945054417476
36720,4.162147521972656,,0.00011645367967101545,1.004958152770996,2401.639522401616
36730,4.213343143463135,,0.0001163541468286802,0.9986799955368042,2402.284123151563
36740,4.353391647338867,,0.00011625491037919655,1.0188323259353638,2402.928768960759
36750,4.243041038513184,,0.00011615597039039177,0.9591630101203918,2403.5736579904333
36760,4.088329315185547,,0.0001160573269298903,0.9687381386756897,2404.2207127464935
36770,4.143777847290039,,0.00011595898006511395,0.9889602065086365,2404.867303658277
36780,4.190905570983887,,0.00011586092986328201,0.951805591583252,2405.512741215527
36790,4.165626525878906,,0.00011576317639141078,1.0663925409317017,2406.1570939486846
36800,4.096644401550293,,0.00011566571971631396,0.9844063520431519,2406.8022138541564
36810,4.248723030090332,,0.00011556855990460215,1.0286439657211304,2407.446876961738
36820,4.143877029418945,,0.00011547169702268316,0.9501488208770752,2408.0928053911775
36830,4.269850730895996,,0.00011537513113676196,0.976473331451416,2408.737067063339
36840,4.136732578277588,,0.0001152788623128403,0.9708873629570007,2409.3814196409658
36850,4.23856258392334,,0.00011518289061671712,0.9718875288963318,2410.025429182686
36860,4.135236740112305,,0.00011508721611398817,1.0133121013641357,2410.670380166732
36870,4.08868408203125,,0.00011499183887004597,0.9787892699241638,2411.3143149241805
36880,4.091106414794922,,0.00011489675895008001,0.9629092812538147,2411.961976878345
36890,4.339683532714844,,0.0001148019764190765,1.0457128286361694,2412.609827497974
36900,4.223907470703125,,0.00011470749134181851,1.0448565483093262,2413.2591954544187
36910,4.144417762756348,,0.00011461330378288556,1.0273200273513794,2413.90370652359
36920,4.2900071144104,,0.00011451941380665404,0.9710162281990051,2414.5482602892444
36930,4.1615800857543945,,0.00011442582147729686,0.9712835550308228,2415.1933121802285
36940,4.248120307922363,,0.00011433252685878348,1.107426404953003,2415.839361006394
36950,4.319343566894531,,0.0001142395300148799,0.9922749996185303,2416.487493122928
36960,4.16718864440918,,0.00011414683100914865,0.962573766708374,2417.1312889391556
36970,4.120326042175293,,0.00011405442990494843,1.0063308477401733,2417.7766529917717
36980,4.134555816650391,,0.0001139623267654347,0.9918909072875977,2418.4263910176232
36990,4.184511661529541,,0.00011387052165355899,1.0055406093597412,2419.069267479703
37000,4.180164337158203,4.2028926610946655,0.00011377901463206936,0.9516564011573792,2420.1169404480606
37010,4.20218563079834,,0.00011368780576350985,0.9676144123077393,2420.7627387596294
37020,4.354402542114258,,0.00011359689511022094,0.9933496713638306,2421.411232226528
37030,4.206794738769531,,0.0001135062827343392,0.978840708732605,2422.056398043409
37040,4.265542030334473,,0.00011341596869779733,0.9863916635513306,2422.7011992326006
37050,4.147713661193848,,0.00011332595306232408,1.0180469751358032,2423.3463740171865
37060,4.106235504150391,,0.00011323623588944437,0.9800969362258911,2423.991535737179
37070,4.019071578979492,,0.00011314681724047893,1.0043246746063232,2424.6401418484747
37080,4.251049518585205,,0.00011305769717654466,0.9846440553665161,2425.2854723231867
37090,4.183130264282227,,0.00011296887575855421,1.0153987407684326,2425.929556653835
37100,4.202398300170898,,0.00011288035304721632,0.9760425686836243,2426.5767123112455
37110,4.025479793548584,,0.00011279212910303524,1.0061851739883423,2427.2234463822097
37120,4.246969223022461,,0.00011270420398631129,0.9879014492034912,2427.873530127108
37130,4.299539566040039,,0.0001126165777571405,1.0543291568756104,2428.5207323888317
37140,4.195527076721191,,0.00011252925047541456,0.9763885736465454,2429.1706404406577
37150,4.051159381866455,,0.00011244222220082078,0.9936696887016296,2429.817070069723
37160,4.177722454071045,,0.00011235549299284226,0.9550663828849792,2430.463516080752
37170,4.182971477508545,,0.00011226906291075745,0.9864490032196045,2431.108046562411
37180,4.149074077606201,,0.00011218293201364059,1.1079407930374146,2431.756493861787
37190,4.159149169921875,,0.00011209710036036139,0.9671894311904907,2432.4014363195747
37200,4.323118686676025,,0.00011201156800958492,0.9753110408782959,2433.051519864239
37210,4.03701639175415,,0.00011192633501977168,1.037908673286438,2433.7000330984592
37220,4.169163703918457,,0.0001118414014491777,1.012378215789795,2434.345593577251
37230,4.242578506469727,,0.00011175676735585424,1.0031964778900146,2434.991211986169
37240,4.034533500671387,,0.00011167243279764786,0.9689486622810364,2435.6363994702697
37250,4.249449253082275,,0.00011158839783220051,1.0002235174179077,2436.2819526083767
37260,4.25405216217041,,0.00011150466251694928,0.9851225018501282,2436.9264922561124
37270,4.325009346008301,,0.00011142122690912647,0.997526228427887,2437.570841311477
37280,4.17375373840332,,0.00011133809106575948,1.013960361480713,2438.215514528565
37290,4.081551551818848,,0.00011125525504367093,1.3554928302764893,2438.859588133171
37300,4.14548397064209,,0.00011117271889947845,0.9795695543289185,2439.504105558619
37310,4.260189533233643,,0.00011109048268959466,1.0118309259414673,2440.1485803490505
37320,4.281997203826904,,0.00011100854647022735,0.9958409070968628,2440.791782710701
37330,4.117923736572266,,0.00011092691029737906,1.0008583068847656,2441.4361488791183
37340,4.228941917419434,,0.00011084557422684737,0.9813498258590698,2442.080232541077
37350,4.276734352111816,,0.00011076453831422467,1.10269033908844,2442.725217230618
37360,4.183812618255615,,0.0001106838026148984,0.9849852323532104,2443.370393545367
37370,4.000609397888184,,0.00011060336718405044,0.991199791431427,2444.0149479722604
37380,4.172638893127441,,0.00011052323207665779,1.012811303138733,2444.659666833468
37390,4.170853614807129,,0.00011044339734749193,0.9940106868743896,2445.304775749333
37400,4.11921501159668,,0.00011036386305111933,1.0171599388122559,2445.949113083072
37410,4.195819854736328,,0.00011028462924190072,0.9858360290527344,2446.5927377594635
37420,4.218082427978516,,0.0001102056959739918,0.9704576134681702,2447.2414189986885
37430,4.182201862335205,,0.00011012706330134267,0.992176353931427,2447.885577914305
37440,4.318754196166992,,0.00011004873127769798,1.0508097410202026,2448.529465802945
37450,4.292405128479004,,0.000109970699956597,0.9910212159156799,2449.173770313151
37460,4.231321334838867,,0.00010989296939137338,0.9610216617584229,2449.8188590537757
37470,4.176106929779053,,0.00010981553963515522,0.9729167819023132,2450.462845975533
37480,4.190543174743652,,0.00010973841074086497,0.9969636797904968,2451.1050529861823
37490,4.225399017333984,,0.00010966158276121963,1.2372090816497803,2451.7597704445943
37500,4.275384426116943,4.176606297492981,0.00010958505574873033,1.0144659280776978,2452.8133555222303
37510,4.204338073730469,,0.00010950882975570254,0.9653441905975342,2453.4575519785285
37520,4.173511505126953,,0.00010943290483423604,0.9798053503036499,2454.102683461271
37530,4.213370323181152,,0.00010935728103622475,0.985344648361206,2454.7468680115417
37540,4.268439769744873,,0.00010928195841335683,1.0163394212722778,2455.3916731681675
37550,4.265005588531494,,0.00010920693701711467,1.014299750328064,2456.0363486111164
37560,4.1591668128967285,,0.00010913221689877467,1.0274919271469116,2456.6824575122446
37570,4.179407119750977,,0.0001090577981094072,0.9817194938659668,2457.3273947685957
37580,4.218247890472412,,0.00010898368069987691,0.994163453578949,2457.971555678174
37590,4.176459789276123,,0.00010890986472084235,1.023675560951233,2458.6157542746514
37600,4.228397369384766,,0.00010883635022275603,0.9859030246734619,2459.260156063363
37610,4.282106876373291,,0.00010876313725586438,1.0587648153305054,2459.9043749943376
37620,4.254156112670898,,0.00010869022587020782,0.9738020300865173,2460.5483540929854
37630,4.094414234161377,,0.00010861761611562058,0.9445003271102905,2461.1928285527974
37640,4.2214274406433105,,0.0001085453080417307,0.9707365036010742,2461.8376678656787
37650,4.197089195251465,,0.00010847330169796007,1.0022923946380615,2462.4824595330283
37660,4.097620964050293,,0.0001084015971335245,1.0238085985183716,2463.127685544081
37670,4.138688564300537,,0.00010833019439743317,0.9744388461112976,2463.7719801180065
37680,4.174718856811523,,0.00010825909353848931,1.0094740390777588,2464.4169850861654
37690,4.10122013092041,,0.00010818829460528966,0.945349395275116,2465.0626620566472
37700,4.244662284851074,,0.00010811779764622459,0.9983908534049988,2465.709391492419
37710,4.195346355438232,,0.00010804760270947814,1.0008591413497925,2466.3533103782684
37720,4.203364849090576,,0.00010797770984302786,1.0135678052902222,2466.99798396416
37730,4.237644672393799,,0.0001079081190946449,1.0242563486099243,2467.6436792574823
37740,4.151866912841797,,0.00010783883051189386,0.953248918056488,2468.291215294972
37750,4.203291416168213,,0.00010776984414213279,0.9964678287506104,2468.9347261330113
37760,4.196201324462891,,0.00010770116003251334,0.9906511902809143,2469.5797698013484
37770,4.321591377258301,,0.00010763277822998035,0.9902967810630798,2470.2258441345766
37780,4.284659385681152,,0.00010756469878127215,1.0265100002288818,2470.870114975609
37790,4.4009294509887695,,0.00010749692173292045,1.0105926990509033,2471.514739602804
37800,4.065815448760986,,0.00010742944713125013,0.9773502945899963,2472.160955936648
37810,4.182773590087891,,0.00010736227502237954,1.0015076398849487,2472.8060255963355
37820,4.2883195877075195,,0.00010729540545222019,0.9676889777183533,2473.4494708171114
37830,4.170984745025635,,0.00010722883846647675,1.0164941549301147,2474.0937122553587
37840,4.162713527679443,,0.00010716257411064709,0.9938193559646606,2474.7373685929924
37850,4.277022361755371,,0.00010709661243002232,0.9786262512207031,2475.3805252779275
37860,4.033195495605469,,0.00010703095346968665,1.0067945718765259,2476.024363952689
37870,4.145553112030029,,0.00010696559727451731,1.001022219657898,2476.6696043703705
37880,4.135584831237793,,0.00010690054388918473,1.1620309352874756,2477.31474742759
37890,4.353915691375732,,0.00010683579335815214,1.0346461534500122,2477.959292751737
37900,4.048280239105225,,0.00010677134572567603,1.0055484771728516,2478.6044410858303
37910,4.2156877517700195,,0.00010670720103580573,0.9762701988220215,2479.248256701976
37920,4.104865074157715,,0.00010664335933238355,0.9857606291770935,2479.892679011449
37930,4.110215187072754,,0.00010657982065904461,1.0270593166351318,2480.5372371999547
37940,4.098397731781006,,0.00010651658505921705,0.9963559508323669,2481.183199939318
37950,4.169066429138184,,0.00010645365257612181,1.0369380712509155,2481.8299213601276
37960,4.2277021408081055,,0.00010639102325277272,0.9844997525215149,2482.47636125423
37970,4.168612003326416,,0.00010632869713197614,1.0454314947128296,2483.1215307228267
37980,4.1997833251953125,,0.00010626667425633161,0.9820449352264404,2483.7695421651006
37990,4.235448837280273,,0.000106204954668231,1.015292763710022,2484.4154468048364
38000,4.283935546875,4.202908253669738,0.00010614353840985913,0.9863466024398804,2485.4692513188347
38010,4.156736373901367,,0.00010608242552319341,0.9580817818641663,2486.113379915245
38020,4.148105144500732,,0.00010602161605000404,0.9800105690956116,2486.7583997333422
38030,4.198080062866211,,0.00010596111003185362,1.0697190761566162,2487.403447107412
38040,4.146319389343262,,0.00010590090751009741,0.9996641874313354,2488.048712702468
38050,4.219577789306641,,0.0001058410085258833,0.9915869832038879,2488.6938203973696
38060,4.131139278411865,,0.00010578141312015174,1.0009652376174927,2489.3391631776467
38070,4.164623260498047,,0.0001057221213336356,0.9982040524482727,2489.98476952035
38080,4.1882781982421875,,0.00010566313320686022,1.0127736330032349,2490.6301022311673
38090,4.185914039611816,,0.00010560444878014345,0.9963826537132263,2491.2741945423186
38100,4.160785675048828,,0.00010554606809359548,1.0004076957702637,2491.9193054400384
38110,4.091614723205566,,0.00010548799118711906,0.9989100694656372,2492.5649210615084
38120,4.245720863342285,,0.00010543021810040919,1.0693080425262451,2493.2101708007976
38130,4.170270919799805,,0.00010537274887295317,0.9897763133049011,2493.8549998914823
38140,4.2252116203308105,,0.0001053155835440307,0.9854784607887268,2494.4996649157256
38150,4.165340423583984,,0.00010525872215271381,0.966759443283081,2495.144080144353
38160,4.245826721191406,,0.00010520216473786666,0.9953922629356384,2495.789074288681
38170,4.160484790802002,,0.00010514591133814569,0.9640573263168335,2496.4336002273485
38180,4.183317184448242,,0.00010508996199199963,1.1274456977844238,2497.0783925075084
38190,4.117500305175781,,0.00010503431673766925,1.0511093139648438,2497.723759457469
38200,4.2613701820373535,,0.00010497897561318763,1.0197534561157227,2498.3696857783943
38210,4.247379779815674,,0.00010492393865637985,1.0022706985473633,2499.0157207082957
38220,4.205548286437988,,0.00010486920590486324,1.0135130882263184,2499.6608659261838
38230,4.063365459442139,,0.00010481477739604701,1.0075355768203735,2500.3061132878065
38240,4.159115791320801,,0.0001047606531671326,1.012193202972412,2500.9510415652767
38250,4.157154083251953,,0.00010470683325511337,0.9738897085189819,2501.5963442539796
38260,4.1017374992370605,,0.0001046533176967748,0.9896533489227295,2502.241358245723
38270,4.1084794998168945,,0.00010460010652869423,1.0061601400375366,2502.8869435880333
38280,4.190832138061523,,0.00010454719978724092,1.0231353044509888,2503.5318549703807
38290,4.194830894470215,,0.00010449459750857619,0.9790502786636353,2504.1766291428357
38300,4.20191764831543,,0.00010444229972865322,1.0078476667404175,2504.821730032563
38310,4.200256824493408,,0.00010439030648321704,0.9834731817245483,2505.4668615516275
38320,4.418425559997559,,0.00010433861780780451,1.0421069860458374,2506.1117521282285
38330,4.315173149108887,,0.00010428723373774437,0.9792748093605042,2506.756824371405
38340,4.199348449707031,,0.00010423615430815714,0.9987149238586426,2507.4022118980065
38350,4.363101482391357,,0.00010418537955395515,0.998876690864563,2508.0465311557055
38360,4.143588066101074,,0.0001041349095098425,0.9941477179527283,2508.6915167775005
38370,4.104777812957764,,0.0001040847442103149,0.9906474351882935,2509.3364759935066
38380,4.12668514251709,,0.0001040348836896599,1.0623289346694946,2509.982079620473
38390,4.236236572265625,,0.00010398532798195667,1.0391157865524292,2510.6266250563785
38400,4.213992595672607,,0.00010393607712107613,0.973233699798584,2511.2709204396233
38410,4.263836860656738,,0.00010388713114068076,1.0312416553497314,2511.915906866081
38420,4.242032051086426,,0.00010383849007422467,1.0984209775924683,2512.5612578056753
38430,4.228440284729004,,0.00010379015395495354,0.9629583358764648,2513.206219815649
38440,4.1985182762146,,0.00010374212281590469,0.9957406520843506,2513.853950884193
38450,4.078290939331055,,0.0001036943966899069,1.040022611618042,2514.5000999346375
38460,4.094825267791748,,0.00010364697560958058,0.989103376865387,2515.1473172316328
38470,4.102858543395996,,0.00010359985960733762,1.0177565813064575,2515.79264578782
38480,4.254969120025635,,0.00010355304871538127,1.0021710395812988,2516.4380073612556
38490,4.318891525268555,,0.00010350654296570634,1.0501083135604858,2517.0839017834514
38500,4.235635757446289,4.160583293437957,0.00010346034239009916,0.9946560263633728,2518.13679701183
38510,4.161344051361084,,0.00010341444702013735,1.0078151226043701,2518.7822058573365
38520,4.229733467102051,,0.00010336885688718994,1.0181288719177246,2519.428912997246
38530,4.115973472595215,,0.00010332357202241738,1.0679378509521484,2520.074026731774
38540,4.421017646789551,,0.00010327859245677144,1.030112385749817,2520.7191971465945
38550,4.234800338745117,,0.00010323391822099519,1.0274370908737183,2521.3654073029757
38560,4.127139091491699,,0.0001031895493456231,1.0233511924743652,2522.011770069599
38570,4.15523099899292,,0.00010314548586098087,1.0010533332824707,2522.6572638740763
38580,4.222186088562012,,0.00010310172779718545,1.0260363817214966,2523.3048366308212
38590,4.133172988891602,,0.00010305827518414507,0.9869903922080994,2523.950892542489
38600,4.326582908630371,,0.00010301512805155923,1.0286896228790283,2524.599258432165
38610,4.150558948516846,,0.00010297228642891852,0.9916422963142395,2525.245122381486
38620,4.161290168762207,,0.00010292975034550484,0.9896609783172607,2525.889880636707
38630,4.267505645751953,,0.00010288751983039117,1.0204122066497803,2526.534842872061
38640,4.19657039642334,,0.00010284559491244167,1.0016858577728271,2527.17985963542
38650,4.2190656661987305,,0.00010280397562031167,1.006380558013916,2527.8286393824965
38660,4.254240036010742,,0.00010276266198244747,1.0709619522094727,2528.4750247159973
38670,4.18617057800293,,0.00010272165402708663,1.0168780088424683,2529.1219451474026
38680,4.137010097503662,,0.00010268095178225769,1.0934863090515137,2529.767083078623
38690,4.1475019454956055,,0.00010264055527578022,1.0015976428985596,2530.4127041641623
38700,4.204475402832031,,0.00010260046453526491,1.0261081457138062,2531.0582697959617
38710,4.065292835235596,,0.00010256067958811332,1.0300897359848022,2531.7039465550333
38720,4.252754211425781,,0.00010252120046151817,1.0538612604141235,2532.3509217612445
38730,4.106335163116455,,0.00010248202718246305,0.9896900653839111,2532.9992539612576
38740,4.106607437133789,,0.00010244315977772247,1.009656310081482,2533.644297650084
38750,4.184501647949219,,0.00010240459827386197,0.9990622401237488,2534.290243426338
38760,4.13588809967041,,0.00010236634269723795,0.9911816120147705,2534.9360227836296
38770,4.167298316955566,,0.00010232839307399782,0.9927167296409607,2535.5841410225257
38780,4.187782287597656,,0.00010229074943007972,1.0064494609832764,2536.229800088331
38790,4.10584831237793,,0.0001022534117912127,0.9936625361442566,2536.8754034172744
38800,4.205683708190918,,0.00010221638018291678,0.9709442853927612,2537.521372388117
38810,4.098606109619141,,0.00010217965463050265,1.0267542600631714,2538.1678572064266
38820,4.205661296844482,,0.00010214323515907188,1.050958514213562,2538.8137095086277
38830,4.235316276550293,,0.00010210712179351684,1.0104039907455444,2539.459314117208
38840,4.216860771179199,,0.00010207131455852061,1.0206514596939087,2540.105559865944
38850,4.01554012298584,,0.00010203581347855727,0.9608185291290283,2540.75258001592
38860,4.147930145263672,,0.00010200061857789127,0.9749669432640076,2541.397835317999
38870,3.940600633621216,,0.00010196572988057817,0.9674579501152039,2542.042446437292
38880,4.167927265167236,,0.00010193114741046395,1.048596978187561,2542.6890076007694
38890,4.27622652053833,,0.00010189687119118542,1.0126575231552124,2543.337634895928
38900,4.117454528808594,,0.00010186290124617011,1.045529842376709,2543.9825788689777
38910,4.21243953704834,,0.00010182923759863611,0.996658444404602,2544.6297021554783
38920,4.271529197692871,,0.00010179588027159219,0.9987825751304626,2545.27778509818
38930,4.200780391693115,,0.00010176282928783786,1.0238208770751953,2545.924601605162
38940,4.157676696777344,,0.00010173008466996299,0.9882509112358093,2546.572508650832
38950,4.152034282684326,,0.00010169764644034838,0.9553995728492737,2547.2203302355483
38960,4.026769638061523,,0.00010166551462116515,1.000141978263855,2547.8673631725833
38970,4.219974517822266,,0.00010163368923437519,1.0007684230804443,2548.5150889120996
38980,4.154252052307129,,0.00010160217030173072,1.0295850038528442,2549.161213638261
38990,4.132755279541016,,0.0001015709578447748,1.0039759874343872,2549.8068142170087
39000,4.094877243041992,4.184703159332275,0.00010154005188484072,0.988706111907959,2550.860294419341
39010,4.216282844543457,,0.00010150945244305242,1.0422059297561646,2551.5072665065527
39020,4.154038429260254,,0.0001014791595403244,1.0174278020858765,2552.154271298088
39030,4.1987624168396,,0.0001014491731973615,0.9833258390426636,2552.799552800134
39040,4.314319610595703,,0.00010141949343465919,1.0252233743667603,2553.445246369578
39050,4.157698631286621,,0.00010139012027250322,1.001942753791809,2554.0908446693793
39060,4.068364143371582,,0.0001013610537309699,0.9970212578773499,2554.737570328638
39070,4.269528865814209,,0.00010133229382992598,1.0307782888412476,2555.3850254304707
39080,4.196491241455078,,0.00010130384058902848,1.0195503234863281,2556.0310638556257
39090,4.2655439376831055,,0.00010127569402772506,1.0350364446640015,2556.678196469322
39100,4.293509483337402,,0.0001012478541652535,1.029626727104187,2557.3258350295946
39110,4.192121505737305,,0.00010122032102064217,1.0560204982757568,2557.9718230133876
39120,4.1551513671875,,0.00010119309461270964,1.015976071357727,2558.61729294993
39130,4.24315071105957,,0.00010116617496006499,1.0038436651229858,2559.263403969817
39140,4.1213483810424805,,0.00010113956208110752,1.0545680522918701,2559.908520922065
39150,4.213831901550293,,0.00010111325599402683,0.9943053722381592,2560.554223243147
39160,4.214046478271484,,0.0001010872567168029,1.0174283981323242,2561.1992491874844
39170,4.11992073059082,,0.00010106156426720607,1.0417813062667847,2561.8442861000076
39180,4.156785011291504,,0.00010103617866279681,1.0450971126556396,2562.4910235423595
39190,4.196219444274902,,0.00010101109992092592,1.0068234205245972,2563.136783560738
39200,4.124790668487549,,0.00010098632805873454,1.010067105293274,2563.7816635826603
39210,4.207846641540527,,0.000100961863093154,0.9802752733230591,2564.4268921762705
39220,4.2129645347595215,,0.00010093770504090585,0.9641441702842712,2565.0726030450314
39230,4.146636009216309,,0.0001009138539185019,1.0162168741226196,2565.7191198812798
39240,4.194732666015625,,0.00010089030974224419,1.0058568716049194,2566.365009113215
39250,4.084955215454102,,0.00010086707252822486,1.0118471384048462,2567.0115794986486
39260,4.210541725158691,,0.00010084414229232647,1.049998164176941,2567.657034809701
39270,4.146491050720215,,0.00010082151905022144,1.0576608180999756,2568.302788327448
39280,4.1788740158081055,,0.00010079920281737274,0.9762918949127197,2568.9482441432774
39290,4.2358245849609375,,0.00010077719360903316,0.9962250590324402,2569.594967842102
39300,4.262035846710205,,0.0001007554914402458,1.0186985731124878,2570.2422114936635
39310,4.0601959228515625,,0.00010073409632584392,1.0062350034713745,2570.888008502312
39320,3.9740281105041504,,0.0001007130082804509,1.0166970491409302,2571.5346934664994
39330,4.269742965698242,,0.00010069222731848023,1.0141550302505493,2572.180594306439
39340,4.071059226989746,,0.00010067175345413544,1.0357774496078491,2572.8265628693625
39350,4.104629993438721,,0.00010065158670141023,1.0401277542114258,2573.4723238451406
39360,4.190275192260742,,0.00010063172707408843,1.052240014076233,2574.1173329679295
39370,4.270150184631348,,0.00010061217458574388,1.011461615562439,2574.762339251116
39380,4.180520057678223,,0.00010059292924974054,0.9725490212440491,2575.406196054071
39390,4.129105567932129,,0.0001005739910792324,1.0218197107315063,2576.0509570185095
39400,4.123502731323242,,0.00010055536008716349,1.047844648361206,2576.6966407159343
39410,4.232330322265625,,0.00010053703628626797,0.9808536171913147,2577.3422367637977
39420,4.421494007110596,,0.00010051901968906999,1.0673259496688843,2577.988429329358
39430,4.142338752746582,,0.00010050131030788368,1.0080057382583618,2578.6340043768287
39440,4.214323997497559,,0.00010048390815481327,1.0207149982452393,2579.280684588477
39450,4.167390823364258,,0.0001004668132417529,0.9760518074035645,2579.92677917704
39460,4.122920513153076,,0.00010045002558038692,1.019650936126709,2580.573059548624
39470,4.080020904541016,,0.00010043354518218938,1.0451152324676514,2581.2180324830115
39480,4.020849227905273,,0.00010041737205842461,1.0079268217086792,2581.863450442441
39490,4.109519958496094,,0.00010040150622014668,1.0189776420593262,2582.5084799220785
39500,4.100404739379883,4.146007609367371,0.0001003859476781998,0.9825326204299927,2583.56310739927
39510,4.200331687927246,,0.00010037069644321808,1.03720223903656,2584.214921607636
39520,4.1756696701049805,,0.00010035575252562559,0.9965986013412476,2584.8647471312433
39530,4.167729377746582,,0.00010034111593563633,1.0609275102615356,2585.510947905481
39540,4.0506086349487305,,0.00010032678668325433,1.0362062454223633,2586.1569136017933
39550,4.129323482513428,,0.00010031276477827346,0.9867468476295471,2586.8029114315286
39560,4.195488452911377,,0.00010029905023027755,0.9993214011192322,2587.4487040378153
39570,4.15853214263916,,0.00010028564304864041,1.0890979766845703,2588.0941101312637
39580,4.188192367553711,,0.0001002725432425257,0.9972462058067322,2588.7385711017996
39590,4.074636459350586,,0.00010025975082088697,1.010909080505371,2589.3837452800944
39600,4.2552289962768555,,0.0001002472657924678,1.003218650817871,2590.0291961068287
39610,4.066606521606445,,0.0001002350881658015,0.9821978807449341,2590.674542060122
39620,3.9361605644226074,,0.00010022321794921145,0.9901037812232971,2591.319464958273
39630,4.2664337158203125,,0.00010021165515081079,1.0425673723220825,2591.96501325164
39640,4.180304050445557,,0.00010020039977850252,0.9829230308532715,2592.6103461021557
39650,4.063651084899902,,0.00010018945183997972,1.0163166522979736,2593.2553899446502
39660,4.314389228820801,,0.00010017881134272508,1.0276204347610474,2593.9007140137255
39670,4.177199363708496,,0.00010016847829401135,1.0131494998931885,2594.5459285108373
39680,4.165700912475586,,0.00010015845270090106,1.0154141187667847,2595.1906073205173
39690,4.148199081420898,,0.00010014873457024655,1.0112411975860596,2595.8353764470667
39700,4.151389122009277,,0.00010013932390869019,0.9948291778564453,2596.480520897545
39710,4.227564811706543,,0.00010013022072266395,1.043492317199707,2597.1261129071936
39720,4.192743301391602,,0.00010012142501838983,1.0141386985778809,2597.772053173743
39730,4.173684597015381,,0.0001001129368018796,1.0003942251205444,2598.4184189997613
39740,4.100493431091309,,0.0001001047560789349,1.0007038116455078,2599.0639665164053
39750,4.213166236877441,,0.00010009688285514717,1.033124566078186,2599.710033532232
39760,4.205694198608398,,0.00010008931713589769,1.0004223585128784,2600.3572621792555
39770,4.107881546020508,,0.00010008205892635754,1.0476027727127075,2601.00575850904
39780,4.257319927215576,,0.00010007510823148762,1.0482133626937866,2601.6496681887656
39790,4.284546852111816,,0.00010006846505603867,1.044355034828186,2602.295394591987
39800,3.900904655456543,,0.00010006212940455129,1.0520323514938354,2602.9411491323262
39810,4.099452018737793,,0.00010005610128135577,1.0478851795196533,2603.5901324991137
39820,4.1941680908203125,,0.00010005038069057235,0.996276319026947,2604.2349734306335
39830,4.217711448669434,,0.00010004496763611093,1.0466749668121338,2604.8808527244255
39840,4.2717671394348145,,0.00010003986212167132,1.035700798034668,2605.5271138269454
39850,4.259592056274414,,0.00010003506415074305,1.0834755897521973,2606.171964103356
39860,4.269123554229736,,0.00010003057372660552,1.0651099681854248,2606.8168566534296
39870,4.324792385101318,,0.00010002639085232793,1.021973729133606,2607.46261764504
39880,4.067921161651611,,0.00010002251553076917,1.0453242063522339,2608.108337486163
39890,4.247288703918457,,0.00010001894776457799,1.0364272594451904,2608.7544695381075
39900,4.224864959716797,,0.00010001568755619298,1.0207184553146362,2609.4002811135724
39910,3.970787286758423,,0.00010001273490784242,1.0563883781433105,2610.0462478194386
39920,4.192317008972168,,0.00010001008982154442,1.0542337894439697,2610.691945610568
39930,4.291733741760254,,0.00010000775229910686,1.0781069993972778,2611.3375073252246
39940,3.991806745529175,,0.00010000572234212745,1.0054508447647095,2611.9880205299705
39950,4.139142990112305,,0.00010000399995199363,1.0020288228988647,2612.6321991952136
39960,4.309637069702148,,0.00010000258512988261,1.087839961051941,2613.2765883309767
39970,4.1660871505737305,,0.00010000147787676147,1.0405895709991455,2613.9217286054045
39980,4.146278381347656,,0.0001000006781933869,1.0294039249420166,2614.5683806631714
39990,4.128562927246094,,0.00010000018608030562,0.9913010597229004,2615.213816165924
40000,4.137590408325195,4.157374262809753,0.0001000000015378539,0.9947112202644348,2616.2667057374492
