Name,Projected Start (ns),Projected Duration (ns),Orig Start (ns),Orig Duration (ns),Style,PID,TID,NumGPUOps,Lvl,NumChild,RangeId,ParentId,RangeStack
CCCL:cub::DeviceRadixSort,23932587062,5536,23921422325,11171285,PushPop,3439,3814,1,0,0,11,,:11
CCCL:cub::DeviceRadixSort,24777846609,5504,24694227327,19206,PushPop,3439,3814,1,0,0,12,,:12
:measurement,24298448423,1027050501,24297852872,914369587,PushPop,3439,3439,3495,0,4,13,,:13
:forward,24298448423,159501114,24298323128,74146408,PushPop,3439,3439,1899,1,0,14,13,:13:14
:backward,24457951873,736,24372491113,323064426,PushPop,3439,3439,1,1,0,15,13,:13:15
:grad_sync,24777862833,358487854,24695616843,21748972,PushPop,3439,3439,291,1,0,16,13,:13:16
:optimizer,25136352959,189145965,24717373900,494835136,PushPop,3439,3439,1304,1,0,17,13,:13:17
:measurement,24298525209,1027045536,24297924422,914894952,PushPop,3438,3438,3495,0,4,18,,:18
:forward,24298525209,162466010,24298420492,75562444,PushPop,3438,3438,1899,1,0,19,18,:18:19
:backward,24460993651,768,24374006423,324789851,PushPop,3438,3438,1,1,0,20,18,:18:20
:grad_sync,24781170187,355188760,24698851257,21255237,PushPop,3438,3438,291,1,0,21,18,:18:21
:optimizer,25136361571,189209174,24720115237,492669046,PushPop,3438,3438,1304,1,0,22,18,:18:22
CCCL:cub::DeviceRadixSort,23948138508,5664,23937095784,11048806,PushPop,3438,3815,1,0,0,23,,:23
CCCL:cub::DeviceRadixSort,24781154027,5568,24697253056,20107,PushPop,3438,3815,1,0,0,24,,:24
NCCL:API Group,22337840733,42957852,22318252124,59208377,StartEnd,3439,3439,5,0,1,26,,:26
NCCL:GroupLaunch,22337840733,42957852,22318265935,59193984,StartEnd,3439,3439,5,1,0,28,26,:26:28
NCCL:API Group,22380799513,637500,22377739970,48480,StartEnd,3439,3439,1,0,1,30,,:30
NCCL:GroupLaunch,22380799513,637500,22377743319,44911,StartEnd,3439,3439,1,1,0,32,30,:30:32
NCCL:API Group,22381438485,634172,22377840391,21739,StartEnd,3439,3439,1,0,1,34,,:34
NCCL:GroupLaunch,22381438485,634172,22377841631,19451,StartEnd,3439,3439,1,1,0,36,34,:34:36
NCCL:API Group,22382074385,633021,22377898288,28241,StartEnd,3439,3439,1,0,1,38,,:38
NCCL:GroupLaunch,22382074385,633021,22377899739,26581,StartEnd,3439,3439,1,1,0,40,38,:38:40
NCCL:API Group,22382709262,633724,22377964703,16791,StartEnd,3439,3439,1,0,1,42,,:42
NCCL:GroupLaunch,22382709262,633724,22377967153,14097,StartEnd,3439,3439,1,1,0,44,42,:42:44
NCCL:API Group,22383344138,2512625,22378016115,16925,StartEnd,3439,3439,1,0,1,46,,:46
NCCL:GroupLaunch,22383344138,2512625,22378017233,15559,StartEnd,3439,3439,1,1,0,48,46,:46:48
NCCL:API Group,22385858043,2504912,22378061858,16591,StartEnd,3439,3439,1,0,1,50,,:50
NCCL:GroupLaunch,22385858043,2504912,22378062799,15300,StartEnd,3439,3439,1,1,0,52,50,:50:52
NCCL:API Group,22388364779,2493009,22378109569,15120,StartEnd,3439,3439,1,0,1,54,,:54
NCCL:GroupLaunch,22388364779,2493009,22378110535,13994,StartEnd,3439,3439,1,1,0,56,54,:54:56
NCCL:API Group,22390860252,6912,22378153908,30580,StartEnd,3439,3439,1,0,1,58,,:58
NCCL:GroupLaunch,22390860252,6912,22378156128,28204,StartEnd,3439,3439,1,1,0,60,58,:58:60
NCCL:API Group,22390869180,6560,22378216040,18449,StartEnd,3439,3439,1,0,1,62,,:62
NCCL:GroupLaunch,22390869180,6560,22378219272,15036,StartEnd,3439,3439,1,1,0,64,62,:62:64
NCCL:API Group,22390877244,627196,22378267225,19267,StartEnd,3439,3439,1,0,1,66,,:66
NCCL:GroupLaunch,22390877244,627196,22378268242,18020,StartEnd,3439,3439,1,1,0,68,66,:66:68
NCCL:API Group,22391505880,630941,22378321099,14224,StartEnd,3439,3439,1,0,1,70,,:70
NCCL:GroupLaunch,22391505880,630941,22378322169,13059,StartEnd,3439,3439,1,1,0,72,70,:70:72
NCCL:API Group,22392138613,626268,22378359371,12981,StartEnd,3439,3439,1,0,1,74,,:74
NCCL:GroupLaunch,22392138613,626268,22378360461,11739,StartEnd,3439,3439,1,1,0,76,74,:74:76
NCCL:API Group,22392766193,630012,22378398242,15887,StartEnd,3439,3439,1,0,1,78,,:78
NCCL:GroupLaunch,22392766193,630012,22378400328,13684,StartEnd,3439,3439,1,1,0,80,78,:78:80
NCCL:API Group,22393398925,2509329,22378437699,15678,StartEnd,3439,3439,1,0,1,82,,:82
NCCL:GroupLaunch,22393398925,2509329,22378439691,13551,StartEnd,3439,3439,1,1,0,84,82,:82:84
NCCL:API Group,22395910686,2489361,22378474984,13434,StartEnd,3439,3439,1,0,1,86,,:86
NCCL:GroupLaunch,22395910686,2489361,22378475757,12414,StartEnd,3439,3439,1,1,0,88,86,:86:88
NCCL:API Group,22398401967,2517680,22378510430,12014,StartEnd,3439,3439,1,0,1,90,,:90
NCCL:GroupLaunch,22398401967,2517680,22378511226,11130,StartEnd,3439,3439,1,1,0,92,90,:90:92
NCCL:API Group,22400921695,6304,22378544099,13863,StartEnd,3439,3439,1,0,1,94,,:94
NCCL:GroupLaunch,22400921695,6304,22378546778,11070,StartEnd,3439,3439,1,1,0,96,94,:94:96
NCCL:API Group,22400929791,6432,22378580883,12910,StartEnd,3439,3439,1,0,1,98,,:98
NCCL:GroupLaunch,22400929791,6432,22378582764,10914,StartEnd,3439,3439,1,1,0,100,98,:98:100
NCCL:API Group,22400937887,632445,22378616870,13846,StartEnd,3439,3439,1,0,1,102,,:102
NCCL:GroupLaunch,22400937887,632445,22378617749,12848,StartEnd,3439,3439,1,1,0,104,102,:102:104
NCCL:API Group,22401572668,629244,22378651717,12746,StartEnd,3439,3439,1,0,1,106,,:106
NCCL:GroupLaunch,22401572668,629244,22378652583,10908,StartEnd,3439,3439,1,1,0,108,106,:106:108
NCCL:API Group,22402203320,630236,22378684656,13044,StartEnd,3439,3439,1,0,1,110,,:110
NCCL:GroupLaunch,22402203320,630236,22378685540,12072,StartEnd,3439,3439,1,1,0,112,110,:110:112
NCCL:API Group,22402836052,630172,22378719702,12694,StartEnd,3439,3439,1,0,1,114,,:114
NCCL:GroupLaunch,22402836052,630172,22378721448,10835,StartEnd,3439,3439,1,1,0,116,114,:114:116
NCCL:API Group,22403467760,2495601,22378754185,13085,StartEnd,3439,3439,1,0,1,118,,:118
NCCL:GroupLaunch,22403467760,2495601,22378754974,12171,StartEnd,3439,3439,1,1,0,120,118,:118:120
NCCL:API Group,22405965185,2488977,22378787474,12414,StartEnd,3439,3439,1,0,1,122,,:122
NCCL:GroupLaunch,22405965185,2488977,22378788267,11504,StartEnd,3439,3439,1,1,0,124,122,:122:124
NCCL:API Group,22408457266,2487153,22378820490,13524,StartEnd,3439,3439,1,0,1,126,,:126
NCCL:GroupLaunch,22408457266,2487153,22378821287,12610,StartEnd,3439,3439,1,1,0,128,126,:126:128
NCCL:API Group,22410946499,6624,22378855212,12623,StartEnd,3439,3439,1,0,1,130,,:130
NCCL:GroupLaunch,22410946499,6624,22378856894,10831,StartEnd,3439,3439,1,1,0,132,130,:130:132
NCCL:API Group,22410954595,6176,22378888005,12471,StartEnd,3439,3439,1,0,1,134,,:134
NCCL:GroupLaunch,22410954595,6176,22378889784,10590,StartEnd,3439,3439,1,1,0,136,134,:134:136
NCCL:API Group,22410962691,627548,22378922343,13624,StartEnd,3439,3439,1,0,1,138,,:138
NCCL:GroupLaunch,22410962691,627548,22378923209,12643,StartEnd,3439,3439,1,1,0,140,138,:138:140
NCCL:API Group,22411592319,626236,22378958781,16354,StartEnd,3439,3439,1,0,1,142,,:142
NCCL:GroupLaunch,22411592319,626236,22378959701,15320,StartEnd,3439,3439,1,1,0,144,142,:142:144
NCCL:API Group,22412220955,631260,22378997112,11885,StartEnd,3439,3439,1,0,1,146,,:146
NCCL:GroupLaunch,22412220955,631260,22378997930,10941,StartEnd,3439,3439,1,1,0,148,146,:146:148
NCCL:API Group,22412853687,629053,22379029209,12520,StartEnd,3439,3439,1,0,1,150,,:150
NCCL:GroupLaunch,22412853687,629053,22379030990,10613,StartEnd,3439,3439,1,1,0,152,150,:150:152
NCCL:API Group,22413485396,2490992,22379065516,15393,StartEnd,3439,3439,1,0,1,154,,:154
NCCL:GroupLaunch,22413485396,2490992,22379066274,14500,StartEnd,3439,3439,1,1,0,156,154,:154:156
NCCL:API Group,22415979556,2497169,22379102304,12673,StartEnd,3439,3439,1,0,1,158,,:158
NCCL:GroupLaunch,22415979556,2497169,22379103111,11588,StartEnd,3439,3439,1,1,0,160,158,:158:160
NCCL:API Group,22418478997,2490289,22379135294,13278,StartEnd,3439,3439,1,0,1,162,,:162
NCCL:GroupLaunch,22418478997,2490289,22379137802,10654,StartEnd,3439,3439,1,1,0,164,162,:162:164
NCCL:API Group,22420972326,6784,22379169432,13639,StartEnd,3439,3439,1,0,1,166,,:166
NCCL:GroupLaunch,22420972326,6784,22379171587,11393,StartEnd,3439,3439,1,1,0,168,166,:166:168
NCCL:API Group,22420980422,6240,22379203605,12451,StartEnd,3439,3439,1,0,1,170,,:170
NCCL:GroupLaunch,22420980422,6240,22379205311,10656,StartEnd,3439,3439,1,1,0,172,170,:170:172
NCCL:API Group,22420988486,633788,22379237652,12814,StartEnd,3439,3439,1,0,1,174,,:174
NCCL:GroupLaunch,22420988486,633788,22379238423,11807,StartEnd,3439,3439,1,1,0,176,174,:174:176
NCCL:API Group,22421623266,629501,22379270064,12246,StartEnd,3439,3439,1,0,1,178,,:178
NCCL:GroupLaunch,22421623266,629501,22379270861,11316,StartEnd,3439,3439,1,1,0,180,178,:178:180
NCCL:API Group,22422254975,624252,22379303190,12698,StartEnd,3439,3439,1,0,1,182,,:182
NCCL:GroupLaunch,22422254975,624252,22379303939,11857,StartEnd,3439,3439,1,1,0,184,182,:182:184
NCCL:API Group,22422881563,630140,22379335914,12991,StartEnd,3439,3439,1,0,1,186,,:186
NCCL:GroupLaunch,22422881563,630140,22379337901,10913,StartEnd,3439,3439,1,1,0,188,186,:186:188
NCCL:API Group,22423513079,2484369,22379371133,12846,StartEnd,3439,3439,1,0,1,190,,:190
NCCL:GroupLaunch,22423513079,2484369,22379371944,11948,StartEnd,3439,3439,1,1,0,192,190,:190:192
NCCL:API Group,22426000232,2503473,22379405679,14151,StartEnd,3439,3439,1,0,1,194,,:194
NCCL:GroupLaunch,22426000232,2503473,22379406468,12460,StartEnd,3439,3439,1,1,0,196,194,:194:196
NCCL:API Group,22428506873,2495825,22379446829,11840,StartEnd,3439,3439,1,0,1,198,,:198
NCCL:GroupLaunch,22428506873,2495825,22379447629,10924,StartEnd,3439,3439,1,1,0,200,198,:198:200
NCCL:API Group,22431004298,6528,22379478609,12262,StartEnd,3439,3439,1,0,1,202,,:202
NCCL:GroupLaunch,22431004298,6528,22379480254,10492,StartEnd,3439,3439,1,1,0,204,202,:202:204
NCCL:API Group,22431012362,6880,22379511864,13783,StartEnd,3439,3439,1,0,1,206,,:206
NCCL:GroupLaunch,22431012362,6880,22379512606,12925,StartEnd,3439,3439,1,1,0,208,206,:206:208
NCCL:API Group,22431020458,624380,22379547472,13803,StartEnd,3439,3439,1,0,1,210,,:210
NCCL:GroupLaunch,22431020458,624380,22379548248,12917,StartEnd,3439,3439,1,1,0,212,210,:210:212
NCCL:API Group,22431647046,627612,22379582070,12041,StartEnd,3439,3439,1,0,1,214,,:214
NCCL:GroupLaunch,22431647046,627612,22379582977,11009,StartEnd,3439,3439,1,1,0,216,214,:214:216
NCCL:API Group,22432275682,633660,22379614189,12831,StartEnd,3439,3439,1,0,1,218,,:218
NCCL:GroupLaunch,22432275682,633660,22379616213,10693,StartEnd,3439,3439,1,1,0,220,218,:218:220
NCCL:API Group,22432912318,627132,22379646555,13088,StartEnd,3439,3439,1,0,1,222,,:222
NCCL:GroupLaunch,22432912318,627132,22379648333,11189,StartEnd,3439,3439,1,1,0,224,222,:222:224
NCCL:API Group,22433540922,2487121,22379681757,12325,StartEnd,3439,3439,1,0,1,226,,:226
NCCL:GroupLaunch,22433540922,2487121,22379682629,11342,StartEnd,3439,3439,1,1,0,228,226,:226:228
NCCL:API Group,22436030155,2490801,22379713580,14095,StartEnd,3439,3439,1,0,1,230,,:230
NCCL:GroupLaunch,22436030155,2490801,22379715941,10668,StartEnd,3439,3439,1,1,0,232,230,:230:232
NCCL:API Group,22438523484,2493233,22379747927,11861,StartEnd,3439,3439,1,0,1,234,,:234
NCCL:GroupLaunch,22438523484,2493233,22379749063,10608,StartEnd,3439,3439,1,1,0,236,234,:234:236
NCCL:API Group,22441017805,6720,22379779842,13706,StartEnd,3439,3439,1,0,1,238,,:238
NCCL:GroupLaunch,22441017805,6720,22379781816,11611,StartEnd,3439,3439,1,1,0,240,238,:238:240
NCCL:API Group,22441025901,6496,22379813343,12837,StartEnd,3439,3439,1,0,1,242,,:242
NCCL:GroupLaunch,22441025901,6496,22379814096,11958,StartEnd,3439,3439,1,1,0,244,242,:242:244
NCCL:API Group,22441033997,627196,22379850676,12745,StartEnd,3439,3439,1,0,1,246,,:246
NCCL:GroupLaunch,22441033997,627196,22379851517,11816,StartEnd,3439,3439,1,1,0,248,246,:246:248
NCCL:API Group,22441662633,626268,22379884051,11455,StartEnd,3439,3439,1,0,1,250,,:250
NCCL:GroupLaunch,22441662633,626268,22379884826,10591,StartEnd,3439,3439,1,1,0,252,250,:250:252
NCCL:API Group,22442292101,626589,22379916446,13796,StartEnd,3439,3439,1,0,1,254,,:254
NCCL:GroupLaunch,22442292101,626589,22379918200,11915,StartEnd,3439,3439,1,1,0,256,254,:254:256
NCCL:API Group,22442921762,627804,22379950144,13101,StartEnd,3439,3439,1,0,1,258,,:258
NCCL:GroupLaunch,22442921762,627804,22379951944,11189,StartEnd,3439,3439,1,1,0,260,258,:258:260
NCCL:API Group,22443552414,2482097,22379984889,14306,StartEnd,3439,3439,1,0,1,262,,:262
NCCL:GroupLaunch,22443552414,2482097,22379985871,13197,StartEnd,3439,3439,1,1,0,264,262,:262:264
NCCL:API Group,22446037551,2481329,22380019153,11538,StartEnd,3439,3439,1,0,1,266,,:266
NCCL:GroupLaunch,22446037551,2481329,22380019968,10605,StartEnd,3439,3439,1,1,0,268,266,:266:268
NCCL:API Group,22448520608,2493617,22380060295,13183,StartEnd,3439,3439,1,0,1,270,,:270
NCCL:GroupLaunch,22448520608,2493617,22380061132,12249,StartEnd,3439,3439,1,1,0,272,270,:270:272
NCCL:API Group,22451015985,6784,22380093160,12333,StartEnd,3439,3439,1,0,1,274,,:274
NCCL:GroupLaunch,22451015985,6784,22380094942,10432,StartEnd,3439,3439,1,1,0,276,274,:274:276
NCCL:API Group,22451024081,6752,22380125477,12481,StartEnd,3439,3439,1,0,1,278,,:278
NCCL:GroupLaunch,22451024081,6752,22380126236,11606,StartEnd,3439,3439,1,1,0,280,278,:278:280
NCCL:API Group,22451032177,622460,22380165737,13773,StartEnd,3439,3439,1,0,1,282,,:282
NCCL:GroupLaunch,22451032177,622460,22380166582,12810,StartEnd,3439,3439,1,1,0,284,282,:282:284
NCCL:API Group,22451656525,627676,22380200406,11788,StartEnd,3439,3439,1,0,1,286,,:286
NCCL:GroupLaunch,22451656525,627676,22380201233,10835,StartEnd,3439,3439,1,1,0,288,286,:286:288
NCCL:API Group,22452287177,623804,22380231776,12811,StartEnd,3439,3439,1,0,1,290,,:290
NCCL:GroupLaunch,22452287177,623804,22380233624,10847,StartEnd,3439,3439,1,1,0,292,290,:290:292
NCCL:API Group,22452913765,632860,22380264471,12664,StartEnd,3439,3439,1,0,1,294,,:294
NCCL:GroupLaunch,22452913765,632860,22380266154,10858,StartEnd,3439,3439,1,1,0,296,294,:294:296
NCCL:API Group,22453549569,2490513,22380299180,14404,StartEnd,3439,3439,1,0,1,298,,:298
NCCL:GroupLaunch,22453549569,2490513,22380301471,11998,StartEnd,3439,3439,1,1,0,300,298,:298:300
NCCL:API Group,22456042898,2483729,22380333850,11608,StartEnd,3439,3439,1,0,1,302,,:302
NCCL:GroupLaunch,22456042898,2483729,22380334698,10645,StartEnd,3439,3439,1,1,0,304,302,:302:304
NCCL:API Group,22458528003,2490961,22380365155,12403,StartEnd,3439,3439,1,0,1,306,,:306
NCCL:GroupLaunch,22458528003,2490961,22380366861,10581,StartEnd,3439,3439,1,1,0,308,306,:306:308
NCCL:API Group,22461021332,6624,22380397257,13180,StartEnd,3439,3439,1,0,1,310,,:310
NCCL:GroupLaunch,22461021332,6624,22380399001,11317,StartEnd,3439,3439,1,1,0,312,310,:310:312
NCCL:API Group,22461029428,6784,22380430318,12206,StartEnd,3439,3439,1,0,1,314,,:314
NCCL:GroupLaunch,22461029428,6784,22380431048,11363,StartEnd,3439,3439,1,1,0,316,314,:314:316
NCCL:API Group,22461038356,626972,22380463914,12457,StartEnd,3439,3439,1,0,1,318,,:318
NCCL:GroupLaunch,22461038356,626972,22380464748,10593,StartEnd,3439,3439,1,1,0,320,318,:318:320
NCCL:API Group,22461666960,629981,22380495970,11379,StartEnd,3439,3439,1,0,1,322,,:322
NCCL:GroupLaunch,22461666960,629981,22380496739,10523,StartEnd,3439,3439,1,1,0,324,322,:322:324
NCCL:API Group,22462298669,642812,22380526851,13710,StartEnd,3439,3439,1,0,1,326,,:326
NCCL:GroupLaunch,22462298669,642812,22380528645,11796,StartEnd,3439,3439,1,1,0,328,326,:326:328
NCCL:API Group,22462943689,625884,22380562520,15120,StartEnd,3439,3439,1,0,1,330,,:330
NCCL:GroupLaunch,22462943689,625884,22380563336,14206,StartEnd,3439,3439,1,1,0,332,330,:330:332
NCCL:API Group,22463572325,2484497,22380599148,14260,StartEnd,3439,3439,1,0,1,334,,:334
NCCL:GroupLaunch,22463572325,2484497,22380599959,13346,StartEnd,3439,3439,1,1,0,336,334,:334:336
NCCL:API Group,22466058454,2477009,22380633258,13229,StartEnd,3439,3439,1,0,1,338,,:338
NCCL:GroupLaunch,22466058454,2477009,22380634111,12289,StartEnd,3439,3439,1,1,0,340,338,:338:340
NCCL:API Group,22468537447,2482289,22380666191,12461,StartEnd,3439,3439,1,0,1,342,,:342
NCCL:GroupLaunch,22468537447,2482289,22380667843,10718,StartEnd,3439,3439,1,1,0,344,342,:342:344
NCCL:API Group,22471020536,6592,22380698681,12253,StartEnd,3439,3439,1,0,1,346,,:346
NCCL:GroupLaunch,22471020536,6592,22380700545,10302,StartEnd,3439,3439,1,1,0,348,346,:346:348
NCCL:API Group,22471029464,6720,22380731294,12459,StartEnd,3439,3439,1,0,1,350,,:350
NCCL:GroupLaunch,22471029464,6720,22380732078,11558,StartEnd,3439,3439,1,1,0,352,350,:350:352
NCCL:API Group,22471037528,625916,22380765934,12680,StartEnd,3439,3439,1,0,1,354,,:354
NCCL:GroupLaunch,22471037528,625916,22380766706,11807,StartEnd,3439,3439,1,1,0,356,354,:354:356
NCCL:API Group,22471666164,628892,22380801259,11597,StartEnd,3439,3439,1,0,1,358,,:358
NCCL:GroupLaunch,22471666164,628892,22380802057,10681,StartEnd,3439,3439,1,1,0,360,358,:358:360
NCCL:API Group,22472297872,626204,22380833282,12744,StartEnd,3439,3439,1,0,1,362,,:362
NCCL:GroupLaunch,22472297872,626204,22380835164,10747,StartEnd,3439,3439,1,1,0,364,362,:362:364
NCCL:API Group,22472926508,630428,22380866444,14029,StartEnd,3439,3439,1,0,1,366,,:366
NCCL:GroupLaunch,22472926508,630428,22380868827,11521,StartEnd,3439,3439,1,1,0,368,366,:366:368
NCCL:API Group,22473559208,2485457,22380903210,12603,StartEnd,3439,3439,1,0,1,370,,:370
NCCL:GroupLaunch,22473559208,2485457,22380904016,11671,StartEnd,3439,3439,1,1,0,372,370,:370:372
NCCL:API Group,22476046393,2481777,22380935645,11669,StartEnd,3439,3439,1,0,1,374,,:374
NCCL:GroupLaunch,22476046393,2481777,22380936446,10751,StartEnd,3439,3439,1,1,0,376,374,:374:376
NCCL:API Group,22478530506,2489329,22380967164,13067,StartEnd,3439,3439,1,0,1,378,,:378
NCCL:GroupLaunch,22478530506,2489329,22380969017,11104,StartEnd,3439,3439,1,1,0,380,378,:378:380
NCCL:API Group,22481022587,6496,22381001161,13235,StartEnd,3439,3439,1,0,1,382,,:382
NCCL:GroupLaunch,22481022587,6496,22381002746,11522,StartEnd,3439,3439,1,1,0,384,382,:382:384
NCCL:API Group,22481030683,6688,22381037399,12161,StartEnd,3439,3439,1,0,1,386,,:386
NCCL:GroupLaunch,22481030683,6688,22381038166,11273,StartEnd,3439,3439,1,1,0,388,386,:386:388
NCCL:API Group,22481038779,624700,22381070987,11651,StartEnd,3439,3439,1,0,1,390,,:390
NCCL:GroupLaunch,22481038779,624700,22381071767,10757,StartEnd,3439,3439,1,1,0,392,390,:390:392
NCCL:API Group,22481665367,632445,22381103023,11555,StartEnd,3439,3439,1,0,1,394,,:394
NCCL:GroupLaunch,22481665367,632445,22381103771,10705,StartEnd,3439,3439,1,1,0,396,394,:394:396
NCCL:API Group,22482300116,628316,22381135237,15945,StartEnd,3439,3439,1,0,1,398,,:398
NCCL:GroupLaunch,22482300116,628316,22381136908,14142,StartEnd,3439,3439,1,1,0,400,398,:398:400
NCCL:API Group,22482929776,625980,22381170887,12279,StartEnd,3439,3439,1,0,1,402,,:402
NCCL:GroupLaunch,22482929776,625980,22381171755,11292,StartEnd,3439,3439,1,1,0,404,402,:402:404
NCCL:API Group,22483558412,2481009,22381204007,12230,StartEnd,3439,3439,1,0,1,406,,:406
NCCL:GroupLaunch,22483558412,2481009,22381204755,10372,StartEnd,3439,3439,1,1,0,408,406,:406:408
NCCL:API Group,22486041501,2474257,22381236229,12713,StartEnd,3439,3439,1,0,1,410,,:410
NCCL:GroupLaunch,22486041501,2474257,22381237021,11804,StartEnd,3439,3439,1,1,0,412,410,:410:412
NCCL:API Group,22488517198,2502033,22381268817,12572,StartEnd,3439,3439,1,0,1,414,,:414
NCCL:GroupLaunch,22488517198,2502033,22381270666,10600,StartEnd,3439,3439,1,1,0,416,414,:414:416
NCCL:API Group,22491020767,6816,22381301320,13246,StartEnd,3439,3439,1,0,1,418,,:418
NCCL:GroupLaunch,22491020767,6816,22381302101,12372,StartEnd,3439,3439,1,1,0,420,418,:418:420
NCCL:API Group,22491028863,6784,22381334458,12670,StartEnd,3439,3439,1,0,1,422,,:422
NCCL:GroupLaunch,22491028863,6784,22381335301,11695,StartEnd,3439,3439,1,1,0,424,422,:422:424
NCCL:API Group,22491036959,626236,22381368354,12447,StartEnd,3439,3439,1,0,1,426,,:426
NCCL:GroupLaunch,22491036959,626236,22381369202,11485,StartEnd,3439,3439,1,1,0,428,426,:426:428
NCCL:API Group,22491664539,628156,22381400310,12693,StartEnd,3439,3439,1,0,1,430,,:430
NCCL:GroupLaunch,22491664539,628156,22381402179,10702,StartEnd,3439,3439,1,1,0,432,430,:430:432
NCCL:API Group,22492295223,626236,22381433049,13781,StartEnd,3439,3439,1,0,1,434,,:434
NCCL:GroupLaunch,22492295223,626236,22381436247,10470,StartEnd,3439,3439,1,1,0,436,434,:434:436
NCCL:API Group,22492923859,626877,22381466774,13198,StartEnd,3439,3439,1,0,1,438,,:438
NCCL:GroupLaunch,22492923859,626877,22381467590,12262,StartEnd,3439,3439,1,1,0,440,438,:438:440
NCCL:API Group,22493551472,2502353,22381500805,12047,StartEnd,3439,3439,1,0,1,442,,:442
NCCL:GroupLaunch,22493551472,2502353,22381501552,10194,StartEnd,3439,3439,1,1,0,444,442,:442:444
NCCL:API Group,22496055840,2486641,22381532243,11354,StartEnd,3439,3439,1,0,1,446,,:446
NCCL:GroupLaunch,22496055840,2486641,22381533058,10414,StartEnd,3439,3439,1,1,0,448,446,:446:448
NCCL:API Group,22498545073,2481297,22381562408,12036,StartEnd,3439,3439,1,0,1,450,,:450
NCCL:GroupLaunch,22498545073,2481297,22381564001,10321,StartEnd,3439,3439,1,1,0,452,450,:450:452
NCCL:API Group,22501028162,6784,22381594195,12977,StartEnd,3439,3439,1,0,1,454,,:454
NCCL:GroupLaunch,22501028162,6784,22381594955,12096,StartEnd,3439,3439,1,1,0,456,454,:454:456
NCCL:API Group,22501036258,6752,22381626362,11997,StartEnd,3439,3439,1,0,1,458,,:458
NCCL:GroupLaunch,22501036258,6752,22381627163,11108,StartEnd,3439,3439,1,1,0,460,458,:458:460
NCCL:API Group,22501044322,624317,22381659886,15518,StartEnd,3439,3439,1,0,1,462,,:462
NCCL:GroupLaunch,22501044322,624317,22381660646,14621,StartEnd,3439,3439,1,1,0,464,462,:462:464
NCCL:API Group,22501669887,633020,22381694764,13658,StartEnd,3439,3439,1,0,1,466,,:466
NCCL:GroupLaunch,22501669887,633020,22381696396,11899,StartEnd,3439,3439,1,1,0,468,466,:466:468
NCCL:API Group,22502304667,625500,22381729062,12440,StartEnd,3439,3439,1,0,1,470,,:470
NCCL:GroupLaunch,22502304667,625500,22381730834,10544,StartEnd,3439,3439,1,1,0,472,470,:470:472
NCCL:API Group,22502931255,626332,22381760545,21509,StartEnd,3439,3439,1,0,1,474,,:474
NCCL:GroupLaunch,22502931255,626332,22381761308,20524,StartEnd,3439,3439,1,1,0,476,474,:474:476
NCCL:API Group,22503560723,2478833,22381804098,11310,StartEnd,3439,3439,1,0,1,478,,:478
NCCL:GroupLaunch,22503560723,2478833,22381804869,10418,StartEnd,3439,3439,1,1,0,480,478,:478:480
NCCL:API Group,22506042756,2482641,22381836160,13210,StartEnd,3439,3439,1,0,1,482,,:482
NCCL:GroupLaunch,22506042756,2482641,22381837449,11806,StartEnd,3439,3439,1,1,0,484,482,:482:484
NCCL:API Group,22508527893,2478193,22381869587,12509,StartEnd,3439,3439,1,0,1,486,,:486
NCCL:GroupLaunch,22508527893,2478193,22381871410,10565,StartEnd,3439,3439,1,1,0,488,486,:486:488
NCCL:API Group,22511008934,6528,22381901867,13009,StartEnd,3439,3439,1,0,1,490,,:490
NCCL:GroupLaunch,22511008934,6528,22381902648,12100,StartEnd,3439,3439,1,1,0,492,490,:490:492
NCCL:API Group,22511016998,6944,22381933835,11672,StartEnd,3439,3439,1,0,1,494,,:494
NCCL:GroupLaunch,22511016998,6944,22381934596,9982,StartEnd,3439,3439,1,1,0,496,494,:494:496
NCCL:API Group,22511025094,628860,22381968332,11920,StartEnd,3439,3439,1,0,1,498,,:498
NCCL:GroupLaunch,22511025094,628860,22381969252,10878,StartEnd,3439,3439,1,1,0,500,498,:498:500
NCCL:API Group,22511655778,627356,22381999458,13807,StartEnd,3439,3439,1,0,1,502,,:502
NCCL:GroupLaunch,22511655778,627356,22382002629,10527,StartEnd,3439,3439,1,1,0,504,502,:502:504
NCCL:API Group,22512285438,628317,22382033494,12623,StartEnd,3439,3439,1,0,1,506,,:506
NCCL:GroupLaunch,22512285438,628317,22382034322,11676,StartEnd,3439,3439,1,1,0,508,506,:506:508
NCCL:API Group,22512916955,631932,22382065568,13090,StartEnd,3439,3439,1,0,1,510,,:510
NCCL:GroupLaunch,22512916955,631932,22382066364,12175,StartEnd,3439,3439,1,1,0,512,510,:510:512
NCCL:API Group,22513551703,2484593,22382099171,11644,StartEnd,3439,3439,1,0,1,514,,:514
NCCL:GroupLaunch,22513551703,2484593,22382099976,10718,StartEnd,3439,3439,1,1,0,516,514,:514:516
NCCL:API Group,22516038888,2487281,22382129716,12446,StartEnd,3439,3439,1,0,1,518,,:518
NCCL:GroupLaunch,22516038888,2487281,22382131527,10524,StartEnd,3439,3439,1,1,0,520,518,:518:520
NCCL:API Group,22518529145,2487889,22382161230,12150,StartEnd,3439,3439,1,0,1,522,,:522
NCCL:GroupLaunch,22518529145,2487889,22382162790,10477,StartEnd,3439,3439,1,1,0,524,522,:522:524
NCCL:API Group,22521018346,6400,22382192502,14599,StartEnd,3439,3439,1,0,1,526,,:526
NCCL:GroupLaunch,22521018346,6400,22382193304,13712,StartEnd,3439,3439,1,1,0,528,526,:526:528
NCCL:API Group,22521026442,6752,22382227601,12164,StartEnd,3439,3439,1,0,1,530,,:530
NCCL:GroupLaunch,22521026442,6752,22382228373,10345,StartEnd,3439,3439,1,1,0,532,530,:530:532
NCCL:API Group,22521034538,625340,22382260607,11013,StartEnd,3439,3439,1,0,1,534,,:534
NCCL:GroupLaunch,22521034538,625340,22382261348,10147,StartEnd,3439,3439,1,1,0,536,534,:534:536
NCCL:API Group,22521661126,626108,22382301127,18198,StartEnd,3439,3439,1,0,1,538,,:538
NCCL:GroupLaunch,22521661126,626108,22382304262,14974,StartEnd,3439,3439,1,1,0,540,538,:538:540
NCCL:API Group,22522290594,646492,22382345797,13166,StartEnd,3439,3439,1,0,1,542,,:542
NCCL:GroupLaunch,22522290594,646492,22382346689,12149,StartEnd,3439,3439,1,1,0,544,542,:542:544
NCCL:API Group,22522938654,627548,22382378579,12845,StartEnd,3439,3439,1,0,1,546,,:546
NCCL:GroupLaunch,22522938654,627548,22382379396,11769,StartEnd,3439,3439,1,1,0,548,546,:546:548
NCCL:API Group,22523569338,2477297,22382411997,11555,StartEnd,3439,3439,1,0,1,550,,:550
NCCL:GroupLaunch,22523569338,2477297,22382412781,10645,StartEnd,3439,3439,1,1,0,552,550,:550:552
NCCL:API Group,22526048331,2488657,22382442836,13573,StartEnd,3439,3439,1,0,1,554,,:554
NCCL:GroupLaunch,22526048331,2488657,22382444880,11445,StartEnd,3439,3439,1,1,0,556,554,:554:556
NCCL:API Group,22528539580,2487857,22382476340,12469,StartEnd,3439,3439,1,0,1,558,,:558
NCCL:GroupLaunch,22528539580,2487857,22382478342,10344,StartEnd,3439,3439,1,1,0,560,558,:558:560
NCCL:API Group,22531029837,6784,22382508656,12144,StartEnd,3439,3439,1,0,1,562,,:562
NCCL:GroupLaunch,22531029837,6784,22382509438,11242,StartEnd,3439,3439,1,1,0,564,562,:562:564
NCCL:API Group,22531037933,6560,22382540273,11027,StartEnd,3439,3439,1,0,1,566,,:566
NCCL:GroupLaunch,22531037933,6560,22382541021,10172,StartEnd,3439,3439,1,1,0,568,566,:566:568
NCCL:API Group,22531046029,625500,22382574623,13904,StartEnd,3439,3439,1,0,1,570,,:570
NCCL:GroupLaunch,22531046029,625500,22382575360,13071,StartEnd,3439,3439,1,1,0,572,570,:570:572
NCCL:API Group,22531673449,627036,22382608113,13187,StartEnd,3439,3439,1,0,1,574,,:574
NCCL:GroupLaunch,22531673449,627036,22382609957,11223,StartEnd,3439,3439,1,1,0,576,574,:574:576
NCCL:API Group,22532302053,623485,22382640559,14295,StartEnd,3439,3439,1,0,1,578,,:578
NCCL:GroupLaunch,22532302053,623485,22382641389,13350,StartEnd,3439,3439,1,1,0,580,578,:578:580
NCCL:API Group,22532928642,626268,22382673864,13747,StartEnd,3439,3439,1,0,1,582,,:582
NCCL:GroupLaunch,22532928642,626268,22382674663,12624,StartEnd,3439,3439,1,1,0,584,582,:582:584
NCCL:API Group,22533556254,2481969,22382708753,11782,StartEnd,3439,3439,1,0,1,586,,:586
NCCL:GroupLaunch,22533556254,2481969,22382709698,10725,StartEnd,3439,3439,1,1,0,588,586,:586:588
NCCL:API Group,22536039311,2476529,22382739564,13936,StartEnd,3439,3439,1,0,1,590,,:590
NCCL:GroupLaunch,22536039311,2476529,22382741230,12153,StartEnd,3439,3439,1,1,0,592,590,:590:592
NCCL:API Group,22538518304,2479729,22382772593,14277,StartEnd,3439,3439,1,0,1,594,,:594
NCCL:GroupLaunch,22538518304,2479729,22382774293,12490,StartEnd,3439,3439,1,1,0,596,594,:594:596
NCCL:API Group,22540999345,6816,22382806426,13356,StartEnd,3439,3439,1,0,1,598,,:598
NCCL:GroupLaunch,22540999345,6816,22382807192,12474,StartEnd,3439,3439,1,1,0,600,598,:598:600
NCCL:API Group,22541007441,6784,22382839078,10877,StartEnd,3439,3439,1,0,1,602,,:602
NCCL:GroupLaunch,22541007441,6784,22382839841,9998,StartEnd,3439,3439,1,1,0,604,602,:602:604
NCCL:API Group,22541016369,624764,22382872035,11559,StartEnd,3439,3439,1,0,1,606,,:606
NCCL:GroupLaunch,22541016369,624764,22382872812,10693,StartEnd,3439,3439,1,1,0,608,606,:606:608
NCCL:API Group,22541643949,628604,22382902765,13462,StartEnd,3439,3439,1,0,1,610,,:610
NCCL:GroupLaunch,22541643949,628604,22382904595,11510,StartEnd,3439,3439,1,1,0,612,610,:610:612
NCCL:API Group,22542274633,625916,22382935403,11856,StartEnd,3439,3439,1,0,1,614,,:614
NCCL:GroupLaunch,22542274633,625916,22382936136,11007,StartEnd,3439,3439,1,1,0,616,614,:614:616
NCCL:API Group,22542903269,622749,22382965769,13059,StartEnd,3439,3439,1,0,1,618,,:618
NCCL:GroupLaunch,22542903269,622749,22382966528,11423,StartEnd,3439,3439,1,1,0,620,618,:618:620
NCCL:API Group,22543527778,2474257,22382998911,11312,StartEnd,3439,3439,1,0,1,622,,:622
NCCL:GroupLaunch,22543527778,2474257,22382999683,10458,StartEnd,3439,3439,1,1,0,624,622,:622:624
NCCL:API Group,22546003699,2482001,22383029394,13078,StartEnd,3439,3439,1,0,1,626,,:626
NCCL:GroupLaunch,22546003699,2482001,22383030958,11432,StartEnd,3439,3439,1,1,0,628,626,:626:628
NCCL:API Group,22548486788,2471217,22383061306,14140,StartEnd,3439,3439,1,0,1,630,,:630
NCCL:GroupLaunch,22548486788,2471217,22383063639,11696,StartEnd,3439,3439,1,1,0,632,630,:630:632
NCCL:API Group,22550959637,6624,22383094882,11909,StartEnd,3439,3439,1,0,1,634,,:634
NCCL:GroupLaunch,22550959637,6624,22383095612,11094,StartEnd,3439,3439,1,1,0,636,634,:634:636
NCCL:API Group,22550968565,6816,22383126022,11389,StartEnd,3439,3439,1,0,1,638,,:638
NCCL:GroupLaunch,22550968565,6816,22383126787,10498,StartEnd,3439,3439,1,1,0,640,638,:638:640
NCCL:API Group,22550976693,624316,22383158728,12513,StartEnd,3439,3439,1,0,1,642,,:642
NCCL:GroupLaunch,22550976693,624316,22383160497,10630,StartEnd,3439,3439,1,1,0,644,642,:642:644
NCCL:API Group,22551603217,627772,22383189980,12257,StartEnd,3439,3439,1,0,1,646,,:646
NCCL:GroupLaunch,22551603217,627772,22383191506,10646,StartEnd,3439,3439,1,1,0,648,646,:646:648
NCCL:API Group,22552232877,626364,22383221168,12078,StartEnd,3439,3439,1,0,1,650,,:650
NCCL:GroupLaunch,22552232877,626364,22383221906,11216,StartEnd,3439,3439,1,1,0,652,650,:650:652
NCCL:API Group,22552861481,627452,22383251922,13680,StartEnd,3439,3439,1,0,1,654,,:654
NCCL:GroupLaunch,22552861481,627452,22383252706,12802,StartEnd,3439,3439,1,1,0,656,654,:654:656
NCCL:API Group,22553490117,2499377,22383286625,12598,StartEnd,3439,3439,1,0,1,658,,:658
NCCL:GroupLaunch,22553490117,2499377,22383287512,11599,StartEnd,3439,3439,1,1,0,660,658,:658:660
NCCL:API Group,22555991638,2483729,22383319322,13196,StartEnd,3439,3439,1,0,1,662,,:662
NCCL:GroupLaunch,22555991638,2483729,22383320098,12332,StartEnd,3439,3439,1,1,0,664,662,:662:664
NCCL:API Group,22558477799,2498225,22383352984,12008,StartEnd,3439,3439,1,0,1,666,,:666
NCCL:GroupLaunch,22558477799,2498225,22383353851,11024,StartEnd,3439,3439,1,1,0,668,666,:666:668
NCCL:API Group,22560978104,6656,22383385812,11476,StartEnd,3439,3439,1,0,1,670,,:670
NCCL:GroupLaunch,22560978104,6656,22383386640,10552,StartEnd,3439,3439,1,1,0,672,670,:670:672
NCCL:API Group,22560986168,6528,22383416895,11426,StartEnd,3439,3439,1,0,1,674,,:674
NCCL:GroupLaunch,22560986168,6528,22383417698,10526,StartEnd,3439,3439,1,1,0,676,674,:674:676
NCCL:API Group,22560994264,623868,22383451812,12282,StartEnd,3439,3439,1,0,1,678,,:678
NCCL:GroupLaunch,22560994264,623868,22383452977,11025,StartEnd,3439,3439,1,1,0,680,678,:678:680
NCCL:API Group,22561620852,627356,22383483794,12661,StartEnd,3439,3439,1,0,1,682,,:682
NCCL:GroupLaunch,22561620852,627356,22383484631,11723,StartEnd,3439,3439,1,1,0,684,682,:682:684
NCCL:API Group,22562249456,629149,22383516047,14943,StartEnd,3439,3439,1,0,1,686,,:686
NCCL:GroupLaunch,22562249456,629149,22383516834,14069,StartEnd,3439,3439,1,1,0,688,686,:686:688
NCCL:API Group,22562881165,625308,22383550532,12055,StartEnd,3439,3439,1,0,1,690,,:690
NCCL:GroupLaunch,22562881165,625308,22383551321,11018,StartEnd,3439,3439,1,1,0,692,690,:690:692
NCCL:API Group,22563507753,2472145,22383583205,13203,StartEnd,3439,3439,1,0,1,694,,:694
NCCL:GroupLaunch,22563507753,2472145,22383583995,12302,StartEnd,3439,3439,1,1,0,696,694,:694:696
NCCL:API Group,22565980602,2474801,22383615748,13742,StartEnd,3439,3439,1,0,1,698,,:698
NCCL:GroupLaunch,22565980602,2474801,22383616604,12763,StartEnd,3439,3439,1,1,0,700,698,:698:700
NCCL:API Group,22568458379,2473073,22383649487,11573,StartEnd,3439,3439,1,0,1,702,,:702
NCCL:GroupLaunch,22568458379,2473073,22383650408,10532,StartEnd,3439,3439,1,1,0,704,702,:702:704
NCCL:API Group,22570934268,6720,22383682083,11670,StartEnd,3439,3439,1,0,1,706,,:706
NCCL:GroupLaunch,22570934268,6720,22383683243,10401,StartEnd,3439,3439,1,1,0,708,706,:706:708
NCCL:API Group,22570942364,6624,22383716972,11646,StartEnd,3439,3439,1,0,1,710,,:710
NCCL:GroupLaunch,22570942364,6624,22383717739,10750,StartEnd,3439,3439,1,1,0,712,710,:710:712
NCCL:API Group,22570950460,625148,22383750453,11702,StartEnd,3439,3439,1,0,1,714,,:714
NCCL:GroupLaunch,22570950460,625148,22383751258,10784,StartEnd,3439,3439,1,1,0,716,714,:714:716
NCCL:API Group,22571577016,624796,22383781146,12967,StartEnd,3439,3439,1,0,1,718,,:718
NCCL:GroupLaunch,22571577016,624796,22383781967,12029,StartEnd,3439,3439,1,1,0,720,718,:718:720
NCCL:API Group,22572203604,626364,22383812882,11895,StartEnd,3439,3439,1,0,1,722,,:722
NCCL:GroupLaunch,22572203604,626364,22383813800,10865,StartEnd,3439,3439,1,1,0,724,722,:722:724
NCCL:API Group,22572832240,626845,22383843908,13114,StartEnd,3439,3439,1,0,1,726,,:726
NCCL:GroupLaunch,22572832240,626845,22383844812,12085,StartEnd,3439,3439,1,1,0,728,726,:726:728
NCCL:API Group,22573459853,2478577,22383877507,13421,StartEnd,3439,3439,1,0,1,730,,:730
NCCL:GroupLaunch,22573459853,2478577,22383879750,10882,StartEnd,3439,3439,1,1,0,732,730,:730:732
NCCL:API Group,22575941726,2477681,22383910543,12107,StartEnd,3439,3439,1,0,1,734,,:734
NCCL:GroupLaunch,22575941726,2477681,22383911298,11235,StartEnd,3439,3439,1,1,0,736,734,:734:736
NCCL:API Group,22578420687,2480305,22383941609,11455,StartEnd,3439,3439,1,0,1,738,,:738
NCCL:GroupLaunch,22578420687,2480305,22383942340,10610,StartEnd,3439,3439,1,1,0,740,738,:738:740
NCCL:API Group,22580903776,6560,22383974325,12192,StartEnd,3439,3439,1,0,1,742,,:742
NCCL:GroupLaunch,22580903776,6560,22383975498,10908,StartEnd,3439,3439,1,1,0,744,742,:742:744
NCCL:API Group,22580911872,6688,22384005397,185761,StartEnd,3439,3439,1,0,1,746,,:746
NCCL:GroupLaunch,22580911872,6688,22384178288,12732,StartEnd,3439,3439,1,1,0,748,746,:746:748
NCCL:API Group,22580919968,625116,22384219316,11711,StartEnd,3439,3439,1,0,1,750,,:750
NCCL:GroupLaunch,22580919968,625116,22384220220,10694,StartEnd,3439,3439,1,1,0,752,750,:750:752
NCCL:API Group,22581547548,625308,22384251296,12996,StartEnd,3439,3439,1,0,1,754,,:754
NCCL:GroupLaunch,22581547548,625308,22384252038,12154,StartEnd,3439,3439,1,1,0,756,754,:754:756
NCCL:API Group,22582174136,624156,22384284903,11232,StartEnd,3439,3439,1,0,1,758,,:758
NCCL:GroupLaunch,22582174136,624156,22384285796,10215,StartEnd,3439,3439,1,1,0,760,758,:758:760
NCCL:API Group,22582800724,625116,22384316303,13317,StartEnd,3439,3439,1,0,1,762,,:762
NCCL:GroupLaunch,22582800724,625116,22384317110,12402,StartEnd,3439,3439,1,1,0,764,762,:762:764
NCCL:API Group,22583429168,2479537,22384350370,11667,StartEnd,3439,3439,1,0,1,766,,:766
NCCL:GroupLaunch,22583429168,2479537,22384351111,10837,StartEnd,3439,3439,1,1,0,768,766,:766:768
NCCL:API Group,22585910177,2490289,22384382285,12281,StartEnd,3439,3439,1,0,1,770,,:770
NCCL:GroupLaunch,22585910177,2490289,22384383015,11427,StartEnd,3439,3439,1,1,0,772,770,:770:772
NCCL:API Group,22588403506,2497713,22384413840,12242,StartEnd,3439,3439,1,0,1,774,,:774
NCCL:GroupLaunch,22588403506,2497713,22384414570,11384,StartEnd,3439,3439,1,1,0,776,774,:774:776
NCCL:API Group,22590902979,6432,22384445748,11088,StartEnd,3439,3439,1,0,1,778,,:778
NCCL:GroupLaunch,22590902979,6432,22384446485,10230,StartEnd,3439,3439,1,1,0,780,778,:778:780
NCCL:API Group,22590911043,6624,22384476455,13776,StartEnd,3439,3439,1,0,1,782,,:782
NCCL:GroupLaunch,22590911043,6624,22384477200,12910,StartEnd,3439,3439,1,1,0,784,782,:782:784
NCCL:API Group,22590919139,626780,22384511473,11338,StartEnd,3439,3439,1,0,1,786,,:786
NCCL:GroupLaunch,22590919139,626780,22384512299,10399,StartEnd,3439,3439,1,1,0,788,786,:786:788
NCCL:API Group,22591547775,631805,22384541782,11542,StartEnd,3439,3439,1,0,1,790,,:790
NCCL:GroupLaunch,22591547775,631805,22384542526,10692,StartEnd,3439,3439,1,1,0,792,790,:790:792
NCCL:API Group,22592181532,626300,22384572200,11432,StartEnd,3439,3439,1,0,1,794,,:794
NCCL:GroupLaunch,22592181532,626300,22384572957,10565,StartEnd,3439,3439,1,1,0,796,794,:794:796
NCCL:API Group,22592811000,624956,22384602855,14234,StartEnd,3439,3439,1,0,1,798,,:798
NCCL:GroupLaunch,22592811000,624956,22384605071,11906,StartEnd,3439,3439,1,1,0,800,798,:798:800
NCCL:API Group,22593437556,2475825,22384637378,11860,StartEnd,3439,3439,1,0,1,802,,:802
NCCL:GroupLaunch,22593437556,2475825,22384638131,10988,StartEnd,3439,3439,1,1,0,804,802,:802:804
NCCL:API Group,22595916549,2477553,22384669197,11536,StartEnd,3439,3439,1,0,1,806,,:806
NCCL:GroupLaunch,22595916549,2477553,22384669981,10628,StartEnd,3439,3439,1,1,0,808,806,:806:808
NCCL:API Group,22598396566,2477809,22384700623,11635,StartEnd,3439,3439,1,0,1,810,,:810
NCCL:GroupLaunch,22598396566,2477809,22384701386,10745,StartEnd,3439,3439,1,1,0,812,810,:810:812
NCCL:API Group,22600875527,6496,22384732949,11703,StartEnd,3439,3439,1,0,1,814,,:814
NCCL:GroupLaunch,22600875527,6496,22384733765,10759,StartEnd,3439,3439,1,1,0,816,814,:814:816
NCCL:API Group,22600883623,6656,22384764325,14548,StartEnd,3439,3439,1,0,1,818,,:818
NCCL:GroupLaunch,22600883623,6656,22384765084,13668,StartEnd,3439,3439,1,1,0,820,818,:818:820
NCCL:API Group,22600891719,626620,22384799833,11951,StartEnd,3439,3439,1,0,1,822,,:822
NCCL:GroupLaunch,22600891719,626620,22384800686,10982,StartEnd,3439,3439,1,1,0,824,822,:822:824
NCCL:API Group,22601520355,625052,22384831190,12762,StartEnd,3439,3439,1,0,1,826,,:826
NCCL:GroupLaunch,22601520355,625052,22384831932,11894,StartEnd,3439,3439,1,1,0,828,826,:826:828
NCCL:API Group,22602147743,626428,22384863868,13030,StartEnd,3439,3439,1,0,1,830,,:830
NCCL:GroupLaunch,22602147743,626428,22384864656,12124,StartEnd,3439,3439,1,1,0,832,830,:830:832
NCCL:API Group,22602777403,624093,22384896735,11805,StartEnd,3439,3439,1,0,1,834,,:834
NCCL:GroupLaunch,22602777403,624093,22384897539,10888,StartEnd,3439,3439,1,1,0,836,834,:834:836
NCCL:API Group,22603403992,2470257,22384929209,12093,StartEnd,3439,3439,1,0,1,838,,:838
NCCL:GroupLaunch,22603403992,2470257,22384929962,11222,StartEnd,3439,3439,1,1,0,840,838,:838:840
NCCL:API Group,22605876841,2482897,22384961573,11681,StartEnd,3439,3439,1,0,1,842,,:842
NCCL:GroupLaunch,22605876841,2482897,22384962360,10793,StartEnd,3439,3439,1,1,0,844,842,:842:844
NCCL:API Group,22608361978,2477649,22384992742,14428,StartEnd,3439,3439,1,0,1,846,,:846
NCCL:GroupLaunch,22608361978,2477649,22384993538,13540,StartEnd,3439,3439,1,1,0,848,846,:846:848
NCCL:API Group,22610841963,6976,22385026898,11199,StartEnd,3439,3439,1,0,1,850,,:850
NCCL:GroupLaunch,22610841963,6976,22385027651,10320,StartEnd,3439,3439,1,1,0,852,850,:850:852
NCCL:API Group,22610850059,6656,22385057552,12347,StartEnd,3439,3439,1,0,1,854,,:854
NCCL:GroupLaunch,22610850059,6656,22385058419,11356,StartEnd,3439,3439,1,1,0,856,854,:854:856
NCCL:API Group,22610858155,623228,22385091963,12479,StartEnd,3439,3439,1,0,1,858,,:858
NCCL:GroupLaunch,22610858155,623228,22385092731,11594,StartEnd,3439,3439,1,1,0,860,858,:858:860
NCCL:API Group,22611483495,625532,22385124363,11745,StartEnd,3439,3439,1,0,1,862,,:862
NCCL:GroupLaunch,22611483495,625532,22385125206,10789,StartEnd,3439,3439,1,1,0,864,862,:862:864
NCCL:API Group,22612112131,625852,22385155536,12842,StartEnd,3439,3439,1,0,1,866,,:866
NCCL:GroupLaunch,22612112131,625852,22385157554,10700,StartEnd,3439,3439,1,1,0,868,866,:866:868
NCCL:API Group,22612740767,626204,22385188545,12869,StartEnd,3439,3439,1,0,1,870,,:870
NCCL:GroupLaunch,22612740767,626204,22385189274,12019,StartEnd,3439,3439,1,1,0,872,870,:870:872
NCCL:API Group,22613368379,2478033,22385221858,11433,StartEnd,3439,3439,1,0,1,874,,:874
NCCL:GroupLaunch,22613368379,2478033,22385222622,10554,StartEnd,3439,3439,1,1,0,876,874,:874:876
NCCL:API Group,22615847340,2482033,22385252932,11573,StartEnd,3439,3439,1,0,1,878,,:878
NCCL:GroupLaunch,22615847340,2482033,22385253704,10703,StartEnd,3439,3439,1,1,0,880,878,:878:880
NCCL:API Group,22618330429,2485009,22385284099,11730,StartEnd,3439,3439,1,0,1,882,,:882
NCCL:GroupLaunch,22618330429,2485009,22385284859,10680,StartEnd,3439,3439,1,1,0,884,882,:882:884
NCCL:API Group,22620817614,6656,22385316078,11328,StartEnd,3439,3439,1,0,1,886,,:886
NCCL:GroupLaunch,22620817614,6656,22385316825,10468,StartEnd,3439,3439,1,1,0,888,886,:886:888
NCCL:API Group,22620825710,6848,22385346730,11409,StartEnd,3439,3439,1,0,1,890,,:890
NCCL:GroupLaunch,22620825710,6848,22385347453,10603,StartEnd,3439,3439,1,1,0,892,890,:890:892
NCCL:API Group,22620834638,625981,22385379017,11873,StartEnd,3439,3439,1,0,1,894,,:894
NCCL:GroupLaunch,22620834638,625981,22385379809,10960,StartEnd,3439,3439,1,1,0,896,894,:894:896
NCCL:API Group,22621462219,627132,22385410274,14465,StartEnd,3439,3439,1,0,1,898,,:898
NCCL:GroupLaunch,22621462219,627132,22385411067,13556,StartEnd,3439,3439,1,1,0,900,898,:898:900
NCCL:API Group,22622090855,640220,22385444620,11946,StartEnd,3439,3439,1,0,1,902,,:902
NCCL:GroupLaunch,22622090855,640220,22385445414,11028,StartEnd,3439,3439,1,1,0,904,902,:902:904
NCCL:API Group,22622733827,625660,22385476552,11628,StartEnd,3439,3439,1,0,1,906,,:906
NCCL:GroupLaunch,22622733827,625660,22385477302,10747,StartEnd,3439,3439,1,1,0,908,906,:906:908
NCCL:API Group,22623361407,2484625,22385509407,13443,StartEnd,3439,3439,1,0,1,910,,:910
NCCL:GroupLaunch,22623361407,2484625,22385510183,12511,StartEnd,3439,3439,1,1,0,912,910,:910:912
NCCL:API Group,22625848592,2474705,22385543619,12026,StartEnd,3439,3439,1,0,1,914,,:914
NCCL:GroupLaunch,22625848592,2474705,22385544507,11014,StartEnd,3439,3439,1,1,0,916,914,:914:916
NCCL:API Group,22628325537,2469041,22385575038,11469,StartEnd,3439,3439,1,0,1,918,,:918
NCCL:GroupLaunch,22628325537,2469041,22385575801,10591,StartEnd,3439,3439,1,1,0,920,918,:918:920
NCCL:API Group,22630796338,6528,22385606628,11572,StartEnd,3439,3439,1,0,1,922,,:922
NCCL:GroupLaunch,22630796338,6528,22385607458,10613,StartEnd,3439,3439,1,1,0,924,922,:922:924
NCCL:API Group,22630805266,6560,22385637672,12448,StartEnd,3439,3439,1,0,1,926,,:926
NCCL:GroupLaunch,22630805266,6560,22385638469,11562,StartEnd,3439,3439,1,1,0,928,926,:926:928
NCCL:API Group,22630813330,625628,22385675108,11737,StartEnd,3439,3439,1,0,1,930,,:930
NCCL:GroupLaunch,22630813330,625628,22385675884,10874,StartEnd,3439,3439,1,1,0,932,930,:930:932
NCCL:API Group,22631441966,625052,22385707132,13092,StartEnd,3439,3439,1,0,1,934,,:934
NCCL:GroupLaunch,22631441966,625052,22385709186,10908,StartEnd,3439,3439,1,1,0,936,934,:934:936
NCCL:API Group,22632069578,628573,22385740250,12053,StartEnd,3439,3439,1,0,1,938,,:938
NCCL:GroupLaunch,22632069578,628573,22385741052,11163,StartEnd,3439,3439,1,1,0,940,938,:938:940
NCCL:API Group,22632700231,627036,22385780272,12686,StartEnd,3439,3439,1,0,1,942,,:942
NCCL:GroupLaunch,22632700231,627036,22385781228,11618,StartEnd,3439,3439,1,1,0,944,942,:942:944
NCCL:API Group,22633328867,2475185,22385815278,12205,StartEnd,3439,3439,1,0,1,946,,:946
NCCL:GroupLaunch,22633328867,2475185,22385816118,11269,StartEnd,3439,3439,1,1,0,948,946,:946:948
NCCL:API Group,22635805812,2469329,22385847662,12362,StartEnd,3439,3439,1,0,1,950,,:950
NCCL:GroupLaunch,22635805812,2469329,22385848435,11463,StartEnd,3439,3439,1,1,0,952,950,:950:952
NCCL:API Group,22638277637,2482737,22385882981,12824,StartEnd,3439,3439,1,0,1,954,,:954
NCCL:GroupLaunch,22638277637,2482737,22385883958,11758,StartEnd,3439,3439,1,1,0,956,954,:954:956
NCCL:API Group,22640763606,6400,22385916621,11289,StartEnd,3439,3439,1,0,1,958,,:958
NCCL:GroupLaunch,22640763606,6400,22385917423,10375,StartEnd,3439,3439,1,1,0,960,958,:958:960
NCCL:API Group,22640771670,6528,22385948014,11320,StartEnd,3439,3439,1,0,1,962,,:962
NCCL:GroupLaunch,22640771670,6528,22385948813,10407,StartEnd,3439,3439,1,1,0,964,962,:962:964
NCCL:API Group,22640779766,629020,22385980598,13640,StartEnd,3439,3439,1,0,1,966,,:966
NCCL:GroupLaunch,22640779766,629020,22385983017,11100,StartEnd,3439,3439,1,1,0,968,966,:966:968
NCCL:API Group,22641410450,626108,22386017374,12870,StartEnd,3439,3439,1,0,1,970,,:970
NCCL:GroupLaunch,22641410450,626108,22386018226,11918,StartEnd,3439,3439,1,1,0,972,970,:970:972
NCCL:API Group,22642039054,623900,22386050185,13875,StartEnd,3439,3439,1,0,1,974,,:974
NCCL:GroupLaunch,22642039054,623900,22386050988,12945,StartEnd,3439,3439,1,1,0,976,974,:974:976
NCCL:API Group,22642664618,627997,22386084098,11998,StartEnd,3439,3439,1,0,1,978,,:978
NCCL:GroupLaunch,22642664618,627997,22386084989,10869,StartEnd,3439,3439,1,1,0,980,978,:978:980
NCCL:API Group,22643295303,2477233,22386116809,11539,StartEnd,3439,3439,1,0,1,982,,:982
NCCL:GroupLaunch,22643295303,2477233,22386117575,10656,StartEnd,3439,3439,1,1,0,984,982,:982:984
NCCL:API Group,22645774296,2471153,22386148905,11595,StartEnd,3439,3439,1,0,1,986,,:986
NCCL:GroupLaunch,22645774296,2471153,22386149703,10680,StartEnd,3439,3439,1,1,0,988,986,:986:988
NCCL:API Group,22648247977,2493009,22386179817,11775,StartEnd,3439,3439,1,0,1,990,,:990
NCCL:GroupLaunch,22648247977,2493009,22386180612,10884,StartEnd,3439,3439,1,1,0,992,990,:990:992
NCCL:API Group,22650742298,6880,22386211165,11433,StartEnd,3439,3439,1,0,1,994,,:994
NCCL:GroupLaunch,22650742298,6880,22386211930,10580,StartEnd,3439,3439,1,1,0,996,994,:994:996
NCCL:API Group,22650750394,6975,22386242052,13948,StartEnd,3439,3439,1,0,1,998,,:998
NCCL:GroupLaunch,22650750394,6975,22386242823,13060,StartEnd,3439,3439,1,1,0,1000,998,:998:1000
NCCL:API Group,22650758489,627773,22386277570,11743,StartEnd,3439,3439,1,0,1,1002,,:1002
NCCL:GroupLaunch,22650758489,627773,22386278367,10808,StartEnd,3439,3439,1,1,0,1004,1002,:1002:1004
NCCL:API Group,22651389142,622460,22386308842,11679,StartEnd,3439,3439,1,0,1,1006,,:1006
NCCL:GroupLaunch,22651389142,622460,22386309741,10665,StartEnd,3439,3439,1,1,0,1008,1006,:1006:1008
NCCL:API Group,22652013682,622716,22386340096,11437,StartEnd,3439,3439,1,0,1,1010,,:1010
NCCL:GroupLaunch,22652013682,622716,22386340871,10575,StartEnd,3439,3439,1,1,0,1012,1010,:1010:1012
NCCL:API Group,22652638222,625308,22386373837,12384,StartEnd,3439,3439,1,0,1,1014,,:1014
NCCL:GroupLaunch,22652638222,625308,22386374697,11410,StartEnd,3439,3439,1,1,0,1016,1014,:1014:1016
NCCL:API Group,22653265834,2494833,22386407580,11572,StartEnd,3439,3439,1,0,1,1018,,:1018
NCCL:GroupLaunch,22653265834,2494833,22386408321,10718,StartEnd,3439,3439,1,1,0,1020,1018,:1018:1020
NCCL:API Group,22655762011,2471313,22386438607,11373,StartEnd,3439,3439,1,0,1,1022,,:1022
NCCL:GroupLaunch,22655762011,2471313,22386439386,10473,StartEnd,3439,3439,1,1,0,1024,1022,:1022:1024
NCCL:API Group,22658234860,2473585,22386469395,12392,StartEnd,3439,3439,1,0,1,1026,,:1026
NCCL:GroupLaunch,22658234860,2473585,22386470172,11467,StartEnd,3439,3439,1,1,0,1028,1026,:1026:1028
NCCL:API Group,22660709757,6624,22386501171,11438,StartEnd,3439,3439,1,0,1,1030,,:1030
NCCL:GroupLaunch,22660709757,6624,22386501947,10493,StartEnd,3439,3439,1,1,0,1032,1030,:1030:1032
NCCL:API Group,22660717853,6784,22386532389,12967,StartEnd,3439,3439,1,0,1,1034,,:1034
NCCL:GroupLaunch,22660717853,6784,22386533199,12066,StartEnd,3439,3439,1,1,0,1036,1034,:1034:1036
NCCL:API Group,22660725917,628220,22386566830,13675,StartEnd,3439,3439,1,0,1,1038,,:1038
NCCL:GroupLaunch,22660725917,628220,22386567688,12669,StartEnd,3439,3439,1,1,0,1040,1038,:1038:1040
NCCL:API Group,22661355577,621405,22386600366,13170,StartEnd,3439,3439,1,0,1,1042,,:1042
NCCL:GroupLaunch,22661355577,621405,22386601268,12163,StartEnd,3439,3439,1,1,0,1044,1042,:1042:1044
NCCL:API Group,22661978070,621724,22386633191,11605,StartEnd,3439,3439,1,0,1,1046,,:1046
NCCL:GroupLaunch,22661978070,621724,22386633990,10693,StartEnd,3439,3439,1,1,0,1048,1046,:1046:1048
NCCL:API Group,22662600562,625340,22386683774,11817,StartEnd,3439,3439,1,0,1,1050,,:1050
NCCL:GroupLaunch,22662600562,625340,22386684611,10853,StartEnd,3439,3439,1,1,0,1052,1050,:1050:1052
NCCL:API Group,22663229006,2480401,22386718182,13228,StartEnd,3439,3439,1,0,1,1054,,:1054
NCCL:GroupLaunch,22663229006,2480401,22386718956,12356,StartEnd,3439,3439,1,1,0,1056,1054,:1054:1056
NCCL:API Group,22665712063,2486641,22386751525,11995,StartEnd,3439,3439,1,0,1,1058,,:1058
NCCL:GroupLaunch,22665712063,2486641,22386752317,11075,StartEnd,3439,3439,1,1,0,1060,1058,:1058:1060
NCCL:API Group,22668201296,2470577,22386783749,11465,StartEnd,3439,3439,1,0,1,1062,,:1062
NCCL:GroupLaunch,22668201296,2470577,22386784556,10572,StartEnd,3439,3439,1,1,0,1064,1062,:1062:1064
NCCL:API Group,22670674145,6720,22386815201,11362,StartEnd,3439,3439,1,0,1,1066,,:1066
NCCL:GroupLaunch,22670674145,6720,22386816037,10407,StartEnd,3439,3439,1,1,0,1068,1066,:1066:1068
NCCL:API Group,22670682209,6560,22386845950,14170,StartEnd,3439,3439,1,0,1,1070,,:1070
NCCL:GroupLaunch,22670682209,6560,22386848166,11850,StartEnd,3439,3439,1,1,0,1072,1070,:1070:1072
NCCL:API Group,22670690305,626012,22386881727,12005,StartEnd,3439,3439,1,0,1,1074,,:1074
NCCL:GroupLaunch,22670690305,626012,22386882547,11065,StartEnd,3439,3439,1,1,0,1076,1074,:1074:1076
NCCL:API Group,22671318941,626076,22386913416,12186,StartEnd,3439,3439,1,0,1,1078,,:1078
NCCL:GroupLaunch,22671318941,626076,22386914263,11203,StartEnd,3439,3439,1,1,0,1080,1078,:1078:1080
NCCL:API Group,22671946553,627389,22386945192,11926,StartEnd,3439,3439,1,0,1,1082,,:1082
NCCL:GroupLaunch,22671946553,627389,22386946196,10832,StartEnd,3439,3439,1,1,0,1084,1082,:1082:1084
NCCL:API Group,22672575990,623388,22386977500,11525,StartEnd,3439,3439,1,0,1,1086,,:1086
NCCL:GroupLaunch,22672575990,623388,22386978365,10539,StartEnd,3439,3439,1,1,0,1088,1086,:1086:1088
NCCL:API Group,22673202578,2472817,22387009532,11670,StartEnd,3439,3439,1,0,1,1090,,:1090
NCCL:GroupLaunch,22673202578,2472817,22387010447,10640,StartEnd,3439,3439,1,1,0,1092,1090,:1090:1092
NCCL:API Group,22675677475,2480529,22387040823,12250,StartEnd,3439,3439,1,0,1,1094,,:1094
NCCL:GroupLaunch,22675677475,2480529,22387041566,11392,StartEnd,3439,3439,1,1,0,1096,1094,:1094:1096
NCCL:API Group,22678159540,2475601,22387072536,12247,StartEnd,3439,3439,1,0,1,1098,,:1098
NCCL:GroupLaunch,22678159540,2475601,22387073370,11328,StartEnd,3439,3439,1,1,0,1100,1098,:1098:1100
NCCL:API Group,22680636453,6496,22387104586,13908,StartEnd,3439,3439,1,0,1,1102,,:1102
NCCL:GroupLaunch,22680636453,6496,22387105367,13001,StartEnd,3439,3439,1,1,0,1104,1102,:1102:1104
NCCL:API Group,22680644549,6688,22387138221,11987,StartEnd,3439,3439,1,0,1,1106,,:1106
NCCL:GroupLaunch,22680644549,6688,22387139064,11052,StartEnd,3439,3439,1,1,0,1108,1106,:1106:1108
NCCL:API Group,22680652645,625308,22387191405,11637,StartEnd,3439,3439,1,0,1,1110,,:1110
NCCL:GroupLaunch,22680652645,625308,22387192229,10699,StartEnd,3439,3439,1,1,0,1112,1110,:1110:1112
NCCL:API Group,22681279233,628572,22387224436,12113,StartEnd,3439,3439,1,0,1,1114,,:1114
NCCL:GroupLaunch,22681279233,628572,22387225327,11129,StartEnd,3439,3439,1,1,0,1116,1114,:1114:1116
NCCL:API Group,22681910749,628924,22387256264,11574,StartEnd,3439,3439,1,0,1,1118,,:1118
NCCL:GroupLaunch,22681910749,628924,22387257129,10625,StartEnd,3439,3439,1,1,0,1120,1118,:1118:1120
NCCL:API Group,22682542425,636125,22387287429,11721,StartEnd,3439,3439,1,0,1,1122,,:1122
NCCL:GroupLaunch,22682542425,636125,22387288228,10797,StartEnd,3439,3439,1,1,0,1124,1122,:1122:1124
NCCL:API Group,22683181302,2471889,22387319909,12889,StartEnd,3439,3439,1,0,1,1126,,:1126
NCCL:GroupLaunch,22683181302,2471889,22387320682,11998,StartEnd,3439,3439,1,1,0,1128,1126,:1126:1128
NCCL:API Group,22685656199,2492560,22387353348,11767,StartEnd,3439,3439,1,0,1,1130,,:1130
NCCL:GroupLaunch,22685656199,2492560,22387354194,10833,StartEnd,3439,3439,1,1,0,1132,1130,:1130:1132
NCCL:API Group,22688151543,2475474,22387385180,12213,StartEnd,3439,3439,1,0,1,1134,,:1134
NCCL:GroupLaunch,22688151543,2475474,22387386037,11265,StartEnd,3439,3439,1,1,0,1136,1134,:1134:1136
NCCL:API Group,22690629513,6751,22387417017,13013,StartEnd,3439,3439,1,0,1,1138,,:1138
NCCL:GroupLaunch,22690629513,6751,22387419349,10577,StartEnd,3439,3439,1,1,0,1140,1138,:1138:1140
NCCL:API Group,22690637608,6816,22387449969,12365,StartEnd,3439,3439,1,0,1,1142,,:1142
NCCL:GroupLaunch,22690637608,6816,22387450764,11483,StartEnd,3439,3439,1,1,0,1144,1142,:1142:1144
NCCL:API Group,22690645704,625277,22387483854,11160,StartEnd,3439,3439,1,0,1,1146,,:1146
NCCL:GroupLaunch,22690645704,625277,22387484598,10299,StartEnd,3439,3439,1,1,0,1148,1146,:1146:1148
NCCL:API Group,22691273125,622332,22387513769,11471,StartEnd,3439,3439,1,0,1,1150,,:1150
NCCL:GroupLaunch,22691273125,622332,22387514514,10609,StartEnd,3439,3439,1,1,0,1152,1150,:1150:1152
NCCL:API Group,22691897633,625564,22387544297,11640,StartEnd,3439,3439,1,0,1,1154,,:1154
NCCL:GroupLaunch,22691897633,625564,22387545071,10780,StartEnd,3439,3439,1,1,0,1156,1154,:1154:1156
NCCL:API Group,22692525245,623836,22387576016,11659,StartEnd,3439,3439,1,0,1,1158,,:1158
NCCL:GroupLaunch,22692525245,623836,22387576811,10737,StartEnd,3439,3439,1,1,0,1160,1158,:1158:1160
NCCL:API Group,22693151833,2481809,22387607977,11625,StartEnd,3439,3439,1,0,1,1162,,:1162
NCCL:GroupLaunch,22693151833,2481809,22387608748,10736,StartEnd,3439,3439,1,1,0,1164,1162,:1162:1164
NCCL:API Group,22695634890,2471985,22387638605,13930,StartEnd,3439,3439,1,0,1,1166,,:1166
NCCL:GroupLaunch,22695634890,2471985,22387639402,12981,StartEnd,3439,3439,1,1,0,1168,1166,:1166:1168
NCCL:API Group,22698107739,2474993,22387671949,15115,StartEnd,3439,3439,1,0,1,1170,,:1170
NCCL:GroupLaunch,22698107739,2474993,22387672707,14228,StartEnd,3439,3439,1,1,0,1172,1170,:1170:1172
NCCL:API Group,22700584684,6464,22387706854,14992,StartEnd,3439,3439,1,0,1,1174,,:1174
NCCL:GroupLaunch,22700584684,6464,22387707670,14057,StartEnd,3439,3439,1,1,0,1176,1174,:1174:1176
NCCL:API Group,22700592780,6528,22387741553,11709,StartEnd,3439,3439,1,0,1,1178,,:1178
NCCL:GroupLaunch,22700592780,6528,22387742330,10807,StartEnd,3439,3439,1,1,0,1180,1178,:1178:1180
NCCL:API Group,22700601708,6560,22387774442,11384,StartEnd,3439,3439,1,0,1,1182,,:1182
NCCL:GroupLaunch,22700601708,6560,22387775196,10510,StartEnd,3439,3439,1,1,0,1184,1182,:1182:1184
NCCL:API Group,22700609772,2410770,22387807660,12328,StartEnd,3439,3439,1,0,1,1186,,:1186
NCCL:GroupLaunch,22700609772,2410770,22387808703,11166,StartEnd,3439,3439,1,1,0,1188,1186,:1186:1188
NCCL:API Group,24285864624,11845403,24285788385,93015,StartEnd,3439,3439,1,0,1,1190,,:1190
NCCL:GroupLaunch,24285864624,11845403,24285814931,66208,StartEnd,3439,3439,1,1,0,1192,1190,:1190:1192
NCCL:API Group,23186882193,16598428,23134779984,115751,StartEnd,3439,3814,1,0,1,1195,,:1195
NCCL:GroupLaunch,23186882193,16598428,23134825514,69914,StartEnd,3439,3814,1,1,0,1197,1195,:1195:1197
NCCL:API Group,23203511629,17280,23185318247,31037,StartEnd,3439,3814,1,0,1,1199,,:1199
NCCL:GroupLaunch,23203511629,17280,23185323534,25317,StartEnd,3439,3814,1,1,0,1201,1199,:1199:1201
NCCL:API Group,23205607136,4678180,23186269050,36180,StartEnd,3439,3814,1,0,1,1203,,:1203
NCCL:GroupLaunch,23205607136,4678180,23186274696,30216,StartEnd,3439,3814,1,1,0,1205,1203,:1203:1205
NCCL:API Group,23210287748,4372933,23186768802,29974,StartEnd,3439,3814,1,0,1,1207,,:1207
NCCL:GroupLaunch,23210287748,4372933,23186773374,25240,StartEnd,3439,3814,1,1,0,1209,1207,:1207:1209
NCCL:API Group,23218845744,4422245,23217437043,41394,StartEnd,3439,3814,1,0,1,1211,,:1211
NCCL:GroupLaunch,23218845744,4422245,23217443047,35133,StartEnd,3439,3814,1,1,0,1213,1211,:1211:1213
NCCL:API Group,23223269941,12800,23217673276,23945,StartEnd,3439,3814,1,0,1,1215,,:1215
NCCL:GroupLaunch,23223269941,12800,23217675537,21377,StartEnd,3439,3814,1,1,0,1217,1215,:1215:1217
NCCL:API Group,23223284725,1115673,23218108379,29521,StartEnd,3439,3814,1,0,1,1219,,:1219
NCCL:GroupLaunch,23223284725,1115673,23218111735,25857,StartEnd,3439,3814,1,1,0,1221,1219,:1219:1221
NCCL:API Group,23258492992,1233369,23257948902,48507,StartEnd,3439,3814,1,0,1,1223,,:1223
NCCL:GroupLaunch,23258492992,1233369,23257960496,36277,StartEnd,3439,3814,1,1,0,1225,1223,:1223:1225
NCCL:API Group,23260251894,1514743,23258210937,24634,StartEnd,3439,3814,1,0,1,1227,,:1227
NCCL:GroupLaunch,23260251894,1514743,23258213905,21453,StartEnd,3439,3814,1,1,0,1229,1227,:1227:1229
NCCL:API Group,23262386569,1609750,23258435191,21005,StartEnd,3439,3814,1,0,1,1231,,:1231
NCCL:GroupLaunch,23262386569,1609750,23258437113,18664,StartEnd,3439,3814,1,1,0,1233,1231,:1231:1233
NCCL:API Group,23264007135,383390,23258595823,20360,StartEnd,3439,3814,1,0,1,1235,,:1235
NCCL:GroupLaunch,23264007135,383390,23258598735,16914,StartEnd,3439,3814,1,1,0,1237,1235,:1235:1237
NCCL:API Group,23264713211,5355999,23259300250,34776,StartEnd,3439,3814,1,0,1,1239,,:1239
NCCL:GroupLaunch,23264713211,5355999,23259308933,25952,StartEnd,3439,3814,1,1,0,1241,1239,:1239:1241
NCCL:API Group,23270071258,5689790,23259800530,29570,StartEnd,3439,3814,1,0,1,1243,,:1243
NCCL:GroupLaunch,23270071258,5689790,23259805420,24433,StartEnd,3439,3814,1,1,0,1245,1243,:1243:1245
NCCL:API Group,23275999607,5215680,23260297835,29132,StartEnd,3439,3814,1,0,1,1247,,:1247
NCCL:GroupLaunch,23275999607,5215680,23260302354,24335,StartEnd,3439,3814,1,1,0,1249,1247,:1247:1249
NCCL:API Group,23281218167,673884,23260495216,20908,StartEnd,3439,3814,1,0,1,1251,,:1251
NCCL:GroupLaunch,23281218167,673884,23260497476,18296,StartEnd,3439,3814,1,1,0,1253,1251,:1251:1253
NCCL:API Group,23282046642,1524951,23260907720,26414,StartEnd,3439,3814,1,0,1,1255,,:1255
NCCL:GroupLaunch,23282046642,1524951,23260910401,19342,StartEnd,3439,3814,1,1,0,1257,1255,:1255:1257
NCCL:API Group,23284014406,1549591,23261971872,30791,StartEnd,3439,3814,1,0,1,1259,,:1259
NCCL:GroupLaunch,23284014406,1549591,23261976449,26084,StartEnd,3439,3814,1,1,0,1261,1259,:1259:1261
NCCL:API Group,23285566749,1746549,23262189260,22310,StartEnd,3439,3814,1,0,1,1263,,:1263
NCCL:GroupLaunch,23285566749,1746549,23262191513,19747,StartEnd,3439,3814,1,1,0,1265,1263,:1263:1265
NCCL:API Group,23287421266,1673461,23262401578,22364,StartEnd,3439,3814,1,0,1,1267,,:1267
NCCL:GroupLaunch,23287421266,1673461,23262403405,20311,StartEnd,3439,3814,1,1,0,1269,1267,:1267:1269
NCCL:API Group,23289213127,16288,23262551571,16784,StartEnd,3439,3814,1,0,1,1271,,:1271
NCCL:GroupLaunch,23289213127,16288,23262553414,14798,StartEnd,3439,3814,1,1,0,1273,1271,:1271:1273
NCCL:API Group,23289231367,5056897,23263184770,30919,StartEnd,3439,3814,1,0,1,1275,,:1275
NCCL:GroupLaunch,23289231367,5056897,23263189953,25505,StartEnd,3439,3814,1,1,0,1277,1275,:1275:1277
NCCL:API Group,23294548486,5392896,23263804420,31978,StartEnd,3439,3814,1,0,1,1279,,:1279
NCCL:GroupLaunch,23294548486,5392896,23263810034,26093,StartEnd,3439,3814,1,1,0,1281,1279,:1279:1281
NCCL:API Group,23300087365,4848643,23264357589,28431,StartEnd,3439,3814,1,0,1,1283,,:1283
NCCL:GroupLaunch,23300087365,4848643,23264361643,23979,StartEnd,3439,3814,1,1,0,1285,1283,:1283:1285
NCCL:API Group,23305118887,53311,23264553919,21837,StartEnd,3439,3814,1,0,1,1287,,:1287
NCCL:GroupLaunch,23305118887,53311,23264556067,19406,StartEnd,3439,3814,1,1,0,1289,1287,:1287:1289
NCCL:API Group,23305196838,1546551,23264970257,21877,StartEnd,3439,3814,1,0,1,1291,,:1291
NCCL:GroupLaunch,23305196838,1546551,23264973195,18789,StartEnd,3439,3814,1,1,0,1293,1291,:1291:1293
NCCL:API Group,23306872444,1457751,23266016625,27304,StartEnd,3439,3814,1,0,1,1295,,:1295
NCCL:GroupLaunch,23306872444,1457751,23266020829,22863,StartEnd,3439,3814,1,1,0,1297,1295,:1295:1297
NCCL:API Group,23308379763,1653494,23266234769,21527,StartEnd,3439,3814,1,0,1,1299,,:1299
NCCL:GroupLaunch,23308379763,1653494,23266237326,18771,StartEnd,3439,3814,1,1,0,1301,1299,:1299:1301
NCCL:API Group,23310110216,1234457,23266447044,19099,StartEnd,3439,3814,1,0,1,1303,,:1303
NCCL:GroupLaunch,23310110216,1234457,23266449159,16705,StartEnd,3439,3814,1,1,0,1305,1303,:1303:1305
NCCL:API Group,23311784670,18432,23266589942,18615,StartEnd,3439,3814,1,0,1,1307,,:1307
NCCL:GroupLaunch,23311784670,18432,23266592088,16330,StartEnd,3439,3814,1,1,0,1309,1307,:1307:1309
NCCL:API Group,23311806206,6038780,23267253499,32831,StartEnd,3439,3814,1,0,1,1311,,:1311
NCCL:GroupLaunch,23311806206,6038780,23267259037,26994,StartEnd,3439,3814,1,1,0,1313,1311,:1311:1313
NCCL:API Group,23317911225,5661086,23267915381,31541,StartEnd,3439,3814,1,0,1,1315,,:1315
NCCL:GroupLaunch,23317911225,5661086,23267921045,25746,StartEnd,3439,3814,1,1,0,1317,1315,:1315:1317
NCCL:API Group,23323934581,5835005,23268459485,31100,StartEnd,3439,3814,1,0,1,1319,,:1319
NCCL:GroupLaunch,23323934581,5835005,23268463921,24115,StartEnd,3439,3814,1,1,0,1321,1319,:1319:1321
NCCL:API Group,23329848401,17632,23268651830,20002,StartEnd,3439,3814,1,0,1,1323,,:1323
NCCL:GroupLaunch,23329848401,17632,23268654280,17355,StartEnd,3439,3814,1,1,0,1325,1323,:1323:1325
NCCL:API Group,23329867857,1558327,23269052868,21511,StartEnd,3439,3814,1,0,1,1327,,:1327
NCCL:GroupLaunch,23329867857,1558327,23269055493,18635,StartEnd,3439,3814,1,1,0,1329,1327,:1327:1329
NCCL:API Group,23331430824,1199992,23270073739,31981,StartEnd,3439,3814,1,0,1,1331,,:1331
NCCL:GroupLaunch,23331430824,1199992,23270078341,27186,StartEnd,3439,3814,1,1,0,1333,1331,:1331:1333
NCCL:API Group,23332866527,1414295,23270302302,19577,StartEnd,3439,3814,1,0,1,1335,,:1335
NCCL:GroupLaunch,23332866527,1414295,23270304613,16866,StartEnd,3439,3814,1,1,0,1337,1335,:1335:1337
NCCL:API Group,23334750452,1502550,23270507227,21264,StartEnd,3439,3814,1,0,1,1339,,:1339
NCCL:GroupLaunch,23334750452,1502550,23270509420,18783,StartEnd,3439,3814,1,1,0,1341,1339,:1339:1341
NCCL:API Group,23336256074,264639,23270652323,16776,StartEnd,3439,3814,1,0,1,1343,,:1343
NCCL:GroupLaunch,23336256074,264639,23270654288,14579,StartEnd,3439,3814,1,1,0,1345,1343,:1343:1345
NCCL:API Group,23336790055,5611326,23272112474,40661,StartEnd,3439,3814,1,0,1,1347,,:1347
NCCL:GroupLaunch,23336790055,5611326,23272118688,33891,StartEnd,3439,3814,1,1,0,1349,1347,:1347:1349
NCCL:API Group,23342659428,5399583,23272739484,33273,StartEnd,3439,3814,1,0,1,1351,,:1351
NCCL:GroupLaunch,23342659428,5399583,23272744686,27943,StartEnd,3439,3814,1,1,0,1353,1351,:1351:1353
NCCL:API Group,23348060355,5750717,23273277634,32218,StartEnd,3439,3814,1,0,1,1355,,:1355
NCCL:GroupLaunch,23348060355,5750717,23273282419,27029,StartEnd,3439,3814,1,1,0,1357,1355,:1355:1357
NCCL:API Group,23354044127,15584,23273486153,20779,StartEnd,3439,3814,1,0,1,1359,,:1359
NCCL:GroupLaunch,23354044127,15584,23273488688,17986,StartEnd,3439,3814,1,1,0,1361,1359,:1359:1361
NCCL:API Group,23354061663,1470935,23273901071,23597,StartEnd,3439,3814,1,0,1,1363,,:1363
NCCL:GroupLaunch,23354061663,1470935,23273904423,20102,StartEnd,3439,3814,1,1,0,1365,1363,:1363:1365
NCCL:API Group,23355601973,1632311,23274914695,29040,StartEnd,3439,3814,1,0,1,1367,,:1367
NCCL:GroupLaunch,23355601973,1632311,23274921614,21903,StartEnd,3439,3814,1,1,0,1369,1367,:1367:1369
NCCL:API Group,23357235788,1774645,23275132966,19489,StartEnd,3439,3814,1,0,1,1371,,:1371
NCCL:GroupLaunch,23357235788,1774645,23275135430,16620,StartEnd,3439,3814,1,1,0,1373,1371,:1371:1373
NCCL:API Group,23359071169,1419511,23275345237,20676,StartEnd,3439,3814,1,0,1,1375,,:1375
NCCL:GroupLaunch,23359071169,1419511,23275347470,18090,StartEnd,3439,3814,1,1,0,1377,1375,:1375:1377
NCCL:API Group,23360492984,79647,23275491730,16986,StartEnd,3439,3814,1,0,1,1379,,:1379
NCCL:GroupLaunch,23360492984,79647,23275493880,14706,StartEnd,3439,3814,1,1,0,1381,1379,:1379:1381
NCCL:API Group,23360670167,5496895,23276084626,31423,StartEnd,3439,3814,1,0,1,1383,,:1383
NCCL:GroupLaunch,23360670167,5496895,23276089418,24117,StartEnd,3439,3814,1,1,0,1385,1383,:1383:1385
NCCL:API Group,23366383540,5702046,23276533099,26075,StartEnd,3439,3814,1,0,1,1387,,:1387
NCCL:GroupLaunch,23366383540,5702046,23276537406,21351,StartEnd,3439,3814,1,1,0,1389,1387,:1387:1389
NCCL:API Group,23372240145,5135201,23277002199,25776,StartEnd,3439,3814,1,0,1,1391,,:1391
NCCL:GroupLaunch,23372240145,5135201,23277006190,21505,StartEnd,3439,3814,1,1,0,1393,1391,:1391:1393
NCCL:API Group,23377379666,227678,23277185438,17595,StartEnd,3439,3814,1,0,1,1395,,:1395
NCCL:GroupLaunch,23377379666,227678,23277187480,15201,StartEnd,3439,3814,1,1,0,1397,1395,:1395:1397
NCCL:API Group,23377827279,1475319,23277574029,25012,StartEnd,3439,3814,1,0,1,1399,,:1399
NCCL:GroupLaunch,23377827279,1475319,23277579708,19076,StartEnd,3439,3814,1,1,0,1401,1399,:1399:1401
NCCL:API Group,23379379622,1326840,23278568374,25528,StartEnd,3439,3814,1,0,1,1403,,:1403
NCCL:GroupLaunch,23379379622,1326840,23278572510,21095,StartEnd,3439,3814,1,1,0,1405,1403,:1403:1405
NCCL:API Group,23380708574,1649238,23278774621,18830,StartEnd,3439,3814,1,0,1,1407,,:1407
NCCL:GroupLaunch,23380708574,1649238,23278777036,16148,StartEnd,3439,3814,1,1,0,1409,1407,:1407:1409
NCCL:API Group,23382360212,1449879,23278972359,18792,StartEnd,3439,3814,1,0,1,1411,,:1411
NCCL:GroupLaunch,23382360212,1449879,23278974903,15807,StartEnd,3439,3814,1,1,0,1413,1411,:1411:1413
NCCL:API Group,23384383912,14623,23279111433,16735,StartEnd,3439,3814,1,0,1,1415,,:1415
NCCL:GroupLaunch,23384383912,14623,23279113689,14333,StartEnd,3439,3814,1,1,0,1417,1415,:1415:1417
NCCL:API Group,23384400871,5526495,23283832675,32273,StartEnd,3439,3814,1,0,1,1419,,:1419
NCCL:GroupLaunch,23384400871,5526495,23283837907,26673,StartEnd,3439,3814,1,1,0,1421,1419,:1419:1421
NCCL:API Group,23389929286,5305536,23285669153,38462,StartEnd,3439,3814,1,0,1,1423,,:1423
NCCL:GroupLaunch,23389929286,5305536,23285675158,32199,StartEnd,3439,3814,1,1,0,1425,1423,:1423:1425
NCCL:API Group,23395293670,5768061,23288491042,31594,StartEnd,3439,3814,1,0,1,1427,,:1427
NCCL:GroupLaunch,23395293670,5768061,23288496325,25948,StartEnd,3439,3814,1,1,0,1429,1427,:1427:1429
NCCL:API Group,23401064035,91583,23288699749,19654,StartEnd,3439,3814,1,0,1,1431,,:1431
NCCL:GroupLaunch,23401064035,91583,23288702028,17212,StartEnd,3439,3814,1,1,0,1433,1431,:1431:1433
NCCL:API Group,23401338529,1414744,23289100735,22947,StartEnd,3439,3814,1,0,1,1435,,:1435
NCCL:GroupLaunch,23401338529,1414744,23289103618,19918,StartEnd,3439,3814,1,1,0,1437,1435,:1435:1437
NCCL:API Group,23403242006,1426647,23290111153,26636,StartEnd,3439,3814,1,0,1,1439,,:1439
NCCL:GroupLaunch,23403242006,1426647,23290115343,22213,StartEnd,3439,3814,1,1,0,1441,1439,:1439:1441
NCCL:API Group,23405120618,1492215,23290321449,21406,StartEnd,3439,3814,1,0,1,1443,,:1443
NCCL:GroupLaunch,23405120618,1492215,23290324091,18276,StartEnd,3439,3814,1,1,0,1445,1443,:1443:1445
NCCL:API Group,23406615521,1328408,23290526338,21215,StartEnd,3439,3814,1,0,1,1447,,:1447
NCCL:GroupLaunch,23406615521,1328408,23290528578,16219,StartEnd,3439,3814,1,1,0,1449,1447,:1447:1449
NCCL:API Group,23407945945,170303,23290676943,16888,StartEnd,3439,3814,1,0,1,1451,,:1451
NCCL:GroupLaunch,23407945945,170303,23290679008,14670,StartEnd,3439,3814,1,1,0,1453,1451,:1451:1453
NCCL:API Group,23408150456,5938588,23292615373,32698,StartEnd,3439,3814,1,0,1,1455,,:1455
NCCL:GroupLaunch,23408150456,5938588,23292623228,24460,StartEnd,3439,3814,1,1,0,1457,1455,:1455:1457
NCCL:API Group,23414368050,5654846,23294157775,29415,StartEnd,3439,3814,1,0,1,1459,,:1459
NCCL:GroupLaunch,23414368050,5654846,23294162230,24186,StartEnd,3439,3814,1,1,0,1461,1459,:1459:1461
NCCL:API Group,23420190287,5281184,23294874937,26934,StartEnd,3439,3814,1,0,1,1463,,:1463
NCCL:GroupLaunch,23420190287,5281184,23294879397,22207,StartEnd,3439,3814,1,1,0,1465,1463,:1463:1465
NCCL:API Group,23425474639,414142,23295065884,21411,StartEnd,3439,3814,1,0,1,1467,,:1467
NCCL:GroupLaunch,23425474639,414142,23295068297,18745,StartEnd,3439,3814,1,1,0,1469,1467,:1467:1469
NCCL:API Group,23425958988,1407448,23295459695,22768,StartEnd,3439,3814,1,0,1,1471,,:1471
NCCL:GroupLaunch,23425958988,1407448,23295462817,19533,StartEnd,3439,3814,1,1,0,1473,1471,:1471:1473
NCCL:API Group,23427476323,2072884,23296450701,25989,StartEnd,3439,3814,1,0,1,1475,,:1475
NCCL:GroupLaunch,23427476323,2072884,23296454487,21875,StartEnd,3439,3814,1,1,0,1477,1475,:1475:1477
NCCL:API Group,23429587350,1534071,23296658061,20166,StartEnd,3439,3814,1,0,1,1479,,:1479
NCCL:GroupLaunch,23429587350,1534071,23296660313,17355,StartEnd,3439,3814,1,1,0,1481,1479,:1479:1481
NCCL:API Group,23431249068,1544695,23296858992,17455,StartEnd,3439,3814,1,0,1,1483,,:1483
NCCL:GroupLaunch,23431249068,1544695,23296861254,14946,StartEnd,3439,3814,1,1,0,1485,1483,:1483:1485
NCCL:API Group,23433143937,11072,23296999290,19832,StartEnd,3439,3814,1,0,1,1487,,:1487
NCCL:GroupLaunch,23433143937,11072,23297003511,15399,StartEnd,3439,3814,1,1,0,1489,1487,:1487:1489
NCCL:API Group,23433156865,5388543,23297681526,30888,StartEnd,3439,3814,1,0,1,1491,,:1491
NCCL:GroupLaunch,23433156865,5388543,23297686470,25358,StartEnd,3439,3814,1,1,0,1493,1491,:1491:1493
NCCL:API Group,23438581408,6061339,23298559291,29852,StartEnd,3439,3814,1,0,1,1495,,:1495
NCCL:GroupLaunch,23438581408,6061339,23298563959,24755,StartEnd,3439,3814,1,1,0,1497,1495,:1495:1497
NCCL:API Group,23445056057,5832541,23299097748,29768,StartEnd,3439,3814,1,0,1,1499,,:1499
NCCL:GroupLaunch,23445056057,5832541,23299102216,24643,StartEnd,3439,3814,1,1,0,1501,1499,:1499:1501
NCCL:API Group,23450891350,105823,23299293041,19815,StartEnd,3439,3814,1,0,1,1503,,:1503
NCCL:GroupLaunch,23450891350,105823,23299295538,17096,StartEnd,3439,3814,1,1,0,1505,1503,:1503:1505
NCCL:API Group,23451179252,1600886,23299702835,21150,StartEnd,3439,3814,1,0,1,1507,,:1507
NCCL:GroupLaunch,23451179252,1600886,23299705482,18276,StartEnd,3439,3814,1,1,0,1509,1507,:1507:1509
NCCL:API Group,23453088360,1436984,23300697461,30296,StartEnd,3439,3814,1,0,1,1511,,:1511
NCCL:GroupLaunch,23453088360,1436984,23300701225,22798,StartEnd,3439,3814,1,1,0,1513,1511,:1511:1513
NCCL:API Group,23454970205,1689750,23300910532,20323,StartEnd,3439,3814,1,0,1,1515,,:1515
NCCL:GroupLaunch,23454970205,1689750,23300913217,17180,StartEnd,3439,3814,1,1,0,1517,1515,:1515:1517
NCCL:API Group,23457009393,1593334,23301108281,19575,StartEnd,3439,3814,1,0,1,1519,,:1519
NCCL:GroupLaunch,23457009393,1593334,23301110283,17338,StartEnd,3439,3814,1,1,0,1521,1519,:1519:1521
NCCL:API Group,23458694118,32160,23301250900,18296,StartEnd,3439,3814,1,0,1,1523,,:1523
NCCL:GroupLaunch,23458694118,32160,23301253017,16021,StartEnd,3439,3814,1,1,0,1525,1523,:1523:1525
NCCL:API Group,23458807718,5493823,23302058351,28914,StartEnd,3439,3814,1,0,1,1527,,:1527
NCCL:GroupLaunch,23458807718,5493823,23302063388,23649,StartEnd,3439,3814,1,1,0,1529,1527,:1527:1529
NCCL:API Group,23464671202,5561535,23304485026,27944,StartEnd,3439,3814,1,0,1,1531,,:1531
NCCL:GroupLaunch,23464671202,5561535,23304489299,23049,StartEnd,3439,3814,1,1,0,1533,1531,:1531:1533
NCCL:API Group,23470235649,5861852,23306817853,35388,StartEnd,3439,3814,1,0,1,1535,,:1535
NCCL:GroupLaunch,23470235649,5861852,23306825387,27107,StartEnd,3439,3814,1,1,0,1537,1535,:1535:1537
NCCL:API Group,23476131389,140831,23307028782,23269,StartEnd,3439,3814,1,0,1,1539,,:1539
NCCL:GroupLaunch,23476131389,140831,23307032134,19450,StartEnd,3439,3814,1,1,0,1541,1539,:1539:1541
NCCL:API Group,23476273692,1513623,23307446260,22775,StartEnd,3439,3814,1,0,1,1543,,:1543
NCCL:GroupLaunch,23476273692,1513623,23307449371,19524,StartEnd,3439,3814,1,1,0,1545,1543,:1543:1545
NCCL:API Group,23477789235,1926772,23308448842,30321,StartEnd,3439,3814,1,0,1,1547,,:1547
NCCL:GroupLaunch,23477789235,1926772,23308455692,22873,StartEnd,3439,3814,1,1,0,1549,1547,:1547:1549
NCCL:API Group,23479749959,1778901,23308658140,19289,StartEnd,3439,3814,1,0,1,1551,,:1551
NCCL:GroupLaunch,23479749959,1778901,23308660441,16668,StartEnd,3439,3814,1,1,0,1553,1551,:1551:1553
NCCL:API Group,23481938010,1593206,23308865738,19602,StartEnd,3439,3814,1,0,1,1555,,:1555
NCCL:GroupLaunch,23481938010,1593206,23308868075,17055,StartEnd,3439,3814,1,1,0,1557,1555,:1555:1557
NCCL:API Group,23483978414,15647,23309007974,17612,StartEnd,3439,3814,1,0,1,1559,,:1559
NCCL:GroupLaunch,23483978414,15647,23309010115,15269,StartEnd,3439,3814,1,1,0,1561,1559,:1559:1561
NCCL:API Group,23483995853,5672094,23312642755,29871,StartEnd,3439,3814,1,0,1,1563,,:1563
NCCL:GroupLaunch,23483995853,5672094,23312648131,24142,StartEnd,3439,3814,1,1,0,1565,1563,:1563:1565
NCCL:API Group,23489806986,5287488,23315722329,29480,StartEnd,3439,3814,1,0,1,1567,,:1567
NCCL:GroupLaunch,23489806986,5287488,23315726635,24838,StartEnd,3439,3814,1,1,0,1569,1567,:1567:1569
NCCL:API Group,23495095786,5647422,23320616421,31350,StartEnd,3439,3814,1,0,1,1571,,:1571
NCCL:GroupLaunch,23495095786,5647422,23320621577,25702,StartEnd,3439,3814,1,1,0,1573,1571,:1571:1573
NCCL:API Group,23500773288,18720,23320834339,26647,StartEnd,3439,3814,1,0,1,1575,,:1575
NCCL:GroupLaunch,23500773288,18720,23320840053,18630,StartEnd,3439,3814,1,1,0,1577,1575,:1575:1577
NCCL:API Group,23500794664,1706166,23321244516,29341,StartEnd,3439,3814,1,0,1,1579,,:1579
NCCL:GroupLaunch,23500794664,1706166,23321247185,26043,StartEnd,3439,3814,1,1,0,1581,1579,:1579:1581
NCCL:API Group,23502874683,1443832,23322319994,28090,StartEnd,3439,3814,1,0,1,1583,,:1583
NCCL:GroupLaunch,23502874683,1443832,23322324376,23400,StartEnd,3439,3814,1,1,0,1585,1583,:1583:1585
NCCL:API Group,23504752624,1446519,23322543122,21016,StartEnd,3439,3814,1,0,1,1587,,:1587
NCCL:GroupLaunch,23504752624,1446519,23322545581,17953,StartEnd,3439,3814,1,1,0,1589,1587,:1587:1589
NCCL:API Group,23506201287,1682390,23322759720,18129,StartEnd,3439,3814,1,0,1,1591,,:1591
NCCL:GroupLaunch,23506201287,1682390,23322762018,15622,StartEnd,3439,3814,1,1,0,1593,1591,:1591:1593
NCCL:API Group,23507981373,317950,23322916852,18243,StartEnd,3439,3814,1,0,1,1595,,:1595
NCCL:GroupLaunch,23507981373,317950,23322918911,16035,StartEnd,3439,3814,1,1,0,1597,1595,:1595:1597
NCCL:API Group,23508394490,5647550,23324286422,31539,StartEnd,3439,3814,1,0,1,1599,,:1599
NCCL:GroupLaunch,23508394490,5647550,23324291837,25737,StartEnd,3439,3814,1,1,0,1601,1599,:1599:1601
NCCL:API Group,23514044792,5681982,23327114806,28272,StartEnd,3439,3814,1,0,1,1603,,:1603
NCCL:GroupLaunch,23514044792,5681982,23327119479,23353,StartEnd,3439,3814,1,1,0,1605,1603,:1603:1605
NCCL:API Group,23519788213,5375808,23328135335,29826,StartEnd,3439,3814,1,0,1,1607,,:1607
NCCL:GroupLaunch,23519788213,5375808,23328141631,23264,StartEnd,3439,3814,1,1,0,1609,1607,:1607:1609
NCCL:API Group,23525331060,417405,23328336617,21573,StartEnd,3439,3814,1,0,1,1611,,:1611
NCCL:GroupLaunch,23525331060,417405,23328339609,18433,StartEnd,3439,3814,1,1,0,1613,1611,:1611:1613
NCCL:API Group,23526242574,1465879,23328744141,21866,StartEnd,3439,3814,1,0,1,1615,,:1615
NCCL:GroupLaunch,23526242574,1465879,23328746791,19076,StartEnd,3439,3814,1,1,0,1617,1615,:1615:1617
NCCL:API Group,23527881956,1639062,23329758393,39263,StartEnd,3439,3814,1,0,1,1619,,:1619
NCCL:GroupLaunch,23527881956,1639062,23329762787,34291,StartEnd,3439,3814,1,1,0,1621,1619,:1619:1621
NCCL:API Group,23529526234,1626454,23329999865,22443,StartEnd,3439,3814,1,0,1,1623,,:1623
NCCL:GroupLaunch,23529526234,1626454,23330002437,19715,StartEnd,3439,3814,1,1,0,1625,1623,:1623:1625
NCCL:API Group,23531195824,1647798,23330216006,18329,StartEnd,3439,3814,1,0,1,1627,,:1627
NCCL:GroupLaunch,23531195824,1647798,23330218350,15843,StartEnd,3439,3814,1,1,0,1629,1627,:1627:1629
NCCL:API Group,23532846406,129663,23330369324,18992,StartEnd,3439,3814,1,0,1,1631,,:1631
NCCL:GroupLaunch,23532846406,129663,23330371304,16861,StartEnd,3439,3814,1,1,0,1633,1631,:1631:1633
NCCL:API Group,23533257796,5195360,23333404515,30414,StartEnd,3439,3814,1,0,1,1635,,:1635
NCCL:GroupLaunch,23533257796,5195360,23333410140,24211,StartEnd,3439,3814,1,1,0,1637,1635,:1635:1637
NCCL:API Group,23538456196,5719870,23334210597,31774,StartEnd,3439,3814,1,0,1,1639,,:1639
NCCL:GroupLaunch,23538456196,5719870,23334215268,24450,StartEnd,3439,3814,1,1,0,1641,1639,:1639:1641
NCCL:API Group,23544178722,5555550,23342880129,30178,StartEnd,3439,3814,1,0,1,1643,,:1643
NCCL:GroupLaunch,23544178722,5555550,23342884930,25224,StartEnd,3439,3814,1,1,0,1645,1643,:1643:1645
NCCL:API Group,23549739520,419262,23343086452,21846,StartEnd,3439,3814,1,0,1,1647,,:1647
NCCL:GroupLaunch,23549739520,419262,23343089016,19144,StartEnd,3439,3814,1,1,0,1649,1647,:1647:1649
NCCL:API Group,23550160414,1181592,23343491881,22206,StartEnd,3439,3814,1,0,1,1651,,:1651
NCCL:GroupLaunch,23550160414,1181592,23343494644,19344,StartEnd,3439,3814,1,1,0,1653,1651,:1651:1653
NCCL:API Group,23551365334,1554999,23344495588,25955,StartEnd,3439,3814,1,0,1,1655,,:1655
NCCL:GroupLaunch,23551365334,1554999,23344499242,21895,StartEnd,3439,3814,1,1,0,1657,1655,:1655:1657
NCCL:API Group,23552921901,1479095,23344697748,21350,StartEnd,3439,3814,1,0,1,1659,,:1659
NCCL:GroupLaunch,23552921901,1479095,23344700112,18837,StartEnd,3439,3814,1,1,0,1661,1659,:1659:1661
NCCL:API Group,23554800002,1446391,23344900169,18309,StartEnd,3439,3814,1,0,1,1663,,:1663
NCCL:GroupLaunch,23554800002,1446391,23344902532,15794,StartEnd,3439,3814,1,1,0,1665,1663,:1663:1665
NCCL:API Group,23556247673,551036,23345042903,18028,StartEnd,3439,3814,1,0,1,1667,,:1667
NCCL:GroupLaunch,23556247673,551036,23345044669,16118,StartEnd,3439,3814,1,1,0,1669,1667,:1667:1669
NCCL:API Group,23556834613,5475039,23347433787,29542,StartEnd,3439,3814,1,0,1,1671,,:1671
NCCL:GroupLaunch,23556834613,5475039,23347438719,24348,StartEnd,3439,3814,1,1,0,1673,1671,:1671:1673
NCCL:API Group,23562598738,5358976,23352253682,29287,StartEnd,3439,3814,1,0,1,1675,,:1675
NCCL:GroupLaunch,23562598738,5358976,23352258411,24264,StartEnd,3439,3814,1,1,0,1677,1675,:1675:1677
NCCL:API Group,23567959538,5987420,23359810983,32792,StartEnd,3439,3814,1,0,1,1679,,:1679
NCCL:GroupLaunch,23567959538,5987420,23359818636,24662,StartEnd,3439,3814,1,1,0,1681,1679,:1679:1681
NCCL:API Group,23573948814,178207,23360015313,22463,StartEnd,3439,3814,1,0,1,1683,,:1683
NCCL:GroupLaunch,23573948814,178207,23360019344,18282,StartEnd,3439,3814,1,1,0,1685,1683,:1683:1685
NCCL:API Group,23574128909,1182809,23360423547,22075,StartEnd,3439,3814,1,0,1,1687,,:1687
NCCL:GroupLaunch,23574128909,1182809,23360426132,19157,StartEnd,3439,3814,1,1,0,1689,1687,:1687:1689
NCCL:API Group,23575313638,1324856,23361423758,25345,StartEnd,3439,3814,1,0,1,1691,,:1691
NCCL:GroupLaunch,23575313638,1324856,23361427501,21073,StartEnd,3439,3814,1,1,0,1693,1691,:1691:1693
NCCL:API Group,23576640638,1126809,23361624912,18632,StartEnd,3439,3814,1,0,1,1695,,:1695
NCCL:GroupLaunch,23576640638,1126809,23361627038,16181,StartEnd,3439,3814,1,1,0,1697,1695,:1695:1697
NCCL:API Group,23577769975,1101209,23361834226,19453,StartEnd,3439,3814,1,0,1,1699,,:1699
NCCL:GroupLaunch,23577769975,1101209,23361836314,17212,StartEnd,3439,3814,1,1,0,1701,1699,:1699:1701
NCCL:API Group,23578872720,14016,23361972044,28381,StartEnd,3439,3814,1,0,1,1703,,:1703
NCCL:GroupLaunch,23578872720,14016,23361973523,16738,StartEnd,3439,3814,1,1,0,1705,1703,:1703:1705
NCCL:API Group,23578888976,4361382,23362996067,32212,StartEnd,3439,3814,1,0,1,1707,,:1707
NCCL:GroupLaunch,23578888976,4361382,23363001164,26591,StartEnd,3439,3814,1,1,0,1709,1707,:1707:1709
NCCL:API Group,23583253910,4358373,23363510316,27864,StartEnd,3439,3814,1,0,1,1711,,:1711
NCCL:GroupLaunch,23583253910,4358373,23363514730,23117,StartEnd,3439,3814,1,1,0,1713,1711,:1711:1713
NCCL:API Group,23587613979,4336486,23366277755,33293,StartEnd,3439,3814,1,0,1,1715,,:1715
NCCL:GroupLaunch,23587613979,4336486,23366284162,26311,StartEnd,3439,3814,1,1,0,1717,1715,:1715:1717
NCCL:API Group,23591953601,28192,23366478182,20429,StartEnd,3439,3814,1,0,1,1719,,:1719
NCCL:GroupLaunch,23591953601,28192,23366481150,17349,StartEnd,3439,3814,1,1,0,1721,1719,:1719:1721
NCCL:API Group,23591984257,1090009,23366887220,22605,StartEnd,3439,3814,1,0,1,1723,,:1723
NCCL:GroupLaunch,23591984257,1090009,23366889912,19357,StartEnd,3439,3814,1,1,0,1725,1723,:1723:1725
NCCL:API Group,23593075674,1098554,23367938993,28594,StartEnd,3439,3814,1,0,1,1727,,:1727
NCCL:GroupLaunch,23593075674,1098554,23367943391,23913,StartEnd,3439,3814,1,1,0,1729,1727,:1727:1729
NCCL:API Group,23594176436,1089849,23368158328,19443,StartEnd,3439,3814,1,0,1,1731,,:1731
NCCL:GroupLaunch,23594176436,1089849,23368160880,16732,StartEnd,3439,3814,1,1,0,1733,1731,:1731:1733
NCCL:API Group,23595267917,1097273,23368362614,17465,StartEnd,3439,3814,1,0,1,1735,,:1735
NCCL:GroupLaunch,23595267917,1097273,23368364882,15055,StartEnd,3439,3814,1,1,0,1737,1735,:1735:1737
NCCL:API Group,23596366598,9920,23368504551,18075,StartEnd,3439,3814,1,0,1,1739,,:1739
NCCL:GroupLaunch,23596366598,9920,23368506221,16270,StartEnd,3439,3814,1,1,0,1741,1739,:1739:1741
NCCL:API Group,23596379654,4341638,23371597745,32328,StartEnd,3439,3814,1,0,1,1743,,:1743
NCCL:GroupLaunch,23596379654,4341638,23371603135,26610,StartEnd,3439,3814,1,1,0,1745,1743,:1743:1745
NCCL:API Group,23600723276,4355718,23372112535,31736,StartEnd,3439,3814,1,0,1,1747,,:1747
NCCL:GroupLaunch,23600723276,4355718,23372119116,24698,StartEnd,3439,3814,1,1,0,1749,1747,:1747:1749
NCCL:API Group,23605081234,4393989,23372635094,29208,StartEnd,3439,3814,1,0,1,1751,,:1751
NCCL:GroupLaunch,23605081234,4393989,23372639718,24324,StartEnd,3439,3814,1,1,0,1753,1751,:1751:1753
NCCL:API Group,23609478487,32096,23372834597,20527,StartEnd,3439,3814,1,0,1,1755,,:1755
NCCL:GroupLaunch,23609478487,32096,23372837093,17912,StartEnd,3439,3814,1,1,0,1757,1755,:1755:1757
NCCL:API Group,23609512951,1110937,23373245551,23235,StartEnd,3439,3814,1,0,1,1759,,:1759
NCCL:GroupLaunch,23609512951,1110937,23373248161,20517,StartEnd,3439,3814,1,1,0,1761,1759,:1759:1761
NCCL:API Group,23610625904,1110777,23374309155,27206,StartEnd,3439,3814,1,0,1,1763,,:1763
NCCL:GroupLaunch,23610625904,1110777,23374314032,21966,StartEnd,3439,3814,1,1,0,1765,1763,:1763:1765
NCCL:API Group,23611738921,1109338,23374525624,21064,StartEnd,3439,3814,1,0,1,1767,,:1767
NCCL:GroupLaunch,23611738921,1109338,23374527828,16976,StartEnd,3439,3814,1,1,0,1769,1767,:1767:1769
NCCL:API Group,23612850787,1124473,23374732167,20138,StartEnd,3439,3814,1,0,1,1771,,:1771
NCCL:GroupLaunch,23612850787,1124473,23374734221,17934,StartEnd,3439,3814,1,1,0,1773,1771,:1771:1773
NCCL:API Group,23613977980,10176,23374881587,18220,StartEnd,3439,3814,1,0,1,1775,,:1775
NCCL:GroupLaunch,23613977980,10176,23374883290,16287,StartEnd,3439,3814,1,1,0,1777,1775,:1775:1777
NCCL:API Group,23613990172,4347782,23375491633,34536,StartEnd,3439,3814,1,0,1,1779,,:1779
NCCL:GroupLaunch,23613990172,4347782,23375498401,27255,StartEnd,3439,3814,1,1,0,1781,1779,:1779:1781
NCCL:API Group,23618339970,4374661,23375978745,26035,StartEnd,3439,3814,1,0,1,1783,,:1783
NCCL:GroupLaunch,23618339970,4374661,23375982866,21724,StartEnd,3439,3814,1,1,0,1785,1783,:1783:1785
NCCL:API Group,23622717415,4366566,23376483683,28736,StartEnd,3439,3814,1,0,1,1787,,:1787
NCCL:GroupLaunch,23622717415,4366566,23376488060,23887,StartEnd,3439,3814,1,1,0,1789,1787,:1787:1789
NCCL:API Group,23627085709,28639,23376674138,22970,StartEnd,3439,3814,1,0,1,1791,,:1791
NCCL:GroupLaunch,23627085709,28639,23376676387,20567,StartEnd,3439,3814,1,1,0,1793,1791,:1791:1793
NCCL:API Group,23627116364,1110426,23377071357,26387,StartEnd,3439,3814,1,0,1,1795,,:1795
NCCL:GroupLaunch,23627116364,1110426,23377074151,23128,StartEnd,3439,3814,1,1,0,1797,1795,:1795:1797
NCCL:API Group,23628228262,1106809,23378129246,29253,StartEnd,3439,3814,1,0,1,1799,,:1799
NCCL:GroupLaunch,23628228262,1106809,23378133591,24678,StartEnd,3439,3814,1,1,0,1801,1799,:1799:1801
NCCL:API Group,23629337151,1111833,23378353163,21182,StartEnd,3439,3814,1,0,1,1803,,:1803
NCCL:GroupLaunch,23629337151,1111833,23378355934,18263,StartEnd,3439,3814,1,1,0,1805,1803,:1803:1805
NCCL:API Group,23630451992,1107354,23378561718,18508,StartEnd,3439,3814,1,0,1,1807,,:1807
NCCL:GroupLaunch,23630451992,1107354,23378563936,16145,StartEnd,3439,3814,1,1,0,1809,1807,:1807:1809
NCCL:API Group,23631562962,12000,23378707171,20468,StartEnd,3439,3814,1,0,1,1811,,:1811
NCCL:GroupLaunch,23631562962,12000,23378711372,15835,StartEnd,3439,3814,1,1,0,1813,1811,:1811:1813
NCCL:API Group,23631577138,4362341,23379408183,32972,StartEnd,3439,3814,1,0,1,1815,,:1815
NCCL:GroupLaunch,23631577138,4362341,23379413993,26900,StartEnd,3439,3814,1,1,0,1817,1815,:1815:1817
NCCL:API Group,23635941303,4392870,23379919300,36003,StartEnd,3439,3814,1,0,1,1819,,:1819
NCCL:GroupLaunch,23635941303,4392870,23379923472,31316,StartEnd,3439,3814,1,1,0,1821,1819,:1819:1821
NCCL:API Group,23640336157,4385285,23380438510,31063,StartEnd,3439,3814,1,0,1,1823,,:1823
NCCL:GroupLaunch,23640336157,4385285,23380442853,26474,StartEnd,3439,3814,1,1,0,1825,1823,:1823:1825
NCCL:API Group,23644722850,32352,23380637588,19999,StartEnd,3439,3814,1,0,1,1827,,:1827
NCCL:GroupLaunch,23644722850,32352,23380639900,17517,StartEnd,3439,3814,1,1,0,1829,1827,:1827:1829
NCCL:API Group,23644757570,1117721,23381045072,26606,StartEnd,3439,3814,1,0,1,1831,,:1831
NCCL:GroupLaunch,23644757570,1117721,23381047741,20260,StartEnd,3439,3814,1,1,0,1833,1831,:1831:1833
NCCL:API Group,23645877659,1105241,23382113324,29976,StartEnd,3439,3814,1,0,1,1835,,:1835
NCCL:GroupLaunch,23645877659,1105241,23382118203,24737,StartEnd,3439,3814,1,1,0,1837,1835,:1835:1837
NCCL:API Group,23646985396,1109402,23382334323,21330,StartEnd,3439,3814,1,0,1,1839,,:1839
NCCL:GroupLaunch,23646985396,1109402,23382336592,18824,StartEnd,3439,3814,1,1,0,1841,1839,:1839:1841
NCCL:API Group,23648098382,1106841,23382542681,21488,StartEnd,3439,3814,1,0,1,1843,,:1843
NCCL:GroupLaunch,23648098382,1106841,23382544770,19154,StartEnd,3439,3814,1,1,0,1845,1843,:1843:1845
NCCL:API Group,23649208263,12416,23382700753,20198,StartEnd,3439,3814,1,0,1,1847,,:1847
NCCL:GroupLaunch,23649208263,12416,23382702548,18112,StartEnd,3439,3814,1,1,0,1849,1847,:1847:1849
NCCL:API Group,23649222535,4340614,23383326659,32805,StartEnd,3439,3814,1,0,1,1851,,:1851
NCCL:GroupLaunch,23649222535,4340614,23383332091,26813,StartEnd,3439,3814,1,1,0,1853,1851,:1851:1853
NCCL:API Group,23653566157,4369637,23383811339,24918,StartEnd,3439,3814,1,0,1,1855,,:1855
NCCL:GroupLaunch,23653566157,4369637,23383815257,20805,StartEnd,3439,3814,1,1,0,1857,1855,:1855:1857
NCCL:API Group,23657938514,4394278,23384279045,33299,StartEnd,3439,3814,1,0,1,1859,,:1859
NCCL:GroupLaunch,23657938514,4394278,23384283627,28053,StartEnd,3439,3814,1,1,0,1861,1859,:1859:1861
NCCL:API Group,23662335448,29055,23384477973,22533,StartEnd,3439,3814,1,0,1,1863,,:1863
NCCL:GroupLaunch,23662335448,29055,23384480660,19586,StartEnd,3439,3814,1,1,0,1865,1863,:1863:1865
NCCL:API Group,23662366039,1112282,23384878148,25379,StartEnd,3439,3814,1,0,1,1867,,:1867
NCCL:GroupLaunch,23662366039,1112282,23384881445,21436,StartEnd,3439,3814,1,1,0,1869,1867,:1867:1869
NCCL:API Group,23663481873,1110169,23385875185,26762,StartEnd,3439,3814,1,0,1,1871,,:1871
NCCL:GroupLaunch,23663481873,1110169,23385879394,22285,StartEnd,3439,3814,1,1,0,1873,1871,:1871:1873
NCCL:API Group,23664593898,1113337,23386079132,19911,StartEnd,3439,3814,1,0,1,1875,,:1875
NCCL:GroupLaunch,23664593898,1113337,23386081849,16653,StartEnd,3439,3814,1,1,0,1877,1875,:1875:1877
NCCL:API Group,23665708867,1111738,23386278939,17685,StartEnd,3439,3814,1,0,1,1879,,:1879
NCCL:GroupLaunch,23665708867,1111738,23386281017,15468,StartEnd,3439,3814,1,1,0,1881,1879,:1879:1881
NCCL:API Group,23666822876,12896,23386422382,17373,StartEnd,3439,3814,1,0,1,1883,,:1883
NCCL:GroupLaunch,23666822876,12896,23386424265,15336,StartEnd,3439,3814,1,1,0,1885,1883,:1883:1885
NCCL:API Group,23666837148,4350182,23387003480,28559,StartEnd,3439,3814,1,0,1,1887,,:1887
NCCL:GroupLaunch,23666837148,4350182,23387008297,23526,StartEnd,3439,3814,1,1,0,1889,1887,:1887:1889
NCCL:API Group,23671190210,4380198,23387494420,25518,StartEnd,3439,3814,1,0,1,1891,,:1891
NCCL:GroupLaunch,23671190210,4380198,23387498325,21341,StartEnd,3439,3814,1,1,0,1893,1891,:1891:1893
NCCL:API Group,23675572616,4386949,23387973140,32888,StartEnd,3439,3814,1,0,1,1895,,:1895
NCCL:GroupLaunch,23675572616,4386949,23387976998,26981,StartEnd,3439,3814,1,1,0,1897,1895,:1895:1897
NCCL:API Group,23679961357,26656,23388161007,18374,StartEnd,3439,3814,1,0,1,1899,,:1899
NCCL:GroupLaunch,23679961357,26656,23388162913,16371,StartEnd,3439,3814,1,1,0,1901,1899,:1899:1901
NCCL:API Group,23679990765,1110425,23388542423,21851,StartEnd,3439,3814,1,0,1,1903,,:1903
NCCL:GroupLaunch,23679990765,1110425,23388547012,16952,StartEnd,3439,3814,1,1,0,1905,1903,:1903:1905
NCCL:API Group,23681104774,1104058,23389512820,26432,StartEnd,3439,3814,1,0,1,1907,,:1907
NCCL:GroupLaunch,23681104774,1104058,23389516873,21975,StartEnd,3439,3814,1,1,0,1909,1907,:1907:1909
NCCL:API Group,23682211583,1110074,23389719866,18466,StartEnd,3439,3814,1,0,1,1911,,:1911
NCCL:GroupLaunch,23682211583,1110074,23389721998,15993,StartEnd,3439,3814,1,1,0,1913,1911,:1911:1913
NCCL:API Group,23683323513,1107737,23389934704,17703,StartEnd,3439,3814,1,0,1,1915,,:1915
NCCL:GroupLaunch,23683323513,1107737,23389936902,15269,StartEnd,3439,3814,1,1,0,1917,1915,:1915:1917
NCCL:API Group,23684434482,12032,23390074678,17318,StartEnd,3439,3814,1,0,1,1919,,:1919
NCCL:GroupLaunch,23684434482,12032,23390076381,15356,StartEnd,3439,3814,1,1,0,1921,1919,:1919:1921
NCCL:API Group,23684448754,4341702,23390661243,30786,StartEnd,3439,3814,1,0,1,1923,,:1923
NCCL:GroupLaunch,23684448754,4341702,23390665878,25778,StartEnd,3439,3814,1,1,0,1925,1923,:1923:1925
NCCL:API Group,23688792376,4378533,23391123670,26994,StartEnd,3439,3814,1,0,1,1927,,:1927
NCCL:GroupLaunch,23688792376,4378533,23391127345,22985,StartEnd,3439,3814,1,1,0,1929,1927,:1927:1929
NCCL:API Group,23693172893,4385542,23391617670,27512,StartEnd,3439,3814,1,0,1,1931,,:1931
NCCL:GroupLaunch,23693172893,4385542,23391621547,23138,StartEnd,3439,3814,1,1,0,1933,1931,:1931:1933
NCCL:API Group,23697560419,28096,23391804143,21664,StartEnd,3439,3814,1,0,1,1935,,:1935
NCCL:GroupLaunch,23697560419,28096,23391808475,17178,StartEnd,3439,3814,1,1,0,1937,1935,:1935:1937
NCCL:API Group,23697591107,1108185,23392196854,26322,StartEnd,3439,3814,1,0,1,1939,,:1939
NCCL:GroupLaunch,23697591107,1108185,23392199674,23118,StartEnd,3439,3814,1,1,0,1941,1939,:1939:1941
NCCL:API Group,23698701948,1103705,23393199168,24551,StartEnd,3439,3814,1,0,1,1943,,:1943
NCCL:GroupLaunch,23698701948,1103705,23393203267,20123,StartEnd,3439,3814,1,1,0,1945,1943,:1943:1945
NCCL:API Group,23699807797,1113337,23393402765,18369,StartEnd,3439,3814,1,0,1,1947,,:1947
NCCL:GroupLaunch,23699807797,1113337,23393405187,15264,StartEnd,3439,3814,1,1,0,1949,1947,:1947:1949
NCCL:API Group,23700922798,1108250,23393596522,19341,StartEnd,3439,3814,1,0,1,1951,,:1951
NCCL:GroupLaunch,23700922798,1108250,23393598825,16802,StartEnd,3439,3814,1,1,0,1953,1951,:1951:1953
NCCL:API Group,23702032776,13952,23393735308,16701,StartEnd,3439,3814,1,0,1,1955,,:1955
NCCL:GroupLaunch,23702032776,13952,23393737702,14064,StartEnd,3439,3814,1,1,0,1957,1955,:1955:1957
NCCL:API Group,23702049032,4350277,23394335374,35163,StartEnd,3439,3814,1,0,1,1959,,:1959
NCCL:GroupLaunch,23702049032,4350277,23394340628,27728,StartEnd,3439,3814,1,1,0,1961,1959,:1959:1961
NCCL:API Group,23706400877,4389670,23394822694,28444,StartEnd,3439,3814,1,0,1,1963,,:1963
NCCL:GroupLaunch,23706400877,4389670,23394826797,23955,StartEnd,3439,3814,1,1,0,1965,1963,:1963:1965
NCCL:API Group,23710792435,4379077,23395313237,27894,StartEnd,3439,3814,1,0,1,1967,,:1967
NCCL:GroupLaunch,23710792435,4379077,23395317122,23752,StartEnd,3439,3814,1,1,0,1969,1967,:1967:1969
NCCL:API Group,23715175064,27872,23395505979,18647,StartEnd,3439,3814,1,0,1,1971,,:1971
NCCL:GroupLaunch,23715175064,27872,23395508037,16340,StartEnd,3439,3814,1,1,0,1973,1971,:1971:1973
NCCL:API Group,23715204632,1102009,23395893301,20235,StartEnd,3439,3814,1,0,1,1975,,:1975
NCCL:GroupLaunch,23715204632,1102009,23395895873,17524,StartEnd,3439,3814,1,1,0,1977,1975,:1975:1977
NCCL:API Group,23716308465,1108954,23396887611,33717,StartEnd,3439,3814,1,0,1,1979,,:1979
NCCL:GroupLaunch,23716308465,1108954,23396891555,29322,StartEnd,3439,3814,1,1,0,1981,1979,:1979:1981
NCCL:API Group,23717419403,1107769,23397101390,20914,StartEnd,3439,3814,1,0,1,1983,,:1983
NCCL:GroupLaunch,23717419403,1107769,23397103604,18445,StartEnd,3439,3814,1,1,0,1985,1983,:1983:1985
NCCL:API Group,23718529284,1110073,23397301273,17323,StartEnd,3439,3814,1,0,1,1987,,:1987
NCCL:GroupLaunch,23718529284,1110073,23397303087,15360,StartEnd,3439,3814,1,1,0,1989,1987,:1987:1989
NCCL:API Group,23719642269,11808,23397444118,16909,StartEnd,3439,3814,1,0,1,1991,,:1991
NCCL:GroupLaunch,23719642269,11808,23397445879,14826,StartEnd,3439,3814,1,1,0,1993,1991,:1991:1993
NCCL:API Group,23719656669,4329382,23398067686,29177,StartEnd,3439,3814,1,0,1,1995,,:1995
NCCL:GroupLaunch,23719656669,4329382,23398072670,23775,StartEnd,3439,3814,1,1,0,1997,1995,:1995:1997
NCCL:API Group,23723988643,4386373,23398542005,25294,StartEnd,3439,3814,1,0,1,1999,,:1999
NCCL:GroupLaunch,23723988643,4386373,23398546006,21039,StartEnd,3439,3814,1,1,0,2001,1999,:1999:2001
NCCL:API Group,23728377448,4378886,23399018619,27946,StartEnd,3439,3814,1,0,1,2003,,:2003
NCCL:GroupLaunch,23728377448,4378886,23399024017,22163,StartEnd,3439,3814,1,1,0,2005,2003,:2003:2005
NCCL:API Group,23732757998,30144,23399211609,19819,StartEnd,3439,3814,1,0,1,2007,,:2007
NCCL:GroupLaunch,23732757998,30144,23399213634,17637,StartEnd,3439,3814,1,1,0,2009,2007,:2007:2009
NCCL:API Group,23732790606,1110457,23399605181,20998,StartEnd,3439,3814,1,0,1,2011,,:2011
NCCL:GroupLaunch,23732790606,1110457,23399607631,18272,StartEnd,3439,3814,1,1,0,2013,2011,:2011:2013
NCCL:API Group,23733902567,1105465,23400601213,23887,StartEnd,3439,3814,1,0,1,2015,,:2015
NCCL:GroupLaunch,23733902567,1105465,23400604705,20219,StartEnd,3439,3814,1,1,0,2017,2015,:2015:2017
NCCL:API Group,23735009472,1105402,23400802525,17697,StartEnd,3439,3814,1,0,1,2019,,:2019
NCCL:GroupLaunch,23735009472,1105402,23400804339,15534,StartEnd,3439,3814,1,1,0,2021,2019,:2019:2021
NCCL:API Group,23736117306,1104697,23400998309,28614,StartEnd,3439,3814,1,0,1,2023,,:2023
NCCL:GroupLaunch,23736117306,1104697,23401000250,15381,StartEnd,3439,3814,1,1,0,2025,2023,:2023:2025
NCCL:API Group,23737224051,11904,23401154863,17315,StartEnd,3439,3814,1,0,1,2027,,:2027
NCCL:GroupLaunch,23737224051,11904,23401157092,14956,StartEnd,3439,3814,1,1,0,2029,2027,:2027:2029
NCCL:API Group,23737239155,4351238,23401741450,34087,StartEnd,3439,3814,1,0,1,2031,,:2031
NCCL:GroupLaunch,23737239155,4351238,23401746263,29029,StartEnd,3439,3814,1,1,0,2033,2031,:2031:2033
NCCL:API Group,23741593049,4370245,23402218039,25622,StartEnd,3439,3814,1,0,1,2035,,:2035
NCCL:GroupLaunch,23741593049,4370245,23402221794,21377,StartEnd,3439,3814,1,1,0,2037,2035,:2035:2037
NCCL:API Group,23745965374,4381382,23402688165,24540,StartEnd,3439,3814,1,0,1,2039,,:2039
NCCL:GroupLaunch,23745965374,4381382,23402691883,20560,StartEnd,3439,3814,1,1,0,2041,2039,:2039:2041
NCCL:API Group,23750350052,29343,23402863886,19908,StartEnd,3439,3814,1,0,1,2043,,:2043
NCCL:GroupLaunch,23750350052,29343,23402866270,17399,StartEnd,3439,3814,1,1,0,2045,2043,:2043:2045
NCCL:API Group,23750382723,1107066,23403239371,19860,StartEnd,3439,3814,1,0,1,2047,,:2047
NCCL:GroupLaunch,23750382723,1107066,23403241873,17203,StartEnd,3439,3814,1,1,0,2049,2047,:2047:2049
NCCL:API Group,23751491677,1104217,23404211034,28509,StartEnd,3439,3814,1,0,1,2051,,:2051
NCCL:GroupLaunch,23751491677,1104217,23404214926,24428,StartEnd,3439,3814,1,1,0,2053,2051,:2051:2053
NCCL:API Group,23752597494,1112793,23404418198,18566,StartEnd,3439,3814,1,0,1,2055,,:2055
NCCL:GroupLaunch,23752597494,1112793,23404420094,16544,StartEnd,3439,3814,1,1,0,2057,2055,:2055:2057
NCCL:API Group,23753712463,1107226,23404616525,17358,StartEnd,3439,3814,1,0,1,2059,,:2059
NCCL:GroupLaunch,23753712463,1107226,23404618396,15342,StartEnd,3439,3814,1,1,0,2061,2059,:2059:2061
NCCL:API Group,23754823209,11008,23404752704,20825,StartEnd,3439,3814,1,0,1,2063,,:2063
NCCL:GroupLaunch,23754823209,11008,23404754881,18510,StartEnd,3439,3814,1,1,0,2065,2063,:2063:2065
NCCL:API Group,23754837449,4347365,23407651216,32406,StartEnd,3439,3814,1,0,1,2067,,:2067
NCCL:GroupLaunch,23754837449,4347365,23407660260,23062,StartEnd,3439,3814,1,1,0,2069,2067,:2067:2069
NCCL:API Group,23759187246,4368166,23408221179,27646,StartEnd,3439,3814,1,0,1,2071,,:2071
NCCL:GroupLaunch,23759187246,4368166,23408225169,23432,StartEnd,3439,3814,1,1,0,2073,2071,:2071:2073
NCCL:API Group,23763558612,4379141,23408737555,27553,StartEnd,3439,3814,1,0,1,2075,,:2075
NCCL:GroupLaunch,23763558612,4379141,23408741621,23084,StartEnd,3439,3814,1,1,0,2077,2075,:2075:2077
NCCL:API Group,23767939161,27808,23409215268,27656,StartEnd,3439,3814,1,0,1,2079,,:2079
NCCL:GroupLaunch,23767939161,27808,23409218220,24328,StartEnd,3439,3814,1,1,0,2081,2079,:2079:2081
NCCL:API Group,23767969785,1107001,23409664634,22377,StartEnd,3439,3814,1,0,1,2083,,:2083
NCCL:GroupLaunch,23767969785,1107001,23409667786,18756,StartEnd,3439,3814,1,1,0,2085,2083,:2083:2085
NCCL:API Group,23769079698,1119258,23411716304,30916,StartEnd,3439,3814,1,0,1,2087,,:2087
NCCL:GroupLaunch,23769079698,1119258,23411720607,24042,StartEnd,3439,3814,1,1,0,2089,2087,:2087:2089
NCCL:API Group,23770200780,1112665,23411932828,21461,StartEnd,3439,3814,1,0,1,2091,,:2091
NCCL:GroupLaunch,23770200780,1112665,23411935154,18985,StartEnd,3439,3814,1,1,0,2093,2091,:2091:2093
NCCL:API Group,23771315653,1109721,23412134872,18688,StartEnd,3439,3814,1,0,1,2095,,:2095
NCCL:GroupLaunch,23771315653,1109721,23412136731,16696,StartEnd,3439,3814,1,1,0,2097,2095,:2095:2097
NCCL:API Group,23772428638,14240,23412530263,16878,StartEnd,3439,3814,1,0,1,2099,,:2099
NCCL:GroupLaunch,23772428638,14240,23412532051,14939,StartEnd,3439,3814,1,1,0,2101,2099,:2099:2101
NCCL:API Group,23772445022,4341318,23417726118,29754,StartEnd,3439,3814,1,0,1,2103,,:2103
NCCL:GroupLaunch,23772445022,4341318,23417731102,24528,StartEnd,3439,3814,1,1,0,2105,2103,:2103:2105
NCCL:API Group,23776788580,4372965,23418286157,27274,StartEnd,3439,3814,1,0,1,2107,,:2107
NCCL:GroupLaunch,23776788580,4372965,23418290207,22809,StartEnd,3439,3814,1,1,0,2109,2107,:2107:2109
NCCL:API Group,23781162985,4398662,23418770274,33017,StartEnd,3439,3814,1,0,1,2111,,:2111
NCCL:GroupLaunch,23781162985,4398662,23418774443,28483,StartEnd,3439,3814,1,1,0,2113,2111,:2111:2113
NCCL:API Group,23785563983,28384,23421362994,37748,StartEnd,3439,3814,1,0,1,2115,,:2115
NCCL:GroupLaunch,23785563983,28384,23421368715,31593,StartEnd,3439,3814,1,1,0,2117,2115,:2115:2117
NCCL:API Group,23785594607,1109177,23421842161,25753,StartEnd,3439,3814,1,0,1,2119,,:2119
NCCL:GroupLaunch,23785594607,1109177,23421845342,22260,StartEnd,3439,3814,1,1,0,2121,2119,:2119:2121
NCCL:API Group,23786705512,1103865,23422841474,31338,StartEnd,3439,3814,1,0,1,2123,,:2123
NCCL:GroupLaunch,23786705512,1103865,23422850029,22397,StartEnd,3439,3814,1,1,0,2125,2123,:2123:2125
NCCL:API Group,23787812193,1103482,23423063823,19149,StartEnd,3439,3814,1,0,1,2127,,:2127
NCCL:GroupLaunch,23787812193,1103482,23423065798,17025,StartEnd,3439,3814,1,1,0,2129,2127,:2127:2129
NCCL:API Group,23788918971,1108281,23423257840,16573,StartEnd,3439,3814,1,0,1,2131,,:2131
NCCL:GroupLaunch,23788918971,1108281,23423259957,14312,StartEnd,3439,3814,1,1,0,2133,2131,:2131:2133
NCCL:API Group,23790028916,13632,23423394960,17912,StartEnd,3439,3814,1,0,1,2135,,:2135
NCCL:GroupLaunch,23790028916,13632,23423396544,16090,StartEnd,3439,3814,1,1,0,2137,2135,:2135:2137
NCCL:API Group,23790045236,4340518,23427688778,30104,StartEnd,3439,3814,1,0,1,2139,,:2139
NCCL:GroupLaunch,23790045236,4340518,23427693994,24541,StartEnd,3439,3814,1,1,0,2141,2139,:2139:2141
NCCL:API Group,23794388826,4367941,23428659381,33907,StartEnd,3439,3814,1,0,1,2143,,:2143
NCCL:GroupLaunch,23794388826,4367941,23428664272,28739,StartEnd,3439,3814,1,1,0,2145,2143,:2143:2145
NCCL:API Group,23798759327,4396326,23429176451,27914,StartEnd,3439,3814,1,0,1,2147,,:2147
NCCL:GroupLaunch,23798759327,4396326,23429180605,23472,StartEnd,3439,3814,1,1,0,2149,2147,:2147:2149
NCCL:API Group,23803158181,29311,23429366111,25541,StartEnd,3439,3814,1,0,1,2151,,:2151
NCCL:GroupLaunch,23803158181,29311,23429370434,19076,StartEnd,3439,3814,1,1,0,2153,2151,:2151:2153
NCCL:API Group,23803188772,1109978,23429761360,30222,StartEnd,3439,3814,1,0,1,2155,,:2155
NCCL:GroupLaunch,23803188772,1109978,23429764225,27178,StartEnd,3439,3814,1,1,0,2157,2155,:2155:2157
NCCL:API Group,23804300574,1120537,23431726886,25047,StartEnd,3439,3814,1,0,1,2159,,:2159
NCCL:GroupLaunch,23804300574,1120537,23431730963,20705,StartEnd,3439,3814,1,1,0,2161,2159,:2159:2161
NCCL:API Group,23805423703,1111097,23431929019,18103,StartEnd,3439,3814,1,0,1,2163,,:2163
NCCL:GroupLaunch,23805423703,1111097,23431931166,15813,StartEnd,3439,3814,1,1,0,2165,2163,:2163:2165
NCCL:API Group,23806537680,1107641,23432117406,18510,StartEnd,3439,3814,1,0,1,2167,,:2167
NCCL:GroupLaunch,23806537680,1107641,23432119260,16526,StartEnd,3439,3814,1,1,0,2169,2167,:2167:2169
NCCL:API Group,23807648649,11616,23432540732,16798,StartEnd,3439,3814,1,0,1,2171,,:2171
NCCL:GroupLaunch,23807648649,11616,23432542406,14904,StartEnd,3439,3814,1,1,0,2173,2171,:2171:2173
NCCL:API Group,23807662889,4339558,23437730977,31521,StartEnd,3439,3814,1,0,1,2175,,:2175
NCCL:GroupLaunch,23807662889,4339558,23437736133,26128,StartEnd,3439,3814,1,1,0,2177,2175,:2175:2177
NCCL:API Group,23812004591,4372518,23438299888,27745,StartEnd,3439,3814,1,0,1,2179,,:2179
NCCL:GroupLaunch,23812004591,4372518,23438305986,21191,StartEnd,3439,3814,1,1,0,2181,2179,:2179:2181
NCCL:API Group,23816378933,4371781,23438784644,26610,StartEnd,3439,3814,1,0,1,2183,,:2183
NCCL:GroupLaunch,23816378933,4371781,23438788895,22076,StartEnd,3439,3814,1,1,0,2185,2183,:2183:2185
NCCL:API Group,23820753306,29984,23438972281,18893,StartEnd,3439,3814,1,0,1,2187,,:2187
NCCL:GroupLaunch,23820753306,29984,23438974834,16185,StartEnd,3439,3814,1,1,0,2189,2187,:2187:2189
NCCL:API Group,23820786810,1109817,23439563116,22032,StartEnd,3439,3814,1,0,1,2191,,:2191
NCCL:GroupLaunch,23820786810,1109817,23439565819,18971,StartEnd,3439,3814,1,1,0,2193,2191,:2191:2193
NCCL:API Group,23821898739,1104698,23441756230,30441,StartEnd,3439,3814,1,0,1,2195,,:2195
NCCL:GroupLaunch,23821898739,1104698,23441760105,26141,StartEnd,3439,3814,1,1,0,2197,2195,:2195:2197
NCCL:API Group,23823005613,1108025,23441965526,18211,StartEnd,3439,3814,1,0,1,2199,,:2199
NCCL:GroupLaunch,23823005613,1108025,23441967309,16303,StartEnd,3439,3814,1,1,0,2201,2199,:2199:2201
NCCL:API Group,23824115526,1105977,23442161202,18699,StartEnd,3439,3814,1,0,1,2203,,:2203
NCCL:GroupLaunch,23824115526,1105977,23442163507,16185,StartEnd,3439,3814,1,1,0,2205,2203,:2203:2205
NCCL:API Group,23825224383,10112,23442571069,17080,StartEnd,3439,3814,1,0,1,2207,,:2207
NCCL:GroupLaunch,23825224383,10112,23442572675,15236,StartEnd,3439,3814,1,1,0,2209,2207,:2207:2209
NCCL:API Group,23825236575,4344166,23447586973,36301,StartEnd,3439,3814,1,0,1,2211,,:2211
NCCL:GroupLaunch,23825236575,4344166,23447592181,30447,StartEnd,3439,3814,1,1,0,2213,2211,:2211:2213
NCCL:API Group,23829582309,4390949,23448159352,32530,StartEnd,3439,3814,1,0,1,2215,,:2215
NCCL:GroupLaunch,23829582309,4390949,23448163456,26409,StartEnd,3439,3814,1,1,0,2217,2215,:2215:2217
NCCL:API Group,23833975274,4363462,23448666855,27734,StartEnd,3439,3814,1,0,1,2219,,:2219
NCCL:GroupLaunch,23833975274,4363462,23448671285,22991,StartEnd,3439,3814,1,1,0,2221,2219,:2219:2221
NCCL:API Group,23838342128,26400,23448857298,17778,StartEnd,3439,3814,1,0,1,2223,,:2223
NCCL:GroupLaunch,23838342128,26400,23448859183,15764,StartEnd,3439,3814,1,1,0,2225,2223,:2223:2225
NCCL:API Group,23838370704,1105849,23449452890,22753,StartEnd,3439,3814,1,0,1,2227,,:2227
NCCL:GroupLaunch,23838370704,1105849,23449455377,20126,StartEnd,3439,3814,1,1,0,2229,2227,:2227:2229
NCCL:API Group,23839479625,1110521,23451660914,27052,StartEnd,3439,3814,1,0,1,2231,,:2231
NCCL:GroupLaunch,23839479625,1110521,23451665258,22566,StartEnd,3439,3814,1,1,0,2233,2231,:2231:2233
NCCL:API Group,23840593666,1101594,23451867690,19054,StartEnd,3439,3814,1,0,1,2235,,:2235
NCCL:GroupLaunch,23840593666,1101594,23451869908,16693,StartEnd,3439,3814,1,1,0,2237,2235,:2235:2237
NCCL:API Group,23841698364,1109753,23452058264,23195,StartEnd,3439,3814,1,0,1,2239,,:2239
NCCL:GroupLaunch,23841698364,1109753,23452060222,21083,StartEnd,3439,3814,1,1,0,2241,2239,:2239:2241
NCCL:API Group,23842810357,12864,23452485283,17436,StartEnd,3439,3814,1,0,1,2243,,:2243
NCCL:GroupLaunch,23842810357,12864,23452487013,15552,StartEnd,3439,3814,1,1,0,2245,2243,:2243:2245
NCCL:API Group,23842824597,4343814,23457316030,33713,StartEnd,3439,3814,1,0,1,2247,,:2247
NCCL:GroupLaunch,23842824597,4343814,23457325740,23667,StartEnd,3439,3814,1,1,0,2249,2247,:2247:2249
NCCL:API Group,23847170330,4374630,23457878372,26696,StartEnd,3439,3814,1,0,1,2251,,:2251
NCCL:GroupLaunch,23847170330,4374630,23457882556,21974,StartEnd,3439,3814,1,1,0,2253,2251,:2251:2253
NCCL:API Group,23851547616,4362886,23458352009,29811,StartEnd,3439,3814,1,0,1,2255,,:2255
NCCL:GroupLaunch,23851547616,4362886,23458356093,25423,StartEnd,3439,3814,1,1,0,2257,2255,:2255:2257
NCCL:API Group,23855912806,25856,23458547037,18884,StartEnd,3439,3814,1,0,1,2259,,:2259
NCCL:GroupLaunch,23855912806,25856,23458549319,16388,StartEnd,3439,3814,1,1,0,2261,2259,:2259:2261
NCCL:API Group,23855941381,1107930,23459164351,23254,StartEnd,3439,3814,1,0,1,2263,,:2263
NCCL:GroupLaunch,23855941381,1107930,23459166969,20425,StartEnd,3439,3814,1,1,0,2265,2263,:2263:2265
NCCL:API Group,23857051263,1106105,23461359129,25162,StartEnd,3439,3814,1,0,1,2267,,:2267
NCCL:GroupLaunch,23857051263,1106105,23461362882,20861,StartEnd,3439,3814,1,1,0,2269,2267,:2267:2269
NCCL:API Group,23858160152,1108601,23461563005,19312,StartEnd,3439,3814,1,0,1,2271,,:2271
NCCL:GroupLaunch,23858160152,1108601,23461565041,17128,StartEnd,3439,3814,1,1,0,2273,2271,:2271:2273
NCCL:API Group,23859270097,1110938,23461765360,22988,StartEnd,3439,3814,1,0,1,2275,,:2275
NCCL:GroupLaunch,23859270097,1110938,23461772764,15201,StartEnd,3439,3814,1,1,0,2277,2275,:2275:2277
NCCL:API Group,23860383083,11648,23462180658,21103,StartEnd,3439,3814,1,0,1,2279,,:2279
NCCL:GroupLaunch,23860383083,11648,23462182448,16902,StartEnd,3439,3814,1,1,0,2281,2279,:2279:2281
NCCL:API Group,23860397259,4340069,23467203524,27925,StartEnd,3439,3814,1,0,1,2283,,:2283
NCCL:GroupLaunch,23860397259,4340069,23467208596,22649,StartEnd,3439,3814,1,1,0,2285,2283,:2283:2285
NCCL:API Group,23864739664,4390182,23467768294,25048,StartEnd,3439,3814,1,0,1,2287,,:2287
NCCL:GroupLaunch,23864739664,4390182,23467772156,20804,StartEnd,3439,3814,1,1,0,2289,2287,:2287:2289
NCCL:API Group,23869132502,4383237,23468236016,25072,StartEnd,3439,3814,1,0,1,2291,,:2291
NCCL:GroupLaunch,23869132502,4383237,23468239935,20794,StartEnd,3439,3814,1,1,0,2293,2291,:2291:2293
NCCL:API Group,23873519163,26272,23468411094,20207,StartEnd,3439,3814,1,0,1,2295,,:2295
NCCL:GroupLaunch,23873519163,26272,23468413053,17898,StartEnd,3439,3814,1,1,0,2297,2295,:2295:2297
NCCL:API Group,23873547771,1112217,23469069058,23044,StartEnd,3439,3814,1,0,1,2299,,:2299
NCCL:GroupLaunch,23873547771,1112217,23469071603,20000,StartEnd,3439,3814,1,1,0,2301,2299,:2299:2301
NCCL:API Group,23874662804,1106298,23471249599,25346,StartEnd,3439,3814,1,0,1,2303,,:2303
NCCL:GroupLaunch,23874662804,1106298,23471253448,21326,StartEnd,3439,3814,1,1,0,2305,2303,:2303:2305
NCCL:API Group,23875770670,1111513,23471452432,17885,StartEnd,3439,3814,1,0,1,2307,,:2307
NCCL:GroupLaunch,23875770670,1111513,23471454568,15615,StartEnd,3439,3814,1,1,0,2309,2307,:2307:2309
NCCL:API Group,23876883687,1103641,23471642622,16648,StartEnd,3439,3814,1,0,1,2311,,:2311
NCCL:GroupLaunch,23876883687,1103641,23471644493,14658,StartEnd,3439,3814,1,1,0,2313,2311,:2311:2313
NCCL:API Group,23877989472,12032,23472072355,18172,StartEnd,3439,3814,1,0,1,2315,,:2315
NCCL:GroupLaunch,23877989472,12032,23472074065,16082,StartEnd,3439,3814,1,1,0,2317,2315,:2315:2317
NCCL:API Group,23878004544,4351686,23477268538,28809,StartEnd,3439,3814,1,0,1,2319,,:2319
NCCL:GroupLaunch,23878004544,4351686,23477273621,23246,StartEnd,3439,3814,1,1,0,2321,2319,:2319:2321
NCCL:API Group,23882358470,4372165,23477860073,30840,StartEnd,3439,3814,1,0,1,2323,,:2323
NCCL:GroupLaunch,23882358470,4372165,23477864631,25578,StartEnd,3439,3814,1,1,0,2325,2323,:2323:2325
NCCL:API Group,23886732843,4370822,23478366845,27407,StartEnd,3439,3814,1,0,1,2327,,:2327
NCCL:GroupLaunch,23886732843,4370822,23478371285,22628,StartEnd,3439,3814,1,1,0,2329,2327,:2327:2329
NCCL:API Group,23891105233,26880,23478559341,18517,StartEnd,3439,3814,1,0,1,2331,,:2331
NCCL:GroupLaunch,23891105233,26880,23478561383,16332,StartEnd,3439,3814,1,1,0,2333,2331,:2331:2333
NCCL:API Group,23891133777,1109945,23479135015,21999,StartEnd,3439,3814,1,0,1,2335,,:2335
NCCL:GroupLaunch,23891133777,1109945,23479138157,18735,StartEnd,3439,3814,1,1,0,2337,2335,:2335:2337
NCCL:API Group,23892246730,1105369,23481311014,25191,StartEnd,3439,3814,1,0,1,2339,,:2339
NCCL:GroupLaunch,23892246730,1105369,23481315293,20526,StartEnd,3439,3814,1,1,0,2341,2339,:2339:2341
NCCL:API Group,23893354595,1104570,23481515606,21496,StartEnd,3439,3814,1,0,1,2343,,:2343
NCCL:GroupLaunch,23893354595,1104570,23481518066,16983,StartEnd,3439,3814,1,1,0,2345,2343,:2343:2345
NCCL:API Group,23894461437,1107097,23481716143,17635,StartEnd,3439,3814,1,0,1,2347,,:2347
NCCL:GroupLaunch,23894461437,1107097,23481717950,15693,StartEnd,3439,3814,1,1,0,2349,2347,:2347:2349
NCCL:API Group,23895572182,13152,23482131515,17062,StartEnd,3439,3814,1,0,1,2351,,:2351
NCCL:GroupLaunch,23895572182,13152,23482133528,14783,StartEnd,3439,3814,1,1,0,2353,2351,:2351:2353
NCCL:API Group,23991585458,30433064,23991523471,78698,StartEnd,3439,3814,1,0,1,2355,,:2355
NCCL:GroupLaunch,23991585458,30433064,23991536918,64836,StartEnd,3439,3814,1,1,0,2357,2355,:2355:2357
NCCL:API Group,24459645815,8604430,24376076098,151504,StartEnd,3439,3814,1,0,1,2359,,:2359
NCCL:GroupLaunch,24459645815,8604430,24376105243,121634,StartEnd,3439,3814,1,1,0,2361,2359,:2359:2361
NCCL:API Group,24468252261,265438,24376791311,75399,StartEnd,3439,3814,1,0,1,2363,,:2363
NCCL:GroupLaunch,24468252261,265438,24376799380,66067,StartEnd,3439,3814,1,1,0,2365,2363,:2363:2365
NCCL:API Group,24468529603,5611135,24378175488,40643,StartEnd,3439,3814,1,0,1,2367,,:2367
NCCL:GroupLaunch,24468529603,5611135,24378180010,35600,StartEnd,3439,3814,1,1,0,2369,2367,:2367:2369
NCCL:API Group,24474598496,5296257,24378457486,24529,StartEnd,3439,3814,1,0,1,2371,,:2371
NCCL:GroupLaunch,24474598496,5296257,24378464447,17272,StartEnd,3439,3814,1,1,0,2373,2371,:2371:2373
NCCL:API Group,24480390846,5300705,24378708704,18621,StartEnd,3439,3814,1,0,1,2375,,:2375
NCCL:GroupLaunch,24480390846,5300705,24378710572,16477,StartEnd,3439,3814,1,1,0,2377,2375,:2375:2377
NCCL:API Group,24485693983,397629,24378848223,19506,StartEnd,3439,3814,1,0,1,2379,,:2379
NCCL:GroupLaunch,24485693983,397629,24378850412,16674,StartEnd,3439,3814,1,1,0,2381,2379,:2379:2381
NCCL:API Group,24486261563,1770198,24379206632,20707,StartEnd,3439,3814,1,0,1,2383,,:2383
NCCL:GroupLaunch,24486261563,1770198,24379209131,17720,StartEnd,3439,3814,1,1,0,2385,2383,:2383:2385
NCCL:API Group,24488039857,1547799,24380577061,33742,StartEnd,3439,3814,1,0,1,2387,,:2387
NCCL:GroupLaunch,24488039857,1547799,24380582199,27781,StartEnd,3439,3814,1,1,0,2389,2387,:2387:2389
NCCL:API Group,24489590760,1576471,24380797544,20482,StartEnd,3439,3814,1,0,1,2391,,:2391
NCCL:GroupLaunch,24489590760,1576471,24380800108,17679,StartEnd,3439,3814,1,1,0,2393,2391,:2391:2393
NCCL:API Group,24491208574,1453944,24381792141,20417,StartEnd,3439,3814,1,0,1,2395,,:2395
NCCL:GroupLaunch,24491208574,1453944,24381794821,17032,StartEnd,3439,3814,1,1,0,2397,2395,:2395:2397
NCCL:API Group,24493091923,10400,24382902866,18972,StartEnd,3439,3814,1,0,1,2399,,:2399
NCCL:GroupLaunch,24493091923,10400,24382905033,16420,StartEnd,3439,3814,1,1,0,2401,2399,:2399:2401
NCCL:API Group,24493104819,5749663,24384833898,23220,StartEnd,3439,3814,1,0,1,2403,,:2403
NCCL:GroupLaunch,24493104819,5749663,24384836687,20165,StartEnd,3439,3814,1,1,0,2405,2403,:2403:2405
NCCL:API Group,24498865970,5800606,24385050361,22204,StartEnd,3439,3814,1,0,1,2407,,:2407
NCCL:GroupLaunch,24498865970,5800606,24385052711,19707,StartEnd,3439,3814,1,1,0,2409,2407,:2407:2409
NCCL:API Group,24505145133,5632159,24385289664,18411,StartEnd,3439,3814,1,0,1,2411,,:2411
NCCL:GroupLaunch,24505145133,5632159,24385292117,15519,StartEnd,3439,3814,1,1,0,2413,2411,:2411:2413
NCCL:API Group,24510914091,9952,24385423946,19484,StartEnd,3439,3814,1,0,1,2415,,:2415
NCCL:GroupLaunch,24510914091,9952,24385425737,17375,StartEnd,3439,3814,1,1,0,2417,2415,:2415:2417
NCCL:API Group,24510925771,1457688,24385766138,27298,StartEnd,3439,3814,1,0,1,2419,,:2419
NCCL:GroupLaunch,24510925771,1457688,24385775590,17308,StartEnd,3439,3814,1,1,0,2421,2419,:2419:2421
NCCL:API Group,24512800640,1455256,24390086762,29067,StartEnd,3439,3814,1,0,1,2423,,:2423
NCCL:GroupLaunch,24512800640,1455256,24390091207,24318,StartEnd,3439,3814,1,1,0,2425,2423,:2423:2425
NCCL:API Group,24514258712,1565910,24390466281,19537,StartEnd,3439,3814,1,0,1,2427,,:2427
NCCL:GroupLaunch,24514258712,1565910,24390469363,16302,StartEnd,3439,3814,1,1,0,2429,2427,:2427:2429
NCCL:API Group,24515826286,1922229,24390664133,19032,StartEnd,3439,3814,1,0,1,2431,,:2431
NCCL:GroupLaunch,24515826286,1922229,24390666369,16500,StartEnd,3439,3814,1,1,0,2433,2431,:2431:2433
NCCL:API Group,24517780771,221919,24391576068,19473,StartEnd,3439,3814,1,0,1,2435,,:2435
NCCL:GroupLaunch,24517780771,221919,24391578735,16274,StartEnd,3439,3814,1,1,0,2437,2435,:2435:2437
NCCL:API Group,24518004322,5597183,24394236182,28237,StartEnd,3439,3814,1,0,1,2439,,:2439
NCCL:GroupLaunch,24518004322,5597183,24394245827,18168,StartEnd,3439,3814,1,1,0,2441,2439,:2439:2441
NCCL:API Group,24524199101,5228194,24394616559,19791,StartEnd,3439,3814,1,0,1,2443,,:2443
NCCL:GroupLaunch,24524199101,5228194,24394619133,16955,StartEnd,3439,3814,1,1,0,2445,2443,:2443:2445
NCCL:API Group,24530000155,5282050,24394844786,17402,StartEnd,3439,3814,1,0,1,2447,,:2447
NCCL:GroupLaunch,24530000155,5282050,24394846764,15280,StartEnd,3439,3814,1,1,0,2449,2447,:2447:2449
NCCL:API Group,24535285564,417278,24394976774,27958,StartEnd,3439,3814,1,0,1,2451,,:2451
NCCL:GroupLaunch,24535285564,417278,24394979375,24774,StartEnd,3439,3814,1,1,0,2453,2451,:2451:2453
NCCL:API Group,24535882745,1764470,24395424261,20980,StartEnd,3439,3814,1,0,1,2455,,:2455
NCCL:GroupLaunch,24535882745,1764470,24395426862,18243,StartEnd,3439,3814,1,1,0,2457,2455,:2455:2457
NCCL:API Group,24537651311,1560375,24399761304,27772,StartEnd,3439,3814,1,0,1,2459,,:2459
NCCL:GroupLaunch,24537651311,1560375,24399765386,23119,StartEnd,3439,3814,1,1,0,2461,2459,:2459:2461
NCCL:API Group,24539213382,1605494,24399954474,18389,StartEnd,3439,3814,1,0,1,2463,,:2463
NCCL:GroupLaunch,24539213382,1605494,24399956962,15778,StartEnd,3439,3814,1,1,0,2465,2463,:2463:2465
NCCL:API Group,24540821916,1445144,24400264628,18365,StartEnd,3439,3814,1,0,1,2467,,:2467
NCCL:GroupLaunch,24540821916,1445144,24400266943,15382,StartEnd,3439,3814,1,1,0,2469,2467,:2467:2469
NCCL:API Group,24542718929,10656,24400396099,24609,StartEnd,3439,3814,1,0,1,2471,,:2471
NCCL:GroupLaunch,24542718929,10656,24400397879,22694,StartEnd,3439,3814,1,1,0,2473,2471,:2471:2473
NCCL:API Group,24542731505,5733502,24403533806,19374,StartEnd,3439,3814,1,0,1,2475,,:2475
NCCL:GroupLaunch,24542731505,5733502,24403536625,16412,StartEnd,3439,3814,1,1,0,2477,2475,:2475:2477
NCCL:API Group,24548483375,5819198,24404299040,17549,StartEnd,3439,3814,1,0,1,2479,,:2479
NCCL:GroupLaunch,24548483375,5819198,24404300915,15538,StartEnd,3439,3814,1,1,0,2481,2479,:2479:2481
NCCL:API Group,24554768138,5568864,24404514002,17267,StartEnd,3439,3814,1,0,1,2483,,:2483
NCCL:GroupLaunch,24554768138,5568864,24404515847,14913,StartEnd,3439,3814,1,1,0,2485,2483,:2483:2485
NCCL:API Group,24560519241,10176,24404642357,18330,StartEnd,3439,3814,1,0,1,2487,,:2487
NCCL:GroupLaunch,24560519241,10176,24404644322,16055,StartEnd,3439,3814,1,1,0,2489,2487,:2487:2489
NCCL:API Group,24560530889,1468439,24405130877,25877,StartEnd,3439,3814,1,0,1,2491,,:2491
NCCL:GroupLaunch,24560530889,1468439,24405133888,22620,StartEnd,3439,3814,1,1,0,2493,2491,:2491:2493
NCCL:API Group,24562409214,1509559,24409476013,29641,StartEnd,3439,3814,1,0,1,2495,,:2495
NCCL:GroupLaunch,24562409214,1509559,24409480332,24964,StartEnd,3439,3814,1,1,0,2497,2495,:2495:2497
NCCL:API Group,24563920149,1513559,24409672958,20108,StartEnd,3439,3814,1,0,1,2499,,:2499
NCCL:GroupLaunch,24563920149,1513559,24409675519,17007,StartEnd,3439,3814,1,1,0,2501,2499,:2499:2501
NCCL:API Group,24565437260,1950453,24409957508,17976,StartEnd,3439,3814,1,0,1,2503,,:2503
NCCL:GroupLaunch,24565437260,1950453,24409959837,15268,StartEnd,3439,3814,1,1,0,2505,2503,:2503:2505
NCCL:API Group,24567411904,231455,24410090875,26891,StartEnd,3439,3814,1,0,1,2507,,:2507
NCCL:GroupLaunch,24567411904,231455,24410097948,19543,StartEnd,3439,3814,1,1,0,2509,2507,:2507:2509
NCCL:API Group,24567645887,5633823,24413245838,20639,StartEnd,3439,3814,1,0,1,2511,,:2511
NCCL:GroupLaunch,24567645887,5633823,24413248622,17613,StartEnd,3439,3814,1,1,0,2513,2511,:2511:2513
NCCL:API Group,24573831131,5215361,24413724518,17936,StartEnd,3439,3814,1,0,1,2515,,:2515
NCCL:GroupLaunch,24573831131,5215361,24413726931,15396,StartEnd,3439,3814,1,1,0,2517,2515,:2515:2517
NCCL:API Group,24579621337,5278721,24414137609,17834,StartEnd,3439,3814,1,0,1,2519,,:2519
NCCL:GroupLaunch,24579621337,5278721,24414139585,15427,StartEnd,3439,3814,1,1,0,2521,2519,:2519:2521
NCCL:API Group,24584901978,409086,24414267067,16630,StartEnd,3439,3814,1,0,1,2523,,:2523
NCCL:GroupLaunch,24584901978,409086,24414269497,14059,StartEnd,3439,3814,1,1,0,2525,2523,:2523:2525
NCCL:API Group,24585316664,1790197,24414593916,18558,StartEnd,3439,3814,1,0,1,2527,,:2527
NCCL:GroupLaunch,24585316664,1790197,24414596473,15851,StartEnd,3439,3814,1,1,0,2529,2527,:2527:2529
NCCL:API Group,24587108557,1513271,24419141599,35222,StartEnd,3439,3814,1,0,1,2531,,:2531
NCCL:GroupLaunch,24587108557,1513271,24419145698,30553,StartEnd,3439,3814,1,1,0,2533,2531,:2531:2533
NCCL:API Group,24588752516,1516119,24419345361,24044,StartEnd,3439,3814,1,0,1,2535,,:2535
NCCL:GroupLaunch,24588752516,1516119,24419347969,21153,StartEnd,3439,3814,1,1,0,2537,2535,:2535:2537
NCCL:API Group,24590425274,1435671,24419538017,21534,StartEnd,3439,3814,1,0,1,2539,,:2539
NCCL:GroupLaunch,24590425274,1435671,24419540875,18028,StartEnd,3439,3814,1,1,0,2541,2539,:2539:2541
NCCL:API Group,24592315279,10496,24419718519,19227,StartEnd,3439,3814,1,0,1,2543,,:2543
NCCL:GroupLaunch,24592315279,10496,24419720842,16636,StartEnd,3439,3814,1,1,0,2545,2543,:2543:2545
NCCL:API Group,24592329295,5733790,24422906743,20299,StartEnd,3439,3814,1,0,1,2547,,:2547
NCCL:GroupLaunch,24592329295,5733790,24422909821,17069,StartEnd,3439,3814,1,1,0,2549,2547,:2547:2549
NCCL:API Group,24598094061,5788286,24423105404,18225,StartEnd,3439,3814,1,0,1,2551,,:2551
NCCL:GroupLaunch,24598094061,5788286,24423107208,16294,StartEnd,3439,3814,1,1,0,2553,2551,:2551:2553
NCCL:API Group,24603883755,6197692,24423799210,23572,StartEnd,3439,3814,1,0,1,2555,,:2555
NCCL:GroupLaunch,24603883755,6197692,24423805323,16789,StartEnd,3439,3814,1,1,0,2557,2555,:2555:2557
NCCL:API Group,24610326629,9856,24423935499,18170,StartEnd,3439,3814,1,0,1,2559,,:2559
NCCL:GroupLaunch,24610326629,9856,24423937507,15766,StartEnd,3439,3814,1,1,0,2561,2559,:2559:2561
NCCL:API Group,24610337829,1499000,24424267772,19493,StartEnd,3439,3814,1,0,1,2563,,:2563
NCCL:GroupLaunch,24610337829,1499000,24424270415,16693,StartEnd,3439,3814,1,1,0,2565,2563,:2563:2565
NCCL:API Group,24612205114,1871189,24428847344,27014,StartEnd,3439,3814,1,0,1,2567,,:2567
NCCL:GroupLaunch,24612205114,1871189,24428851750,22340,StartEnd,3439,3814,1,1,0,2569,2567,:2567:2569
NCCL:API Group,24614315470,1442424,24429040427,25674,StartEnd,3439,3814,1,0,1,2571,,:2571
NCCL:GroupLaunch,24614315470,1442424,24429043001,22551,StartEnd,3439,3814,1,1,0,2573,2571,:2571:2573
NCCL:API Group,24615825253,1493719,24429233750,23274,StartEnd,3439,3814,1,0,1,2575,,:2575
NCCL:GroupLaunch,24615825253,1493719,24429239260,17356,StartEnd,3439,3814,1,1,0,2577,2575,:2575:2577
NCCL:API Group,24617356444,179199,24429370793,16338,StartEnd,3439,3814,1,0,1,2579,,:2579
NCCL:GroupLaunch,24617356444,179199,24429373007,13982,StartEnd,3439,3814,1,1,0,2581,2579,:2579:2581
NCCL:API Group,24617541531,5537440,24431651522,20388,StartEnd,3439,3814,1,0,1,2583,,:2583
NCCL:GroupLaunch,24617541531,5537440,24431654062,17723,StartEnd,3439,3814,1,1,0,2585,2583,:2583:2585
NCCL:API Group,24623447193,5263169,24432688400,18211,StartEnd,3439,3814,1,0,1,2587,,:2587
NCCL:GroupLaunch,24623447193,5263169,24432690410,16070,StartEnd,3439,3814,1,1,0,2589,2587,:2587:2589
NCCL:API Group,24629248599,5479040,24433470898,18834,StartEnd,3439,3814,1,0,1,2591,,:2591
NCCL:GroupLaunch,24629248599,5479040,24433473002,16253,StartEnd,3439,3814,1,1,0,2593,2591,:2591:2593
NCCL:API Group,24634804118,281726,24433603079,18131,StartEnd,3439,3814,1,0,1,2595,,:2595
NCCL:GroupLaunch,24634804118,281726,24433605854,14914,StartEnd,3439,3814,1,1,0,2597,2595,:2595:2597
NCCL:API Group,24635131604,1675414,24433939160,23758,StartEnd,3439,3814,1,0,1,2599,,:2599
NCCL:GroupLaunch,24635131604,1675414,24433942234,20575,StartEnd,3439,3814,1,1,0,2601,2599,:2599:2601
NCCL:API Group,24636810762,1556759,24438544145,27779,StartEnd,3439,3814,1,0,1,2603,,:2603
NCCL:GroupLaunch,24636810762,1556759,24438548381,23052,StartEnd,3439,3814,1,1,0,2605,2603,:2603:2605
NCCL:API Group,24638436897,1595703,24438740480,25394,StartEnd,3439,3814,1,0,1,2607,,:2607
NCCL:GroupLaunch,24638436897,1595703,24438743181,22178,StartEnd,3439,3814,1,1,0,2609,2607,:2607:2609
NCCL:API Group,24640056727,1440632,24438936132,24196,StartEnd,3439,3814,1,0,1,2611,,:2611
NCCL:GroupLaunch,24640056727,1440632,24438938748,20899,StartEnd,3439,3814,1,1,0,2613,2611,:2611:2613
NCCL:API Group,24641944620,128832,24439082030,17145,StartEnd,3439,3814,1,0,1,2615,,:2615
NCCL:GroupLaunch,24641944620,128832,24439084031,14996,StartEnd,3439,3814,1,1,0,2617,2615,:2615:2617
NCCL:API Group,24642076876,5715998,24440314044,21136,StartEnd,3439,3814,1,0,1,2619,,:2619
NCCL:GroupLaunch,24642076876,5715998,24440317035,17998,StartEnd,3439,3814,1,1,0,2621,2619,:2619:2621
NCCL:API Group,24647795594,5897246,24442364356,20274,StartEnd,3439,3814,1,0,1,2623,,:2623
NCCL:GroupLaunch,24647795594,5897246,24442366434,18056,StartEnd,3439,3814,1,1,0,2625,2623,:2623:2625
NCCL:API Group,24653999974,5729150,24442684218,18492,StartEnd,3439,3814,1,0,1,2627,,:2627
NCCL:GroupLaunch,24653999974,5729150,24442686695,15271,StartEnd,3439,3814,1,1,0,2629,2627,:2627:2629
NCCL:API Group,24659769572,10624,24443227497,17165,StartEnd,3439,3814,1,0,1,2631,,:2631
NCCL:GroupLaunch,24659769572,10624,24443229686,14687,StartEnd,3439,3814,1,1,0,2633,2631,:2631:2633
NCCL:API Group,24659781316,1399992,24443560786,22574,StartEnd,3439,3814,1,0,1,2635,,:2635
NCCL:GroupLaunch,24659781316,1399992,24443563830,19247,StartEnd,3439,3814,1,1,0,2637,2635,:2635:2637
NCCL:API Group,24661662169,1510967,24448227530,25072,StartEnd,3439,3814,1,0,1,2639,,:2639
NCCL:GroupLaunch,24661662169,1510967,24448231309,20864,StartEnd,3439,3814,1,1,0,2641,2639,:2639:2641
NCCL:API Group,24663175216,1637526,24448416435,21829,StartEnd,3439,3814,1,0,1,2643,,:2643
NCCL:GroupLaunch,24663175216,1637526,24448421569,16042,StartEnd,3439,3814,1,1,0,2645,2643,:2643:2645
NCCL:API Group,24664884326,1761814,24448604391,18672,StartEnd,3439,3814,1,0,1,2647,,:2647
NCCL:GroupLaunch,24664884326,1761814,24448606619,16161,StartEnd,3439,3814,1,1,0,2649,2647,:2647:2649
NCCL:API Group,24666648444,290718,24448742094,21346,StartEnd,3439,3814,1,0,1,2651,,:2651
NCCL:GroupLaunch,24666648444,290718,24448744451,18829,StartEnd,3439,3814,1,1,0,2653,2651,:2651:2653
NCCL:API Group,24667111737,5634111,24449962477,20389,StartEnd,3439,3814,1,0,1,2655,,:2655
NCCL:GroupLaunch,24667111737,5634111,24449965379,17363,StartEnd,3439,3814,1,1,0,2657,2655,:2655:2657
NCCL:API Group,24673027830,5281666,24451102563,18088,StartEnd,3439,3814,1,0,1,2659,,:2659
NCCL:GroupLaunch,24673027830,5281666,24451104666,15566,StartEnd,3439,3814,1,1,0,2661,2659,:2659:2661
NCCL:API Group,24678821237,5373536,24452165173,22698,StartEnd,3439,3814,1,0,1,2663,,:2663
NCCL:GroupLaunch,24678821237,5373536,24452167189,20408,StartEnd,3439,3814,1,1,0,2665,2663,:2663:2665
NCCL:API Group,24684392564,322814,24452660649,16693,StartEnd,3439,3814,1,0,1,2667,,:2667
NCCL:GroupLaunch,24684392564,322814,24452662778,14420,StartEnd,3439,3814,1,1,0,2669,2667,:2667:2669
NCCL:API Group,24684718290,1692054,24453189626,20180,StartEnd,3439,3814,1,0,1,2671,,:2671
NCCL:GroupLaunch,24684718290,1692054,24453192306,17377,StartEnd,3439,3814,1,1,0,2673,2671,:2671:2673
NCCL:API Group,24686413320,1591479,24459685629,29825,StartEnd,3439,3814,1,0,1,2675,,:2675
NCCL:GroupLaunch,24686413320,1591479,24459693102,21943,StartEnd,3439,3814,1,1,0,2677,2675,:2675:2677
NCCL:API Group,24688020063,1558967,24459885586,18618,StartEnd,3439,3814,1,0,1,2679,,:2679
NCCL:GroupLaunch,24688020063,1558967,24459887859,15972,StartEnd,3439,3814,1,1,0,2681,2679,:2679:2681
NCCL:API Group,24689656981,1466520,24460071288,19740,StartEnd,3439,3814,1,0,1,2683,,:2683
NCCL:GroupLaunch,24689656981,1466520,24460074141,16464,StartEnd,3439,3814,1,1,0,2685,2683,:2683:2685
NCCL:API Group,24691531050,175263,24460569458,16801,StartEnd,3439,3814,1,0,1,2687,,:2687
NCCL:GroupLaunch,24691531050,175263,24460571405,14683,StartEnd,3439,3814,1,1,0,2689,2687,:2687:2689
NCCL:API Group,24691709481,5626911,24465713889,25799,StartEnd,3439,3814,1,0,1,2691,,:2691
NCCL:GroupLaunch,24691709481,5626911,24465716603,22651,StartEnd,3439,3814,1,1,0,2693,2691,:2691:2693
NCCL:API Group,24697339304,5564448,24466075641,20519,StartEnd,3439,3814,1,0,1,2695,,:2695
NCCL:GroupLaunch,24697339304,5564448,24466078060,17865,StartEnd,3439,3814,1,1,0,2697,2695,:2695:2697
NCCL:API Group,24702968391,5275201,24466292974,18999,StartEnd,3439,3814,1,0,1,2699,,:2699
NCCL:GroupLaunch,24702968391,5275201,24466295627,15919,StartEnd,3439,3814,1,1,0,2701,2699,:2699:2701
NCCL:API Group,24708778373,14880,24466425625,15687,StartEnd,3439,3814,1,0,1,2703,,:2703
NCCL:GroupLaunch,24708778373,14880,24466427413,13688,StartEnd,3439,3814,1,1,0,2705,2703,:2703:2705
NCCL:API Group,24708796229,1571095,24467576603,23475,StartEnd,3439,3814,1,0,1,2707,,:2707
NCCL:GroupLaunch,24708796229,1571095,24467579241,20526,StartEnd,3439,3814,1,1,0,2709,2707,:2707:2709
NCCL:API Group,24710816825,1172665,24469725975,24200,StartEnd,3439,3814,1,0,1,2711,,:2711
NCCL:GroupLaunch,24710816825,1172665,24469730608,19261,StartEnd,3439,3814,1,1,0,2713,2711,:2711:2713
NCCL:API Group,24712118322,1911732,24469920776,19667,StartEnd,3439,3814,1,0,1,2715,,:2715
NCCL:GroupLaunch,24712118322,1911732,24469923164,16696,StartEnd,3439,3814,1,1,0,2717,2715,:2715:2717
NCCL:API Group,24714032614,2236947,24470105005,17178,StartEnd,3439,3814,1,0,1,2719,,:2719
NCCL:GroupLaunch,24714032614,2236947,24470107270,14561,StartEnd,3439,3814,1,1,0,2721,2719,:2719:2721
NCCL:API Group,24716272217,274623,24470549647,17409,StartEnd,3439,3814,1,0,1,2723,,:2723
NCCL:GroupLaunch,24716272217,274623,24470552594,14240,StartEnd,3439,3814,1,1,0,2725,2723,:2723:2725
NCCL:API Group,24716612919,5243458,24475703784,31037,StartEnd,3439,3814,1,0,1,2727,,:2727
NCCL:GroupLaunch,24716612919,5243458,24475710800,23448,StartEnd,3439,3814,1,1,0,2729,2727,:2727:2729
NCCL:API Group,24721857721,5990173,24476068406,22794,StartEnd,3439,3814,1,0,1,2731,,:2731
NCCL:GroupLaunch,24721857721,5990173,24476071620,19183,StartEnd,3439,3814,1,1,0,2733,2731,:2731:2733
NCCL:API Group,24727969141,5594655,24476291223,20897,StartEnd,3439,3814,1,0,1,2735,,:2735
NCCL:GroupLaunch,24727969141,5594655,24476293975,17835,StartEnd,3439,3814,1,1,0,2737,2735,:2735:2737
NCCL:API Group,24733779091,10208,24476429163,19813,StartEnd,3439,3814,1,0,1,2739,,:2739
NCCL:GroupLaunch,24733779091,10208,24476434892,13938,StartEnd,3439,3814,1,1,0,2741,2739,:2739:2741
NCCL:API Group,24733791795,1663286,24477580701,19186,StartEnd,3439,3814,1,0,1,2743,,:2743
NCCL:GroupLaunch,24733791795,1663286,24477582974,16689,StartEnd,3439,3814,1,1,0,2745,2743,:2743:2745
NCCL:API Group,24735557576,1469144,24479755899,28569,StartEnd,3439,3814,1,0,1,2747,,:2747
NCCL:GroupLaunch,24735557576,1469144,24479760269,23691,StartEnd,3439,3814,1,1,0,2749,2747,:2747:2749
NCCL:API Group,24737062784,1563191,24479951007,19669,StartEnd,3439,3814,1,0,1,2751,,:2751
NCCL:GroupLaunch,24737062784,1563191,24479952942,17368,StartEnd,3439,3814,1,1,0,2753,2751,:2751:2753
NCCL:API Group,24738722262,1506071,24480136803,18844,StartEnd,3439,3814,1,0,1,2755,,:2755
NCCL:GroupLaunch,24738722262,1506071,24480139503,15449,StartEnd,3439,3814,1,1,0,2757,2755,:2755:2757
NCCL:API Group,24740760362,14144,24480582259,18077,StartEnd,3439,3814,1,0,1,2759,,:2759
NCCL:GroupLaunch,24740760362,14144,24480584520,15682,StartEnd,3439,3814,1,1,0,2761,2759,:2759:2761
NCCL:API Group,24740776042,5634559,24485743832,20900,StartEnd,3439,3814,1,0,1,2763,,:2763
NCCL:GroupLaunch,24740776042,5634559,24485746349,18257,StartEnd,3439,3814,1,1,0,2765,2763,:2763:2765
NCCL:API Group,24746580552,5355233,24486098338,21051,StartEnd,3439,3814,1,0,1,2767,,:2767
NCCL:GroupLaunch,24746580552,5355233,24486100324,18920,StartEnd,3439,3814,1,1,0,2769,2767,:2767:2769
NCCL:API Group,24752116840,5791102,24486319599,22766,StartEnd,3439,3814,1,0,1,2771,,:2771
NCCL:GroupLaunch,24752116840,5791102,24486322086,19547,StartEnd,3439,3814,1,1,0,2773,2771,:2771:2773
NCCL:API Group,24757937862,57567,24486458662,16344,StartEnd,3439,3814,1,0,1,2775,,:2775
NCCL:GroupLaunch,24757937862,57567,24486460647,14120,StartEnd,3439,3814,1,1,0,2777,2775,:2775:2777
NCCL:API Group,24757996901,1654614,24487594388,19002,StartEnd,3439,3814,1,0,1,2779,,:2779
NCCL:GroupLaunch,24757996901,1654614,24487596793,16395,StartEnd,3439,3814,1,1,0,2781,2779,:2779:2781
NCCL:API Group,24759653723,1425496,24489784774,25855,StartEnd,3439,3814,1,0,1,2783,,:2783
NCCL:GroupLaunch,24759653723,1425496,24489788686,21549,StartEnd,3439,3814,1,1,0,2785,2783,:2783:2785
NCCL:API Group,24761487921,1759765,24489971154,18821,StartEnd,3439,3814,1,0,1,2787,,:2787
NCCL:GroupLaunch,24761487921,1759765,24489973567,15829,StartEnd,3439,3814,1,1,0,2789,2787,:2787:2789
NCCL:API Group,24763522629,1406936,24490158715,22994,StartEnd,3439,3814,1,0,1,2791,,:2791
NCCL:GroupLaunch,24763522629,1406936,24490160881,20696,StartEnd,3439,3814,1,1,0,2793,2791,:2791:2793
NCCL:API Group,24764987324,21632,24490606538,19484,StartEnd,3439,3814,1,0,1,2795,,:2795
NCCL:GroupLaunch,24764987324,21632,24490608840,17039,StartEnd,3439,3814,1,1,0,2797,2795,:2795:2797
NCCL:API Group,24765057340,5684319,24495578934,22944,StartEnd,3439,3814,1,0,1,2799,,:2799
NCCL:GroupLaunch,24765057340,5684319,24495581407,20089,StartEnd,3439,3814,1,1,0,2801,2799,:2799:2801
NCCL:API Group,24771199192,5576319,24495938121,18550,StartEnd,3439,3814,1,0,1,2803,,:2803
NCCL:GroupLaunch,24771199192,5576319,24495940557,15542,StartEnd,3439,3814,1,1,0,2805,2803,:2803:2805
NCCL:API Group,24776777015,12564247,24496158415,21930,StartEnd,3439,3814,1,0,1,2807,,:2807
NCCL:GroupLaunch,24776777015,12564247,24496160378,19699,StartEnd,3439,3814,1,1,0,2809,2807,:2807:2809
NCCL:API Group,24789421709,43712,24496297271,18543,StartEnd,3439,3814,1,0,1,2811,,:2811
NCCL:GroupLaunch,24789421709,43712,24496299599,16067,StartEnd,3439,3814,1,1,0,2813,2811,:2811:2813
NCCL:API Group,24789468237,1096858,24497452688,21783,StartEnd,3439,3814,1,0,1,2815,,:2815
NCCL:GroupLaunch,24789468237,1096858,24497455452,18874,StartEnd,3439,3814,1,1,0,2817,2815,:2815:2817
NCCL:API Group,24790574279,1097337,24499621857,26219,StartEnd,3439,3814,1,0,1,2819,,:2819
NCCL:GroupLaunch,24790574279,1097337,24499625823,21442,StartEnd,3439,3814,1,1,0,2821,2819,:2819:2821
NCCL:API Group,24791680288,1095706,24499808373,31472,StartEnd,3439,3814,1,0,1,2823,,:2823
NCCL:GroupLaunch,24791680288,1095706,24499810486,29083,StartEnd,3439,3814,1,1,0,2825,2823,:2823:2825
NCCL:API Group,24792784986,1087801,24500007328,17278,StartEnd,3439,3814,1,0,1,2827,,:2827
NCCL:GroupLaunch,24792784986,1087801,24500009548,14899,StartEnd,3439,3814,1,1,0,2829,2827,:2827:2829
NCCL:API Group,24793882419,9568,24500456244,16981,StartEnd,3439,3814,1,0,1,2831,,:2831
NCCL:GroupLaunch,24793882419,9568,24500458476,14549,StartEnd,3439,3814,1,1,0,2833,2831,:2831:2833
NCCL:API Group,24793894291,4326759,24505414530,20441,StartEnd,3439,3814,1,0,1,2835,,:2835
NCCL:GroupLaunch,24793894291,4326759,24505417062,17534,StartEnd,3439,3814,1,1,0,2837,2835,:2835:2837
NCCL:API Group,24798257338,4337478,24505781101,18532,StartEnd,3439,3814,1,0,1,2839,,:2839
NCCL:GroupLaunch,24798257338,4337478,24505783008,16352,StartEnd,3439,3814,1,1,0,2841,2839,:2839:2841
NCCL:API Group,24802630208,4322183,24505998608,18226,StartEnd,3439,3814,1,0,1,2843,,:2843
NCCL:GroupLaunch,24802630208,4322183,24506001224,15020,StartEnd,3439,3814,1,1,0,2845,2843,:2843:2845
NCCL:API Group,24806989478,13952,24506129979,16184,StartEnd,3439,3814,1,0,1,2847,,:2847
NCCL:GroupLaunch,24806989478,13952,24506132140,13711,StartEnd,3439,3814,1,1,0,2849,2847,:2847:2849
NCCL:API Group,24807006246,1104058,24507287687,23538,StartEnd,3439,3814,1,0,1,2851,,:2851
NCCL:GroupLaunch,24807006246,1104058,24507290268,20817,StartEnd,3439,3814,1,1,0,2853,2851,:2851:2853
NCCL:API Group,24808120064,1099705,24509469594,30084,StartEnd,3439,3814,1,0,1,2855,,:2855
NCCL:GroupLaunch,24808120064,1099705,24509473045,26299,StartEnd,3439,3814,1,1,0,2857,2855,:2855:2857
NCCL:API Group,24809228985,1104602,24509662670,17748,StartEnd,3439,3814,1,0,1,2859,,:2859
NCCL:GroupLaunch,24809228985,1104602,24509665258,15066,StartEnd,3439,3814,1,1,0,2861,2859,:2859:2861
NCCL:API Group,24810342835,1105305,24509852478,19043,StartEnd,3439,3814,1,0,1,2863,,:2863
NCCL:GroupLaunch,24810342835,1105305,24509854540,16585,StartEnd,3439,3814,1,1,0,2865,2863,:2863:2865
NCCL:API Group,24811457804,10336,24510312218,16798,StartEnd,3439,3814,1,0,1,2867,,:2867
NCCL:GroupLaunch,24811457804,10336,24510314476,14133,StartEnd,3439,3814,1,1,0,2869,2867,:2867:2869
NCCL:API Group,24811471116,4335751,24515291040,19832,StartEnd,3439,3814,1,0,1,2871,,:2871
NCCL:GroupLaunch,24811471116,4335751,24515294004,16730,StartEnd,3439,3814,1,1,0,2873,2871,:2871:2873
NCCL:API Group,24815842259,4306022,24515640515,18481,StartEnd,3439,3814,1,0,1,2875,,:2875
NCCL:GroupLaunch,24815842259,4306022,24515642874,15978,StartEnd,3439,3814,1,1,0,2877,2875,:2875:2877
NCCL:API Group,24820184441,4362439,24515855295,17858,StartEnd,3439,3814,1,0,1,2879,,:2879
NCCL:GroupLaunch,24820184441,4362439,24515856965,16040,StartEnd,3439,3814,1,1,0,2881,2879,:2879:2881
NCCL:API Group,24824583007,31328,24515990407,20587,StartEnd,3439,3814,1,0,1,2883,,:2883
NCCL:GroupLaunch,24824583007,31328,24515995024,15520,StartEnd,3439,3814,1,1,0,2885,2883,:2883:2885
NCCL:API Group,24824616863,1110522,24517154649,19447,StartEnd,3439,3814,1,0,1,2887,,:2887
NCCL:GroupLaunch,24824616863,1110522,24517157357,16528,StartEnd,3439,3814,1,1,0,2889,2887,:2887:2889
NCCL:API Group,24825737881,1159833,24519312236,31231,StartEnd,3439,3814,1,0,1,2891,,:2891
NCCL:GroupLaunch,24825737881,1159833,24519316405,26666,StartEnd,3439,3814,1,1,0,2893,2891,:2891:2893
NCCL:API Group,24826906834,1181753,24519516407,18569,StartEnd,3439,3814,1,0,1,2895,,:2895
NCCL:GroupLaunch,24826906834,1181753,24519518827,15733,StartEnd,3439,3814,1,1,0,2897,2895,:2895:2897
NCCL:API Group,24828097931,1117337,24519706703,17813,StartEnd,3439,3814,1,0,1,2899,,:2899
NCCL:GroupLaunch,24828097931,1117337,24519708986,15023,StartEnd,3439,3814,1,1,0,2901,2899,:2899:2901
NCCL:API Group,24829223908,12960,24520144485,16645,StartEnd,3439,3814,1,0,1,2903,,:2903
NCCL:GroupLaunch,24829223908,12960,24520146213,14667,StartEnd,3439,3814,1,1,0,2905,2903,:2903:2905
NCCL:API Group,24829239332,4355911,24525303968,27501,StartEnd,3439,3814,1,0,1,2907,,:2907
NCCL:GroupLaunch,24829239332,4355911,24525310746,20547,StartEnd,3439,3814,1,1,0,2909,2907,:2907:2909
NCCL:API Group,24833631851,4571205,24525659942,20998,StartEnd,3439,3814,1,0,1,2911,,:2911
NCCL:GroupLaunch,24833631851,4571205,24525665212,15532,StartEnd,3439,3814,1,1,0,2913,2911,:2911:2913
NCCL:API Group,24838240848,4341542,24525879163,18613,StartEnd,3439,3814,1,0,1,2915,,:2915
NCCL:GroupLaunch,24838240848,4341542,24525881459,16127,StartEnd,3439,3814,1,1,0,2917,2915,:2915:2917
NCCL:API Group,24842618518,13568,24526011425,19665,StartEnd,3439,3814,1,0,1,2919,,:2919
NCCL:GroupLaunch,24842618518,13568,24526013204,17629,StartEnd,3439,3814,1,1,0,2921,2919,:2919:2921
NCCL:API Group,24842634134,1109689,24527164196,18639,StartEnd,3439,3814,1,0,1,2923,,:2923
NCCL:GroupLaunch,24842634134,1109689,24527166839,15907,StartEnd,3439,3814,1,1,0,2925,2923,:2923:2925
NCCL:API Group,24843753583,1106554,24529355126,31677,StartEnd,3439,3814,1,0,1,2927,,:2927
NCCL:GroupLaunch,24843753583,1106554,24529358774,27590,StartEnd,3439,3814,1,1,0,2929,2927,:2927:2929
NCCL:API Group,24844870761,1103161,24529545830,18094,StartEnd,3439,3814,1,0,1,2931,,:2931
NCCL:GroupLaunch,24844870761,1103161,24529548380,15340,StartEnd,3439,3814,1,1,0,2933,2931,:2931:2933
NCCL:API Group,24845982722,1103034,24529731493,18422,StartEnd,3439,3814,1,0,1,2935,,:2935
NCCL:GroupLaunch,24845982722,1103034,24529733466,16092,StartEnd,3439,3814,1,1,0,2937,2935,:2935:2937
NCCL:API Group,24847096220,12096,24530189981,19023,StartEnd,3439,3814,1,0,1,2939,,:2939
NCCL:GroupLaunch,24847096220,12096,24530192494,16349,StartEnd,3439,3814,1,1,0,2941,2939,:2939:2941
NCCL:API Group,24847111036,4356422,24535359391,24844,StartEnd,3439,3814,1,0,1,2943,,:2943
NCCL:GroupLaunch,24847111036,4356422,24535366793,17183,StartEnd,3439,3814,1,1,0,2945,2943,:2943:2945
NCCL:API Group,24851502786,4355590,24535716183,18628,StartEnd,3439,3814,1,0,1,2947,,:2947
NCCL:GroupLaunch,24851502786,4355590,24535718876,15629,StartEnd,3439,3814,1,1,0,2949,2947,:2947:2949
NCCL:API Group,24855894120,4367047,24535928614,17691,StartEnd,3439,3814,1,0,1,2951,,:2951
NCCL:GroupLaunch,24855894120,4367047,24535930686,15223,StartEnd,3439,3814,1,1,0,2953,2951,:2951:2953
NCCL:API Group,24860297742,29408,24536072229,17344,StartEnd,3439,3814,1,0,1,2955,,:2955
NCCL:GroupLaunch,24860297742,29408,24536074747,14329,StartEnd,3439,3814,1,1,0,2957,2955,:2955:2957
NCCL:API Group,24860329198,1111802,24537221806,19091,StartEnd,3439,3814,1,0,1,2959,,:2959
NCCL:GroupLaunch,24860329198,1111802,24537224353,16253,StartEnd,3439,3814,1,1,0,2961,2959,:2959:2961
NCCL:API Group,24861451592,1103705,24539400296,27414,StartEnd,3439,3814,1,0,1,2963,,:2963
NCCL:GroupLaunch,24861451592,1103705,24539404625,22714,StartEnd,3439,3814,1,1,0,2965,2963,:2963:2965
NCCL:API Group,24862565601,1091674,24539597247,22912,StartEnd,3439,3814,1,0,1,2967,,:2967
NCCL:GroupLaunch,24862565601,1091674,24539599404,20377,StartEnd,3439,3814,1,1,0,2969,2967,:2967:2969
NCCL:API Group,24863666363,1109785,24539789523,20442,StartEnd,3439,3814,1,0,1,2971,,:2971
NCCL:GroupLaunch,24863666363,1109785,24539793424,16127,StartEnd,3439,3814,1,1,0,2973,2971,:2971:2973
NCCL:API Group,24864786836,12448,24540221375,16614,StartEnd,3439,3814,1,0,1,2975,,:2975
NCCL:GroupLaunch,24864786836,12448,24540223508,14283,StartEnd,3439,3814,1,1,0,2977,2975,:2975:2977
NCCL:API Group,24864801492,4340871,24545207858,20298,StartEnd,3439,3814,1,0,1,2979,,:2979
NCCL:GroupLaunch,24864801492,4340871,24545210574,17355,StartEnd,3439,3814,1,1,0,2981,2979,:2979:2981
NCCL:API Group,24869180059,4340806,24545552835,20969,StartEnd,3439,3814,1,0,1,2983,,:2983
NCCL:GroupLaunch,24869180059,4340806,24545554660,19010,StartEnd,3439,3814,1,1,0,2985,2983,:2983:2985
NCCL:API Group,24873558689,4322119,24545776961,17999,StartEnd,3439,3814,1,0,1,2987,,:2987
NCCL:GroupLaunch,24873558689,4322119,24545779073,15631,StartEnd,3439,3814,1,1,0,2989,2987,:2987:2989
NCCL:API Group,24877918087,23328,24545907154,18105,StartEnd,3439,3814,1,0,1,2991,,:2991
NCCL:GroupLaunch,24877918087,23328,24545908981,15978,StartEnd,3439,3814,1,1,0,2993,2991,:2991:2993
NCCL:API Group,24877943815,1107450,24547070992,18673,StartEnd,3439,3814,1,0,1,2995,,:2995
NCCL:GroupLaunch,24877943815,1107450,24547073616,15938,StartEnd,3439,3814,1,1,0,2997,2995,:2995:2997
NCCL:API Group,24879061889,1153209,24549244787,27521,StartEnd,3439,3814,1,0,1,2999,,:2999
NCCL:GroupLaunch,24879061889,1153209,24549249034,22931,StartEnd,3439,3814,1,1,0,3001,2999,:2999:3001
NCCL:API Group,24880224378,1106329,24549440489,20935,StartEnd,3439,3814,1,0,1,3003,,:3003
NCCL:GroupLaunch,24880224378,1106329,24549442586,18589,StartEnd,3439,3814,1,1,0,3005,3003,:3003:3005
NCCL:API Group,24881340659,1104634,24549624073,22593,StartEnd,3439,3814,1,0,1,3007,,:3007
NCCL:GroupLaunch,24881340659,1104634,24549625957,20308,StartEnd,3439,3814,1,1,0,3009,3007,:3007:3009
NCCL:API Group,24882456045,11744,24550059768,17758,StartEnd,3439,3814,1,0,1,3011,,:3011
NCCL:GroupLaunch,24882456045,11744,24550061586,15812,StartEnd,3439,3814,1,1,0,3013,3011,:3011:3013
NCCL:API Group,24882470445,4344774,24555040051,21435,StartEnd,3439,3814,1,0,1,3015,,:3015
NCCL:GroupLaunch,24882470445,4344774,24555042601,18791,StartEnd,3439,3814,1,1,0,3017,3015,:3015:3017
NCCL:API Group,24886853203,4342535,24555395427,17695,StartEnd,3439,3814,1,0,1,3019,,:3019
NCCL:GroupLaunch,24886853203,4342535,24555397446,15529,StartEnd,3439,3814,1,1,0,3021,3019,:3019:3021
NCCL:API Group,24891232185,4582598,24555611053,17402,StartEnd,3439,3814,1,0,1,3023,,:3023
NCCL:GroupLaunch,24891232185,4582598,24555613081,15038,StartEnd,3439,3814,1,1,0,3025,3023,:3023:3025
NCCL:API Group,24895850846,38112,24555744856,17059,StartEnd,3439,3814,1,0,1,3027,,:3027
NCCL:GroupLaunch,24895850846,38112,24555747342,14345,StartEnd,3439,3814,1,1,0,3029,3027,:3027:3029
NCCL:API Group,24895891198,1106842,24556914070,35991,StartEnd,3439,3814,1,0,1,3031,,:3031
NCCL:GroupLaunch,24895891198,1106842,24556931497,18337,StartEnd,3439,3814,1,1,0,3033,3031,:3031:3033
NCCL:API Group,24897007768,1102073,24559083966,25661,StartEnd,3439,3814,1,0,1,3035,,:3035
NCCL:GroupLaunch,24897007768,1102073,24559087988,21028,StartEnd,3439,3814,1,1,0,3037,3035,:3035:3037
NCCL:API Group,24898120881,1164313,24559273179,17356,StartEnd,3439,3814,1,0,1,3039,,:3039
NCCL:GroupLaunch,24898120881,1164313,24559275190,15082,StartEnd,3439,3814,1,1,0,3041,3039,:3039:3041
NCCL:API Group,24899294250,1157017,24559454033,18496,StartEnd,3439,3814,1,0,1,3043,,:3043
NCCL:GroupLaunch,24899294250,1157017,24559456125,16230,StartEnd,3439,3814,1,1,0,3045,3043,:3043:3045
NCCL:API Group,24900461667,15648,24559916198,24250,StartEnd,3439,3814,1,0,1,3047,,:3047
NCCL:GroupLaunch,24900461667,15648,24559918021,22291,StartEnd,3439,3814,1,1,0,3049,3047,:3047:3049
NCCL:API Group,24900480451,4344903,24564903995,18682,StartEnd,3439,3814,1,0,1,3051,,:3051
NCCL:GroupLaunch,24900480451,4344903,24564906530,16013,StartEnd,3439,3814,1,1,0,3053,3051,:3051:3053
NCCL:API Group,24904862762,4374758,24565260117,20339,StartEnd,3439,3814,1,0,1,3055,,:3055
NCCL:GroupLaunch,24904862762,4374758,24565261863,18484,StartEnd,3439,3814,1,1,0,3057,3055,:3055:3057
NCCL:API Group,24909273904,4351270,24565474843,17547,StartEnd,3439,3814,1,0,1,3059,,:3059
NCCL:GroupLaunch,24909273904,4351270,24565476681,15542,StartEnd,3439,3814,1,1,0,3061,3059,:3059:3061
NCCL:API Group,24913660278,15040,24565609831,17815,StartEnd,3439,3814,1,0,1,3063,,:3063
NCCL:GroupLaunch,24913660278,15040,24565611583,15644,StartEnd,3439,3814,1,1,0,3065,3063,:3063:3065
NCCL:API Group,24913676822,1102682,24566799072,20454,StartEnd,3439,3814,1,0,1,3067,,:3067
NCCL:GroupLaunch,24913676822,1102682,24566801660,17734,StartEnd,3439,3814,1,1,0,3069,3067,:3067:3069
NCCL:API Group,24914790448,1105177,24568927181,23172,StartEnd,3439,3814,1,0,1,3071,,:3071
NCCL:GroupLaunch,24914790448,1105177,24568930522,19618,StartEnd,3439,3814,1,1,0,3073,3071,:3071:3073
NCCL:API Group,24915905801,1100026,24569108296,16864,StartEnd,3439,3814,1,0,1,3075,,:3075
NCCL:GroupLaunch,24915905801,1100026,24569110003,14965,StartEnd,3439,3814,1,1,0,3077,3075,:3075:3077
NCCL:API Group,24917015555,1104697,24569286215,15671,StartEnd,3439,3814,1,0,1,3079,,:3079
NCCL:GroupLaunch,24917015555,1104697,24569288021,13656,StartEnd,3439,3814,1,1,0,3081,3079,:3079:3081
NCCL:API Group,24918130716,11840,24569761434,21325,StartEnd,3439,3814,1,0,1,3083,,:3083
NCCL:GroupLaunch,24918130716,11840,24569762964,19657,StartEnd,3439,3814,1,1,0,3085,3083,:3083:3085
NCCL:API Group,24918145884,4348646,24574934403,29682,StartEnd,3439,3814,1,0,1,3087,,:3087
NCCL:GroupLaunch,24918145884,4348646,24574940949,22520,StartEnd,3439,3814,1,1,0,3089,3087,:3087:3089
NCCL:API Group,24922532322,4387207,24575301090,22423,StartEnd,3439,3814,1,0,1,3091,,:3091
NCCL:GroupLaunch,24922532322,4387207,24575303537,19763,StartEnd,3439,3814,1,1,0,3093,3091,:3091:3093
NCCL:API Group,24926955720,4360327,24575533994,19151,StartEnd,3439,3814,1,0,1,3095,,:3095
NCCL:GroupLaunch,24926955720,4360327,24575535970,16853,StartEnd,3439,3814,1,1,0,3097,3095,:3095:3097
NCCL:API Group,24931352079,29375,24575666336,16651,StartEnd,3439,3814,1,0,1,3099,,:3099
NCCL:GroupLaunch,24931352079,29375,24575667944,14831,StartEnd,3439,3814,1,1,0,3101,3099,:3099:3101
NCCL:API Group,24931383726,1100442,24576807843,20401,StartEnd,3439,3814,1,0,1,3103,,:3103
NCCL:GroupLaunch,24931383726,1100442,24576810236,17683,StartEnd,3439,3814,1,1,0,3105,3103,:3103:3105
NCCL:API Group,24932495304,1114201,24578991385,24703,StartEnd,3439,3814,1,0,1,3107,,:3107
NCCL:GroupLaunch,24932495304,1114201,24578994984,20889,StartEnd,3439,3814,1,1,0,3109,3107,:3107:3109
NCCL:API Group,24933620737,1095482,24579177096,22194,StartEnd,3439,3814,1,0,1,3111,,:3111
NCCL:GroupLaunch,24933620737,1095482,24579178899,20237,StartEnd,3439,3814,1,1,0,3113,3111,:3111:3113
NCCL:API Group,24934725595,1112345,24579366457,16789,StartEnd,3439,3814,1,0,1,3115,,:3115
NCCL:GroupLaunch,24934725595,1112345,24579368058,15060,StartEnd,3439,3814,1,1,0,3117,3115,:3115:3117
NCCL:API Group,24935847508,14176,24579815322,18036,StartEnd,3439,3814,1,0,1,3119,,:3119
NCCL:GroupLaunch,24935847508,14176,24579816981,16164,StartEnd,3439,3814,1,1,0,3121,3119,:3119:3121
NCCL:API Group,24935864980,4359623,24584974512,19205,StartEnd,3439,3814,1,0,1,3123,,:3123
NCCL:GroupLaunch,24935864980,4359623,24584976761,16735,StartEnd,3439,3814,1,1,0,3125,3123,:3123:3125
NCCL:API Group,24940261563,4332710,24585335833,24151,StartEnd,3439,3814,1,0,1,3127,,:3127
NCCL:GroupLaunch,24940261563,4332710,24585337560,22283,StartEnd,3439,3814,1,1,0,3129,3127,:3127:3129
NCCL:API Group,24944630433,4317735,24585563044,16238,StartEnd,3439,3814,1,0,1,3131,,:3131
NCCL:GroupLaunch,24944630433,4317735,24585564822,14266,StartEnd,3439,3814,1,1,0,3133,3131,:3131:3133
NCCL:API Group,24948986727,13472,24585687006,15940,StartEnd,3439,3814,1,0,1,3135,,:3135
NCCL:GroupLaunch,24948986727,13472,24585688493,14231,StartEnd,3439,3814,1,1,0,3137,3135,:3135:3137
NCCL:API Group,24949002471,1108954,24586842328,19124,StartEnd,3439,3814,1,0,1,3139,,:3139
NCCL:GroupLaunch,24949002471,1108954,24586844610,16687,StartEnd,3439,3814,1,1,0,3141,3139,:3139:3141
NCCL:API Group,24950121121,1162777,24588990142,31468,StartEnd,3439,3814,1,0,1,3143,,:3143
NCCL:GroupLaunch,24950121121,1162777,24589000268,21105,StartEnd,3439,3814,1,1,0,3145,3143,:3143:3145
NCCL:API Group,24951294778,1115097,24589184652,19633,StartEnd,3439,3814,1,0,1,3147,,:3147
NCCL:GroupLaunch,24951294778,1115097,24589186680,17407,StartEnd,3439,3814,1,1,0,3149,3147,:3147:3149
NCCL:API Group,24952419923,1157370,24589367413,16247,StartEnd,3439,3814,1,0,1,3151,,:3151
NCCL:GroupLaunch,24952419923,1157370,24589369466,13981,StartEnd,3439,3814,1,1,0,3153,3151,:3151:3153
NCCL:API Group,24953586125,17119,24589821269,16514,StartEnd,3439,3814,1,0,1,3155,,:3155
NCCL:GroupLaunch,24953586125,17119,24589822900,14621,StartEnd,3439,3814,1,1,0,3157,3155,:3155:3157
NCCL:API Group,24953605516,4364359,24594804034,19250,StartEnd,3439,3814,1,0,1,3159,,:3159
NCCL:GroupLaunch,24953605516,4364359,24594806467,16612,StartEnd,3439,3814,1,1,0,3161,3159,:3159:3161
NCCL:API Group,24958004723,4572325,24595157922,17031,StartEnd,3439,3814,1,0,1,3163,,:3163
NCCL:GroupLaunch,24958004723,4572325,24595159681,15050,StartEnd,3439,3814,1,1,0,3165,3163,:3163:3165
NCCL:API Group,24962613912,4317126,24595371689,16480,StartEnd,3439,3814,1,0,1,3167,,:3167
NCCL:GroupLaunch,24962613912,4317126,24595373490,14550,StartEnd,3439,3814,1,1,0,3169,3167,:3167:3169
NCCL:API Group,24966967262,15200,24595495558,18723,StartEnd,3439,3814,1,0,1,3171,,:3171
NCCL:GroupLaunch,24966967262,15200,24595497048,16966,StartEnd,3439,3814,1,1,0,3173,3171,:3171:3173
NCCL:API Group,24966984894,1103866,24596688029,20793,StartEnd,3439,3814,1,0,1,3175,,:3175
NCCL:GroupLaunch,24966984894,1103866,24596690241,18413,StartEnd,3439,3814,1,1,0,3177,3175,:3175:3177
NCCL:API Group,24968098424,1105273,24598838682,23118,StartEnd,3439,3814,1,0,1,3179,,:3179
NCCL:GroupLaunch,24968098424,1105273,24598842153,19532,StartEnd,3439,3814,1,1,0,3181,3179,:3179:3181
NCCL:API Group,24969213361,1093210,24599023382,18473,StartEnd,3439,3814,1,0,1,3183,,:3183
NCCL:GroupLaunch,24969213361,1093210,24599025237,16455,StartEnd,3439,3814,1,1,0,3185,3183,:3183:3185
NCCL:API Group,24970317515,1099353,24599201982,16005,StartEnd,3439,3814,1,0,1,3187,,:3187
NCCL:GroupLaunch,24970317515,1099353,24599203749,13986,StartEnd,3439,3814,1,1,0,3189,3187,:3187:3189
NCCL:API Group,24971426180,11616,24599666868,16745,StartEnd,3439,3814,1,0,1,3191,,:3191
NCCL:GroupLaunch,24971426180,11616,24599668592,14747,StartEnd,3439,3814,1,1,0,3193,3191,:3191:3193
NCCL:API Group,24971439396,4346343,24604852993,19842,StartEnd,3439,3814,1,0,1,3195,,:3195
NCCL:GroupLaunch,24971439396,4346343,24604855354,17342,StartEnd,3439,3814,1,1,0,3197,3195,:3195:3197
NCCL:API Group,24975820554,4328903,24605201624,16737,StartEnd,3439,3814,1,0,1,3199,,:3199
NCCL:GroupLaunch,24975820554,4328903,24605203422,14706,StartEnd,3439,3814,1,1,0,3201,3199,:3199:3201
NCCL:API Group,24980184977,4593637,24605412117,18618,StartEnd,3439,3814,1,0,1,3203,,:3203
NCCL:GroupLaunch,24980184977,4593637,24605415730,14879,StartEnd,3439,3814,1,1,0,3205,3203,:3203:3205
NCCL:API Group,24984815798,35424,24605543549,15282,StartEnd,3439,3814,1,0,1,3207,,:3207
NCCL:GroupLaunch,24984815798,35424,24605545140,13435,StartEnd,3439,3814,1,1,0,3209,3207,:3207:3209
NCCL:API Group,24984853430,1108121,24606717329,19550,StartEnd,3439,3814,1,0,1,3211,,:3211
NCCL:GroupLaunch,24984853430,1108121,24606719879,16833,StartEnd,3439,3814,1,1,0,3213,3211,:3211:3213
NCCL:API Group,24985972015,1107418,24608897819,23064,StartEnd,3439,3814,1,0,1,3215,,:3215
NCCL:GroupLaunch,24985972015,1107418,24608901399,19146,StartEnd,3439,3814,1,1,0,3217,3215,:3215:3217
NCCL:API Group,24987089256,1166778,24609082756,16788,StartEnd,3439,3814,1,0,1,3219,,:3219
NCCL:GroupLaunch,24987089256,1166778,24609084543,14774,StartEnd,3439,3814,1,1,0,3221,3219,:3219:3221
NCCL:API Group,24988266754,1094457,24609261803,18004,StartEnd,3439,3814,1,0,1,3223,,:3223
NCCL:GroupLaunch,24988266754,1094457,24609263624,15929,StartEnd,3439,3814,1,1,0,3225,3223,:3223:3225
NCCL:API Group,24989372027,9856,24609720619,16114,StartEnd,3439,3814,1,0,1,3227,,:3227
NCCL:GroupLaunch,24989372027,9856,24609722333,14157,StartEnd,3439,3814,1,1,0,3229,3227,:3227:3229
NCCL:API Group,24989384699,4358055,24614504844,20431,StartEnd,3439,3814,1,0,1,3231,,:3231
NCCL:GroupLaunch,24989384699,4358055,24614507339,17775,StartEnd,3439,3814,1,1,0,3233,3231,:3231:3233
NCCL:API Group,24993778881,4377959,24614863651,19036,StartEnd,3439,3814,1,0,1,3235,,:3235
NCCL:GroupLaunch,24993778881,4377959,24614865367,17158,StartEnd,3439,3814,1,1,0,3237,3235,:3235:3237
NCCL:API Group,24998192808,4383494,24615082539,19115,StartEnd,3439,3814,1,0,1,3239,,:3239
NCCL:GroupLaunch,24998192808,4383494,24615084233,17287,StartEnd,3439,3814,1,1,0,3241,3239,:3239:3241
NCCL:API Group,25002611214,38367,24615213028,15483,StartEnd,3439,3814,1,0,1,3243,,:3243
NCCL:GroupLaunch,25002611214,38367,24615214606,13732,StartEnd,3439,3814,1,1,0,3245,3243,:3243:3245
NCCL:API Group,25002652205,1106074,24616380463,20525,StartEnd,3439,3814,1,0,1,3247,,:3247
NCCL:GroupLaunch,25002652205,1106074,24616382826,17996,StartEnd,3439,3814,1,1,0,3249,3247,:3247:3249
NCCL:API Group,25003768999,1150297,24618561122,23690,StartEnd,3439,3814,1,0,1,3251,,:3251
NCCL:GroupLaunch,25003768999,1150297,24618565104,19498,StartEnd,3439,3814,1,1,0,3253,3251,:3251:3253
NCCL:API Group,25004929024,1095930,24618752135,17301,StartEnd,3439,3814,1,0,1,3255,,:3255
NCCL:GroupLaunch,25004929024,1095930,24618753840,15462,StartEnd,3439,3814,1,1,0,3257,3255,:3255:3257
NCCL:API Group,25006034522,1167193,24618934908,20070,StartEnd,3439,3814,1,0,1,3259,,:3259
NCCL:GroupLaunch,25006034522,1167193,24618940538,14273,StartEnd,3439,3814,1,1,0,3261,3259,:3259:3261
NCCL:API Group,25007212019,16896,24619390240,16051,StartEnd,3439,3814,1,0,1,3263,,:3263
NCCL:GroupLaunch,25007212019,16896,24619391886,14146,StartEnd,3439,3814,1,1,0,3265,3263,:3263:3265
NCCL:API Group,25007230867,4338470,24624565269,29293,StartEnd,3439,3814,1,0,1,3267,,:3267
NCCL:GroupLaunch,25007230867,4338470,24624571190,23067,StartEnd,3439,3814,1,1,0,3269,3267,:3267:3269
NCCL:API Group,25011606713,4361830,24626397504,38273,StartEnd,3439,3814,1,0,1,3271,,:3271
NCCL:GroupLaunch,25011606713,4361830,24626403446,32102,StartEnd,3439,3814,1,1,0,3273,3271,:3271:3273
NCCL:API Group,25016006399,4583621,24626699028,22211,StartEnd,3439,3814,1,0,1,3275,,:3275
NCCL:GroupLaunch,25016006399,4583621,24626701110,19989,StartEnd,3439,3814,1,1,0,3277,3275,:3275:3277
NCCL:API Group,25020626052,35712,24626847743,18134,StartEnd,3439,3814,1,0,1,3279,,:3279
NCCL:GroupLaunch,25020626052,35712,24626849422,16226,StartEnd,3439,3814,1,1,0,3281,3279,:3279:3281
NCCL:API Group,25020663972,1106138,24627203426,21178,StartEnd,3439,3814,1,0,1,3283,,:3283
NCCL:GroupLaunch,25020663972,1106138,24627205693,18785,StartEnd,3439,3814,1,1,0,3285,3283,:3283:3285
NCCL:API Group,25021779933,1104058,24628620296,25992,StartEnd,3439,3814,1,0,1,3287,,:3287
NCCL:GroupLaunch,25021779933,1104058,24628624481,21510,StartEnd,3439,3814,1,1,0,3289,3287,:3287:3289
NCCL:API Group,25022893783,1101594,24628821015,20038,StartEnd,3439,3814,1,0,1,3291,,:3291
NCCL:GroupLaunch,25022893783,1101594,24628824924,15994,StartEnd,3439,3814,1,1,0,3293,3291,:3291:3293
NCCL:API Group,25024005552,1160026,24629004604,18051,StartEnd,3439,3814,1,0,1,3295,,:3295
NCCL:GroupLaunch,25024005552,1160026,24629006352,16052,StartEnd,3439,3814,1,1,0,3297,3295,:3295:3297
NCCL:API Group,25025176074,9728,24629438840,16056,StartEnd,3439,3814,1,0,1,3299,,:3299
NCCL:GroupLaunch,25025176074,9728,24629440314,14306,StartEnd,3439,3814,1,1,0,3301,3299,:3299:3301
NCCL:API Group,25025188714,4364038,24634609762,23751,StartEnd,3439,3814,1,0,1,3303,,:3303
NCCL:GroupLaunch,25025188714,4364038,24634612588,20830,StartEnd,3439,3814,1,1,0,3305,3303,:3303:3305
NCCL:API Group,25029588880,4616421,24634967913,19193,StartEnd,3439,3814,1,0,1,3307,,:3307
NCCL:GroupLaunch,25029588880,4616421,24634969928,17043,StartEnd,3439,3814,1,1,0,3309,3307,:3307:3309
NCCL:API Group,25034242229,4343494,24635186961,17564,StartEnd,3439,3814,1,0,1,3311,,:3311
NCCL:GroupLaunch,25034242229,4343494,24635188828,15601,StartEnd,3439,3814,1,1,0,3313,3311,:3311:3313
NCCL:API Group,25038622907,13376,24635316875,15539,StartEnd,3439,3814,1,0,1,3315,,:3315
NCCL:GroupLaunch,25038622907,13376,24635318390,13844,StartEnd,3439,3814,1,1,0,3317,3315,:3315:3317
NCCL:API Group,25038637979,1108985,24636480753,21194,StartEnd,3439,3814,1,0,1,3319,,:3319
NCCL:GroupLaunch,25038637979,1108985,24636483067,18669,StartEnd,3439,3814,1,1,0,3321,3319,:3319:3321
NCCL:API Group,25039756596,1108826,24638637855,24949,StartEnd,3439,3814,1,0,1,3323,,:3323
NCCL:GroupLaunch,25039756596,1108826,24638641513,21117,StartEnd,3439,3814,1,1,0,3325,3323,:3323:3325
NCCL:API Group,25040876014,1101113,24638826444,17693,StartEnd,3439,3814,1,0,1,3327,,:3327
NCCL:GroupLaunch,25040876014,1101113,24638828322,15670,StartEnd,3439,3814,1,1,0,3329,3327,:3327:3329
NCCL:API Group,25041987847,1114490,24639014585,16530,StartEnd,3439,3814,1,0,1,3331,,:3331
NCCL:GroupLaunch,25041987847,1114490,24639016273,14668,StartEnd,3439,3814,1,1,0,3333,3331,:3331:3333
NCCL:API Group,25043113217,10080,24639453650,15575,StartEnd,3439,3814,1,0,1,3335,,:3335
NCCL:GroupLaunch,25043113217,10080,24639455209,13787,StartEnd,3439,3814,1,1,0,3337,3335,:3335:3337
NCCL:API Group,25043125921,4347046,24644424396,20637,StartEnd,3439,3814,1,0,1,3339,,:3339
NCCL:GroupLaunch,25043125921,4347046,24644427113,17796,StartEnd,3439,3814,1,1,0,3341,3339,:3339:3341
NCCL:API Group,25047508551,4355622,24644780177,18519,StartEnd,3439,3814,1,0,1,3343,,:3343
NCCL:GroupLaunch,25047508551,4355622,24644781931,16530,StartEnd,3439,3814,1,1,0,3345,3343,:3343:3345
NCCL:API Group,25051899405,4326279,24644993932,17680,StartEnd,3439,3814,1,0,1,3347,,:3347
NCCL:GroupLaunch,25051899405,4326279,24644995526,15871,StartEnd,3439,3814,1,1,0,3349,3347,:3347:3349
NCCL:API Group,25056262164,16224,24645126706,15391,StartEnd,3439,3814,1,0,1,3351,,:3351
NCCL:GroupLaunch,25056262164,16224,24645128200,13440,StartEnd,3439,3814,1,1,0,3353,3351,:3351:3353
NCCL:API Group,25056281332,1108409,24646285597,19341,StartEnd,3439,3814,1,0,1,3355,,:3355
NCCL:GroupLaunch,25056281332,1108409,24646288080,16724,StartEnd,3439,3814,1,1,0,3357,3355,:3355:3357
NCCL:API Group,25057400141,1096570,24648463682,24129,StartEnd,3439,3814,1,0,1,3359,,:3359
NCCL:GroupLaunch,25057400141,1096570,24648467339,20217,StartEnd,3439,3814,1,1,0,3361,3359,:3359:3361
NCCL:API Group,25058506855,1108537,24648651610,16770,StartEnd,3439,3814,1,0,1,3363,,:3363
NCCL:GroupLaunch,25058506855,1108537,24648653363,14790,StartEnd,3439,3814,1,1,0,3365,3363,:3363:3365
NCCL:API Group,25059625088,1100058,24648831772,20481,StartEnd,3439,3814,1,0,1,3367,,:3367
NCCL:GroupLaunch,25059625088,1100058,24648833530,18496,StartEnd,3439,3814,1,1,0,3369,3367,:3367:3369
NCCL:API Group,25060736121,10048,24649287493,17937,StartEnd,3439,3814,1,0,1,3371,,:3371
NCCL:GroupLaunch,25060736121,10048,24649289240,16050,StartEnd,3439,3814,1,1,0,3373,3371,:3371:3373
NCCL:API Group,25060749369,4338727,24654273213,24217,StartEnd,3439,3814,1,0,1,3375,,:3375
NCCL:GroupLaunch,25060749369,4338727,24654279701,17334,StartEnd,3439,3814,1,1,0,3377,3375,:3375:3377
NCCL:API Group,25065124160,4543173,24654630883,15852,StartEnd,3439,3814,1,0,1,3379,,:3379
NCCL:GroupLaunch,25065124160,4543173,24654632610,13884,StartEnd,3439,3814,1,1,0,3381,3379,:3379:3381
NCCL:API Group,25069704325,4327879,24654849679,21166,StartEnd,3439,3814,1,0,1,3383,,:3383
NCCL:GroupLaunch,25069704325,4327879,24654851539,19127,StartEnd,3439,3814,1,1,0,3385,3383,:3383:3385
NCCL:API Group,25074067851,22016,24654981418,19058,StartEnd,3439,3814,1,0,1,3387,,:3387
NCCL:GroupLaunch,25074067851,22016,24654983018,17301,StartEnd,3439,3814,1,1,0,3389,3387,:3387:3389
NCCL:API Group,25074091563,1108442,24656149022,18584,StartEnd,3439,3814,1,0,1,3391,,:3391
NCCL:GroupLaunch,25074091563,1108442,24656151372,16100,StartEnd,3439,3814,1,1,0,3393,3391,:3391:3393
NCCL:API Group,25075209253,1104601,24658338396,23134,StartEnd,3439,3814,1,0,1,3395,,:3395
NCCL:GroupLaunch,25075209253,1104601,24658342039,19259,StartEnd,3439,3814,1,1,0,3397,3395,:3395:3397
NCCL:API Group,25076324510,1107258,24658520033,17135,StartEnd,3439,3814,1,0,1,3399,,:3399
NCCL:GroupLaunch,25076324510,1107258,24658521859,15195,StartEnd,3439,3814,1,1,0,3401,3399,:3399:3401
NCCL:API Group,25077441432,1109017,24658696959,16642,StartEnd,3439,3814,1,0,1,3403,,:3403
NCCL:GroupLaunch,25077441432,1109017,24658698538,14793,StartEnd,3439,3814,1,1,0,3405,3403,:3403:3405
NCCL:API Group,25078559633,14560,24659160603,16891,StartEnd,3439,3814,1,0,1,3407,,:3407
NCCL:GroupLaunch,25078559633,14560,24659162165,15070,StartEnd,3439,3814,1,1,0,3409,3407,:3407:3409
NCCL:API Group,25078576945,4368007,24664148470,19945,StartEnd,3439,3814,1,0,1,3411,,:3411
NCCL:GroupLaunch,25078576945,4368007,24664150966,17345,StartEnd,3439,3814,1,1,0,3413,3411,:3411:3413
NCCL:API Group,25082981815,4352327,24664504968,16123,StartEnd,3439,3814,1,0,1,3415,,:3415
NCCL:GroupLaunch,25082981815,4352327,24664506832,14051,StartEnd,3439,3814,1,1,0,3417,3415,:3415:3417
NCCL:API Group,25087370590,4535013,24664717466,16237,StartEnd,3439,3814,1,0,1,3419,,:3419
NCCL:GroupLaunch,25087370590,4535013,24664719180,14284,StartEnd,3439,3814,1,1,0,3421,3419,:3419:3421
NCCL:API Group,25091940803,37920,24664848712,15682,StartEnd,3439,3814,1,0,1,3423,,:3423
NCCL:GroupLaunch,25091940803,37920,24664850551,13551,StartEnd,3439,3814,1,1,0,3425,3423,:3423:3425
NCCL:API Group,25091980771,1100985,24665999940,19873,StartEnd,3439,3814,1,0,1,3427,,:3427
NCCL:GroupLaunch,25091980771,1100985,24666002508,17096,StartEnd,3439,3814,1,1,0,3429,3427,:3427:3429
NCCL:API Group,25093091292,1105434,24668130491,28168,StartEnd,3439,3814,1,0,1,3431,,:3431
NCCL:GroupLaunch,25093091292,1105434,24668136241,22252,StartEnd,3439,3814,1,1,0,3433,3431,:3431:3433
NCCL:API Group,25094206582,1107705,24668331695,16657,StartEnd,3439,3814,1,0,1,3435,,:3435
NCCL:GroupLaunch,25094206582,1107705,24668333420,14816,StartEnd,3439,3814,1,1,0,3437,3435,:3435:3437
NCCL:API Group,25095324399,1104538,24668507417,16053,StartEnd,3439,3814,1,0,1,3439,,:3439
NCCL:GroupLaunch,25095324399,1104538,24668509127,14118,StartEnd,3439,3814,1,1,0,3441,3439,:3439:3441
NCCL:API Group,25096439529,12063,24668959184,15396,StartEnd,3439,3814,1,0,1,3443,,:3443
NCCL:GroupLaunch,25096439529,12063,24668960831,13618,StartEnd,3439,3814,1,1,0,3445,3443,:3443:3445
NCCL:API Group,25096454792,4344583,24674131864,26600,StartEnd,3439,3814,1,0,1,3447,,:3447
NCCL:GroupLaunch,25096454792,4344583,24674138239,19904,StartEnd,3439,3814,1,1,0,3449,3447,:3447:3449
NCCL:API Group,25100836911,4351622,24674492879,16570,StartEnd,3439,3814,1,0,1,3451,,:3451
NCCL:GroupLaunch,25100836911,4351622,24674495013,14225,StartEnd,3439,3814,1,1,0,3453,3451,:3451:3453
NCCL:API Group,25105225877,4341735,24674706332,18363,StartEnd,3439,3814,1,0,1,3455,,:3455
NCCL:GroupLaunch,25105225877,4341735,24674707997,16386,StartEnd,3439,3814,1,1,0,3457,3455,:3455:3457
NCCL:API Group,25109603324,28703,24674835147,15565,StartEnd,3439,3814,1,0,1,3459,,:3459
NCCL:GroupLaunch,25109603324,28703,24674836773,13787,StartEnd,3439,3814,1,1,0,3461,3459,:3459:3461
NCCL:API Group,25109635323,1105978,24676000594,20930,StartEnd,3439,3814,1,0,1,3463,,:3463
NCCL:GroupLaunch,25109635323,1105978,24676002907,18496,StartEnd,3439,3814,1,1,0,3465,3463,:3463:3465
NCCL:API Group,25110750901,1118809,24678194831,27439,StartEnd,3439,3814,1,0,1,3467,,:3467
NCCL:GroupLaunch,25110750901,1118809,24678199260,22784,StartEnd,3439,3814,1,1,0,3469,3467,:3467:3469
NCCL:API Group,25111880526,1106010,24678387981,17553,StartEnd,3439,3814,1,0,1,3471,,:3471
NCCL:GroupLaunch,25111880526,1106010,24678389949,15273,StartEnd,3439,3814,1,1,0,3473,3471,:3471:3473
NCCL:API Group,25112996712,1103673,24678574485,18360,StartEnd,3439,3814,1,0,1,3475,,:3475
NCCL:GroupLaunch,25112996712,1103673,24678576243,16327,StartEnd,3439,3814,1,1,0,3477,3475,:3475:3477
NCCL:API Group,25114109505,13792,24679015834,16149,StartEnd,3439,3814,1,0,1,3479,,:3479
NCCL:GroupLaunch,25114109505,13792,24679017681,14010,StartEnd,3439,3814,1,1,0,3481,3479,:3479:3481
NCCL:API Group,25114126817,4350695,24684202934,19683,StartEnd,3439,3814,1,0,1,3483,,:3483
NCCL:GroupLaunch,25114126817,4350695,24684205442,17061,StartEnd,3439,3814,1,1,0,3485,3483,:3483:3485
NCCL:API Group,25118514343,4361415,24684551461,17946,StartEnd,3439,3814,1,0,1,3487,,:3487
NCCL:GroupLaunch,25118514343,4361415,24684553248,16031,StartEnd,3439,3814,1,1,0,3489,3487,:3487:3489
NCCL:API Group,25122911022,4592069,24684764673,19546,StartEnd,3439,3814,1,0,1,3491,,:3491
NCCL:GroupLaunch,25122911022,4592069,24684766242,17818,StartEnd,3439,3814,1,1,0,3493,3491,:3491:3493
NCCL:API Group,25127539795,36415,24684898826,17830,StartEnd,3439,3814,1,0,1,3495,,:3495
NCCL:GroupLaunch,25127539795,36415,24684900292,16230,StartEnd,3439,3814,1,1,0,3497,3495,:3495:3497
NCCL:API Group,25127577778,1104698,24686054977,19537,StartEnd,3439,3814,1,0,1,3499,,:3499
NCCL:GroupLaunch,25127577778,1104698,24686057391,16986,StartEnd,3439,3814,1,1,0,3501,3499,:3499:3501
NCCL:API Group,25128692236,1100729,24688222851,24279,StartEnd,3439,3814,1,0,1,3503,,:3503
NCCL:GroupLaunch,25128692236,1100729,24688226411,20444,StartEnd,3439,3814,1,1,0,3505,3503,:3503:3505
NCCL:API Group,25129802213,1106266,24688425670,17251,StartEnd,3439,3814,1,0,1,3507,,:3507
NCCL:GroupLaunch,25129802213,1106266,24688427531,15085,StartEnd,3439,3814,1,1,0,3509,3507,:3507:3509
NCCL:API Group,25130917375,1106745,24688610608,17406,StartEnd,3439,3814,1,0,1,3511,,:3511
NCCL:GroupLaunch,25130917375,1106745,24688612402,15396,StartEnd,3439,3814,1,1,0,3513,3511,:3511:3513
NCCL:API Group,25132034712,9824,24689051998,16081,StartEnd,3439,3814,1,0,1,3515,,:3515
NCCL:GroupLaunch,25132034712,9824,24689053569,14353,StartEnd,3439,3814,1,1,0,3517,3515,:3515:3517
NCCL:API Group,25132047608,4266567,24694306512,21225,StartEnd,3439,3814,1,0,1,3519,,:3519
NCCL:GroupLaunch,25132047608,4266567,24694310368,17024,StartEnd,3439,3814,1,1,0,3521,3519,:3519:3521
NCCL:API Group,22334316878,46301029,22318427108,59976024,StartEnd,3438,3438,5,0,1,3524,,:3524
NCCL:GroupLaunch,22334316878,46301029,22318441980,59960312,StartEnd,3438,3438,5,1,0,3526,3524,:3524:3526
NCCL:API Group,22380618579,635547,22378753172,47323,StartEnd,3438,3438,1,0,1,3528,,:3528
NCCL:GroupLaunch,22380618579,635547,22378763432,36944,StartEnd,3438,3438,1,1,0,3530,3528,:3528:3530
NCCL:API Group,22381256494,638203,22378844671,32395,StartEnd,3438,3438,1,0,1,3532,,:3532
NCCL:GroupLaunch,22381256494,638203,22378846166,30814,StartEnd,3438,3438,1,1,0,3534,3532,:3532:3534
NCCL:API Group,22381895433,634396,22378910315,16527,StartEnd,3438,3438,1,0,1,3536,,:3536
NCCL:GroupLaunch,22381895433,634396,22378911464,15290,StartEnd,3438,3438,1,1,0,3538,3536,:3536:3538
NCCL:API Group,22382532389,634011,22378961140,15065,StartEnd,3438,3438,1,0,1,3540,,:3540
NCCL:GroupLaunch,22382532389,634011,22378962318,13803,StartEnd,3438,3438,1,1,0,3542,3540,:3540:3542
NCCL:API Group,22383168288,2505453,22379006633,20392,StartEnd,3438,3438,1,0,1,3544,,:3544
NCCL:GroupLaunch,22383168288,2505453,22379013151,13786,StartEnd,3438,3438,1,1,0,3546,3544,:3544:3546
NCCL:API Group,22385676045,2511277,22379055721,25764,StartEnd,3438,3438,1,0,1,3548,,:3548
NCCL:GroupLaunch,22385676045,2511277,22379056731,24670,StartEnd,3438,3438,1,1,0,3550,3548,:3548:3550
NCCL:API Group,22388189946,2491406,22379106357,20133,StartEnd,3438,3438,1,0,1,3552,,:3552
NCCL:GroupLaunch,22388189946,2491406,22379107328,13977,StartEnd,3438,3438,1,1,0,3554,3552,:3552:3554
NCCL:API Group,22390682344,6015,22379152265,25283,StartEnd,3438,3438,1,0,1,3556,,:3556
NCCL:GroupLaunch,22390682344,6015,22379153066,24394,StartEnd,3438,3438,1,1,0,3558,3556,:3556:3558
NCCL:API Group,22390691239,16608,22379201746,18725,StartEnd,3438,3438,1,0,1,3560,,:3560
NCCL:GroupLaunch,22390691239,16608,22379207591,12798,StartEnd,3438,3438,1,1,0,3562,3560,:3560:3562
NCCL:API Group,22390709575,619452,22379255577,19925,StartEnd,3438,3438,1,0,1,3564,,:3564
NCCL:GroupLaunch,22390709575,619452,22379261444,13945,StartEnd,3438,3438,1,1,0,3566,3564,:3564:3566
NCCL:API Group,22391332067,627227,22379300332,20522,StartEnd,3438,3438,1,0,1,3568,,:3568
NCCL:GroupLaunch,22391332067,627227,22379301177,19563,StartEnd,3438,3438,1,1,0,3570,3568,:3568:3570
NCCL:API Group,22391960702,628763,22379368057,17152,StartEnd,3438,3438,1,0,1,3572,,:3572
NCCL:GroupLaunch,22391960702,628763,22379372106,12990,StartEnd,3438,3438,1,1,0,3574,3572,:3572:3574
NCCL:API Group,22392591353,628860,22379414273,15857,StartEnd,3438,3438,1,0,1,3576,,:3576
NCCL:GroupLaunch,22392591353,628860,22379415312,14722,StartEnd,3438,3438,1,1,0,3578,3576,:3576:3578
NCCL:API Group,22393222036,2509806,22379462655,18673,StartEnd,3438,3438,1,0,1,3580,,:3580
NCCL:GroupLaunch,22393222036,2509806,22379469320,11898,StartEnd,3438,3438,1,1,0,3582,3580,:3580:3582
NCCL:API Group,22395732770,2489549,22379504230,16807,StartEnd,3438,3438,1,0,1,3584,,:3584
NCCL:GroupLaunch,22395732770,2489549,22379504983,15971,StartEnd,3438,3438,1,1,0,3586,3584,:3584:3586
NCCL:API Group,22398224047,2520941,22379546002,17765,StartEnd,3438,3438,1,0,1,3588,,:3588
NCCL:GroupLaunch,22398224047,2520941,22379546731,16925,StartEnd,3438,3438,1,1,0,3590,3588,:3588:3590
NCCL:API Group,22400746876,5600,22379584584,15828,StartEnd,3438,3438,1,0,1,3592,,:3592
NCCL:GroupLaunch,22400746876,5600,22379588370,11924,StartEnd,3438,3438,1,1,0,3594,3592,:3592:3594
NCCL:API Group,22400754940,18176,22379623387,17893,StartEnd,3438,3438,1,0,1,3596,,:3596
NCCL:GroupLaunch,22400754940,18176,22379629859,11341,StartEnd,3438,3438,1,1,0,3598,3596,:3596:3598
NCCL:API Group,22400775324,614619,22379666837,18309,StartEnd,3438,3438,1,0,1,3600,,:3600
NCCL:GroupLaunch,22400775324,614619,22379672259,12806,StartEnd,3438,3438,1,1,0,3602,3600,:3600:3602
NCCL:API Group,22401391671,633660,22379726738,17215,StartEnd,3438,3438,1,0,1,3604,,:3604
NCCL:GroupLaunch,22401391671,633660,22379727526,16313,StartEnd,3438,3438,1,1,0,3606,3604,:3604:3606
NCCL:API Group,22402027442,628412,22379766432,13918,StartEnd,3438,3438,1,0,1,3608,,:3608
NCCL:GroupLaunch,22402027442,628412,22379767158,13083,StartEnd,3438,3438,1,1,0,3610,3608,:3608:3610
NCCL:API Group,22402658126,632795,22379813189,12436,StartEnd,3438,3438,1,0,1,3612,,:3612
NCCL:GroupLaunch,22402658126,632795,22379813912,11603,StartEnd,3438,3438,1,1,0,3614,3612,:3612:3614
NCCL:API Group,22403292905,2489165,22379848408,18232,StartEnd,3438,3438,1,0,1,3616,,:3616
NCCL:GroupLaunch,22403292905,2489165,22379854729,11827,StartEnd,3438,3438,1,1,0,3618,3616,:3616:3618
NCCL:API Group,22405784182,2493006,22379886695,17684,StartEnd,3438,3438,1,0,1,3620,,:3620
NCCL:GroupLaunch,22405784182,2493006,22379887433,16866,StartEnd,3438,3438,1,1,0,3622,3620,:3620:3622
NCCL:API Group,22408279332,2490509,22379924313,18251,StartEnd,3438,3438,1,0,1,3624,,:3624
NCCL:GroupLaunch,22408279332,2490509,22379925032,13146,StartEnd,3438,3438,1,1,0,3626,3624,:3624:3626
NCCL:API Group,22410772657,5792,22379963936,12208,StartEnd,3438,3438,1,0,1,3628,,:3628
NCCL:GroupLaunch,22410772657,5792,22379964720,11347,StartEnd,3438,3438,1,1,0,3630,3628,:3628:3630
NCCL:API Group,22410780753,16640,22379996957,17084,StartEnd,3438,3438,1,0,1,3632,,:3632
NCCL:GroupLaunch,22410780753,16640,22380002663,11289,StartEnd,3438,3438,1,1,0,3634,3632,:3632:3634
NCCL:API Group,22410799089,615867,22380036571,20002,StartEnd,3438,3438,1,0,1,3636,,:3636
NCCL:GroupLaunch,22410799089,615867,22380037344,19128,StartEnd,3438,3438,1,1,0,3638,3636,:3636:3638
NCCL:API Group,22411417452,626267,22380077083,20825,StartEnd,3438,3438,1,0,1,3640,,:3640
NCCL:GroupLaunch,22411417452,626267,22380077823,19977,StartEnd,3438,3438,1,1,0,3642,3640,:3640:3642
NCCL:API Group,22412046087,629660,22380118724,13393,StartEnd,3438,3438,1,0,1,3644,,:3644
NCCL:GroupLaunch,22412046087,629660,22380119511,12523,StartEnd,3438,3438,1,1,0,3646,3644,:3644:3646
NCCL:API Group,22412677795,629051,22380151718,17320,StartEnd,3438,3438,1,0,1,3648,,:3648
NCCL:GroupLaunch,22412677795,629051,22380157445,11477,StartEnd,3438,3438,1,1,0,3650,3648,:3648:3650
NCCL:API Group,22413308478,2490509,22380201642,16878,StartEnd,3438,3438,1,0,1,3652,,:3652
NCCL:GroupLaunch,22413308478,2490509,22380207011,11431,StartEnd,3438,3438,1,1,0,3654,3652,:3652:3654
NCCL:API Group,22415800587,2499821,22380238836,16261,StartEnd,3438,3438,1,0,1,3656,,:3656
NCCL:GroupLaunch,22415800587,2499821,22380239600,15408,StartEnd,3438,3438,1,1,0,3658,3656,:3656:3658
NCCL:API Group,22418302072,2491726,22380276797,24863,StartEnd,3438,3438,1,0,1,3660,,:3660
NCCL:GroupLaunch,22418302072,2491726,22380289244,12336,StartEnd,3438,3438,1,1,0,3662,3660,:3660:3662
NCCL:API Group,22420796422,5376,22380328272,12120,StartEnd,3438,3438,1,0,1,3664,,:3664
NCCL:GroupLaunch,22420796422,5376,22380329024,11286,StartEnd,3438,3438,1,1,0,3666,3664,:3664:3666
NCCL:API Group,22420804518,17056,22380361715,18000,StartEnd,3438,3438,1,0,1,3668,,:3668
NCCL:GroupLaunch,22420804518,17056,22380367734,11892,StartEnd,3438,3438,1,1,0,3670,3668,:3668:3670
NCCL:API Group,22420822822,616987,22380403421,17982,StartEnd,3438,3438,1,0,1,3672,,:3672
NCCL:GroupLaunch,22420822822,616987,22380404186,17097,StartEnd,3438,3438,1,1,0,3674,3672,:3672:3674
NCCL:API Group,22421441217,635771,22380441635,17885,StartEnd,3438,3438,1,0,1,3676,,:3676
NCCL:GroupLaunch,22421441217,635771,22380442442,16995,StartEnd,3438,3438,1,1,0,3678,3676,:3676:3678
NCCL:API Group,22422078044,626619,22380479479,13363,StartEnd,3438,3438,1,0,1,3680,,:3680
NCCL:GroupLaunch,22422078044,626619,22380480184,12542,StartEnd,3438,3438,1,1,0,3682,3680,:3680:3682
NCCL:API Group,22422706679,629084,22380513701,17598,StartEnd,3438,3438,1,0,1,3684,,:3684
NCCL:GroupLaunch,22422706679,629084,22380519448,11773,StartEnd,3438,3438,1,1,0,3686,3684,:3684:3686
NCCL:API Group,22423337171,2486285,22380553378,17428,StartEnd,3438,3438,1,0,1,3688,,:3688
NCCL:GroupLaunch,22423337171,2486285,22380559023,11653,StartEnd,3438,3438,1,1,0,3690,3688,:3688:3690
NCCL:API Group,22425826368,2506189,22380596159,20684,StartEnd,3438,3438,1,0,1,3692,,:3692
NCCL:GroupLaunch,22425826368,2506189,22380596916,19813,StartEnd,3438,3438,1,1,0,3694,3692,:3692:3694
NCCL:API Group,22428334029,2477902,22380637994,12557,StartEnd,3438,3438,1,0,1,3696,,:3696
NCCL:GroupLaunch,22428334029,2477902,22380638783,11687,StartEnd,3438,3438,1,1,0,3698,3696,:3696:3698
NCCL:API Group,22430813019,5216,22380676378,11851,StartEnd,3438,3438,1,0,1,3700,,:3700
NCCL:GroupLaunch,22430813019,5216,22380677082,11065,StartEnd,3438,3438,1,1,0,3702,3700,:3700:3702
NCCL:API Group,22430821083,20895,22380709960,17956,StartEnd,3438,3438,1,0,1,3704,,:3704
NCCL:GroupLaunch,22430821083,20895,22380715041,12760,StartEnd,3438,3438,1,1,0,3706,3704,:3704:3706
NCCL:API Group,22430843514,626556,22380750316,18014,StartEnd,3438,3438,1,0,1,3708,,:3708
NCCL:GroupLaunch,22430843514,626556,22380751033,17183,StartEnd,3438,3438,1,1,0,3710,3708,:3708:3710
NCCL:API Group,22431471126,627739,22380788695,16733,StartEnd,3438,3438,1,0,1,3712,,:3712
NCCL:GroupLaunch,22431471126,627739,22380789420,11174,StartEnd,3438,3438,1,1,0,3714,3712,:3712:3714
NCCL:API Group,22432099761,628795,22380825792,12570,StartEnd,3438,3438,1,0,1,3716,,:3716
NCCL:GroupLaunch,22432099761,628795,22380826517,11735,StartEnd,3438,3438,1,1,0,3718,3716,:3716:3718
NCCL:API Group,22432731276,632924,22380858089,18520,StartEnd,3438,3438,1,0,1,3720,,:3720
NCCL:GroupLaunch,22432731276,632924,22380864225,12301,StartEnd,3438,3438,1,1,0,3722,3720,:3720:3722
NCCL:API Group,22433367048,2484941,22380897871,16987,StartEnd,3438,3438,1,0,1,3724,,:3724
NCCL:GroupLaunch,22433367048,2484941,22380898670,16072,StartEnd,3438,3438,1,1,0,3726,3724,:3724:3726
NCCL:API Group,22435854229,2490061,22380934672,18895,StartEnd,3438,3438,1,0,1,3728,,:3728
NCCL:GroupLaunch,22435854229,2490061,22380937137,16309,StartEnd,3438,3438,1,1,0,3730,3728,:3728:3730
NCCL:API Group,22438345506,2496942,22380973211,12447,StartEnd,3438,3438,1,0,1,3732,,:3732
NCCL:GroupLaunch,22438345506,2496942,22380973988,11589,StartEnd,3438,3438,1,1,0,3734,3732,:3732:3734
NCCL:API Group,22440844975,5152,22381007735,17263,StartEnd,3438,3438,1,0,1,3736,,:3736
NCCL:GroupLaunch,22440844975,5152,22381013069,11812,StartEnd,3438,3438,1,1,0,3738,3736,:3736:3738
NCCL:API Group,22440850991,18816,22381046105,18323,StartEnd,3438,3438,1,0,1,3740,,:3740
NCCL:GroupLaunch,22440850991,18816,22381052514,11829,StartEnd,3438,3438,1,1,0,3742,3740,:3740:3742
NCCL:API Group,22440871375,614684,22381089199,16915,StartEnd,3438,3438,1,0,1,3744,,:3744
NCCL:GroupLaunch,22440871375,614684,22381089971,16044,StartEnd,3438,3438,1,1,0,3746,3744,:3744:3746
NCCL:API Group,22441487723,625243,22381126844,17208,StartEnd,3438,3438,1,0,1,3748,,:3748
NCCL:GroupLaunch,22441487723,625243,22381127540,11252,StartEnd,3438,3438,1,1,0,3750,3748,:3748:3750
NCCL:API Group,22442116134,626779,22381165641,13043,StartEnd,3438,3438,1,0,1,3752,,:3752
NCCL:GroupLaunch,22442116134,626779,22381166386,12216,StartEnd,3438,3438,1,1,0,3754,3752,:3752:3754
NCCL:API Group,22442744769,629212,22381198364,21023,StartEnd,3438,3438,1,0,1,3756,,:3756
NCCL:GroupLaunch,22442744769,629212,22381207139,12143,StartEnd,3438,3438,1,1,0,3758,3756,:3756:3758
NCCL:API Group,22443375453,2482029,22381240871,18576,StartEnd,3438,3438,1,0,1,3760,,:3760
NCCL:GroupLaunch,22443375453,2482029,22381241605,17761,StartEnd,3438,3438,1,1,0,3762,3760,:3760:3762
NCCL:API Group,22445858538,2483917,22381279465,17575,StartEnd,3438,3438,1,0,1,3764,,:3764
NCCL:GroupLaunch,22445858538,2483917,22381280182,16774,StartEnd,3438,3438,1,1,0,3766,3764,:3764:3766
NCCL:API Group,22448344663,2494318,22381321630,14659,StartEnd,3438,3438,1,0,1,3768,,:3768
NCCL:GroupLaunch,22448344663,2494318,22381322390,13813,StartEnd,3438,3438,1,1,0,3770,3768,:3768:3770
NCCL:API Group,22450840037,5248,22381356007,17782,StartEnd,3438,3438,1,0,1,3772,,:3772
NCCL:GroupLaunch,22450840037,5248,22381362218,11444,StartEnd,3438,3438,1,1,0,3774,3772,:3772:3774
NCCL:API Group,22450846085,20031,22381393787,17530,StartEnd,3438,3438,1,0,1,3776,,:3776
NCCL:GroupLaunch,22450846085,20031,22381399395,11843,StartEnd,3438,3438,1,1,0,3778,3776,:3776:3778
NCCL:API Group,22450868516,612860,22381448139,17806,StartEnd,3438,3438,1,0,1,3780,,:3780
NCCL:GroupLaunch,22450868516,612860,22381448917,16946,StartEnd,3438,3438,1,1,0,3782,3780,:3780:3782
NCCL:API Group,22451483616,625371,22381487546,12852,StartEnd,3438,3438,1,0,1,3784,,:3784
NCCL:GroupLaunch,22451483616,625371,22381488317,11993,StartEnd,3438,3438,1,1,0,3786,3784,:3784:3786
NCCL:API Group,22452112251,624443,22381528578,12488,StartEnd,3438,3438,1,0,1,3788,,:3788
NCCL:GroupLaunch,22452112251,624443,22381529348,11637,StartEnd,3438,3438,1,1,0,3790,3788,:3788:3790
NCCL:API Group,22452739862,630908,22381561073,20464,StartEnd,3438,3438,1,0,1,3792,,:3792
NCCL:GroupLaunch,22452739862,630908,22381569812,11641,StartEnd,3438,3438,1,1,0,3794,3792,:3792:3794
NCCL:API Group,22453372594,2492205,22381603684,19807,StartEnd,3438,3438,1,0,1,3796,,:3796
NCCL:GroupLaunch,22453372594,2492205,22381606477,16885,StartEnd,3438,3438,1,1,0,3798,3796,:3796:3798
NCCL:API Group,22455865887,2485645,22381643593,17041,StartEnd,3438,3438,1,0,1,3800,,:3800
NCCL:GroupLaunch,22455865887,2485645,22381644304,11829,StartEnd,3438,3438,1,1,0,3802,3800,:3800:3802
NCCL:API Group,22458353068,2492014,22381680389,12039,StartEnd,3438,3438,1,0,1,3804,,:3804
NCCL:GroupLaunch,22458353068,2492014,22381681088,11261,StartEnd,3438,3438,1,1,0,3806,3804,:3804:3806
NCCL:API Group,22460847418,5344,22381712389,19133,StartEnd,3438,3438,1,0,1,3808,,:3808
NCCL:GroupLaunch,22460847418,5344,22381719408,11997,StartEnd,3438,3438,1,1,0,3810,3808,:3808:3810
NCCL:API Group,22460853466,18559,22381753855,25610,StartEnd,3438,3438,1,0,1,3812,,:3812
NCCL:GroupLaunch,22460853466,18559,22381754562,24819,StartEnd,3438,3438,1,1,0,3814,3812,:3812:3814
NCCL:API Group,22460874649,615484,22381805422,18238,StartEnd,3438,3438,1,0,1,3816,,:3816
NCCL:GroupLaunch,22460874649,615484,22381806144,17436,StartEnd,3438,3438,1,1,0,3818,3816,:3816:3818
NCCL:API Group,22461493045,626971,22381844915,12642,StartEnd,3438,3438,1,0,1,3820,,:3820
NCCL:GroupLaunch,22461493045,626971,22381845641,11836,StartEnd,3438,3438,1,1,0,3822,3820,:3820:3822
NCCL:API Group,22462121680,628187,22381877445,19812,StartEnd,3438,3438,1,0,1,3824,,:3824
NCCL:GroupLaunch,22462121680,628187,22381883341,13802,StartEnd,3438,3438,1,1,0,3826,3824,:3824:3826
NCCL:API Group,22462751339,643739,22381920097,19088,StartEnd,3438,3438,1,0,1,3828,,:3828
NCCL:GroupLaunch,22462751339,643739,22381925557,13517,StartEnd,3438,3438,1,1,0,3830,3828,:3828:3830
NCCL:API Group,22463396326,2485870,22381960903,18503,StartEnd,3438,3438,1,0,1,3832,,:3832
NCCL:GroupLaunch,22463396326,2485870,22381961616,17693,StartEnd,3438,3438,1,1,0,3834,3832,:3832:3834
NCCL:API Group,22465883508,2476653,22381999429,17109,StartEnd,3438,3438,1,0,1,3836,,:3836
NCCL:GroupLaunch,22465883508,2476653,22382000137,11641,StartEnd,3438,3438,1,1,0,3838,3836,:3836:3838
NCCL:API Group,22468362497,2477902,22382036294,12465,StartEnd,3438,3438,1,0,1,3840,,:3840
NCCL:GroupLaunch,22468362497,2477902,22382037064,11604,StartEnd,3438,3438,1,1,0,3842,3840,:3840:3842
NCCL:API Group,22470841487,5440,22382069571,16277,StartEnd,3438,3438,1,0,1,3844,,:3844
NCCL:GroupLaunch,22470841487,5440,22382074570,11189,StartEnd,3438,3438,1,1,0,3846,3844,:3844:3846
NCCL:API Group,22470848335,18495,22382106005,17978,StartEnd,3438,3438,1,0,1,3848,,:3848
NCCL:GroupLaunch,22470848335,18495,22382106725,17171,StartEnd,3438,3438,1,1,0,3850,3848,:3848:3850
NCCL:API Group,22470868718,619132,22382146090,17112,StartEnd,3438,3438,1,0,1,3852,,:3852
NCCL:GroupLaunch,22470868718,619132,22382146877,16208,StartEnd,3438,3438,1,1,0,3854,3852,:3852:3854
NCCL:API Group,22471490186,628955,22382184521,12862,StartEnd,3438,3438,1,0,1,3856,,:3856
NCCL:GroupLaunch,22471490186,628955,22382185386,11917,StartEnd,3438,3438,1,1,0,3858,3856,:3856:3858
NCCL:API Group,22472120869,627067,22382217790,17087,StartEnd,3438,3438,1,0,1,3860,,:3860
NCCL:GroupLaunch,22472120869,627067,22382223351,11420,StartEnd,3438,3438,1,1,0,3862,3860,:3860:3862
NCCL:API Group,22472749504,632220,22382256357,18566,StartEnd,3438,3438,1,0,1,3864,,:3864
NCCL:GroupLaunch,22472749504,632220,22382262795,12014,StartEnd,3438,3438,1,1,0,3866,3864,:3864:3866
NCCL:API Group,22473383228,2486413,22382296320,19140,StartEnd,3438,3438,1,0,1,3868,,:3868
NCCL:GroupLaunch,22473383228,2486413,22382297070,18278,StartEnd,3438,3438,1,1,0,3870,3868,:3868:3870
NCCL:API Group,22475870409,2482477,22382336415,13431,StartEnd,3438,3438,1,0,1,3872,,:3872
NCCL:GroupLaunch,22475870409,2482477,22382337124,12599,StartEnd,3438,3438,1,1,0,3874,3872,:3872:3874
NCCL:API Group,22478355542,2488622,22382374927,12918,StartEnd,3438,3438,1,0,1,3876,,:3876
NCCL:GroupLaunch,22478355542,2488622,22382375635,12091,StartEnd,3438,3438,1,1,0,3878,3876,:3876:3878
NCCL:API Group,22480845572,5280,22382425615,18229,StartEnd,3438,3438,1,0,1,3880,,:3880
NCCL:GroupLaunch,22480845572,5280,22382431333,12390,StartEnd,3438,3438,1,1,0,3882,3880,:3880:3882
NCCL:API Group,22480853668,16959,22382465096,17375,StartEnd,3438,3438,1,0,1,3884,,:3884
NCCL:GroupLaunch,22480853668,16959,22382465835,16558,StartEnd,3438,3438,1,1,0,3886,3884,:3884:3886
NCCL:API Group,22480872003,615644,22382506039,17116,StartEnd,3438,3438,1,0,1,3888,,:3888
NCCL:GroupLaunch,22480872003,615644,22382506788,16267,StartEnd,3438,3438,1,1,0,3890,3888,:3888:3890
NCCL:API Group,22481490399,631643,22382543148,12272,StartEnd,3438,3438,1,0,1,3892,,:3892
NCCL:GroupLaunch,22481490399,631643,22382543884,11426,StartEnd,3438,3438,1,1,0,3894,3892,:3892:3894
NCCL:API Group,22482124122,628475,22382577077,31960,StartEnd,3438,3438,1,0,1,3896,,:3896
NCCL:GroupLaunch,22482124122,628475,22382583432,25517,StartEnd,3438,3438,1,1,0,3898,3896,:3896:3898
NCCL:API Group,22482754805,626108,22382630608,17737,StartEnd,3438,3438,1,0,1,3900,,:3900
NCCL:GroupLaunch,22482754805,626108,22382636244,11985,StartEnd,3438,3438,1,1,0,3902,3900,:3900:3902
NCCL:API Group,22483383441,2479853,22382672330,16586,StartEnd,3438,3438,1,0,1,3904,,:3904
NCCL:GroupLaunch,22483383441,2479853,22382673035,15767,StartEnd,3438,3438,1,1,0,3906,3904,:3904:3906
NCCL:API Group,22485865502,2473933,22382710873,12876,StartEnd,3438,3438,1,0,1,3908,,:3908
NCCL:GroupLaunch,22485865502,2473933,22382711582,12060,StartEnd,3438,3438,1,1,0,3910,3908,:3908:3910
NCCL:API Group,22488341195,2501006,22382750444,12605,StartEnd,3438,3438,1,0,1,3912,,:3912
NCCL:GroupLaunch,22488341195,2501006,22382751220,11712,StartEnd,3438,3438,1,1,0,3914,3912,:3912:3914
NCCL:API Group,22490844761,5184,22382782893,19255,StartEnd,3438,3438,1,0,1,3916,,:3916
NCCL:GroupLaunch,22490844761,5184,22382789677,12391,StartEnd,3438,3438,1,1,0,3918,3916,:3916:3918
NCCL:API Group,22490852857,19167,22382823165,16582,StartEnd,3438,3438,1,0,1,3920,,:3920
NCCL:GroupLaunch,22490852857,19167,22382823867,15771,StartEnd,3438,3438,1,1,0,3922,3920,:3920:3922
NCCL:API Group,22490873240,616156,22382861886,17100,StartEnd,3438,3438,1,0,1,3924,,:3924
NCCL:GroupLaunch,22490873240,616156,22382862658,11312,StartEnd,3438,3438,1,1,0,3926,3924,:3924:3926
NCCL:API Group,22491491604,626171,22382899216,12253,StartEnd,3438,3438,1,0,1,3928,,:3928
NCCL:GroupLaunch,22491491604,626171,22382899948,11398,StartEnd,3438,3438,1,1,0,3930,3928,:3928:3930
NCCL:API Group,22492119215,626203,22382931035,18955,StartEnd,3438,3438,1,0,1,3932,,:3932
NCCL:GroupLaunch,22492119215,626203,22382937765,12112,StartEnd,3438,3438,1,1,0,3934,3932,:3932:3934
NCCL:API Group,22492747850,627612,22382969721,18207,StartEnd,3438,3438,1,0,1,3936,,:3936
NCCL:GroupLaunch,22492747850,627612,22382970480,17340,StartEnd,3438,3438,1,1,0,3938,3936,:3936:3938
NCCL:API Group,22493376486,2502285,22383008754,16761,StartEnd,3438,3438,1,0,1,3940,,:3940
NCCL:GroupLaunch,22493376486,2502285,22383009490,15944,StartEnd,3438,3438,1,1,0,3942,3940,:3940:3942
NCCL:API Group,22495880851,2486829,22383045374,12084,StartEnd,3438,3438,1,0,1,3944,,:3944
NCCL:GroupLaunch,22495880851,2486829,22383046125,11254,StartEnd,3438,3438,1,1,0,3946,3944,:3944:3946
NCCL:API Group,22498370080,2482382,22383076769,16894,StartEnd,3438,3438,1,0,1,3948,,:3948
NCCL:GroupLaunch,22498370080,2482382,22383082064,11488,StartEnd,3438,3438,1,1,0,3950,3948,:3948:3950
NCCL:API Group,22500854190,5248,22383113631,16292,StartEnd,3438,3438,1,0,1,3952,,:3952
NCCL:GroupLaunch,22500854190,5248,22383118673,11138,StartEnd,3438,3438,1,1,0,3954,3952,:3952:3954
NCCL:API Group,22500862286,16223,22383150419,17068,StartEnd,3438,3438,1,0,1,3956,,:3956
NCCL:GroupLaunch,22500862286,16223,22383151140,16236,StartEnd,3438,3438,1,1,0,3958,3956,:3956:3958
NCCL:API Group,22500880589,613212,22383190523,19098,StartEnd,3438,3438,1,0,1,3960,,:3960
NCCL:GroupLaunch,22500880589,613212,22383191284,13616,StartEnd,3438,3438,1,1,0,3962,3960,:3960:3962
NCCL:API Group,22501494889,627291,22383229311,13868,StartEnd,3438,3438,1,0,1,3964,,:3964
NCCL:GroupLaunch,22501494889,627291,22383230010,13076,StartEnd,3438,3438,1,1,0,3966,3964,:3964:3966
NCCL:API Group,22502123524,631035,22383263320,16693,StartEnd,3438,3438,1,0,1,3968,,:3968
NCCL:GroupLaunch,22502123524,631035,22383268430,11470,StartEnd,3438,3438,1,1,0,3970,3968,:3968:3970
NCCL:API Group,22502755263,628604,22383299857,16100,StartEnd,3438,3438,1,0,1,3972,,:3972
NCCL:GroupLaunch,22502755263,628604,22383300567,15311,StartEnd,3438,3438,1,1,0,3974,3972,:3972:3974
NCCL:API Group,22503386747,2477709,22383336732,18723,StartEnd,3438,3438,1,0,1,3976,,:3976
NCCL:GroupLaunch,22503386747,2477709,22383337475,17892,StartEnd,3438,3438,1,1,0,3978,3976,:3976:3978
NCCL:API Group,22505865736,2484205,22383375235,12835,StartEnd,3438,3438,1,0,1,3980,,:3980
NCCL:GroupLaunch,22505865736,2484205,22383375980,12008,StartEnd,3438,3438,1,1,0,3982,3980,:3980:3982
NCCL:API Group,22508352885,2478222,22383407770,17112,StartEnd,3438,3438,1,0,1,3984,,:3984
NCCL:GroupLaunch,22508352885,2478222,22383413032,11770,StartEnd,3438,3438,1,1,0,3986,3984,:3984:3986
NCCL:API Group,22510833923,5280,22383444309,16491,StartEnd,3438,3438,1,0,1,3988,,:3988
NCCL:GroupLaunch,22510833923,5280,22383449354,11367,StartEnd,3438,3438,1,1,0,3990,3988,:3988:3990
NCCL:API Group,22510841987,16096,22383480673,17155,StartEnd,3438,3438,1,0,1,3992,,:3992
NCCL:GroupLaunch,22510841987,16096,22383481420,16286,StartEnd,3438,3438,1,1,0,3994,3992,:3992:3994
NCCL:API Group,22510860323,618555,22383519456,12877,StartEnd,3438,3438,1,0,1,3996,,:3996
NCCL:GroupLaunch,22510860323,618555,22383520209,12014,StartEnd,3438,3438,1,1,0,3998,3996,:3996:3998
NCCL:API Group,22511479742,626939,22383556750,13641,StartEnd,3438,3438,1,0,1,4000,,:4000
NCCL:GroupLaunch,22511479742,626939,22383558824,11449,StartEnd,3438,3438,1,1,0,4002,4000,:4000:4002
NCCL:API Group,22512108377,629372,22383591568,16959,StartEnd,3438,3438,1,0,1,4004,,:4004
NCCL:GroupLaunch,22512108377,629372,22383596784,11625,StartEnd,3438,3438,1,1,0,4006,4004,:4004:4006
NCCL:API Group,22512739861,628059,22383628382,17153,StartEnd,3438,3438,1,0,1,4008,,:4008
NCCL:GroupLaunch,22512739861,628059,22383629082,16339,StartEnd,3438,3438,1,1,0,4010,4008,:4008:4010
NCCL:API Group,22513369520,2491181,22383666249,16662,StartEnd,3438,3438,1,0,1,4012,,:4012
NCCL:GroupLaunch,22513369520,2491181,22383666953,11436,StartEnd,3438,3438,1,1,0,4014,4012,:4012:4014
NCCL:API Group,22515862845,2488013,22383703456,13487,StartEnd,3438,3438,1,0,1,4016,,:4016
NCCL:GroupLaunch,22515862845,2488013,22383704696,12163,StartEnd,3438,3438,1,1,0,4018,4016,:4016:4018
NCCL:API Group,22518353098,2488622,22383736697,17892,StartEnd,3438,3438,1,0,1,4020,,:4020
NCCL:GroupLaunch,22518353098,2488622,22383742558,11949,StartEnd,3438,3438,1,1,0,4022,4020,:4020:4022
NCCL:API Group,22520843320,5312,22383775200,20678,StartEnd,3438,3438,1,0,1,4024,,:4024
NCCL:GroupLaunch,22520843320,5312,22383777537,18254,StartEnd,3438,3438,1,1,0,4026,4024,:4024:4026
NCCL:API Group,22520851416,16672,22383816316,17135,StartEnd,3438,3438,1,0,1,4028,,:4028
NCCL:GroupLaunch,22520851416,16672,22383817067,16268,StartEnd,3438,3438,1,1,0,4030,4028,:4028:4030
NCCL:API Group,22520869752,615515,22383856129,12502,StartEnd,3438,3438,1,0,1,4032,,:4032
NCCL:GroupLaunch,22520869752,615515,22383856841,11681,StartEnd,3438,3438,1,1,0,4034,4032,:4032:4034
NCCL:API Group,22521487123,626075,22383922612,17349,StartEnd,3438,3438,1,0,1,4036,,:4036
NCCL:GroupLaunch,22521487123,626075,22383927174,12704,StartEnd,3438,3438,1,1,0,4038,4036,:4036:4038
NCCL:API Group,22522114574,631004,22383969674,17597,StartEnd,3438,3438,1,0,1,4040,,:4040
NCCL:GroupLaunch,22522114574,631004,22383975521,11668,StartEnd,3438,3438,1,1,0,4042,4040,:4040:4042
NCCL:API Group,22522747242,644699,22384008460,16230,StartEnd,3438,3438,1,0,1,4044,,:4044
NCCL:GroupLaunch,22522747242,644699,22384009141,15469,StartEnd,3438,3438,1,1,0,4046,4044,:4044:4046
NCCL:API Group,22523394309,2476621,22384046269,16996,StartEnd,3438,3438,1,0,1,4048,,:4048
NCCL:GroupLaunch,22523394309,2476621,22384046974,11820,StartEnd,3438,3438,1,1,0,4050,4048,:4048:4050
NCCL:API Group,22525872274,2489101,22384084145,14688,StartEnd,3438,3438,1,0,1,4052,,:4052
NCCL:GroupLaunch,22525872274,2489101,22384084918,13832,StartEnd,3438,3438,1,1,0,4054,4052,:4052:4054
NCCL:API Group,22528363551,2488782,22384120013,18230,StartEnd,3438,3438,1,0,1,4056,,:4056
NCCL:GroupLaunch,22528363551,2488782,22384125097,13021,StartEnd,3438,3438,1,1,0,4058,4056,:4056:4058
NCCL:API Group,22530854797,5248,22384158159,16577,StartEnd,3438,3438,1,0,1,4060,,:4060
NCCL:GroupLaunch,22530854797,5248,22384158910,15711,StartEnd,3438,3438,1,1,0,4062,4060,:4060:4062
NCCL:API Group,22530860845,17696,22384194799,16512,StartEnd,3438,3438,1,0,1,4064,,:4064
NCCL:GroupLaunch,22530860845,17696,22384195488,15739,StartEnd,3438,3438,1,1,0,4066,4064,:4064:4066
NCCL:API Group,22530879213,616987,22384233669,13455,StartEnd,3438,3438,1,0,1,4068,,:4068
NCCL:GroupLaunch,22530879213,616987,22384234418,12628,StartEnd,3438,3438,1,1,0,4070,4068,:4068:4070
NCCL:API Group,22531498376,625595,22384266835,16553,StartEnd,3438,3438,1,0,1,4072,,:4072
NCCL:GroupLaunch,22531498376,625595,22384271618,11689,StartEnd,3438,3438,1,1,0,4074,4072,:4072:4074
NCCL:API Group,22532125987,624028,22384303489,16873,StartEnd,3438,3438,1,0,1,4076,,:4076
NCCL:GroupLaunch,22532125987,624028,22384308066,12202,StartEnd,3438,3438,1,1,0,4078,4076,:4076:4078
NCCL:API Group,22532752575,629595,22384339993,17114,StartEnd,3438,3438,1,0,1,4080,,:4080
NCCL:GroupLaunch,22532752575,629595,22384340734,16265,StartEnd,3438,3438,1,1,0,4082,4080,:4080:4082
NCCL:API Group,22533383258,2482349,22384378056,12663,StartEnd,3438,3438,1,0,1,4084,,:4084
NCCL:GroupLaunch,22533383258,2482349,22384378843,11796,StartEnd,3438,3438,1,1,0,4086,4084,:4084:4086
NCCL:API Group,22535868359,2472046,22384414007,14398,StartEnd,3438,3438,1,0,1,4088,,:4088
NCCL:GroupLaunch,22535868359,2472046,22384414799,13519,StartEnd,3438,3438,1,1,0,4090,4088,:4088:4090
NCCL:API Group,22538342229,2478893,22384448033,17625,StartEnd,3438,3438,1,0,1,4092,,:4092
NCCL:GroupLaunch,22538342229,2478893,22384454064,11505,StartEnd,3438,3438,1,1,0,4094,4092,:4092:4094
NCCL:API Group,22540823266,5216,22384485381,16040,StartEnd,3438,3438,1,0,1,4096,,:4096
NCCL:GroupLaunch,22540823266,5216,22384486075,15260,StartEnd,3438,3438,1,1,0,4098,4096,:4096:4098
NCCL:API Group,22540829314,21792,22384521575,16663,StartEnd,3438,3438,1,0,1,4100,,:4100
NCCL:GroupLaunch,22540829314,21792,22384522282,15849,StartEnd,3438,3438,1,1,0,4102,4100,:4100:4102
NCCL:API Group,22540852578,613211,22384560127,12144,StartEnd,3438,3438,1,0,1,4104,,:4104
NCCL:GroupLaunch,22540852578,613211,22384560870,11283,StartEnd,3438,3438,1,1,0,4106,4104,:4104:4106
NCCL:API Group,22541468893,627419,22384591690,16564,StartEnd,3438,3438,1,0,1,4108,,:4108
NCCL:GroupLaunch,22541468893,627419,22384596224,11923,StartEnd,3438,3438,1,1,0,4110,4108,:4108:4110
NCCL:API Group,22542097528,627644,22384627913,15776,StartEnd,3438,3438,1,0,1,4112,,:4112
NCCL:GroupLaunch,22542097528,627644,22384632414,11192,StartEnd,3438,3438,1,1,0,4114,4112,:4112:4114
NCCL:API Group,22542727188,625243,22384662881,16496,StartEnd,3438,3438,1,0,1,4116,,:4116
NCCL:GroupLaunch,22542727188,625243,22384663604,15659,StartEnd,3438,3438,1,1,0,4118,4116,:4116:4118
NCCL:API Group,22543353743,2475181,22384700751,13020,StartEnd,3438,3438,1,0,1,4120,,:4120
NCCL:GroupLaunch,22543353743,2475181,22384701508,12177,StartEnd,3438,3438,1,1,0,4122,4120,:4120:4122
NCCL:API Group,22545830684,2479342,22384737905,14135,StartEnd,3438,3438,1,0,1,4124,,:4124
NCCL:GroupLaunch,22545830684,2479342,22384738607,13318,StartEnd,3438,3438,1,1,0,4126,4124,:4124:4126
NCCL:API Group,22548311722,2471981,22384772079,16559,StartEnd,3438,3438,1,0,1,4128,,:4128
NCCL:GroupLaunch,22548311722,2471981,22384776687,11839,StartEnd,3438,3438,1,1,0,4130,4128,:4128:4130
NCCL:API Group,22550784567,5216,22384808447,15812,StartEnd,3438,3438,1,0,1,4132,,:4132
NCCL:GroupLaunch,22550784567,5216,22384809180,15000,StartEnd,3438,3438,1,1,0,4134,4132,:4132:4134
NCCL:API Group,22550791447,18528,22384844182,17106,StartEnd,3438,3438,1,0,1,4136,,:4136
NCCL:GroupLaunch,22550791447,18528,22384844872,11588,StartEnd,3438,3438,1,1,0,4138,4136,:4136:4138
NCCL:API Group,22550811799,614780,22384883140,13155,StartEnd,3438,3438,1,0,1,4140,,:4140
NCCL:GroupLaunch,22550811799,614780,22384883837,12349,StartEnd,3438,3438,1,1,0,4142,4140,:4140:4142
NCCL:API Group,22551429171,627195,22384915706,16465,StartEnd,3438,3438,1,0,1,4144,,:4144
NCCL:GroupLaunch,22551429171,627195,22384920756,11331,StartEnd,3438,3438,1,1,0,4146,4144,:4144:4146
NCCL:API Group,22552057806,624443,22384952123,16450,StartEnd,3438,3438,1,0,1,4148,,:4148
NCCL:GroupLaunch,22552057806,624443,22384952856,15609,StartEnd,3438,3438,1,1,0,4150,4148,:4148:4150
NCCL:API Group,22552684361,629403,22384988591,15836,StartEnd,3438,3438,1,0,1,4152,,:4152
NCCL:GroupLaunch,22552684361,629403,22384989321,14992,StartEnd,3438,3438,1,1,0,4154,4152,:4152:4154
NCCL:API Group,22553316068,2498574,22385025505,16938,StartEnd,3438,3438,1,0,1,4156,,:4156
NCCL:GroupLaunch,22553316068,2498574,22385027004,15360,StartEnd,3438,3438,1,1,0,4158,4156,:4156:4158
NCCL:API Group,22555815538,2484205,22385064120,14408,StartEnd,3438,3438,1,0,1,4160,,:4160
NCCL:GroupLaunch,22555815538,2484205,22385066568,11845,StartEnd,3438,3438,1,1,0,4162,4160,:4160:4162
NCCL:API Group,22558300671,2501005,22385099167,12993,StartEnd,3438,3438,1,0,1,4164,,:4164
NCCL:GroupLaunch,22558300671,2501005,22385099946,12131,StartEnd,3438,3438,1,1,0,4166,4164,:4164:4166
NCCL:API Group,22560805036,5312,22385133209,12933,StartEnd,3438,3438,1,0,1,4168,,:4168
NCCL:GroupLaunch,22560805036,5312,22385133929,11346,StartEnd,3438,3438,1,1,0,4170,4168,:4168:4170
NCCL:API Group,22560813132,15424,22385166088,11971,StartEnd,3438,3438,1,0,1,4172,,:4172
NCCL:GroupLaunch,22560813132,15424,22385166791,11187,StartEnd,3438,3438,1,1,0,4174,4172,:4172:4174
NCCL:API Group,22560831468,611995,22385226888,15299,StartEnd,3438,3438,1,0,1,4176,,:4176
NCCL:GroupLaunch,22560831468,611995,22385229319,12777,StartEnd,3438,3438,1,1,0,4178,4176,:4176:4178
NCCL:API Group,22561444743,626684,22385263588,14479,StartEnd,3438,3438,1,0,1,4180,,:4180
NCCL:GroupLaunch,22561444743,626684,22385264336,13640,StartEnd,3438,3438,1,1,0,4182,4180,:4180:4182
NCCL:API Group,22562073347,626203,22385301043,13699,StartEnd,3438,3438,1,0,1,4184,,:4184
NCCL:GroupLaunch,22562073347,626203,22385301812,12095,StartEnd,3438,3438,1,1,0,4186,4184,:4184:4186
NCCL:API Group,22562701982,629275,22385335460,12211,StartEnd,3438,3438,1,0,1,4188,,:4188
NCCL:GroupLaunch,22562701982,629275,22385336257,11298,StartEnd,3438,3438,1,1,0,4190,4188,:4188:4190
NCCL:API Group,22563332665,2472654,22385371580,16760,StartEnd,3438,3438,1,0,1,4192,,:4192
NCCL:GroupLaunch,22563332665,2472654,22385374008,14240,StartEnd,3438,3438,1,1,0,4194,4192,:4192:4194
NCCL:API Group,22565806535,2471949,22385409376,15746,StartEnd,3438,3438,1,0,1,4196,,:4196
NCCL:GroupLaunch,22565806535,2471949,22385410412,14600,StartEnd,3438,3438,1,1,0,4198,4196,:4196:4198
NCCL:API Group,22568280180,2477550,22385447919,13092,StartEnd,3438,3438,1,0,1,4200,,:4200
NCCL:GroupLaunch,22568280180,2477550,22385448813,11765,StartEnd,3438,3438,1,1,0,4202,4200,:4200:4202
NCCL:API Group,22570759170,5216,22385495993,13026,StartEnd,3438,3438,1,0,1,4204,,:4204
NCCL:GroupLaunch,22570759170,5216,22385496810,12123,StartEnd,3438,3438,1,1,0,4206,4204,:4204:4206
NCCL:API Group,22570767266,15903,22385529051,12224,StartEnd,3438,3438,1,0,1,4208,,:4208
NCCL:GroupLaunch,22570767266,15903,22385529794,11367,StartEnd,3438,3438,1,1,0,4210,4208,:4208:4210
NCCL:API Group,22570785601,615516,22385562872,12758,StartEnd,3438,3438,1,0,1,4212,,:4212
NCCL:GroupLaunch,22570785601,615516,22385564010,11538,StartEnd,3438,3438,1,1,0,4214,4212,:4212:4214
NCCL:API Group,22571403997,622459,22385595696,13927,StartEnd,3438,3438,1,0,1,4216,,:4216
NCCL:GroupLaunch,22571403997,622459,22385596474,13038,StartEnd,3438,3438,1,1,0,4218,4216,:4216:4218
NCCL:API Group,22572027480,627419,22385629056,12004,StartEnd,3438,3438,1,0,1,4220,,:4220
NCCL:GroupLaunch,22572027480,627419,22385629789,11014,StartEnd,3438,3438,1,1,0,4222,4220,:4220:4222
NCCL:API Group,22572656115,626588,22385662042,14055,StartEnd,3438,3438,1,0,1,4224,,:4224
NCCL:GroupLaunch,22572656115,626588,22385663429,12555,StartEnd,3438,3438,1,1,0,4226,4224,:4224:4226
NCCL:API Group,22573284751,2478445,22385697236,14071,StartEnd,3438,3438,1,0,1,4228,,:4228
NCCL:GroupLaunch,22573284751,2478445,22385698854,12371,StartEnd,3438,3438,1,1,0,4230,4228,:4228:4230
NCCL:API Group,22575764572,2476430,22385731841,13113,StartEnd,3438,3438,1,0,1,4232,,:4232
NCCL:GroupLaunch,22575764572,2476430,22385732573,12282,StartEnd,3438,3438,1,1,0,4234,4232,:4232:4234
NCCL:API Group,22578242506,2484205,22385764422,19111,StartEnd,3438,3438,1,0,1,4236,,:4236
NCCL:GroupLaunch,22578242506,2484205,22385765180,18238,StartEnd,3438,3438,1,1,0,4238,4236,:4236:4238
NCCL:API Group,22580729687,5216,22385803870,13643,StartEnd,3438,3438,1,0,1,4240,,:4240
NCCL:GroupLaunch,22580729687,5216,22385805617,11575,StartEnd,3438,3438,1,1,0,4242,4240,:4240:4242
NCCL:API Group,22580737783,15488,22385837022,12829,StartEnd,3438,3438,1,0,1,4244,,:4244
NCCL:GroupLaunch,22580737783,15488,22385838415,11350,StartEnd,3438,3438,1,1,0,4246,4244,:4244:4246
NCCL:API Group,22580756087,614779,22385875332,36946,StartEnd,3438,3438,1,0,1,4248,,:4248
NCCL:GroupLaunch,22580756087,614779,22385898714,13482,StartEnd,3438,3438,1,1,0,4250,4248,:4248:4250
NCCL:API Group,22581372434,624923,22385937535,211649,StartEnd,3438,3438,1,0,1,4252,,:4252
NCCL:GroupLaunch,22581372434,624923,22385938377,210691,StartEnd,3438,3438,1,1,0,4254,4252,:4252:4254
NCCL:API Group,22581999021,624188,22386181850,14840,StartEnd,3438,3438,1,0,1,4256,,:4256
NCCL:GroupLaunch,22581999021,624188,22386182820,13787,StartEnd,3438,3438,1,1,0,4258,4256,:4256:4258
NCCL:API Group,22582624585,626843,22386218686,14067,StartEnd,3438,3438,1,0,1,4260,,:4260
NCCL:GroupLaunch,22582624585,626843,22386221117,11523,StartEnd,3438,3438,1,1,0,4262,4260,:4260:4262
NCCL:API Group,22583254020,2478061,22386257596,12651,StartEnd,3438,3438,1,0,1,4264,,:4264
NCCL:GroupLaunch,22583254020,2478061,22386258343,11821,StartEnd,3438,3438,1,1,0,4266,4264,:4264:4266
NCCL:API Group,22585735057,2489614,22386290789,14166,StartEnd,3438,3438,1,0,1,4268,,:4268
NCCL:GroupLaunch,22585735057,2489614,22386291550,13294,StartEnd,3438,3438,1,1,0,4270,4268,:4268:4270
NCCL:API Group,22588226335,2495405,22386326699,15343,StartEnd,3438,3438,1,0,1,4272,,:4272
NCCL:GroupLaunch,22588226335,2495405,22386327439,14489,StartEnd,3438,3438,1,1,0,4274,4272,:4272:4274
NCCL:API Group,22590724780,5312,22386362439,12099,StartEnd,3438,3438,1,0,1,4276,,:4276
NCCL:GroupLaunch,22590724780,5312,22386363242,11207,StartEnd,3438,3438,1,1,0,4278,4276,:4276:4278
NCCL:API Group,22590732844,20000,22386395783,14498,StartEnd,3438,3438,1,0,1,4280,,:4280
NCCL:GroupLaunch,22590732844,20000,22386396553,13641,StartEnd,3438,3438,1,1,0,4282,4280,:4280:4282
NCCL:API Group,22590755276,615803,22386434300,12674,StartEnd,3438,3438,1,0,1,4284,,:4284
NCCL:GroupLaunch,22590755276,615803,22386434969,11920,StartEnd,3438,3438,1,1,0,4286,4284,:4284:4286
NCCL:API Group,22591373671,629979,22386469131,12476,StartEnd,3438,3438,1,0,1,4288,,:4288
NCCL:GroupLaunch,22591373671,629979,22386469869,11625,StartEnd,3438,3438,1,1,0,4290,4288,:4288:4290
NCCL:API Group,22592004354,627740,22386502563,14410,StartEnd,3438,3438,1,0,1,4292,,:4292
NCCL:GroupLaunch,22592004354,627740,22386503309,13578,StartEnd,3438,3438,1,1,0,4294,4292,:4292:4294
NCCL:API Group,22592633790,626395,22386540374,14499,StartEnd,3438,3438,1,0,1,4296,,:4296
NCCL:GroupLaunch,22592633790,626395,22386541134,13651,StartEnd,3438,3438,1,1,0,4298,4296,:4296:4298
NCCL:API Group,22593263449,2474701,22386577150,13176,StartEnd,3438,3438,1,0,1,4300,,:4300
NCCL:GroupLaunch,22593263449,2474701,22386577925,12322,StartEnd,3438,3438,1,1,0,4302,4300,:4300:4302
NCCL:API Group,22595740390,2479342,22386611869,12649,StartEnd,3438,3438,1,0,1,4304,,:4304
NCCL:GroupLaunch,22595740390,2479342,22386612618,11818,StartEnd,3438,3438,1,1,0,4306,4304,:4304:4306
NCCL:API Group,22598221428,2477805,22386643944,12143,StartEnd,3438,3438,1,0,1,4308,,:4308
NCCL:GroupLaunch,22598221428,2477805,22386644698,11260,StartEnd,3438,3438,1,1,0,4310,4308,:4308:4310
NCCL:API Group,22600700385,5440,22386677813,12968,StartEnd,3438,3438,1,0,1,4312,,:4312
NCCL:GroupLaunch,22600700385,5440,22386678562,12130,StartEnd,3438,3438,1,1,0,4314,4312,:4312:4314
NCCL:API Group,22600708481,16992,22386710016,14913,StartEnd,3438,3438,1,0,1,4316,,:4316
NCCL:GroupLaunch,22600708481,16992,22386710748,14102,StartEnd,3438,3438,1,1,0,4318,4316,:4316:4318
NCCL:API Group,22600726817,616699,22386747338,12667,StartEnd,3438,3438,1,0,1,4320,,:4320
NCCL:GroupLaunch,22600726817,616699,22386748042,11846,StartEnd,3438,3438,1,1,0,4322,4320,:4320:4322
NCCL:API Group,22601344188,625404,22386779570,12802,StartEnd,3438,3438,1,0,1,4324,,:4324
NCCL:GroupLaunch,22601344188,625404,22386780341,11905,StartEnd,3438,3438,1,1,0,4326,4324,:4324:4326
NCCL:API Group,22601971576,626683,22386812737,13757,StartEnd,3438,3438,1,0,1,4328,,:4328
NCCL:GroupLaunch,22601971576,626683,22386814823,11582,StartEnd,3438,3438,1,1,0,4330,4328,:4328:4330
NCCL:API Group,22602600211,627163,22386845779,12996,StartEnd,3438,3438,1,0,1,4332,,:4332
NCCL:GroupLaunch,22602600211,627163,22386846500,12164,StartEnd,3438,3438,1,1,0,4334,4332,:4332:4334
NCCL:API Group,22603228846,2472302,22386879767,11843,StartEnd,3438,3438,1,0,1,4336,,:4336
NCCL:GroupLaunch,22603228846,2472302,22386880486,11008,StartEnd,3438,3438,1,1,0,4338,4336,:4336:4338
NCCL:API Group,22605702716,2482445,22386911269,13090,StartEnd,3438,3438,1,0,1,4340,,:4340
NCCL:GroupLaunch,22605702716,2482445,22386911990,12281,StartEnd,3438,3438,1,1,0,4342,4340,:4340:4342
NCCL:API Group,22608187817,2476813,22386943871,14565,StartEnd,3438,3438,1,0,1,4344,,:4344
NCCL:GroupLaunch,22608187817,2476813,22386944603,13743,StartEnd,3438,3438,1,1,0,4346,4344,:4344:4346
NCCL:API Group,22610666806,5312,22386977422,12110,StartEnd,3438,3438,1,0,1,4348,,:4348
NCCL:GroupLaunch,22610666806,5312,22386978166,11286,StartEnd,3438,3438,1,1,0,4350,4348,:4348:4350
NCCL:API Group,22610672854,19488,22387009216,12312,StartEnd,3438,3438,1,0,1,4352,,:4352
NCCL:GroupLaunch,22610672854,19488,22387009930,11514,StartEnd,3438,3438,1,1,0,4354,4352,:4352:4354
NCCL:API Group,22610693238,613500,22387043180,12797,StartEnd,3438,3438,1,0,1,4356,,:4356
NCCL:GroupLaunch,22610693238,613500,22387043917,11963,StartEnd,3438,3438,1,1,0,4358,4356,:4356:4358
NCCL:API Group,22611308338,624635,22387078174,14065,StartEnd,3438,3438,1,0,1,4360,,:4360
NCCL:GroupLaunch,22611308338,624635,22387078894,13221,StartEnd,3438,3438,1,1,0,4362,4360,:4360:4362
NCCL:API Group,22611935949,626875,22387112322,11995,StartEnd,3438,3438,1,0,1,4364,,:4364
NCCL:GroupLaunch,22611935949,626875,22387113078,11130,StartEnd,3438,3438,1,1,0,4366,4364,:4364:4366
NCCL:API Group,22612564584,626588,22387144590,12918,StartEnd,3438,3438,1,0,1,4368,,:4368
NCCL:GroupLaunch,22612564584,626588,22387145394,12030,StartEnd,3438,3438,1,1,0,4370,4368,:4368:4370
NCCL:API Group,22613193219,2478574,22387178041,12049,StartEnd,3438,3438,1,0,1,4372,,:4372
NCCL:GroupLaunch,22613193219,2478574,22387178799,11209,StartEnd,3438,3438,1,1,0,4374,4372,:4372:4374
NCCL:API Group,22615674257,2480653,22387209770,12257,StartEnd,3438,3438,1,0,1,4376,,:4376
NCCL:GroupLaunch,22615674257,2480653,22387210538,11408,StartEnd,3438,3438,1,1,0,4378,4376,:4376:4378
NCCL:API Group,22618156286,2485262,22387241362,12091,StartEnd,3438,3438,1,0,1,4380,,:4380
NCCL:GroupLaunch,22618156286,2485262,22387242124,11219,StartEnd,3438,3438,1,1,0,4382,4380,:4380:4382
NCCL:API Group,22620643468,5216,22387272960,12256,StartEnd,3438,3438,1,0,1,4384,,:4384
NCCL:GroupLaunch,22620643468,5216,22387273716,11415,StartEnd,3438,3438,1,1,0,4386,4384,:4384:4386
NCCL:API Group,22620649516,18431,22387304982,12062,StartEnd,3438,3438,1,0,1,4388,,:4388
NCCL:GroupLaunch,22620649516,18431,22387305734,11231,StartEnd,3438,3438,1,1,0,4390,4388,:4388:4390
NCCL:API Group,22620670699,613788,22387338994,12159,StartEnd,3438,3438,1,0,1,4392,,:4392
NCCL:GroupLaunch,22620670699,613788,22387339724,11345,StartEnd,3438,3438,1,1,0,4394,4392,:4392:4394
NCCL:API Group,22621287047,626747,22387370270,14819,StartEnd,3438,3438,1,0,1,4396,,:4396
NCCL:GroupLaunch,22621287047,626747,22387372297,12678,StartEnd,3438,3438,1,1,0,4398,4396,:4396:4398
NCCL:API Group,22621915682,623611,22387404720,11965,StartEnd,3438,3438,1,0,1,4400,,:4400
NCCL:GroupLaunch,22621915682,623611,22387405476,11124,StartEnd,3438,3438,1,1,0,4402,4400,:4400:4402
NCCL:API Group,22622541245,643164,22387436352,12659,StartEnd,3438,3438,1,0,1,4404,,:4404
NCCL:GroupLaunch,22622541245,643164,22387437199,11730,StartEnd,3438,3438,1,1,0,4406,4404,:4404:4406
NCCL:API Group,22623186233,2485037,22387469649,13914,StartEnd,3438,3438,1,0,1,4408,,:4408
NCCL:GroupLaunch,22623186233,2485037,22387470474,13003,StartEnd,3438,3438,1,1,0,4410,4408,:4408:4410
NCCL:API Group,22625673414,2474829,22387503054,12343,StartEnd,3438,3438,1,0,1,4412,,:4412
NCCL:GroupLaunch,22625673414,2474829,22387503810,11502,StartEnd,3438,3438,1,1,0,4414,4412,:4412:4414
NCCL:API Group,22628150355,2471598,22387534944,12006,StartEnd,3438,3438,1,0,1,4416,,:4416
NCCL:GroupLaunch,22628150355,2471598,22387535721,11147,StartEnd,3438,3438,1,1,0,4418,4416,:4416:4418
NCCL:API Group,22630624225,5312,22387566810,12128,StartEnd,3438,3438,1,0,1,4420,,:4420
NCCL:GroupLaunch,22630624225,5312,22387567579,11250,StartEnd,3438,3438,1,1,0,4422,4420,:4420:4422
NCCL:API Group,22630631073,17568,22387598802,12011,StartEnd,3438,3438,1,0,1,4424,,:4424
NCCL:GroupLaunch,22630631073,17568,22387599500,11230,StartEnd,3438,3438,1,1,0,4426,4424,:4424:4426
NCCL:API Group,22630651457,612987,22387638917,15491,StartEnd,3438,3438,1,0,1,4428,,:4428
NCCL:GroupLaunch,22630651457,612987,22387639688,14635,StartEnd,3438,3438,1,1,0,4430,4428,:4428:4430
NCCL:API Group,22631265756,625787,22387674875,14049,StartEnd,3438,3438,1,0,1,4432,,:4432
NCCL:GroupLaunch,22631265756,625787,22387675587,13203,StartEnd,3438,3438,1,1,0,4434,4432,:4432:4434
NCCL:API Group,22631894391,629404,22387708503,12655,StartEnd,3438,3438,1,0,1,4436,,:4436
NCCL:GroupLaunch,22631894391,629404,22387709205,11874,StartEnd,3438,3438,1,1,0,4438,4436,:4436:4438
NCCL:API Group,22632526067,624987,22387740687,12494,StartEnd,3438,3438,1,0,1,4440,,:4440
NCCL:GroupLaunch,22632526067,624987,22387741375,11722,StartEnd,3438,3438,1,1,0,4442,4440,:4440:4442
NCCL:API Group,22633152654,2476493,22387773629,12793,StartEnd,3438,3438,1,0,1,4444,,:4444
NCCL:GroupLaunch,22633152654,2476493,22387774360,11980,StartEnd,3438,3438,1,1,0,4446,4444,:4444:4446
NCCL:API Group,22635631643,2469486,22387806441,12160,StartEnd,3438,3438,1,0,1,4448,,:4448
NCCL:GroupLaunch,22635631643,2469486,22387807166,11351,StartEnd,3438,3438,1,1,0,4450,4448,:4448:4450
NCCL:API Group,22638102441,2483565,22387838575,12529,StartEnd,3438,3438,1,0,1,4452,,:4452
NCCL:GroupLaunch,22638102441,2483565,22387839311,11710,StartEnd,3438,3438,1,1,0,4454,4452,:4452:4454
NCCL:API Group,22640588374,5280,22387870715,12858,StartEnd,3438,3438,1,0,1,4456,,:4456
NCCL:GroupLaunch,22640588374,5280,22387871550,11940,StartEnd,3438,3438,1,1,0,4458,4456,:4456:4458
NCCL:API Group,22640596470,16288,22387902684,11962,StartEnd,3438,3438,1,0,1,4460,,:4460
NCCL:GroupLaunch,22640596470,16288,22387903462,11104,StartEnd,3438,3438,1,1,0,4462,4460,:4460:4462
NCCL:API Group,22640614806,619227,22387950794,14236,StartEnd,3438,3438,1,0,1,4464,,:4464
NCCL:GroupLaunch,22640614806,619227,22387952869,12075,StartEnd,3438,3438,1,1,0,4466,4464,:4464:4466
NCCL:API Group,22641236273,624028,22387996583,17150,StartEnd,3438,3438,1,0,1,4468,,:4468
NCCL:GroupLaunch,22641236273,624028,22387997355,16263,StartEnd,3438,3438,1,1,0,4470,4468,:4468:4470
NCCL:API Group,22641862829,625883,22388035722,14747,StartEnd,3438,3438,1,0,1,4472,,:4472
NCCL:GroupLaunch,22641862829,625883,22388036476,13884,StartEnd,3438,3438,1,1,0,4474,4472,:4472:4474
NCCL:API Group,22642491464,625947,22388069925,13160,StartEnd,3438,3438,1,0,1,4476,,:4476
NCCL:GroupLaunch,22642491464,625947,22388070649,12356,StartEnd,3438,3438,1,1,0,4478,4476,:4476:4478
NCCL:API Group,22643120099,2476174,22388106525,12385,StartEnd,3438,3438,1,0,1,4480,,:4480
NCCL:GroupLaunch,22643120099,2476174,22388107269,11556,StartEnd,3438,3438,1,1,0,4482,4480,:4480:4482
NCCL:API Group,22645598065,2473421,22388140358,13270,StartEnd,3438,3438,1,0,1,4484,,:4484
NCCL:GroupLaunch,22645598065,2473421,22388141130,12401,StartEnd,3438,3438,1,1,0,4486,4484,:4484:4486
NCCL:API Group,22648073758,2477517,22388173802,13074,StartEnd,3438,3438,1,0,1,4488,,:4488
NCCL:GroupLaunch,22648073758,2477517,22388174656,12136,StartEnd,3438,3438,1,1,0,4490,4488,:4488:4490
NCCL:API Group,22650552747,5280,22388206857,12291,StartEnd,3438,3438,1,0,1,4492,,:4492
NCCL:GroupLaunch,22650552747,5280,22388207742,11310,StartEnd,3438,3438,1,1,0,4494,4492,:4492:4494
NCCL:API Group,22650560843,17760,22388238848,14412,StartEnd,3438,3438,1,0,1,4496,,:4496
NCCL:GroupLaunch,22650560843,17760,22388241871,11304,StartEnd,3438,3438,1,1,0,4498,4496,:4496:4498
NCCL:API Group,22650581227,629052,22388274040,13140,StartEnd,3438,3438,1,0,1,4500,,:4500
NCCL:GroupLaunch,22650581227,629052,22388274777,12320,StartEnd,3438,3438,1,1,0,4502,4500,:4500:4502
NCCL:API Group,22651211878,624700,22388306944,12965,StartEnd,3438,3438,1,0,1,4504,,:4504
NCCL:GroupLaunch,22651211878,624700,22388307719,12074,StartEnd,3438,3438,1,1,0,4506,4504,:4504:4506
NCCL:API Group,22651837442,625563,22388339110,12655,StartEnd,3438,3438,1,0,1,4508,,:4508
NCCL:GroupLaunch,22651837442,625563,22388339824,11826,StartEnd,3438,3438,1,1,0,4510,4508,:4508:4510
NCCL:API Group,22652464029,625307,22388373471,13101,StartEnd,3438,3438,1,0,1,4512,,:4512
NCCL:GroupLaunch,22652464029,625307,22388374327,12153,StartEnd,3438,3438,1,1,0,4514,4512,:4512:4514
NCCL:API Group,22653090616,2494638,22388407399,13284,StartEnd,3438,3438,1,0,1,4516,,:4516
NCCL:GroupLaunch,22653090616,2494638,22388408151,12449,StartEnd,3438,3438,1,1,0,4518,4516,:4516:4518
NCCL:API Group,22655586790,2471117,22388440014,12466,StartEnd,3438,3438,1,0,1,4520,,:4520
NCCL:GroupLaunch,22655586790,2471117,22388440743,11527,StartEnd,3438,3438,1,1,0,4522,4520,:4520:4522
NCCL:API Group,22658060659,2474382,22388472018,13918,StartEnd,3438,3438,1,0,1,4524,,:4524
NCCL:GroupLaunch,22658060659,2474382,22388472721,13099,StartEnd,3438,3438,1,1,0,4526,4524,:4524:4526
NCCL:API Group,22660537601,5216,22388505212,11794,StartEnd,3438,3438,1,0,1,4528,,:4528
NCCL:GroupLaunch,22660537601,5216,22388505980,10946,StartEnd,3438,3438,1,1,0,4530,4528,:4528:4530
NCCL:API Group,22660545697,15103,22388536724,14178,StartEnd,3438,3438,1,0,1,4532,,:4532
NCCL:GroupLaunch,22660545697,15103,22388539259,11547,StartEnd,3438,3438,1,1,0,4534,4532,:4532:4534
NCCL:API Group,22660561984,613852,22388572308,14616,StartEnd,3438,3438,1,0,1,4536,,:4536
NCCL:GroupLaunch,22660561984,613852,22388573083,13720,StartEnd,3438,3438,1,1,0,4538,4536,:4536:4538
NCCL:API Group,22661178300,624507,22388606350,12654,StartEnd,3438,3438,1,0,1,4540,,:4540
NCCL:GroupLaunch,22661178300,624507,22388607097,11826,StartEnd,3438,3438,1,1,0,4542,4540,:4540:4542
NCCL:API Group,22661803863,622971,22388638141,13047,StartEnd,3438,3438,1,0,1,4544,,:4544
NCCL:GroupLaunch,22661803863,622971,22388638913,12186,StartEnd,3438,3438,1,1,0,4546,4544,:4544:4546
NCCL:API Group,22662428402,621020,22388706835,13437,StartEnd,3438,3438,1,0,1,4548,,:4548
NCCL:GroupLaunch,22662428402,621020,22388707787,12403,StartEnd,3438,3438,1,1,0,4550,4548,:4548:4550
NCCL:API Group,22663051726,2481325,22388741766,13068,StartEnd,3438,3438,1,0,1,4552,,:4552
NCCL:GroupLaunch,22663051726,2481325,22388742485,12205,StartEnd,3438,3438,1,1,0,4554,4552,:4552:4554
NCCL:API Group,22665534779,2486349,22388774956,12631,StartEnd,3438,3438,1,0,1,4556,,:4556
NCCL:GroupLaunch,22665534779,2486349,22388775722,11748,StartEnd,3438,3438,1,1,0,4558,4556,:4556:4558
NCCL:API Group,22668024008,2473166,22388807410,12311,StartEnd,3438,3438,1,0,1,4560,,:4560
NCCL:GroupLaunch,22668024008,2473166,22388808165,11472,StartEnd,3438,3438,1,1,0,4562,4560,:4560:4562
NCCL:API Group,22670499926,5600,22388838829,13397,StartEnd,3438,3438,1,0,1,4564,,:4564
NCCL:GroupLaunch,22670499926,5600,22388839600,12544,StartEnd,3438,3438,1,1,0,4566,4564,:4564:4566
NCCL:API Group,22670508022,14496,22388871924,12541,StartEnd,3438,3438,1,0,1,4568,,:4568
NCCL:GroupLaunch,22670508022,14496,22388872701,11642,StartEnd,3438,3438,1,1,0,4570,4568,:4568:4570
NCCL:API Group,22670524278,615739,22388906090,12438,StartEnd,3438,3438,1,0,1,4572,,:4572
NCCL:GroupLaunch,22670524278,615739,22388906843,11602,StartEnd,3438,3438,1,1,0,4574,4572,:4572:4574
NCCL:API Group,22671142673,625755,22388938182,12809,StartEnd,3438,3438,1,0,1,4576,,:4576
NCCL:GroupLaunch,22671142673,625755,22388938944,11966,StartEnd,3438,3438,1,1,0,4578,4576,:4576:4578
NCCL:API Group,22671769260,629340,22388970694,12397,StartEnd,3438,3438,1,0,1,4580,,:4580
NCCL:GroupLaunch,22671769260,629340,22388971414,11564,StartEnd,3438,3438,1,1,0,4582,4580,:4580:4582
NCCL:API Group,22672400776,624059,22389002520,12694,StartEnd,3438,3438,1,0,1,4584,,:4584
NCCL:GroupLaunch,22672400776,624059,22389003402,11689,StartEnd,3438,3438,1,1,0,4586,4584,:4584:4586
NCCL:API Group,22673026307,2473517,22389035583,12854,StartEnd,3438,3438,1,0,1,4588,,:4588
NCCL:GroupLaunch,22673026307,2473517,22389036571,11747,StartEnd,3438,3438,1,1,0,4590,4588,:4588:4590
NCCL:API Group,22675501200,2482670,22389067791,12623,StartEnd,3438,3438,1,0,1,4592,,:4592
NCCL:GroupLaunch,22675501200,2482670,22389068551,11748,StartEnd,3438,3438,1,1,0,4594,4592,:4592:4594
NCCL:API Group,22677986334,2474925,22389099774,12415,StartEnd,3438,3438,1,0,1,4596,,:4596
NCCL:GroupLaunch,22677986334,2474925,22389100471,11637,StartEnd,3438,3438,1,1,0,4598,4596,:4596:4598
NCCL:API Group,22680463243,5248,22389131491,15305,StartEnd,3438,3438,1,0,1,4600,,:4600
NCCL:GroupLaunch,22680463243,5248,22389133603,13074,StartEnd,3438,3438,1,1,0,4602,4600,:4600:4602
NCCL:API Group,22680471339,16960,22389166871,12453,StartEnd,3438,3438,1,0,1,4604,,:4604
NCCL:GroupLaunch,22680471339,16960,22389167630,11615,StartEnd,3438,3438,1,1,0,4606,4604,:4604:4606
NCCL:API Group,22680489675,613371,22389239230,13775,StartEnd,3438,3438,1,0,1,4608,,:4608
NCCL:GroupLaunch,22680489675,613371,22389240012,12598,StartEnd,3438,3438,1,1,0,4610,4608,:4608:4610
NCCL:API Group,22681104998,627996,22389274143,13499,StartEnd,3438,3438,1,0,1,4612,,:4612
NCCL:GroupLaunch,22681104998,627996,22389275046,12518,StartEnd,3438,3438,1,1,0,4614,4612,:4612:4614
NCCL:API Group,22681734466,628123,22389307504,12412,StartEnd,3438,3438,1,0,1,4616,,:4616
NCCL:GroupLaunch,22681734466,628123,22389308436,11370,StartEnd,3438,3438,1,1,0,4618,4616,:4616:4618
NCCL:API Group,22682365117,638587,22389339613,12898,StartEnd,3438,3438,1,0,1,4620,,:4620
NCCL:GroupLaunch,22682365117,638587,22389340356,12075,StartEnd,3438,3438,1,1,0,4622,4620,:4620:4622
NCCL:API Group,22683006040,2470222,22389373706,13117,StartEnd,3438,3438,1,0,1,4624,,:4624
NCCL:GroupLaunch,22683006040,2470222,22389374463,12207,StartEnd,3438,3438,1,1,0,4626,4624,:4624:4626
NCCL:API Group,22685477862,2496909,22389408178,12573,StartEnd,3438,3438,1,0,1,4628,,:4628
NCCL:GroupLaunch,22685477862,2496909,22389408901,11737,StartEnd,3438,3438,1,1,0,4630,4628,:4628:4630
NCCL:API Group,22687977299,2477069,22389440767,16523,StartEnd,3438,3438,1,0,1,4632,,:4632
NCCL:GroupLaunch,22687977299,2477069,22389441629,15543,StartEnd,3438,3438,1,1,0,4634,4632,:4632:4634
NCCL:API Group,22690456288,5216,22389477554,12195,StartEnd,3438,3438,1,0,1,4636,,:4636
NCCL:GroupLaunch,22690456288,5216,22389478517,11157,StartEnd,3438,3438,1,1,0,4638,4636,:4636:4638
NCCL:API Group,22690462336,19296,22389509677,12465,StartEnd,3438,3438,1,0,1,4640,,:4640
NCCL:GroupLaunch,22690462336,19296,22389510387,11670,StartEnd,3438,3438,1,1,0,4642,4640,:4640:4642
NCCL:API Group,22690482720,612220,22389544372,12579,StartEnd,3438,3438,1,0,1,4644,,:4644
NCCL:GroupLaunch,22690482720,612220,22389545113,11758,StartEnd,3438,3438,1,1,0,4646,4644,:4644:4646
NCCL:API Group,22691097819,622908,22389576021,12836,StartEnd,3438,3438,1,0,1,4648,,:4648
NCCL:GroupLaunch,22691097819,622908,22389576769,12006,StartEnd,3438,3438,1,1,0,4650,4648,:4648:4650
NCCL:API Group,22691723383,625243,22389608275,12711,StartEnd,3438,3438,1,0,1,4652,,:4652
NCCL:GroupLaunch,22691723383,625243,22389609068,11837,StartEnd,3438,3438,1,1,0,4654,4652,:4652:4654
NCCL:API Group,22692349970,624827,22389640814,12749,StartEnd,3438,3438,1,0,1,4656,,:4656
NCCL:GroupLaunch,22692349970,624827,22389641522,11958,StartEnd,3438,3438,1,1,0,4658,4656,:4656:4658
NCCL:API Group,22692976557,2481582,22389674269,12657,StartEnd,3438,3438,1,0,1,4660,,:4660
NCCL:GroupLaunch,22692976557,2481582,22389674991,11829,StartEnd,3438,3438,1,1,0,4662,4660,:4660:4662
NCCL:API Group,22695460635,2471405,22389706094,14531,StartEnd,3438,3438,1,0,1,4664,,:4664
NCCL:GroupLaunch,22695460635,2471405,22389706929,13607,StartEnd,3438,3438,1,1,0,4666,4664,:4664:4666
NCCL:API Group,22697933480,2476462,22389740177,13862,StartEnd,3438,3438,1,0,1,4668,,:4668
NCCL:GroupLaunch,22697933480,2476462,22389742324,11638,StartEnd,3438,3438,1,1,0,4670,4668,:4668:4670
NCCL:API Group,22700412470,5312,22389777344,12373,StartEnd,3438,3438,1,0,1,4672,,:4672
NCCL:GroupLaunch,22700412470,5312,22389778149,11487,StartEnd,3438,3438,1,1,0,4674,4672,:4672:4674
NCCL:API Group,22700418518,17439,22389810254,11893,StartEnd,3438,3438,1,0,1,4676,,:4676
NCCL:GroupLaunch,22700418518,17439,22389810992,11043,StartEnd,3438,3438,1,1,0,4678,4676,:4676:4678
NCCL:API Group,22700437685,22400,22389844697,11801,StartEnd,3438,3438,1,0,1,4680,,:4680
NCCL:GroupLaunch,22700437685,22400,22389845424,10987,StartEnd,3438,3438,1,1,0,4682,4680,:4680:4682
NCCL:API Group,22700462133,2391598,22389877773,13574,StartEnd,3438,3438,1,0,1,4684,,:4684
NCCL:GroupLaunch,22700462133,2391598,22389878537,12731,StartEnd,3438,3438,1,1,0,4686,4684,:4684:4686
NCCL:API Group,24297699967,8608,24297643162,73285,StartEnd,3438,3438,1,0,1,4688,,:4688
NCCL:GroupLaunch,24297699967,8608,24297662838,53458,StartEnd,3438,3438,1,1,0,4690,4688,:4688:4690
NCCL:API Group,23199264698,4213760,23151542982,96148,StartEnd,3438,3815,1,0,1,4693,,:4693
NCCL:GroupLaunch,23199264698,4213760,23151582461,56195,StartEnd,3438,3815,1,1,0,4695,4693,:4693:4695
NCCL:API Group,23203517146,12672,23197684292,34652,StartEnd,3438,3815,1,0,1,4697,,:4697
NCCL:GroupLaunch,23203517146,12672,23197690241,28323,StartEnd,3438,3815,1,1,0,4699,4697,:4697:4699
NCCL:API Group,23205519435,4752669,23198645505,33793,StartEnd,3438,3815,1,0,1,4701,,:4701
NCCL:GroupLaunch,23205519435,4752669,23198650692,28182,StartEnd,3438,3815,1,1,0,4703,4701,:4701:4703
NCCL:API Group,23210274536,4385887,23199115248,31589,StartEnd,3438,3815,1,0,1,4705,,:4705
NCCL:GroupLaunch,23210274536,4385887,23199119806,26751,StartEnd,3438,3815,1,1,0,4707,4705,:4705:4707
NCCL:API Group,23218755720,4501310,23217479203,42209,StartEnd,3438,3815,1,0,1,4709,,:4709
NCCL:GroupLaunch,23218755720,4501310,23217484847,36196,StartEnd,3438,3815,1,1,0,4711,4709,:4709:4711
NCCL:API Group,23223257766,23872,23217698751,26257,StartEnd,3438,3815,1,0,1,4713,,:4713
NCCL:GroupLaunch,23223257766,23872,23217701462,23149,StartEnd,3438,3815,1,1,0,4715,4713,:4713:4715
NCCL:API Group,23223282790,1120984,23218127696,27172,StartEnd,3438,3815,1,0,1,4717,,:4717
NCCL:GroupLaunch,23223282790,1120984,23218131134,23609,StartEnd,3438,3815,1,1,0,4719,4717,:4717:4719
NCCL:API Group,23258148385,1572276,23257598623,50557,StartEnd,3438,3815,1,0,1,4721,,:4721
NCCL:GroupLaunch,23258148385,1572276,23257610557,38228,StartEnd,3438,3815,1,1,0,4723,4721,:4721:4723
NCCL:API Group,23259909523,1848915,23257868479,24239,StartEnd,3438,3815,1,0,1,4725,,:4725
NCCL:GroupLaunch,23259909523,1848915,23257871637,20835,StartEnd,3438,3815,1,1,0,4727,4725,:4725:4727
NCCL:API Group,23262049731,1812019,23258087787,20526,StartEnd,3438,3815,1,0,1,4729,,:4729
NCCL:GroupLaunch,23262049731,1812019,23258089905,18056,StartEnd,3438,3815,1,1,0,4731,4729,:4729:4731
NCCL:API Group,23264376050,15104,23258241339,20720,StartEnd,3438,3815,1,0,1,4733,,:4733
NCCL:GroupLaunch,23264376050,15104,23258244071,17440,StartEnd,3438,3815,1,1,0,4735,4733,:4733:4735
NCCL:API Group,23264393074,5662933,23258910329,38909,StartEnd,3438,3815,1,0,1,4737,,:4737
NCCL:GroupLaunch,23264393074,5662933,23258919734,29206,StartEnd,3438,3815,1,1,0,4739,4737,:4737:4739
NCCL:API Group,23270524228,5222585,23259441266,30613,StartEnd,3438,3815,1,0,1,4741,,:4741
NCCL:GroupLaunch,23270524228,5222585,23259445890,25605,StartEnd,3438,3815,1,1,0,4743,4741,:4741:4743
NCCL:API Group,23275918683,5281337,23259943983,28698,StartEnd,3438,3815,1,0,1,4745,,:4745
NCCL:GroupLaunch,23275918683,5281337,23259948361,24067,StartEnd,3438,3815,1,1,0,4747,4745,:4745:4747
NCCL:API Group,23281880751,11648,23260133234,21207,StartEnd,3438,3815,1,0,1,4749,,:4749
NCCL:GroupLaunch,23281880751,11648,23260135282,18914,StartEnd,3438,3815,1,1,0,4751,4749,:4749:4751
NCCL:API Group,23281895023,1669683,23260528820,29393,StartEnd,3438,3815,1,0,1,4753,,:4753
NCCL:GroupLaunch,23281895023,1669683,23260531482,19818,StartEnd,3438,3815,1,1,0,4755,4753,:4753:4755
NCCL:API Group,23283854016,1706643,23261559099,30939,StartEnd,3438,3815,1,0,1,4757,,:4757
NCCL:GroupLaunch,23283854016,1706643,23261562817,26863,StartEnd,3438,3815,1,1,0,4759,4757,:4757:4759
NCCL:API Group,23286004368,1309846,23261777679,20818,StartEnd,3438,3815,1,0,1,4761,,:4761
NCCL:GroupLaunch,23286004368,1309846,23261779936,18414,StartEnd,3438,3815,1,1,0,4763,4761,:4761:4763
NCCL:API Group,23287317830,1769939,23261976037,18621,StartEnd,3438,3815,1,0,1,4765,,:4765
NCCL:GroupLaunch,23287317830,1769939,23261977932,16178,StartEnd,3438,3815,1,1,0,4767,4765,:4765:4767
NCCL:API Group,23289158424,89343,23262114828,17305,StartEnd,3438,3815,1,0,1,4769,,:4769
NCCL:GroupLaunch,23289158424,89343,23262117099,14904,StartEnd,3438,3815,1,1,0,4771,4769,:4769:4771
NCCL:API Group,23289250391,5014907,23262704999,30879,StartEnd,3438,3815,1,0,1,4773,,:4773
NCCL:GroupLaunch,23289250391,5014907,23262709877,25772,StartEnd,3438,3815,1,1,0,4775,4773,:4773:4775
NCCL:API Group,23294267186,5699957,23263231479,27310,StartEnd,3438,3815,1,0,1,4777,,:4777
NCCL:GroupLaunch,23294267186,5699957,23263235437,23033,StartEnd,3438,3815,1,1,0,4779,4777,:4777:4779
NCCL:API Group,23300065670,4866236,23263874910,30851,StartEnd,3438,3815,1,0,1,4781,,:4781
NCCL:GroupLaunch,23300065670,4866236,23263879997,25481,StartEnd,3438,3815,1,1,0,4783,4781,:4781:4783
NCCL:API Group,23304933954,239742,23264088170,21038,StartEnd,3438,3815,1,0,1,4785,,:4785
NCCL:GroupLaunch,23304933954,239742,23264090288,18532,StartEnd,3438,3815,1,1,0,4787,4785,:4785:4787
NCCL:API Group,23305358399,1390645,23264498248,22482,StartEnd,3438,3815,1,0,1,4789,,:4789
NCCL:GroupLaunch,23305358399,1390645,23264501351,19062,StartEnd,3438,3815,1,1,0,4791,4789,:4789:4791
NCCL:API Group,23307010130,1299735,23265521822,30935,StartEnd,3438,3815,1,0,1,4793,,:4793
NCCL:GroupLaunch,23307010130,1299735,23265526010,26518,StartEnd,3438,3815,1,1,0,4795,4793,:4793:4795
NCCL:API Group,23308340136,1701716,23265735422,22574,StartEnd,3438,3815,1,0,1,4797,,:4797
NCCL:GroupLaunch,23308340136,1701716,23265737681,20060,StartEnd,3438,3815,1,1,0,4799,4797,:4797:4799
NCCL:API Group,23310139547,1200599,23265955165,19790,StartEnd,3438,3815,1,0,1,4801,,:4801
NCCL:GroupLaunch,23310139547,1200599,23265957189,17439,StartEnd,3438,3815,1,1,0,4803,4801,:4801:4803
NCCL:API Group,23311343410,462268,23266099142,17886,StartEnd,3438,3815,1,0,1,4805,,:4805
NCCL:GroupLaunch,23311343410,462268,23266100991,15797,StartEnd,3438,3815,1,1,0,4807,4805,:4805:4807
NCCL:API Group,23312230027,5598998,23266685244,28933,StartEnd,3438,3815,1,0,1,4809,,:4809
NCCL:GroupLaunch,23312230027,5598998,23266689928,24021,StartEnd,3438,3815,1,1,0,4811,4809,:4809:4811
NCCL:API Group,23317832289,5721365,23267262558,27169,StartEnd,3438,3815,1,0,1,4813,,:4813
NCCL:GroupLaunch,23317832289,5721365,23267266746,22866,StartEnd,3438,3815,1,1,0,4815,4813,:4813:4815
NCCL:API Group,23323698869,6090739,23267794280,28027,StartEnd,3438,3815,1,0,1,4817,,:4817
NCCL:GroupLaunch,23323698869,6090739,23267798386,21777,StartEnd,3438,3815,1,1,0,4819,4817,:4817:4819
NCCL:API Group,23329836295,36960,23267968185,19210,StartEnd,3438,3815,1,0,1,4821,,:4821
NCCL:GroupLaunch,23329836295,36960,23267970346,16653,StartEnd,3438,3815,1,1,0,4823,4821,:4821:4823
NCCL:API Group,23329907431,1507892,23268339793,20348,StartEnd,3438,3815,1,0,1,4825,,:4825
NCCL:GroupLaunch,23329907431,1507892,23268342410,17346,StartEnd,3438,3815,1,1,0,4827,4825,:4825:4827
NCCL:API Group,23331417979,1232375,23269308929,25207,StartEnd,3438,3815,1,0,1,4829,,:4829
NCCL:GroupLaunch,23331417979,1232375,23269312635,21228,StartEnd,3438,3815,1,1,0,4831,4829,:4829:4831
NCCL:API Group,23332665810,1615060,23269505995,20289,StartEnd,3438,3815,1,0,1,4833,,:4833
NCCL:GroupLaunch,23332665810,1615060,23269510054,15834,StartEnd,3438,3815,1,1,0,4835,4833,:4833:4835
NCCL:API Group,23334327494,1925873,23269689596,26148,StartEnd,3438,3815,1,0,1,4837,,:4837
NCCL:GroupLaunch,23334327494,1925873,23269691464,24043,StartEnd,3438,3815,1,1,0,4839,4837,:4837:4839
NCCL:API Group,23336509749,11200,23269848291,16542,StartEnd,3438,3815,1,0,1,4841,,:4841
NCCL:GroupLaunch,23336509749,11200,23269850125,14597,StartEnd,3438,3815,1,1,0,4843,4841,:4841:4843
NCCL:API Group,23336523285,5891028,23271004917,31941,StartEnd,3438,3815,1,0,1,4845,,:4845
NCCL:GroupLaunch,23336523285,5891028,23271010067,26567,StartEnd,3438,3815,1,1,0,4847,4845,:4845:4847
NCCL:API Group,23342416137,5659861,23272087679,28407,StartEnd,3438,3815,1,0,1,4849,,:4849
NCCL:GroupLaunch,23342416137,5659861,23272091836,24071,StartEnd,3438,3815,1,1,0,4851,4849,:4849:4851
NCCL:API Group,23348126238,5673718,23272679438,29588,StartEnd,3438,3815,1,0,1,4853,,:4853
NCCL:GroupLaunch,23348126238,5673718,23272684362,24453,StartEnd,3438,3815,1,1,0,4855,4853,:4853:4855
NCCL:API Group,23354036722,22560,23272876991,19348,StartEnd,3438,3815,1,0,1,4857,,:4857
NCCL:GroupLaunch,23354036722,22560,23272878871,17370,StartEnd,3438,3815,1,1,0,4859,4857,:4857:4859
NCCL:API Group,23354061522,1415925,23273259224,20390,StartEnd,3438,3815,1,0,1,4861,,:4861
NCCL:GroupLaunch,23354061522,1415925,23273261885,17636,StartEnd,3438,3815,1,1,0,4863,4861,:4861:4863
NCCL:API Group,23356081474,1183992,23274248424,30971,StartEnd,3438,3815,1,0,1,4865,,:4865
NCCL:GroupLaunch,23356081474,1183992,23274255815,23451,StartEnd,3438,3815,1,1,0,4867,4865,:4865:4867
NCCL:API Group,23357399129,1578676,23274459198,19291,StartEnd,3438,3815,1,0,1,4869,,:4869
NCCL:GroupLaunch,23357399129,1578676,23274461316,16688,StartEnd,3438,3815,1,1,0,4871,4869,:4869:4871
NCCL:API Group,23359171787,1339286,23274649585,17865,StartEnd,3438,3815,1,0,1,4873,,:4873
NCCL:GroupLaunch,23359171787,1339286,23274651404,15841,StartEnd,3438,3815,1,1,0,4875,4873,:4873:4875
NCCL:API Group,23360544129,32384,23274785217,16918,StartEnd,3438,3815,1,0,1,4877,,:4877
NCCL:GroupLaunch,23360544129,32384,23274786999,15010,StartEnd,3438,3815,1,1,0,4879,4877,:4877:4879
NCCL:API Group,23360615040,5531767,23275358535,45838,StartEnd,3438,3815,1,0,1,4881,,:4881
NCCL:GroupLaunch,23360615040,5531767,23275363145,29630,StartEnd,3438,3815,1,1,0,4883,4881,:4881:4883
NCCL:API Group,23366149111,5941747,23275821625,28226,StartEnd,3438,3815,1,0,1,4885,,:4885
NCCL:GroupLaunch,23366149111,5941747,23275825579,24009,StartEnd,3438,3815,1,1,0,4887,4885,:4885:4887
NCCL:API Group,23372184042,5205401,23276291235,27110,StartEnd,3438,3815,1,0,1,4889,,:4889
NCCL:GroupLaunch,23372184042,5205401,23276294988,22979,StartEnd,3438,3815,1,1,0,4891,4889,:4889:4891
NCCL:API Group,23377557569,53312,23276470379,18656,StartEnd,3438,3815,1,0,1,4893,,:4893
NCCL:GroupLaunch,23377557569,53312,23276472309,16603,StartEnd,3438,3815,1,1,0,4895,4893,:4893:4895
NCCL:API Group,23377635905,1651924,23276843034,22517,StartEnd,3438,3815,1,0,1,4897,,:4897
NCCL:GroupLaunch,23377635905,1651924,23276847389,18027,StartEnd,3438,3815,1,1,0,4899,4897,:4897:4899
NCCL:API Group,23379320148,1407606,23277795034,25766,StartEnd,3438,3815,1,0,1,4901,,:4901
NCCL:GroupLaunch,23379320148,1407606,23277798745,21953,StartEnd,3438,3815,1,1,0,4903,4901,:4901:4903
NCCL:API Group,23380797993,1556309,23277997961,17732,StartEnd,3438,3815,1,0,1,4905,,:4905
NCCL:GroupLaunch,23380797993,1556309,23278000107,15358,StartEnd,3438,3815,1,1,0,4907,4905,:4905:4907
NCCL:API Group,23382372221,1432630,23278182242,17843,StartEnd,3438,3815,1,0,1,4909,,:4909
NCCL:GroupLaunch,23382372221,1432630,23278184280,15524,StartEnd,3438,3815,1,1,0,4911,4909,:4909:4911
NCCL:API Group,23384336591,61599,23278314602,16988,StartEnd,3438,3815,1,0,1,4913,,:4913
NCCL:GroupLaunch,23384336591,61599,23278316528,14901,StartEnd,3438,3815,1,1,0,4915,4913,:4913:4915
NCCL:API Group,23384399726,5565750,23284461989,43399,StartEnd,3438,3815,1,0,1,4917,,:4917
NCCL:GroupLaunch,23384399726,5565750,23284467673,37260,StartEnd,3438,3815,1,1,0,4919,4917,:4917:4919
NCCL:API Group,23389982116,5246265,23285655446,31944,StartEnd,3438,3815,1,0,1,4921,,:4921
NCCL:GroupLaunch,23389982116,5246265,23285660027,27127,StartEnd,3438,3815,1,1,0,4923,4921,:4921:4923
NCCL:API Group,23395328860,5772341,23287486174,30077,StartEnd,3438,3815,1,0,1,4925,,:4925
NCCL:GroupLaunch,23395328860,5772341,23287490632,24952,StartEnd,3438,3815,1,1,0,4927,4925,:4925:4927
NCCL:API Group,23401138865,16640,23287679743,20112,StartEnd,3438,3815,1,0,1,4929,,:4929
NCCL:GroupLaunch,23401138865,16640,23287682162,17465,StartEnd,3438,3815,1,1,0,4931,4929,:4929:4931
NCCL:API Group,23401202864,1549557,23288067116,23538,StartEnd,3438,3815,1,0,1,4933,,:4933
NCCL:GroupLaunch,23401202864,1549557,23288070163,20278,StartEnd,3438,3815,1,1,0,4935,4933,:4933:4935
NCCL:API Group,23402755077,1916369,23289029594,27653,StartEnd,3438,3815,1,0,1,4937,,:4937
NCCL:GroupLaunch,23402755077,1916369,23289033393,23623,StartEnd,3438,3815,1,1,0,4939,4937,:4937:4939
NCCL:API Group,23404701046,1918034,23289228110,21034,StartEnd,3438,3815,1,0,1,4941,,:4941
NCCL:GroupLaunch,23404701046,1918034,23289230527,18031,StartEnd,3438,3815,1,1,0,4943,4941,:4941:4943
NCCL:API Group,23406742439,1236182,23289419511,19856,StartEnd,3438,3815,1,0,1,4945,,:4945
NCCL:GroupLaunch,23406742439,1236182,23289421824,15659,StartEnd,3438,3815,1,1,0,4947,4945,:4945:4947
NCCL:API Group,23408063933,62495,23289549718,16853,StartEnd,3438,3815,1,0,1,4949,,:4949
NCCL:GroupLaunch,23408063933,62495,23289551535,14872,StartEnd,3438,3815,1,1,0,4951,4949,:4949:4951
NCCL:API Group,23408141596,5929652,23292573768,32505,StartEnd,3438,3815,1,0,1,4953,,:4953
NCCL:GroupLaunch,23408141596,5929652,23292580919,25085,StartEnd,3438,3815,1,1,0,4955,4953,:4953:4955
NCCL:API Group,23414131919,5869204,23294086852,34712,StartEnd,3438,3815,1,0,1,4957,,:4957
NCCL:GroupLaunch,23414131919,5869204,23294091288,29744,StartEnd,3438,3815,1,1,0,4959,4957,:4957:4959
NCCL:API Group,23420019235,5476599,23294647618,29113,StartEnd,3438,3815,1,0,1,4961,,:4961
NCCL:GroupLaunch,23420019235,5476599,23294651961,24386,StartEnd,3438,3815,1,1,0,4963,4961,:4961:4963
NCCL:API Group,23425873719,13728,23294840119,20353,StartEnd,3438,3815,1,0,1,4965,,:4965
NCCL:GroupLaunch,23425873719,13728,23294842528,17694,StartEnd,3438,3815,1,1,0,4967,4965,:4965:4967
NCCL:API Group,23425890167,1479893,23295218009,22450,StartEnd,3438,3815,1,0,1,4969,,:4969
NCCL:GroupLaunch,23425890167,1479893,23295221250,18969,StartEnd,3438,3815,1,1,0,4971,4969,:4969:4971
NCCL:API Group,23427758441,1751795,23296177006,27973,StartEnd,3438,3815,1,0,1,4973,,:4973
NCCL:GroupLaunch,23427758441,1751795,23296180802,23702,StartEnd,3438,3815,1,1,0,4975,4973,:4973:4975
NCCL:API Group,23429818458,1300566,23296373719,20293,StartEnd,3438,3815,1,0,1,4977,,:4977
NCCL:GroupLaunch,23429818458,1300566,23296375657,17946,StartEnd,3438,3815,1,1,0,4979,4977,:4977:4979
NCCL:API Group,23431197487,1601588,23296562895,17308,StartEnd,3438,3815,1,0,1,4981,,:4981
NCCL:GroupLaunch,23431197487,1601588,23296564990,15072,StartEnd,3438,3815,1,1,0,4983,4981,:4981:4983
NCCL:API Group,23432870211,284318,23296692639,20517,StartEnd,3438,3815,1,0,1,4985,,:4985
NCCL:GroupLaunch,23432870211,284318,23296697095,15779,StartEnd,3438,3815,1,1,0,4987,4985,:4985:4987
NCCL:API Group,23433166113,5403799,23297608805,29354,StartEnd,3438,3815,1,0,1,4989,,:4989
NCCL:GroupLaunch,23433166113,5403799,23297613664,23875,StartEnd,3438,3815,1,1,0,4991,4989,:4989:4991
NCCL:API Group,23439146964,5519222,23298447321,27835,StartEnd,3438,3815,1,0,1,4993,,:4993
NCCL:GroupLaunch,23439146964,5519222,23298451453,23338,StartEnd,3438,3815,1,1,0,4995,4993,:4993:4995
NCCL:API Group,23445031080,5883860,23298942340,32703,StartEnd,3438,3815,1,0,1,4997,,:4997
NCCL:GroupLaunch,23445031080,5883860,23298946425,28164,StartEnd,3438,3815,1,1,0,4999,4997,:4997:4999
NCCL:API Group,23450984795,12160,23299135976,21178,StartEnd,3438,3815,1,0,1,5001,,:5001
NCCL:GroupLaunch,23450984795,12160,23299138513,18520,StartEnd,3438,3815,1,1,0,5003,5001,:5001:5003
NCCL:API Group,23450998427,1788211,23299527614,21569,StartEnd,3438,3815,1,0,1,5005,,:5005
NCCL:GroupLaunch,23450998427,1788211,23299530090,18921,StartEnd,3438,3815,1,1,0,5007,5005,:5005:5007
NCCL:API Group,23452791213,1741427,23300485470,27933,StartEnd,3438,3815,1,0,1,5009,,:5009
NCCL:GroupLaunch,23452791213,1741427,23300489092,21725,StartEnd,3438,3815,1,1,0,5011,5009,:5009:5011
NCCL:API Group,23454541088,2138384,23300682265,19229,StartEnd,3438,3815,1,0,1,5013,,:5013
NCCL:GroupLaunch,23454541088,2138384,23300684473,16574,StartEnd,3438,3815,1,1,0,5015,5013,:5013:5015
NCCL:API Group,23457281420,1283574,23300867189,18865,StartEnd,3438,3815,1,0,1,5017,,:5017
NCCL:GroupLaunch,23457281420,1283574,23300869303,16656,StartEnd,3438,3815,1,1,0,5019,5017,:5017:5019
NCCL:API Group,23458604386,130687,23301000520,18052,StartEnd,3438,3815,1,0,1,5021,,:5021
NCCL:GroupLaunch,23458604386,130687,23301002433,15959,StartEnd,3438,3815,1,1,0,5023,5021,:5021:5023
NCCL:API Group,23458766209,5552278,23302312083,32912,StartEnd,3438,3815,1,0,1,5025,,:5025
NCCL:GroupLaunch,23458766209,5552278,23302317271,27354,StartEnd,3438,3815,1,1,0,5027,5025,:5025:5027
NCCL:API Group,23464323927,5901716,23304410627,30355,StartEnd,3438,3815,1,0,1,5029,,:5029
NCCL:GroupLaunch,23464323927,5901716,23304414899,25197,StartEnd,3438,3815,1,1,0,5031,5029,:5029:5031
NCCL:API Group,23470480393,5597974,23306779338,33286,StartEnd,3438,3815,1,0,1,5033,,:5033
NCCL:GroupLaunch,23470480393,5597974,23306787861,24417,StartEnd,3438,3815,1,1,0,5035,5033,:5033:5035
NCCL:API Group,23476260926,11839,23306976684,27272,StartEnd,3438,3815,1,0,1,5037,,:5037
NCCL:GroupLaunch,23476260926,11839,23306979947,23264,StartEnd,3438,3815,1,1,0,5039,5037,:5037:5039
NCCL:API Group,23476274589,1502549,23307503951,25589,StartEnd,3438,3815,1,0,1,5041,,:5041
NCCL:GroupLaunch,23476274589,1502549,23307507217,22040,StartEnd,3438,3815,1,1,0,5043,5041,:5041:5043
NCCL:API Group,23478152687,1558997,23308486636,30790,StartEnd,3438,3815,1,0,1,5045,,:5045
NCCL:GroupLaunch,23478152687,1558997,23308492838,24036,StartEnd,3438,3815,1,1,0,5047,5045,:5045:5047
NCCL:API Group,23480207040,1327862,23308691431,20008,StartEnd,3438,3815,1,0,1,5049,,:5049
NCCL:GroupLaunch,23480207040,1327862,23308693731,17486,StartEnd,3438,3815,1,1,0,5051,5049,:5049:5051
NCCL:API Group,23481584470,1942513,23308881222,17457,StartEnd,3438,3815,1,0,1,5053,,:5053
NCCL:GroupLaunch,23481584470,1942513,23308883304,15167,StartEnd,3438,3815,1,1,0,5055,5053,:5053:5055
NCCL:API Group,23483580391,413245,23309016325,17739,StartEnd,3438,3815,1,0,1,5057,,:5057
NCCL:GroupLaunch,23483580391,413245,23309018381,15455,StartEnd,3438,3815,1,1,0,5059,5057,:5057:5059
NCCL:API Group,23484106275,5541174,23311702939,30416,StartEnd,3438,3815,1,0,1,5061,,:5061
NCCL:GroupLaunch,23484106275,5541174,23311707978,24712,StartEnd,3438,3815,1,1,0,5063,5061,:5061:5063
NCCL:API Group,23489650009,5476247,23317556611,33466,StartEnd,3438,3815,1,0,1,5065,,:5065
NCCL:GroupLaunch,23489650009,5476247,23317560838,28778,StartEnd,3438,3815,1,1,0,5067,5065,:5065:5067
NCCL:API Group,23495419278,5296536,23319808945,33473,StartEnd,3438,3815,1,0,1,5069,,:5069
NCCL:GroupLaunch,23495419278,5296536,23319813685,28591,StartEnd,3438,3815,1,1,0,5071,5069,:5069:5071
NCCL:API Group,23500718246,90976,23319999618,24811,StartEnd,3438,3815,1,0,1,5073,,:5073
NCCL:GroupLaunch,23500718246,90976,23320004853,17052,StartEnd,3438,3815,1,1,0,5075,5073,:5073:5075
NCCL:API Group,23501033796,1491701,23320384311,27211,StartEnd,3438,3815,1,0,1,5077,,:5077
NCCL:GroupLaunch,23501033796,1491701,23320386656,24406,StartEnd,3438,3815,1,1,0,5079,5077,:5077:5079
NCCL:API Group,23502591736,1736915,23321369390,27414,StartEnd,3438,3815,1,0,1,5081,,:5081
NCCL:GroupLaunch,23502591736,1736915,23321373595,22972,StartEnd,3438,3815,1,1,0,5083,5081,:5081:5083
NCCL:API Group,23504460426,1737235,23321582198,21400,StartEnd,3438,3815,1,0,1,5085,,:5085
NCCL:GroupLaunch,23504460426,1737235,23321584625,18469,StartEnd,3438,3815,1,1,0,5087,5085,:5085:5087
NCCL:API Group,23506389948,1491221,23321803931,21815,StartEnd,3438,3815,1,0,1,5089,,:5089
NCCL:GroupLaunch,23506389948,1491221,23321808308,17294,StartEnd,3438,3815,1,1,0,5091,5089,:5089:5091
NCCL:API Group,23508288557,10400,23321951827,18643,StartEnd,3438,3815,1,0,1,5093,,:5093
NCCL:GroupLaunch,23508288557,10400,23321953594,16741,StartEnd,3438,3815,1,1,0,5095,5093,:5093:5095
NCCL:API Group,23508302093,5746453,23323488721,37663,StartEnd,3438,3815,1,0,1,5097,,:5097
NCCL:GroupLaunch,23508302093,5746453,23323493869,32067,StartEnd,3438,3815,1,1,0,5099,5097,:5097:5099
NCCL:API Group,23514116130,5624822,23327315513,29980,StartEnd,3438,3815,1,0,1,5101,,:5101
NCCL:GroupLaunch,23514116130,5624822,23327320255,24987,StartEnd,3438,3815,1,1,0,5103,5101,:5101:5103
NCCL:API Group,23519846295,5329624,23328959974,30105,StartEnd,3438,3815,1,0,1,5105,,:5105
NCCL:GroupLaunch,23519846295,5329624,23328966409,23524,StartEnd,3438,3815,1,1,0,5107,5105,:5105:5107
NCCL:API Group,23525734283,14816,23329150763,20140,StartEnd,3438,3815,1,0,1,5109,,:5109
NCCL:GroupLaunch,23525734283,14816,23329153106,17647,StartEnd,3438,3815,1,1,0,5111,5109,:5109:5111
NCCL:API Group,23525751307,1946417,23329532773,21607,StartEnd,3438,3815,1,0,1,5113,,:5113
NCCL:GroupLaunch,23525751307,1946417,23329535314,18934,StartEnd,3438,3815,1,1,0,5115,5113,:5113:5115
NCCL:API Group,23527776699,1741587,23330552787,32790,StartEnd,3438,3815,1,0,1,5117,,:5117
NCCL:GroupLaunch,23527776699,1741587,23330557069,28292,StartEnd,3438,3815,1,1,0,5119,5117,:5117:5119
NCCL:API Group,23530015371,1160279,23330776885,20811,StartEnd,3438,3815,1,0,1,5121,,:5121
NCCL:GroupLaunch,23530015371,1160279,23330779079,18384,StartEnd,3438,3815,1,1,0,5123,5121,:5121:5123
NCCL:API Group,23531335137,1576884,23330972180,17528,StartEnd,3438,3815,1,0,1,5125,,:5125
NCCL:GroupLaunch,23531335137,1576884,23330974203,15364,StartEnd,3438,3815,1,1,0,5127,5125,:5125:5127
NCCL:API Group,23532932789,24192,23331120431,17421,StartEnd,3438,3815,1,0,1,5129,,:5129
NCCL:GroupLaunch,23532932789,24192,23331122116,15455,StartEnd,3438,3815,1,1,0,5131,5129,:5129:5131
NCCL:API Group,23532972596,5450296,23333486327,29146,StartEnd,3438,3815,1,0,1,5133,,:5133
NCCL:GroupLaunch,23532972596,5450296,23333491301,23961,StartEnd,3438,3815,1,1,0,5135,5133,:5133:5135
NCCL:API Group,23538655466,5507927,23340086412,39741,StartEnd,3438,3815,1,0,1,5137,,:5137
NCCL:GroupLaunch,23538655466,5507927,23340091936,31027,StartEnd,3438,3815,1,1,0,5139,5137,:5137:5139
NCCL:API Group,23544179808,5551511,23346631797,29701,StartEnd,3438,3815,1,0,1,5141,,:5141
NCCL:GroupLaunch,23544179808,5551511,23346636153,25183,StartEnd,3438,3815,1,1,0,5143,5141,:5141:5143
NCCL:API Group,23550145364,13600,23346865107,19619,StartEnd,3438,3815,1,0,1,5145,,:5145
NCCL:GroupLaunch,23550145364,13600,23346867249,17253,StartEnd,3438,3815,1,1,0,5147,5145,:5145:5147
NCCL:API Group,23550161140,1182455,23347250616,23890,StartEnd,3438,3815,1,0,1,5149,,:5149
NCCL:GroupLaunch,23550161140,1182455,23347253524,20649,StartEnd,3438,3815,1,1,0,5151,5149,:5149:5151
NCCL:API Group,23551467914,1470037,23348222480,28339,StartEnd,3438,3815,1,0,1,5153,,:5153
NCCL:GroupLaunch,23551467914,1470037,23348226555,23954,StartEnd,3438,3815,1,1,0,5155,5153,:5153:5155
NCCL:API Group,23552948511,1455637,23348433130,24918,StartEnd,3438,3815,1,0,1,5157,,:5157
NCCL:GroupLaunch,23552948511,1455637,23348437009,20918,StartEnd,3438,3815,1,1,0,5159,5157,:5157:5159
NCCL:API Group,23554537331,1711763,23348629924,17590,StartEnd,3438,3815,1,0,1,5161,,:5161
NCCL:GroupLaunch,23554537331,1711763,23348632171,15231,StartEnd,3438,3815,1,1,0,5163,5161,:5161:5163
NCCL:API Group,23556788866,9856,23348762517,17038,StartEnd,3438,3815,1,0,1,5165,,:5165
NCCL:GroupLaunch,23556788866,9856,23348764061,15388,StartEnd,3438,3815,1,1,0,5167,5165,:5165:5167
NCCL:API Group,23556801218,5538582,23351988332,30841,StartEnd,3438,3815,1,0,1,5169,,:5169
NCCL:GroupLaunch,23556801218,5538582,23351993376,25532,StartEnd,3438,3815,1,1,0,5171,5169,:5169:5171
NCCL:API Group,23562389624,5591766,23357026374,34039,StartEnd,3438,3815,1,0,1,5173,,:5173
NCCL:GroupLaunch,23562389624,5591766,23357034873,25271,StartEnd,3438,3815,1,1,0,5175,5173,:5173:5175
NCCL:API Group,23568208684,5760853,23362374785,42955,StartEnd,3438,3815,1,0,1,5177,,:5177
NCCL:GroupLaunch,23568208684,5760853,23362380540,37088,StartEnd,3438,3815,1,1,0,5179,5177,:5177:5179
NCCL:API Group,23574116704,10656,23362622076,24692,StartEnd,3438,3815,1,0,1,5181,,:5181
NCCL:GroupLaunch,23574116704,10656,23362624680,21938,StartEnd,3438,3815,1,1,0,5183,5181,:5181:5183
NCCL:API Group,23574129632,1187255,23363034941,26357,StartEnd,3438,3815,1,0,1,5185,,:5185
NCCL:GroupLaunch,23574129632,1187255,23363037597,23236,StartEnd,3438,3815,1,1,0,5187,5185,:5185:5187
NCCL:API Group,23575433078,1211927,23364030784,27127,StartEnd,3438,3815,1,0,1,5189,,:5189
NCCL:GroupLaunch,23575433078,1211927,23364034672,22532,StartEnd,3438,3815,1,1,0,5191,5189,:5189:5191
NCCL:API Group,23576646413,1123320,23364227050,19208,StartEnd,3438,3815,1,0,1,5193,,:5193
NCCL:GroupLaunch,23576646413,1123320,23364229476,16670,StartEnd,3438,3815,1,1,0,5195,5193,:5193:5195
NCCL:API Group,23577772741,1101943,23364412226,23695,StartEnd,3438,3815,1,0,1,5197,,:5197
NCCL:GroupLaunch,23577772741,1101943,23364414413,21365,StartEnd,3438,3815,1,1,0,5199,5197,:5197:5199
NCCL:API Group,23578877468,9536,23364552287,21417,StartEnd,3438,3815,1,0,1,5201,,:5201
NCCL:GroupLaunch,23578877468,9536,23364554643,17036,StartEnd,3438,3815,1,1,0,5203,5201,:5201:5203
NCCL:API Group,23578889628,4380959,23369076657,35600,StartEnd,3438,3815,1,0,1,5205,,:5205
NCCL:GroupLaunch,23578889628,4380959,23369082142,29594,StartEnd,3438,3815,1,1,0,5207,5205,:5205:5207
NCCL:API Group,23583273083,4358112,23370678393,31472,StartEnd,3438,3815,1,0,1,5209,,:5209
NCCL:GroupLaunch,23583273083,4358112,23370682899,26664,StartEnd,3438,3815,1,1,0,5211,5209,:5209:5211
NCCL:API Group,23587632987,4337311,23371746532,30753,StartEnd,3438,3815,1,0,1,5213,,:5213
NCCL:GroupLaunch,23587632987,4337311,23371751263,25451,StartEnd,3438,3815,1,1,0,5215,5213,:5213:5215
NCCL:API Group,23591972602,9408,23371946581,20882,StartEnd,3438,3815,1,0,1,5217,,:5217
NCCL:GroupLaunch,23591972602,9408,23371949372,17900,StartEnd,3438,3815,1,1,0,5219,5217,:5217:5219
NCCL:API Group,23591984826,1092504,23372349503,24212,StartEnd,3438,3815,1,0,1,5221,,:5221
NCCL:GroupLaunch,23591984826,1092504,23372352344,20838,StartEnd,3438,3815,1,1,0,5223,5221,:5221:5223
NCCL:API Group,23593080370,1096792,23373368737,28682,StartEnd,3438,3815,1,0,1,5225,,:5225
NCCL:GroupLaunch,23593080370,1096792,23373372848,24324,StartEnd,3438,3815,1,1,0,5227,5225,:5225:5227
NCCL:API Group,23594179082,1088247,23373581433,24041,StartEnd,3438,3815,1,0,1,5229,,:5229
NCCL:GroupLaunch,23594179082,1088247,23373583977,21181,StartEnd,3438,3815,1,1,0,5231,5229,:5229:5231
NCCL:API Group,23595269665,1095960,23373797703,19468,StartEnd,3438,3815,1,0,1,5233,,:5233
NCCL:GroupLaunch,23595269665,1095960,23373799906,17006,StartEnd,3438,3815,1,1,0,5235,5233,:5233:5235
NCCL:API Group,23596367065,9344,23373945214,23692,StartEnd,3438,3815,1,0,1,5237,,:5237
NCCL:GroupLaunch,23596367065,9344,23373946939,21507,StartEnd,3438,3815,1,1,0,5239,5237,:5237:5239
NCCL:API Group,23596380025,4330560,23374614563,34021,StartEnd,3438,3815,1,0,1,5241,,:5241
NCCL:GroupLaunch,23596380025,4330560,23374619254,28848,StartEnd,3438,3815,1,1,0,5243,5241,:5241:5243
NCCL:API Group,23600713529,4383647,23375116062,29999,StartEnd,3438,3815,1,0,1,5245,,:5245
NCCL:GroupLaunch,23600713529,4383647,23375120456,24845,StartEnd,3438,3815,1,1,0,5247,5245,:5245:5247
NCCL:API Group,23605100216,4395551,23375608570,29109,StartEnd,3438,3815,1,0,1,5249,,:5249
NCCL:GroupLaunch,23605100216,4395551,23375612839,24423,StartEnd,3438,3815,1,1,0,5251,5249,:5249:5251
NCCL:API Group,23609499287,11008,23375799430,21152,StartEnd,3438,3815,1,0,1,5253,,:5253
NCCL:GroupLaunch,23609499287,11008,23375802105,18330,StartEnd,3438,3815,1,1,0,5255,5253,:5253:5255
NCCL:API Group,23609513463,1112471,23376192063,26637,StartEnd,3438,3815,1,0,1,5257,,:5257
NCCL:GroupLaunch,23609513463,1112471,23376194686,23686,StartEnd,3438,3815,1,1,0,5259,5257,:5257:5259
NCCL:API Group,23610628494,1110072,23377213467,29194,StartEnd,3438,3815,1,0,1,5261,,:5261
NCCL:GroupLaunch,23610628494,1110072,23377217435,24787,StartEnd,3438,3815,1,1,0,5263,5261,:5261:5263
NCCL:API Group,23611740486,1108792,23377429350,22871,StartEnd,3438,3815,1,0,1,5265,,:5265
NCCL:GroupLaunch,23611740486,1108792,23377431894,18727,StartEnd,3438,3815,1,1,0,5267,5265,:5265:5267
NCCL:API Group,23612851326,1125335,23377630989,19397,StartEnd,3438,3815,1,0,1,5269,,:5269
NCCL:GroupLaunch,23612851326,1125335,23377633059,17221,StartEnd,3438,3815,1,1,0,5271,5269,:5269:5271
NCCL:API Group,23613978453,9792,23377783877,22989,StartEnd,3438,3815,1,0,1,5273,,:5273
NCCL:GroupLaunch,23613978453,9792,23377785684,20935,StartEnd,3438,3815,1,1,0,5275,5273,:5273:5275
NCCL:API Group,23613990709,4366399,23378378381,34899,StartEnd,3438,3815,1,0,1,5277,,:5277
NCCL:GroupLaunch,23613990709,4366399,23378382893,29901,StartEnd,3438,3815,1,1,0,5279,5277,:5277:5279
NCCL:API Group,23618359892,4374944,23378833335,29170,StartEnd,3438,3815,1,0,1,5281,,:5281
NCCL:GroupLaunch,23618359892,4374944,23378836858,25473,StartEnd,3438,3815,1,1,0,5283,5281,:5281:5283
NCCL:API Group,23622736404,4365183,23379396435,30308,StartEnd,3438,3815,1,0,1,5285,,:5285
NCCL:GroupLaunch,23622736404,4365183,23379400942,25267,StartEnd,3438,3815,1,1,0,5287,5285,:5285:5287
NCCL:API Group,23627104659,9664,23379591116,19954,StartEnd,3438,3815,1,0,1,5289,,:5289
NCCL:GroupLaunch,23627104659,9664,23379593716,17195,StartEnd,3438,3815,1,1,0,5291,5289,:5289:5291
NCCL:API Group,23627116883,1112279,23379988533,23418,StartEnd,3438,3815,1,0,1,5293,,:5293
NCCL:GroupLaunch,23627116883,1112279,23379991344,19907,StartEnd,3438,3815,1,1,0,5295,5293,:5293:5295
NCCL:API Group,23628230794,1107512,23381014508,28181,StartEnd,3438,3815,1,0,1,5297,,:5297
NCCL:GroupLaunch,23628230794,1107512,23381018449,23948,StartEnd,3438,3815,1,1,0,5299,5297,:5297:5299
NCCL:API Group,23629339714,1112344,23381221359,19482,StartEnd,3438,3815,1,0,1,5301,,:5301
NCCL:GroupLaunch,23629339714,1112344,23381223914,16786,StartEnd,3438,3815,1,1,0,5303,5301,:5301:5303
NCCL:API Group,23630454554,1108343,23381411769,23295,StartEnd,3438,3815,1,0,1,5305,,:5305
NCCL:GroupLaunch,23630454554,1108343,23381416005,18929,StartEnd,3438,3815,1,1,0,5307,5305,:5305:5307
NCCL:API Group,23631565489,9664,23381553858,18497,StartEnd,3438,3815,1,0,1,5309,,:5309
NCCL:GroupLaunch,23631565489,9664,23381555892,16059,StartEnd,3438,3815,1,1,0,5311,5309,:5309:5311
NCCL:API Group,23631577649,4382687,23382152171,32147,StartEnd,3438,3815,1,0,1,5313,,:5313
NCCL:GroupLaunch,23631577649,4382687,23382156862,27163,StartEnd,3438,3815,1,1,0,5315,5313,:5313:5315
NCCL:API Group,23635962320,4392031,23382606085,30882,StartEnd,3438,3815,1,0,1,5317,,:5317
NCCL:GroupLaunch,23635962320,4392031,23382609933,26540,StartEnd,3438,3815,1,1,0,5319,5317,:5317:5319
NCCL:API Group,23640357135,4386240,23383078576,27683,StartEnd,3438,3815,1,0,1,5321,,:5321
NCCL:GroupLaunch,23640357135,4386240,23383082854,23131,StartEnd,3438,3815,1,1,0,5323,5321,:5321:5323
NCCL:API Group,23644745871,9983,23383259011,19446,StartEnd,3438,3815,1,0,1,5325,,:5325
NCCL:GroupLaunch,23644745871,9983,23383261561,16776,StartEnd,3438,3815,1,1,0,5327,5325,:5325:5327
NCCL:API Group,23644758062,1119224,23383642622,26424,StartEnd,3438,3815,1,0,1,5329,,:5329
NCCL:GroupLaunch,23644758062,1119224,23383645471,20793,StartEnd,3438,3815,1,1,0,5331,5329,:5329:5331
NCCL:API Group,23645879174,1105880,23384621837,27854,StartEnd,3438,3815,1,0,1,5333,,:5333
NCCL:GroupLaunch,23645879174,1105880,23384626684,22626,StartEnd,3438,3815,1,1,0,5335,5333,:5333:5335
NCCL:API Group,23646987934,1110391,23384817094,18707,StartEnd,3438,3815,1,0,1,5337,,:5337
NCCL:GroupLaunch,23646987934,1110391,23384819461,16194,StartEnd,3438,3815,1,1,0,5339,5337,:5337:5339
NCCL:API Group,23648101045,1106200,23385005558,17713,StartEnd,3438,3815,1,0,1,5341,,:5341
NCCL:GroupLaunch,23648101045,1106200,23385007196,15918,StartEnd,3438,3815,1,1,0,5343,5341,:5341:5343
NCCL:API Group,23649210797,9664,23385138485,17175,StartEnd,3438,3815,1,0,1,5345,,:5345
NCCL:GroupLaunch,23649210797,9664,23385140095,15318,StartEnd,3438,3815,1,1,0,5347,5345,:5345:5347
NCCL:API Group,23649222989,4356383,23385723622,29001,StartEnd,3438,3815,1,0,1,5349,,:5349
NCCL:GroupLaunch,23649222989,4356383,23385728146,24063,StartEnd,3438,3815,1,1,0,5351,5349,:5349:5351
NCCL:API Group,23653580972,4373951,23386172962,25074,StartEnd,3438,3815,1,0,1,5353,,:5353
NCCL:GroupLaunch,23653580972,4373951,23386176787,21029,StartEnd,3438,3815,1,1,0,5355,5353,:5353:5355
NCCL:API Group,23657956395,4396192,23386610731,30160,StartEnd,3438,3815,1,0,1,5357,,:5357
NCCL:GroupLaunch,23657956395,4396192,23386614440,25974,StartEnd,3438,3815,1,1,0,5359,5357,:5357:5359
NCCL:API Group,23662354347,9695,23386784413,19661,StartEnd,3438,3815,1,0,1,5361,,:5361
NCCL:GroupLaunch,23662354347,9695,23386787093,16767,StartEnd,3438,3815,1,1,0,5363,5361,:5361:5363
NCCL:API Group,23662366474,1114072,23387150706,23678,StartEnd,3438,3815,1,0,1,5365,,:5365
NCCL:GroupLaunch,23662366474,1114072,23387153087,20630,StartEnd,3438,3815,1,1,0,5367,5365,:5365:5367
NCCL:API Group,23663482338,1112408,23388098219,23930,StartEnd,3438,3815,1,0,1,5369,,:5369
NCCL:GroupLaunch,23663482338,1112408,23388101748,20053,StartEnd,3438,3815,1,1,0,5371,5369,:5369:5371
NCCL:API Group,23664597434,1113079,23388292301,18016,StartEnd,3438,3815,1,0,1,5373,,:5373
NCCL:GroupLaunch,23664597434,1113079,23388294498,15674,StartEnd,3438,3815,1,1,0,5375,5373,:5373:5375
NCCL:API Group,23665713393,1109976,23388476268,16837,StartEnd,3438,3815,1,0,1,5377,,:5377
NCCL:GroupLaunch,23665713393,1109976,23388477837,15132,StartEnd,3438,3815,1,1,0,5379,5377,:5377:5379
NCCL:API Group,23666826441,9504,23388599379,16340,StartEnd,3438,3815,1,0,1,5381,,:5381
NCCL:GroupLaunch,23666826441,9504,23388600795,14743,StartEnd,3438,3815,1,1,0,5383,5381,:5381:5383
NCCL:API Group,23666838633,4367007,23389167964,30055,StartEnd,3438,3815,1,0,1,5385,,:5385
NCCL:GroupLaunch,23666838633,4367007,23389172278,25568,StartEnd,3438,3815,1,1,0,5387,5385,:5385:5387
NCCL:API Group,23671208904,4380703,23389632051,26147,StartEnd,3438,3815,1,0,1,5389,,:5389
NCCL:GroupLaunch,23671208904,4380703,23389635790,22168,StartEnd,3438,3815,1,1,0,5391,5389,:5389:5391
NCCL:API Group,23675591527,4384735,23390115060,33477,StartEnd,3438,3815,1,0,1,5393,,:5393
NCCL:GroupLaunch,23675591527,4384735,23390118981,27561,StartEnd,3438,3815,1,1,0,5395,5393,:5393:5395
NCCL:API Group,23679978182,9728,23390296057,20603,StartEnd,3438,3815,1,0,1,5397,,:5397
NCCL:GroupLaunch,23679978182,9728,23390297852,18652,StartEnd,3438,3815,1,1,0,5399,5397,:5397:5399
NCCL:API Group,23679991206,1111352,23390670106,20735,StartEnd,3438,3815,1,0,1,5401,,:5401
NCCL:GroupLaunch,23679991206,1111352,23390672496,18201,StartEnd,3438,3815,1,1,0,5403,5401,:5401:5403
NCCL:API Group,23681105214,1105912,23391644412,27916,StartEnd,3438,3815,1,0,1,5405,,:5405
NCCL:GroupLaunch,23681105214,1105912,23391648233,23840,StartEnd,3438,3815,1,1,0,5407,5405,:5405:5407
NCCL:API Group,23682214070,1109975,23391846763,19408,StartEnd,3438,3815,1,0,1,5409,,:5409
NCCL:GroupLaunch,23682214070,1109975,23391848747,17131,StartEnd,3438,3815,1,1,0,5411,5409,:5409:5411
NCCL:API Group,23683325965,1108568,23392035936,18799,StartEnd,3438,3815,1,0,1,5413,,:5413
NCCL:GroupLaunch,23683325965,1108568,23392037625,16959,StartEnd,3438,3815,1,1,0,5415,5413,:5413:5415
NCCL:API Group,23684436965,9696,23392172777,17604,StartEnd,3438,3815,1,0,1,5417,,:5417
NCCL:GroupLaunch,23684436965,9696,23392174388,15830,StartEnd,3438,3815,1,1,0,5419,5417,:5417:5419
NCCL:API Group,23684449189,4359071,23392735723,27887,StartEnd,3438,3815,1,0,1,5421,,:5421
NCCL:GroupLaunch,23684449189,4359071,23392739953,23371,StartEnd,3438,3815,1,1,0,5423,5421,:5421:5423
NCCL:API Group,23688811204,4380319,23393185156,26797,StartEnd,3438,3815,1,0,1,5425,,:5425
NCCL:GroupLaunch,23688811204,4380319,23393189131,22559,StartEnd,3438,3815,1,1,0,5427,5425,:5425:5427
NCCL:API Group,23693193763,4383743,23393669449,26133,StartEnd,3438,3815,1,0,1,5429,,:5429
NCCL:GroupLaunch,23693193763,4383743,23393673492,21917,StartEnd,3438,3815,1,1,0,5431,5429,:5429:5431
NCCL:API Group,23697579330,9472,23393862056,21280,StartEnd,3438,3815,1,0,1,5433,,:5433
NCCL:GroupLaunch,23697579330,9472,23393865527,17633,StartEnd,3438,3815,1,1,0,5435,5433,:5433:5435
NCCL:API Group,23697591458,1108440,23394244383,25780,StartEnd,3438,3815,1,0,1,5437,,:5437
NCCL:GroupLaunch,23697591458,1108440,23394246905,23128,StartEnd,3438,3815,1,1,0,5439,5437,:5437:5439
NCCL:API Group,23698702330,1107128,23395220985,26636,StartEnd,3438,3815,1,0,1,5441,,:5441
NCCL:GroupLaunch,23698702330,1107128,23395224493,22948,StartEnd,3438,3815,1,1,0,5443,5441,:5441:5443
NCCL:API Group,23699812306,1111191,23395419573,18835,StartEnd,3438,3815,1,0,1,5445,,:5445
NCCL:GroupLaunch,23699812306,1111191,23395421816,16426,StartEnd,3438,3815,1,1,0,5447,5445,:5445:5447
NCCL:API Group,23700925257,1108696,23395606816,17382,StartEnd,3438,3815,1,0,1,5449,,:5449
NCCL:GroupLaunch,23700925257,1108696,23395608484,15554,StartEnd,3438,3815,1,1,0,5451,5449,:5449:5451
NCCL:API Group,23702037281,9664,23395736670,16896,StartEnd,3438,3815,1,0,1,5453,,:5453
NCCL:GroupLaunch,23702037281,9664,23395738264,15092,StartEnd,3438,3815,1,1,0,5455,5453,:5453:5455
NCCL:API Group,23702049473,4369599,23396298599,30091,StartEnd,3438,3815,1,0,1,5457,,:5457
NCCL:GroupLaunch,23702049473,4369599,23396302833,24124,StartEnd,3438,3815,1,1,0,5459,5457,:5457:5459
NCCL:API Group,23706421760,4386655,23396724810,26729,StartEnd,3438,3815,1,0,1,5461,,:5461
NCCL:GroupLaunch,23706421760,4386655,23396728300,23059,StartEnd,3438,3815,1,1,0,5463,5461,:5461:5463
NCCL:API Group,23710810239,4380255,23397176406,26556,StartEnd,3438,3815,1,0,1,5465,,:5465
NCCL:GroupLaunch,23710810239,4380255,23397179742,22953,StartEnd,3438,3815,1,1,0,5467,5465,:5465:5467
NCCL:API Group,23715192830,9792,23397347739,19317,StartEnd,3438,3815,1,0,1,5469,,:5469
NCCL:GroupLaunch,23715192830,9792,23397349559,17168,StartEnd,3438,3815,1,1,0,5471,5469,:5469:5471
NCCL:API Group,23715204990,1102456,23397720476,22443,StartEnd,3438,3815,1,0,1,5473,,:5473
NCCL:GroupLaunch,23715204990,1102456,23397722870,19859,StartEnd,3438,3815,1,1,0,5475,5473,:5473:5475
NCCL:API Group,23716310870,1108696,23398693585,32842,StartEnd,3438,3815,1,0,1,5477,,:5477
NCCL:GroupLaunch,23716310870,1108696,23398696840,29307,StartEnd,3438,3815,1,1,0,5479,5477,:5477:5479
NCCL:API Group,23717421806,1107671,23398895512,17725,StartEnd,3438,3815,1,0,1,5481,,:5481
NCCL:GroupLaunch,23717421806,1107671,23398897379,15735,StartEnd,3438,3815,1,1,0,5483,5481,:5481:5483
NCCL:API Group,23718531685,1110712,23399080313,17258,StartEnd,3438,3815,1,0,1,5485,,:5485
NCCL:GroupLaunch,23718531685,1110712,23399082037,15365,StartEnd,3438,3815,1,1,0,5487,5485,:5485:5487
NCCL:API Group,23719644701,9632,23399212675,17103,StartEnd,3438,3815,1,0,1,5489,,:5489
NCCL:GroupLaunch,23719644701,9632,23399214187,15377,StartEnd,3438,3815,1,1,0,5491,5489,:5489:5491
NCCL:API Group,23719656861,4350495,23399789859,27151,StartEnd,3438,3815,1,0,1,5493,,:5493
NCCL:GroupLaunch,23719656861,4350495,23399793969,22687,StartEnd,3438,3815,1,1,0,5495,5493,:5493:5495
NCCL:API Group,23724009564,4386367,23400242392,27403,StartEnd,3438,3815,1,0,1,5497,,:5497
NCCL:GroupLaunch,23724009564,4386367,23400246101,23516,StartEnd,3438,3815,1,1,0,5499,5497,:5497:5499
NCCL:API Group,23728398235,4377152,23400707890,26795,StartEnd,3438,3815,1,0,1,5501,,:5501
NCCL:GroupLaunch,23728398235,4377152,23400713033,21381,StartEnd,3438,3815,1,1,0,5503,5501,:5501:5503
NCCL:API Group,23732778811,9568,23400885065,23322,StartEnd,3438,3815,1,0,1,5505,,:5505
NCCL:GroupLaunch,23732778811,9568,23400886895,21300,StartEnd,3438,3815,1,1,0,5507,5505,:5505:5507
NCCL:API Group,23732791002,1112664,23401263722,24708,StartEnd,3438,3815,1,0,1,5509,,:5509
NCCL:GroupLaunch,23732791002,1112664,23401266130,21926,StartEnd,3438,3815,1,1,0,5511,5509,:5509:5511
NCCL:API Group,23733906002,1104248,23402212049,24059,StartEnd,3438,3815,1,0,1,5513,,:5513
NCCL:GroupLaunch,23733906002,1104248,23402215409,20473,StartEnd,3438,3815,1,1,0,5515,5513,:5513:5515
NCCL:API Group,23735011882,1106200,23402401304,19381,StartEnd,3438,3815,1,0,1,5517,,:5517
NCCL:GroupLaunch,23735011882,1106200,23402403371,17190,StartEnd,3438,3815,1,1,0,5519,5517,:5517:5519
NCCL:API Group,23736120738,1104599,23402583515,18949,StartEnd,3438,3815,1,0,1,5521,,:5521
NCCL:GroupLaunch,23736120738,1104599,23402585321,15079,StartEnd,3438,3815,1,1,0,5523,5521,:5521:5523
NCCL:API Group,23737226521,9440,23402718179,16495,StartEnd,3438,3815,1,0,1,5525,,:5525
NCCL:GroupLaunch,23737226521,9440,23402719852,14693,StartEnd,3438,3815,1,1,0,5527,5525,:5525:5527
NCCL:API Group,23737239545,4369439,23403280999,38262,StartEnd,3438,3815,1,0,1,5529,,:5529
NCCL:GroupLaunch,23737239545,4369439,23403295928,23062,StartEnd,3438,3815,1,1,0,5531,5529,:5529:5531
NCCL:API Group,23741611896,4370848,23403833566,26364,StartEnd,3438,3815,1,0,1,5533,,:5533
NCCL:GroupLaunch,23741611896,4370848,23403837378,22072,StartEnd,3438,3815,1,1,0,5535,5533,:5533:5535
NCCL:API Group,23745986200,4380895,23404288282,26593,StartEnd,3438,3815,1,0,1,5537,,:5537
NCCL:GroupLaunch,23745986200,4380895,23404291502,23045,StartEnd,3438,3815,1,1,0,5539,5537,:5537:5539
NCCL:API Group,23750369815,9536,23404455804,18864,StartEnd,3438,3815,1,0,1,5541,,:5541
NCCL:GroupLaunch,23750369815,9536,23404457922,16404,StartEnd,3438,3815,1,1,0,5543,5541,:5541:5543
NCCL:API Group,23750382039,1110647,23404834098,27634,StartEnd,3438,3815,1,0,1,5545,,:5545
NCCL:GroupLaunch,23750382039,1110647,23404841273,20043,StartEnd,3438,3815,1,1,0,5547,5545,:5545:5547
NCCL:API Group,23751494062,1105528,23405819170,28791,StartEnd,3438,3815,1,0,1,5549,,:5549
NCCL:GroupLaunch,23751494062,1105528,23405823340,24081,StartEnd,3438,3815,1,1,0,5551,5549,:5549:5551
NCCL:API Group,23752601894,1111896,23406015055,19460,StartEnd,3438,3815,1,0,1,5553,,:5553
NCCL:GroupLaunch,23752601894,1111896,23406017199,17189,StartEnd,3438,3815,1,1,0,5555,5553,:5553:5555
NCCL:API Group,23753714878,1106711,23406197730,19500,StartEnd,3438,3815,1,0,1,5557,,:5557
NCCL:GroupLaunch,23753714878,1106711,23406199376,17438,StartEnd,3438,3815,1,1,0,5559,5557,:5557:5559
NCCL:API Group,23754824565,9664,23406326445,21892,StartEnd,3438,3815,1,0,1,5561,,:5561
NCCL:GroupLaunch,23754824565,9664,23406330168,18037,StartEnd,3438,3815,1,1,0,5563,5561,:5561:5563
NCCL:API Group,23754836757,4366783,23410133926,29501,StartEnd,3438,3815,1,0,1,5565,,:5565
NCCL:GroupLaunch,23754836757,4366783,23410138516,24547,StartEnd,3438,3815,1,1,0,5567,5565,:5565:5567
NCCL:API Group,23759206964,4366464,23410706718,30453,StartEnd,3438,3815,1,0,1,5569,,:5569
NCCL:GroupLaunch,23759206964,4366464,23410710378,26554,StartEnd,3438,3815,1,1,0,5571,5569,:5569:5571
NCCL:API Group,23763575284,4379871,23411196942,26318,StartEnd,3438,3815,1,0,1,5573,,:5573
NCCL:GroupLaunch,23763575284,4379871,23411200461,22448,StartEnd,3438,3815,1,1,0,5575,5573,:5573:5575
NCCL:API Group,23767957971,9600,23411646829,25318,StartEnd,3438,3815,1,0,1,5577,,:5577
NCCL:GroupLaunch,23767957971,9600,23411649823,21938,StartEnd,3438,3815,1,1,0,5579,5577,:5577:5579
NCCL:API Group,23767970099,1109591,23412070275,22868,StartEnd,3438,3815,1,0,1,5581,,:5581
NCCL:GroupLaunch,23767970099,1109591,23412073170,19844,StartEnd,3438,3815,1,1,0,5583,5581,:5581:5583
NCCL:API Group,23769082026,1120824,23414257845,28665,StartEnd,3438,3815,1,0,1,5585,,:5585
NCCL:GroupLaunch,23769082026,1120824,23414261611,22769,StartEnd,3438,3815,1,1,0,5587,5585,:5585:5587
NCCL:API Group,23770205154,1111352,23414465264,23467,StartEnd,3438,3815,1,0,1,5589,,:5589
NCCL:GroupLaunch,23770205154,1111352,23414471249,17358,StartEnd,3438,3815,1,1,0,5591,5589,:5589:5591
NCCL:API Group,23771320058,1109303,23414657456,20920,StartEnd,3438,3815,1,0,1,5593,,:5593
NCCL:GroupLaunch,23771320058,1109303,23414659214,18907,StartEnd,3438,3815,1,1,0,5595,5593,:5593:5595
NCCL:API Group,23772433009,9632,23415083136,17897,StartEnd,3438,3815,1,0,1,5597,,:5597
NCCL:GroupLaunch,23772433009,9632,23415085197,15618,StartEnd,3438,3815,1,1,0,5599,5597,:5597:5599
NCCL:API Group,23772445201,4359296,23420315671,30651,StartEnd,3438,3815,1,0,1,5601,,:5601
NCCL:GroupLaunch,23772445201,4359296,23420320261,25803,StartEnd,3438,3815,1,1,0,5603,5601,:5601:5603
NCCL:API Group,23776807281,4373567,23421137741,27137,StartEnd,3438,3815,1,0,1,5605,,:5605
NCCL:GroupLaunch,23776807281,4373567,23421141714,22720,StartEnd,3438,3815,1,1,0,5607,5605,:5605:5607
NCCL:API Group,23781183888,4396383,23421601255,27035,StartEnd,3438,3815,1,0,1,5609,,:5609
NCCL:GroupLaunch,23781183888,4396383,23421605192,22956,StartEnd,3438,3815,1,1,0,5611,5609,:5609:5611
NCCL:API Group,23785582703,9856,23421784526,20136,StartEnd,3438,3815,1,0,1,5613,,:5613
NCCL:GroupLaunch,23785582703,9856,23421786427,17698,StartEnd,3438,3815,1,1,0,5615,5613,:5613:5615
NCCL:API Group,23785594895,1109175,23422203086,21473,StartEnd,3438,3815,1,0,1,5617,,:5617
NCCL:GroupLaunch,23785594895,1109175,23422205691,18616,StartEnd,3438,3815,1,1,0,5619,5617,:5617:5619
NCCL:API Group,23786705766,1104216,23424429596,27717,StartEnd,3438,3815,1,0,1,5621,,:5621
NCCL:GroupLaunch,23786705766,1104216,23424435133,21623,StartEnd,3438,3815,1,1,0,5623,5621,:5621:5623
NCCL:API Group,23787812478,1106104,23424624613,19078,StartEnd,3438,3815,1,0,1,5625,,:5625
NCCL:GroupLaunch,23787812478,1106104,23424626340,17068,StartEnd,3438,3815,1,1,0,5627,5625,:5625:5627
NCCL:API Group,23788921302,1108951,23424813960,17787,StartEnd,3438,3815,1,0,1,5629,,:5629
NCCL:GroupLaunch,23788921302,1108951,23424815930,15437,StartEnd,3438,3815,1,1,0,5631,5629,:5629:5631
NCCL:API Group,23790033293,9600,23425259152,17552,StartEnd,3438,3815,1,0,1,5633,,:5633
NCCL:GroupLaunch,23790033293,9600,23425260613,15712,StartEnd,3438,3815,1,1,0,5635,5633,:5633:5635
NCCL:API Group,23790045517,4358208,23430124571,29262,StartEnd,3438,3815,1,0,1,5637,,:5637
NCCL:GroupLaunch,23790045517,4358208,23430129458,23932,StartEnd,3438,3815,1,1,0,5639,5637,:5637:5639
NCCL:API Group,23794405485,4370239,23430685275,26845,StartEnd,3438,3815,1,0,1,5641,,:5641
NCCL:GroupLaunch,23794405485,4370239,23430689039,22871,StartEnd,3438,3815,1,1,0,5643,5641,:5641:5643
NCCL:API Group,23798778892,4397343,23431130037,26670,StartEnd,3438,3815,1,0,1,5645,,:5645
NCCL:GroupLaunch,23798778892,4397343,23431133515,22961,StartEnd,3438,3815,1,1,0,5647,5645,:5645:5647
NCCL:API Group,23803177899,9760,23431304677,20082,StartEnd,3438,3815,1,0,1,5649,,:5649
NCCL:GroupLaunch,23803177899,9760,23431306558,16076,StartEnd,3438,3815,1,1,0,5651,5649,:5649:5651
NCCL:API Group,23803190059,1110039,23432016054,23110,StartEnd,3438,3815,1,0,1,5653,,:5653
NCCL:GroupLaunch,23803190059,1110039,23432018690,20309,StartEnd,3438,3815,1,1,0,5655,5653,:5653:5655
NCCL:API Group,23804302786,1119000,23434201598,26056,StartEnd,3438,3815,1,0,1,5657,,:5657
NCCL:GroupLaunch,23804302786,1119000,23434205273,22141,StartEnd,3438,3815,1,1,0,5659,5657,:5657:5659
NCCL:API Group,23805423962,1113080,23434403370,19702,StartEnd,3438,3815,1,0,1,5661,,:5661
NCCL:GroupLaunch,23805423962,1113080,23434405254,17523,StartEnd,3438,3815,1,1,0,5663,5661,:5661:5663
NCCL:API Group,23806540050,1109079,23434587667,17701,StartEnd,3438,3815,1,0,1,5665,,:5665
NCCL:GroupLaunch,23806540050,1109079,23434589710,15237,StartEnd,3438,3815,1,1,0,5667,5665,:5665:5667
NCCL:API Group,23807650921,9600,23435049244,16529,StartEnd,3438,3815,1,0,1,5669,,:5669
NCCL:GroupLaunch,23807650921,9600,23435051091,14512,StartEnd,3438,3815,1,1,0,5671,5669,:5669:5671
NCCL:API Group,23807663145,4352896,23440281552,31981,StartEnd,3438,3815,1,0,1,5673,,:5673
NCCL:GroupLaunch,23807663145,4352896,23440285892,27404,StartEnd,3438,3815,1,1,0,5675,5673,:5673:5675
NCCL:API Group,23812019177,4376575,23440863536,28417,StartEnd,3438,3815,1,0,1,5677,,:5677
NCCL:GroupLaunch,23812019177,4376575,23440867173,24413,StartEnd,3438,3815,1,1,0,5679,5677,:5677:5679
NCCL:API Group,23816397608,4373407,23441344042,26709,StartEnd,3438,3815,1,0,1,5681,,:5681
NCCL:GroupLaunch,23816397608,4373407,23441347541,22959,StartEnd,3438,3815,1,1,0,5683,5681,:5681:5683
NCCL:API Group,23820773991,9728,23441520874,18272,StartEnd,3438,3815,1,0,1,5685,,:5685
NCCL:GroupLaunch,23820773991,9728,23441522715,16258,StartEnd,3438,3815,1,1,0,5687,5685,:5685:5687
NCCL:API Group,23820787047,1111159,23442168356,22094,StartEnd,3438,3815,1,0,1,5689,,:5689
NCCL:GroupLaunch,23820787047,1111159,23442170947,19228,StartEnd,3438,3815,1,1,0,5691,5689,:5689:5691
NCCL:API Group,23821900254,1105752,23444386201,25115,StartEnd,3438,3815,1,0,1,5693,,:5693
NCCL:GroupLaunch,23821900254,1105752,23444389937,21071,StartEnd,3438,3815,1,1,0,5695,5693,:5693:5695
NCCL:API Group,23823007894,1108184,23444579327,18030,StartEnd,3438,3815,1,0,1,5697,,:5697
NCCL:GroupLaunch,23823007894,1108184,23444581113,16015,StartEnd,3438,3815,1,1,0,5699,5697,:5697:5699
NCCL:API Group,23824118830,1104440,23444763399,16826,StartEnd,3438,3815,1,0,1,5701,,:5701
NCCL:GroupLaunch,23824118830,1104440,23444765292,14639,StartEnd,3438,3815,1,1,0,5703,5701,:5701:5703
NCCL:API Group,23825224614,9791,23445219545,19507,StartEnd,3438,3815,1,0,1,5705,,:5705
NCCL:GroupLaunch,23825224614,9791,23445221521,17413,StartEnd,3438,3815,1,1,0,5707,5705,:5705:5707
NCCL:API Group,23825236805,4363776,23450458444,27923,StartEnd,3438,3815,1,0,1,5709,,:5709
NCCL:GroupLaunch,23825236805,4363776,23450463070,22852,StartEnd,3438,3815,1,1,0,5711,5709,:5709:5711
NCCL:API Group,23829602981,4388511,23451013093,28549,StartEnd,3438,3815,1,0,1,5713,,:5713
NCCL:GroupLaunch,23829602981,4388511,23451016980,22122,StartEnd,3438,3815,1,1,0,5715,5713,:5713:5715
NCCL:API Group,23833992708,4363231,23451467237,25543,StartEnd,3438,3815,1,0,1,5717,,:5717
NCCL:GroupLaunch,23833992708,4363231,23451470787,21480,StartEnd,3438,3815,1,1,0,5719,5717,:5717:5719
NCCL:API Group,23838358787,9664,23451635768,17626,StartEnd,3438,3815,1,0,1,5721,,:5721
NCCL:GroupLaunch,23838358787,9664,23451637730,15552,StartEnd,3438,3815,1,1,0,5723,5721,:5721:5723
NCCL:API Group,23838370915,1109560,23452365955,24004,StartEnd,3438,3815,1,0,1,5725,,:5725
NCCL:GroupLaunch,23838370915,1109560,23452368778,21056,StartEnd,3438,3815,1,1,0,5727,5725,:5725:5727
NCCL:API Group,23839483899,1109655,23454596351,27025,StartEnd,3438,3815,1,0,1,5729,,:5729
NCCL:GroupLaunch,23839483899,1109655,23454600273,22864,StartEnd,3438,3815,1,1,0,5731,5729,:5729:5731
NCCL:API Group,23840595890,1102136,23454792718,24296,StartEnd,3438,3815,1,0,1,5733,,:5733
NCCL:GroupLaunch,23840595890,1102136,23454796031,20030,StartEnd,3438,3815,1,1,0,5735,5733,:5733:5735
NCCL:API Group,23841700650,1111064,23454984871,17096,StartEnd,3438,3815,1,0,1,5737,,:5737
NCCL:GroupLaunch,23841700650,1111064,23454986708,15158,StartEnd,3438,3815,1,1,0,5739,5737,:5737:5739
NCCL:API Group,23842813698,10016,23455430691,16914,StartEnd,3438,3815,1,0,1,5741,,:5741
NCCL:GroupLaunch,23842813698,10016,23455432307,15177,StartEnd,3438,3815,1,1,0,5743,5741,:5741:5743
NCCL:API Group,23842825858,4359967,23460679908,32405,StartEnd,3438,3815,1,0,1,5745,,:5745
NCCL:GroupLaunch,23842825858,4359967,23460684743,27170,StartEnd,3438,3815,1,1,0,5747,5745,:5745:5747
NCCL:API Group,23847187937,4377183,23461241973,26751,StartEnd,3438,3815,1,0,1,5749,,:5749
NCCL:GroupLaunch,23847187937,4377183,23461245583,22765,StartEnd,3438,3815,1,1,0,5751,5749,:5749:5751
NCCL:API Group,23851567264,4359999,23461698075,27002,StartEnd,3438,3815,1,0,1,5753,,:5753
NCCL:GroupLaunch,23851567264,4359999,23461701599,23298,StartEnd,3438,3815,1,1,0,5755,5753,:5753:5755
NCCL:API Group,23855929311,9536,23461880856,19120,StartEnd,3438,3815,1,0,1,5757,,:5757
NCCL:GroupLaunch,23855929311,9536,23461882804,17039,StartEnd,3438,3815,1,1,0,5759,5757,:5757:5759
NCCL:API Group,23855941663,1107832,23462572544,23541,StartEnd,3438,3815,1,0,1,5761,,:5761
NCCL:GroupLaunch,23855941663,1107832,23462575006,20807,StartEnd,3438,3815,1,1,0,5763,5761,:5761:5763
NCCL:API Group,23857051447,1107800,23464809741,29315,StartEnd,3438,3815,1,0,1,5765,,:5765
NCCL:GroupLaunch,23857051447,1107800,23464813575,25225,StartEnd,3438,3815,1,1,0,5767,5765,:5765:5767
NCCL:API Group,23858162383,1107767,23465011122,20146,StartEnd,3438,3815,1,0,1,5769,,:5769
NCCL:GroupLaunch,23858162383,1107767,23465012984,17988,StartEnd,3438,3815,1,1,0,5771,5769,:5769:5771
NCCL:API Group,23859272326,1111512,23465199132,17604,StartEnd,3438,3815,1,0,1,5773,,:5773
NCCL:GroupLaunch,23859272326,1111512,23465201325,15299,StartEnd,3438,3815,1,1,0,5775,5773,:5773:5775
NCCL:API Group,23860385278,9568,23465634385,18953,StartEnd,3438,3815,1,0,1,5777,,:5777
NCCL:GroupLaunch,23860385278,9568,23465636214,15214,StartEnd,3438,3815,1,1,0,5779,5777,:5777:5779
NCCL:API Group,23860397566,4360735,23470692705,29311,StartEnd,3438,3815,1,0,1,5781,,:5781
NCCL:GroupLaunch,23860397566,4360735,23470697526,24018,StartEnd,3438,3815,1,1,0,5783,5781,:5781:5783
NCCL:API Group,23864760317,4389727,23471254288,25779,StartEnd,3438,3815,1,0,1,5785,,:5785
NCCL:GroupLaunch,23864760317,4389727,23471257638,22093,StartEnd,3438,3815,1,1,0,5787,5785,:5785:5787
NCCL:API Group,23869153148,4380095,23471701991,26263,StartEnd,3438,3815,1,0,1,5789,,:5789
NCCL:GroupLaunch,23869153148,4380095,23471705343,22344,StartEnd,3438,3815,1,1,0,5791,5789,:5789:5791
NCCL:API Group,23873535707,9664,23471877807,20968,StartEnd,3438,3815,1,0,1,5793,,:5793
NCCL:GroupLaunch,23873535707,9664,23471881530,16981,StartEnd,3438,3815,1,1,0,5795,5793,:5793:5795
NCCL:API Group,23873547931,1114136,23472590960,21482,StartEnd,3438,3815,1,0,1,5797,,:5797
NCCL:GroupLaunch,23873547931,1114136,23472593809,18436,StartEnd,3438,3815,1,1,0,5799,5797,:5797:5799
NCCL:API Group,23874665011,1106904,23474819594,26421,StartEnd,3438,3815,1,0,1,5801,,:5801
NCCL:GroupLaunch,23874665011,1106904,23474823223,22392,StartEnd,3438,3815,1,1,0,5803,5801,:5801:5803
NCCL:API Group,23875774987,1109527,23475018160,21089,StartEnd,3438,3815,1,0,1,5805,,:5805
NCCL:GroupLaunch,23875774987,1109527,23475020333,18460,StartEnd,3438,3815,1,1,0,5807,5805,:5805:5807
NCCL:API Group,23876885890,1104408,23475207130,19121,StartEnd,3438,3815,1,0,1,5809,,:5809
NCCL:GroupLaunch,23876885890,1104408,23475209534,16583,StartEnd,3438,3815,1,1,0,5811,5809,:5809:5811
NCCL:API Group,23877991674,9824,23475647965,17128,StartEnd,3438,3815,1,0,1,5813,,:5813
NCCL:GroupLaunch,23877991674,9824,23475649669,15268,StartEnd,3438,3815,1,1,0,5815,5813,:5813:5815
NCCL:API Group,23878004698,4369471,23480516157,30725,StartEnd,3438,3815,1,0,1,5817,,:5817
NCCL:GroupLaunch,23878004698,4369471,23480521058,25473,StartEnd,3438,3815,1,1,0,5819,5817,:5817:5819
NCCL:API Group,23882377049,4370623,23481103097,29532,StartEnd,3438,3815,1,0,1,5821,,:5821
NCCL:GroupLaunch,23882377049,4370623,23481109072,23261,StartEnd,3438,3815,1,1,0,5823,5821,:5821:5823
NCCL:API Group,23886749368,4371520,23481567269,26209,StartEnd,3438,3815,1,0,1,5825,,:5825
NCCL:GroupLaunch,23886749368,4371520,23481571255,21998,StartEnd,3438,3815,1,1,0,5827,5825,:5825:5827
NCCL:API Group,23891122744,9599,23481746581,19170,StartEnd,3438,3815,1,0,1,5829,,:5829
NCCL:GroupLaunch,23891122744,9599,23481748877,16582,StartEnd,3438,3815,1,1,0,5831,5829,:5829:5831
NCCL:API Group,23891134935,1112248,23482401122,21999,StartEnd,3438,3815,1,0,1,5833,,:5833
NCCL:GroupLaunch,23891134935,1112248,23482403827,19089,StartEnd,3438,3815,1,1,0,5835,5833,:5833:5835
NCCL:API Group,23892248911,1103448,23484587215,27285,StartEnd,3438,3815,1,0,1,5837,,:5837
NCCL:GroupLaunch,23892248911,1103448,23484590969,23115,StartEnd,3438,3815,1,1,0,5839,5837,:5837:5839
NCCL:API Group,23893353671,1108280,23484788810,21259,StartEnd,3438,3815,1,0,1,5841,,:5841
NCCL:GroupLaunch,23893353671,1108280,23484790807,16876,StartEnd,3438,3815,1,1,0,5843,5841,:5841:5843
NCCL:API Group,23894463615,1108023,23484982676,17504,StartEnd,3438,3815,1,0,1,5845,,:5845
NCCL:GroupLaunch,23894463615,1108023,23484984844,15209,StartEnd,3438,3815,1,1,0,5847,5845,:5845:5847
NCCL:API Group,23895575350,9952,23485428478,18731,StartEnd,3438,3815,1,0,1,5849,,:5849
NCCL:GroupLaunch,23895575350,9952,23485432277,14837,StartEnd,3438,3815,1,1,0,5851,5849,:5849:5851
NCCL:API Group,24005855099,16269223,24005809329,59069,StartEnd,3438,3815,1,0,1,5853,,:5853
NCCL:GroupLaunch,24005855099,16269223,24005819533,48556,StartEnd,3438,3815,1,1,0,5855,5853,:5853:5855
NCCL:API Group,24462688807,5554775,24377648451,164734,StartEnd,3438,3815,1,0,1,5857,,:5857
NCCL:GroupLaunch,24462688807,5554775,24377676446,136227,StartEnd,3438,3815,1,1,0,5859,5857,:5857:5859
NCCL:API Group,24468488477,16383,24378389065,89085,StartEnd,3438,3815,1,0,1,5861,,:5861
NCCL:GroupLaunch,24468488477,16383,24378397745,79794,StartEnd,3438,3815,1,1,0,5863,5861,:5861:5863
NCCL:API Group,24468506556,5611287,24379782587,40197,StartEnd,3438,3815,1,0,1,5865,,:5865
NCCL:GroupLaunch,24468506556,5611287,24379787477,35063,StartEnd,3438,3815,1,1,0,5867,5865,:5865:5867
NCCL:API Group,24474128403,5802390,24380033760,23058,StartEnd,3438,3815,1,0,1,5869,,:5869
NCCL:GroupLaunch,24474128403,5802390,24380038350,17854,StartEnd,3438,3815,1,1,0,5871,5869,:5869:5871
NCCL:API Group,24479936265,5773685,24380269892,19383,StartEnd,3438,3815,1,0,1,5873,,:5873
NCCL:GroupLaunch,24479936265,5773685,24380271937,17203,StartEnd,3438,3815,1,1,0,5875,5873,:5873:5875
NCCL:API Group,24486079932,10400,24380406745,17770,StartEnd,3438,3815,1,0,1,5877,,:5877
NCCL:GroupLaunch,24486079932,10400,24380408592,15724,StartEnd,3438,3815,1,1,0,5879,5877,:5877:5879
NCCL:API Group,24486092028,1935218,24380760721,24986,StartEnd,3438,3815,1,0,1,5881,,:5881
NCCL:GroupLaunch,24486092028,1935218,24380763093,22359,StartEnd,3438,3815,1,1,0,5883,5881,:5881:5883
NCCL:API Group,24488269292,1336310,24382515008,30201,StartEnd,3438,3815,1,0,1,5885,,:5885
NCCL:GroupLaunch,24488269292,1336310,24382519719,25255,StartEnd,3438,3815,1,1,0,5887,5885,:5885:5887
NCCL:API Group,24489636002,1535156,24382783963,20011,StartEnd,3438,3815,1,0,1,5889,,:5889
NCCL:GroupLaunch,24489636002,1535156,24382785962,17775,StartEnd,3438,3815,1,1,0,5891,5889,:5889:5891
NCCL:API Group,24491173046,1495382,24383819688,21328,StartEnd,3438,3815,1,0,1,5893,,:5893
NCCL:GroupLaunch,24491173046,1495382,24383822064,18731,StartEnd,3438,3815,1,1,0,5895,5893,:5893:5895
NCCL:API Group,24493086824,14816,24384986764,19605,StartEnd,3438,3815,1,0,1,5897,,:5897
NCCL:GroupLaunch,24493086824,14816,24384988876,17210,StartEnd,3438,3815,1,1,0,5899,5897,:5897:5899
NCCL:API Group,24493103272,5777782,24387012314,25571,StartEnd,3438,3815,1,0,1,5901,,:5901
NCCL:GroupLaunch,24493103272,5777782,24387015192,22465,StartEnd,3438,3815,1,1,0,5903,5901,:5901:5903
NCCL:API Group,24498982333,5709430,24387222921,28618,StartEnd,3438,3815,1,0,1,5905,,:5905
NCCL:GroupLaunch,24498982333,5709430,24387225111,26196,StartEnd,3438,3815,1,1,0,5907,5905,:5905:5907
NCCL:API Group,24505196912,5607351,24387450599,17701,StartEnd,3438,3815,1,0,1,5909,,:5909
NCCL:GroupLaunch,24505196912,5607351,24387452566,15607,StartEnd,3438,3815,1,1,0,5911,5909,:5909:5911
NCCL:API Group,24510807111,116351,24387582541,17586,StartEnd,3438,3815,1,0,1,5913,,:5913
NCCL:GroupLaunch,24510807111,116351,24387584452,15542,StartEnd,3438,3815,1,1,0,5915,5913,:5913:5915
NCCL:API Group,24511017157,1362774,24387944721,19254,StartEnd,3438,3815,1,0,1,5917,,:5917
NCCL:GroupLaunch,24511017157,1362774,24387946825,16914,StartEnd,3438,3815,1,1,0,5919,5917,:5917:5919
NCCL:API Group,24512382011,1918866,24392514669,28257,StartEnd,3438,3815,1,0,1,5921,,:5921
NCCL:GroupLaunch,24512382011,1918866,24392519020,23637,StartEnd,3438,3815,1,1,0,5923,5921,:5921:5923
NCCL:API Group,24514478924,1339030,24392920360,18580,StartEnd,3438,3815,1,0,1,5925,,:5925
NCCL:GroupLaunch,24514478924,1339030,24392922444,16160,StartEnd,3438,3815,1,1,0,5927,5925,:5925:5927
NCCL:API Group,24516061792,1684148,24393099444,18878,StartEnd,3438,3815,1,0,1,5929,,:5929
NCCL:GroupLaunch,24516061792,1684148,24393101489,16725,StartEnd,3438,3815,1,1,0,5931,5929,:5929:5931
NCCL:API Group,24517992786,9696,24394089517,16691,StartEnd,3438,3815,1,0,1,5933,,:5933
NCCL:GroupLaunch,24517992786,9696,24394091120,14982,StartEnd,3438,3815,1,1,0,5935,5933,:5933:5935
NCCL:API Group,24518004402,5460248,24396877503,26126,StartEnd,3438,3815,1,0,1,5937,,:5937
NCCL:GroupLaunch,24518004402,5460248,24396884175,19186,StartEnd,3438,3815,1,1,0,5939,5937,:5937:5939
NCCL:API Group,24523719560,5723094,24397266382,18904,StartEnd,3438,3815,1,0,1,5941,,:5941
NCCL:GroupLaunch,24523719560,5723094,24397268444,16603,StartEnd,3438,3815,1,1,0,5943,5941,:5941:5943
NCCL:API Group,24529460222,5841269,24397476710,16581,StartEnd,3438,3815,1,0,1,5945,,:5945
NCCL:GroupLaunch,24529460222,5841269,24397478614,14583,StartEnd,3438,3815,1,1,0,5947,5945,:5945:5947
NCCL:API Group,24535689073,10879,24397601568,16491,StartEnd,3438,3815,1,0,1,5949,,:5949
NCCL:GroupLaunch,24535689073,10879,24397603194,14632,StartEnd,3438,3815,1,1,0,5951,5949,:5949:5951
NCCL:API Group,24535701488,1937714,24398099330,19947,StartEnd,3438,3815,1,0,1,5953,,:5953
NCCL:GroupLaunch,24535701488,1937714,24398101776,17256,StartEnd,3438,3815,1,1,0,5955,5953,:5953:5955
NCCL:API Group,24537884416,1350583,24402629371,26960,StartEnd,3438,3815,1,0,1,5957,,:5957
NCCL:GroupLaunch,24537884416,1350583,24402633391,22586,StartEnd,3438,3815,1,1,0,5959,5957,:5957:5959
NCCL:API Group,24539305686,1527157,24402820859,18556,StartEnd,3438,3815,1,0,1,5961,,:5961
NCCL:GroupLaunch,24539305686,1527157,24402823043,16119,StartEnd,3438,3815,1,1,0,5963,5961,:5961:5963
NCCL:API Group,24540856459,1418037,24403181580,18003,StartEnd,3438,3815,1,0,1,5965,,:5965
NCCL:GroupLaunch,24540856459,1418037,24403183751,15724,StartEnd,3438,3815,1,1,0,5967,5965,:5965:5967
NCCL:API Group,24542686365,42912,24403303559,21508,StartEnd,3438,3815,1,0,1,5969,,:5969
NCCL:GroupLaunch,24542686365,42912,24403304997,19654,StartEnd,3438,3815,1,1,0,5971,5969,:5969:5971
NCCL:API Group,24542731645,5757526,24406563524,20174,StartEnd,3438,3815,1,0,1,5973,,:5973
NCCL:GroupLaunch,24542731645,5757526,24406566496,16948,StartEnd,3438,3815,1,1,0,5975,5973,:5973:5975
NCCL:API Group,24548593746,5733238,24407337707,17900,StartEnd,3438,3815,1,0,1,5977,,:5977
NCCL:GroupLaunch,24548593746,5733238,24407339630,15716,StartEnd,3438,3815,1,1,0,5979,5977,:5977:5979
NCCL:API Group,24554830148,5532952,24407542841,16935,StartEnd,3438,3815,1,0,1,5981,,:5981
NCCL:GroupLaunch,24554830148,5532952,24407545001,14655,StartEnd,3438,3815,1,1,0,5983,5981,:5981:5983
NCCL:API Group,24560370844,158047,24407665365,17666,StartEnd,3438,3815,1,0,1,5985,,:5985
NCCL:GroupLaunch,24560370844,158047,24407667148,15773,StartEnd,3438,3815,1,1,0,5987,5985,:5985:5987
NCCL:API Group,24560635002,1361142,24408166850,19990,StartEnd,3438,3815,1,0,1,5989,,:5989
NCCL:GroupLaunch,24560635002,1361142,24408169428,17169,StartEnd,3438,3815,1,1,0,5991,5989,:5989:5991
NCCL:API Group,24561998416,1950514,24412505900,30665,StartEnd,3438,3815,1,0,1,5993,,:5993
NCCL:GroupLaunch,24561998416,1950514,24412511672,24641,StartEnd,3438,3815,1,1,0,5995,5993,:5993:5995
NCCL:API Group,24564088577,1339990,24412701639,17986,StartEnd,3438,3815,1,0,1,5997,,:5997
NCCL:GroupLaunch,24564088577,1339990,24412703636,15872,StartEnd,3438,3815,1,1,0,5999,5997,:5997:5999
NCCL:API Group,24565673237,1712243,24412985247,19017,StartEnd,3438,3815,1,0,1,6001,,:6001
NCCL:GroupLaunch,24565673237,1712243,24412987303,16715,StartEnd,3438,3815,1,1,0,6003,6001,:6001:6003
NCCL:API Group,24567633095,9920,24413115107,19190,StartEnd,3438,3815,1,0,1,6005,,:6005
NCCL:GroupLaunch,24567633095,9920,24413119180,14863,StartEnd,3438,3815,1,1,0,6007,6005,:6005:6007
NCCL:API Group,24567646087,5609463,24416277243,21095,StartEnd,3438,3815,1,0,1,6009,,:6009
NCCL:GroupLaunch,24567646087,5609463,24416279648,18555,StartEnd,3438,3815,1,1,0,6011,6009,:6009:6011
NCCL:API Group,24573345213,5712278,24416758236,17806,StartEnd,3438,3815,1,0,1,6013,,:6013
NCCL:GroupLaunch,24573345213,5712278,24416760229,15535,StartEnd,3438,3815,1,1,0,6015,6013,:6013:6015
NCCL:API Group,24579106291,5811797,24417163677,16706,StartEnd,3438,3815,1,0,1,6017,,:6017
NCCL:GroupLaunch,24579106291,5811797,24417165683,14415,StartEnd,3438,3815,1,1,0,6019,6017,:6017:6019
NCCL:API Group,24585299237,9792,24417286115,16751,StartEnd,3438,3815,1,0,1,6021,,:6021
NCCL:GroupLaunch,24585299237,9792,24417287616,15128,StartEnd,3438,3815,1,1,0,6023,6021,:6021:6023
NCCL:API Group,24585311589,1792179,24417625893,18824,StartEnd,3438,3815,1,0,1,6025,,:6025
NCCL:GroupLaunch,24585311589,1792179,24417628104,16473,StartEnd,3438,3815,1,1,0,6027,6025,:6025:6027
NCCL:API Group,24587349654,1281591,24422171226,28580,StartEnd,3438,3815,1,0,1,6029,,:6029
NCCL:GroupLaunch,24587349654,1281591,24422175449,23948,StartEnd,3438,3815,1,1,0,6031,6029,:6029:6031
NCCL:API Group,24588678701,1593908,24422357427,22222,StartEnd,3438,3815,1,0,1,6033,,:6033
NCCL:GroupLaunch,24588678701,1593908,24422359403,20117,StartEnd,3438,3815,1,1,0,6035,6033,:6033:6035
NCCL:API Group,24590342304,1525109,24422534010,18429,StartEnd,3438,3815,1,0,1,6037,,:6037
NCCL:GroupLaunch,24590342304,1525109,24422535954,16361,StartEnd,3438,3815,1,1,0,6039,6037,:6037:6039
NCCL:API Group,24592286386,38656,24422751422,16538,StartEnd,3438,3815,1,0,1,6041,,:6041
NCCL:GroupLaunch,24592286386,38656,24422752828,15010,StartEnd,3438,3815,1,1,0,6043,6041,:6041:6043
NCCL:API Group,24592327250,5762742,24425936354,26311,StartEnd,3438,3815,1,0,1,6045,,:6045
NCCL:GroupLaunch,24592327250,5762742,24425942600,19741,StartEnd,3438,3815,1,1,0,6047,6045,:6045:6047
NCCL:API Group,24598195303,5712502,24426139983,20125,StartEnd,3438,3815,1,0,1,6049,,:6049
NCCL:GroupLaunch,24598195303,5712502,24426142756,16978,StartEnd,3438,3815,1,1,0,6051,6049,:6049:6051
NCCL:API Group,24604423673,5680919,24426824712,17765,StartEnd,3438,3815,1,0,1,6053,,:6053
NCCL:GroupLaunch,24604423673,5680919,24426827099,15174,StartEnd,3438,3815,1,1,0,6055,6053,:6053:6055
NCCL:API Group,24610267247,69055,24426952123,21879,StartEnd,3438,3815,1,0,1,6057,,:6057
NCCL:GroupLaunch,24610267247,69055,24426953670,20145,StartEnd,3438,3815,1,1,0,6059,6057,:6057:6059
NCCL:API Group,24610465933,1377494,24427281878,21520,StartEnd,3438,3815,1,0,1,6061,,:6061
NCCL:GroupLaunch,24610465933,1377494,24427284691,18557,StartEnd,3438,3815,1,1,0,6063,6061,:6061:6063
NCCL:API Group,24612428575,1650036,24431861531,25256,StartEnd,3438,3815,1,0,1,6065,,:6065
NCCL:GroupLaunch,24612428575,1650036,24431865461,21026,StartEnd,3438,3815,1,1,0,6067,6065,:6065:6067
NCCL:API Group,24614466608,1298166,24432043930,18412,StartEnd,3438,3815,1,0,1,6069,,:6069
NCCL:GroupLaunch,24614466608,1298166,24432046022,16100,StartEnd,3438,3815,1,1,0,6071,6069,:6069:6071
NCCL:API Group,24615774662,1529013,24432214582,22728,StartEnd,3438,3815,1,0,1,6073,,:6073
NCCL:GroupLaunch,24615774662,1529013,24432220918,16183,StartEnd,3438,3815,1,1,0,6075,6073,:6073:6075
NCCL:API Group,24617525465,10208,24432344915,16339,StartEnd,3438,3815,1,0,1,6077,,:6077
NCCL:GroupLaunch,24617525465,10208,24432346365,14629,StartEnd,3438,3815,1,1,0,6079,6077,:6077:6079
NCCL:API Group,24617538937,5521816,24434665589,22898,StartEnd,3438,3815,1,0,1,6081,,:6081
NCCL:GroupLaunch,24617538937,5521816,24434668451,19742,StartEnd,3438,3815,1,1,0,6083,6081,:6081:6083
NCCL:API Group,24623126640,5584567,24435697639,18234,StartEnd,3438,3815,1,0,1,6085,,:6085
NCCL:GroupLaunch,24623126640,5584567,24435699540,16218,StartEnd,3438,3815,1,1,0,6087,6085,:6085:6087
NCCL:API Group,24628761191,5923157,24436488367,17521,StartEnd,3438,3815,1,0,1,6089,,:6089
NCCL:GroupLaunch,24628761191,5923157,24436490389,15388,StartEnd,3438,3815,1,1,0,6091,6089,:6089:6091
NCCL:API Group,24635073817,9952,24436612544,16010,StartEnd,3438,3815,1,0,1,6093,,:6093
NCCL:GroupLaunch,24635073817,9952,24436613911,14389,StartEnd,3438,3815,1,1,0,6095,6093,:6093:6095
NCCL:API Group,24635086681,1709395,24436929218,23841,StartEnd,3438,3815,1,0,1,6097,,:6097
NCCL:GroupLaunch,24635086681,1709395,24436931464,21395,StartEnd,3438,3815,1,1,0,6099,6097,:6097:6099
NCCL:API Group,24637102634,1269367,24441557161,24281,StartEnd,3438,3815,1,0,1,6101,,:6101
NCCL:GroupLaunch,24637102634,1269367,24441560894,20399,StartEnd,3438,3815,1,1,0,6103,6101,:6101:6103
NCCL:API Group,24638449056,1591221,24441733274,22082,StartEnd,3438,3815,1,0,1,6105,,:6105
NCCL:GroupLaunch,24638449056,1591221,24441735291,19958,StartEnd,3438,3815,1,1,0,6107,6105,:6105:6107
NCCL:API Group,24640106612,1394742,24441916900,25645,StartEnd,3438,3815,1,0,1,6109,,:6109
NCCL:GroupLaunch,24640106612,1394742,24441918887,23526,StartEnd,3438,3815,1,1,0,6111,6109,:6109:6111
NCCL:API Group,24642059462,14336,24442055217,17401,StartEnd,3438,3815,1,0,1,6113,,:6113
NCCL:GroupLaunch,24642059462,14336,24442057142,15210,StartEnd,3438,3815,1,1,0,6115,6113,:6113:6115
NCCL:API Group,24642075718,5731958,24443329064,21100,StartEnd,3438,3815,1,0,1,6117,,:6117
NCCL:GroupLaunch,24642075718,5731958,24443331724,18174,StartEnd,3438,3815,1,1,0,6119,6117,:6117:6119
NCCL:API Group,24647965499,5756373,24445378394,17217,StartEnd,3438,3815,1,0,1,6121,,:6121
NCCL:GroupLaunch,24647965499,5756373,24445380281,15121,StartEnd,3438,3815,1,1,0,6123,6121,:6121:6123
NCCL:API Group,24654175021,5583319,24445698123,17254,StartEnd,3438,3815,1,0,1,6125,,:6125
NCCL:GroupLaunch,24654175021,5583319,24445700363,14778,StartEnd,3438,3815,1,1,0,6127,6125,:6125:6127
NCCL:API Group,24659763396,16992,24446244747,15992,StartEnd,3438,3815,1,0,1,6129,,:6129
NCCL:GroupLaunch,24659763396,16992,24446246309,14113,StartEnd,3438,3815,1,1,0,6131,6129,:6129:6131
NCCL:API Group,24659782180,1403606,24446553190,18994,StartEnd,3438,3815,1,0,1,6133,,:6133
NCCL:GroupLaunch,24659782180,1403606,24446555579,16363,StartEnd,3438,3815,1,1,0,6135,6133,:6133:6135
NCCL:API Group,24661324601,1893170,24451238782,25591,StartEnd,3438,3815,1,0,1,6137,,:6137
NCCL:GroupLaunch,24661324601,1893170,24451242835,21292,StartEnd,3438,3815,1,1,0,6139,6137,:6137:6139
NCCL:API Group,24663455433,1350710,24451418371,25411,StartEnd,3438,3815,1,0,1,6141,,:6141
NCCL:GroupLaunch,24663455433,1350710,24451425272,18144,StartEnd,3438,3815,1,1,0,6143,6141,:6141:6143
NCCL:API Group,24665050333,1595061,24451601738,17032,StartEnd,3438,3815,1,0,1,6145,,:6145
NCCL:GroupLaunch,24665050333,1595061,24451603885,14735,StartEnd,3438,3815,1,1,0,6147,6145,:6145:6147
NCCL:API Group,24666928816,10112,24451727675,19576,StartEnd,3438,3815,1,0,1,6149,,:6149
NCCL:GroupLaunch,24666928816,10112,24451729143,17861,StartEnd,3438,3815,1,1,0,6151,6149,:6149:6151
NCCL:API Group,24666940176,5783797,24452983821,20065,StartEnd,3438,3815,1,0,1,6153,,:6153
NCCL:GroupLaunch,24666940176,5783797,24452986218,17469,StartEnd,3438,3815,1,1,0,6155,6153,:6153:6155
NCCL:API Group,24672726725,5575639,24454121446,16939,StartEnd,3438,3815,1,0,1,6157,,:6157
NCCL:GroupLaunch,24672726725,5575639,24454123786,14343,StartEnd,3438,3815,1,1,0,6159,6157,:6157:6159
NCCL:API Group,24678379100,5825493,24455189812,22113,StartEnd,3438,3815,1,0,1,6161,,:6161
NCCL:GroupLaunch,24678379100,5825493,24455191801,19972,StartEnd,3438,3815,1,1,0,6163,6161,:6161:6163
NCCL:API Group,24684703054,11583,24455686059,19318,StartEnd,3438,3815,1,0,1,6165,,:6165
NCCL:GroupLaunch,24684703054,11583,24455688073,17211,StartEnd,3438,3815,1,1,0,6167,6165,:6165:6167
NCCL:API Group,24684717165,1686004,24456206505,18482,StartEnd,3438,3815,1,0,1,6169,,:6169
NCCL:GroupLaunch,24684717165,1686004,24456208667,16095,StartEnd,3438,3815,1,1,0,6171,6169,:6169:6171
NCCL:API Group,24686745343,1263254,24462733257,31711,StartEnd,3438,3815,1,0,1,6173,,:6173
NCCL:GroupLaunch,24686745343,1263254,24462741128,23398,StartEnd,3438,3815,1,1,0,6175,6173,:6173:6175
NCCL:API Group,24688010133,1572853,24462928781,20481,StartEnd,3438,3815,1,0,1,6177,,:6177
NCCL:GroupLaunch,24688010133,1572853,24462931257,17774,StartEnd,3438,3815,1,1,0,6179,6177,:6177:6179
NCCL:API Group,24689722281,1405589,24463102368,17007,StartEnd,3438,3815,1,0,1,6181,,:6181
NCCL:GroupLaunch,24689722281,1405589,24463103989,15266,StartEnd,3438,3815,1,1,0,6183,6181,:6181:6183
NCCL:API Group,24691692346,14144,24463615980,17301,StartEnd,3438,3815,1,0,1,6185,,:6185
NCCL:GroupLaunch,24691692346,14144,24463617629,15429,StartEnd,3438,3815,1,1,0,6187,6185,:6185:6187
NCCL:API Group,24691708474,5664247,24468608583,28457,StartEnd,3438,3815,1,0,1,6189,,:6189
NCCL:GroupLaunch,24691708474,5664247,24468611541,25232,StartEnd,3438,3815,1,1,0,6191,6189,:6189:6191
NCCL:API Group,24697377073,5594167,24468963519,16710,StartEnd,3438,3815,1,0,1,6193,,:6193
NCCL:GroupLaunch,24697377073,5594167,24468965637,14462,StartEnd,3438,3815,1,1,0,6195,6193,:6193:6195
NCCL:API Group,24703024039,5243514,24469170240,17445,StartEnd,3438,3815,1,0,1,6197,,:6197
NCCL:GroupLaunch,24703024039,5243514,24469172004,15551,StartEnd,3438,3815,1,1,0,6199,6197,:6197:6199
NCCL:API Group,24708328801,465436,24469296790,15948,StartEnd,3438,3815,1,0,1,6201,,:6201
NCCL:GroupLaunch,24708328801,465436,24469298232,14264,StartEnd,3438,3815,1,1,0,6203,6201,:6201:6203
NCCL:API Group,24708797565,1564629,24470488335,28173,StartEnd,3438,3815,1,0,1,6205,,:6205
NCCL:GroupLaunch,24708797565,1564629,24470495087,21180,StartEnd,3438,3815,1,1,0,6207,6205,:6205:6207
NCCL:API Group,24710428881,1535509,24472681280,24140,StartEnd,3438,3815,1,0,1,6209,,:6209
NCCL:GroupLaunch,24710428881,1535509,24472684976,20321,StartEnd,3438,3815,1,1,0,6211,6209,:6209:6211
NCCL:API Group,24712612929,1422710,24472862057,17678,StartEnd,3438,3815,1,0,1,6213,,:6213
NCCL:GroupLaunch,24712612929,1422710,24472863979,15647,StartEnd,3438,3815,1,1,0,6215,6213,:6213:6215
NCCL:API Group,24714499027,1769011,24473036948,17261,StartEnd,3438,3815,1,0,1,6217,,:6217
NCCL:GroupLaunch,24714499027,1769011,24473038509,15472,StartEnd,3438,3815,1,1,0,6219,6217,:6217:6219
NCCL:API Group,24716536740,10432,24473518929,16514,StartEnd,3438,3815,1,0,1,6221,,:6221
NCCL:GroupLaunch,24716536740,10432,24473520440,14789,StartEnd,3438,3815,1,1,0,6223,6221,:6221:6223
NCCL:API Group,24716548356,5332793,24478671214,29346,StartEnd,3438,3815,1,0,1,6225,,:6225
NCCL:GroupLaunch,24716548356,5332793,24478677982,22380,StartEnd,3438,3815,1,1,0,6227,6225,:6225:6227
NCCL:API Group,24722321242,5549975,24479031390,22305,StartEnd,3438,3815,1,0,1,6229,,:6229
NCCL:GroupLaunch,24722321242,5549975,24479034235,19370,StartEnd,3438,3815,1,1,0,6231,6229,:6229:6231
NCCL:API Group,24727873425,5706615,24479244722,17825,StartEnd,3438,3815,1,0,1,6233,,:6233
NCCL:GroupLaunch,24727873425,5706615,24479246929,15494,StartEnd,3438,3815,1,1,0,6235,6233,:6233:6235
NCCL:API Group,24733646151,142431,24479370919,19236,StartEnd,3438,3815,1,0,1,6237,,:6237
NCCL:GroupLaunch,24733646151,142431,24479374877,15013,StartEnd,3438,3815,1,1,0,6239,6237,:6237:6239
NCCL:API Group,24733790758,1574261,24480563350,22262,StartEnd,3438,3815,1,0,1,6241,,:6241
NCCL:GroupLaunch,24733790758,1574261,24480566012,19397,StartEnd,3438,3815,1,1,0,6243,6241,:6241:6243
NCCL:API Group,24735870231,1177975,24482738898,23699,StartEnd,3438,3815,1,0,1,6245,,:6245
NCCL:GroupLaunch,24735870231,1177975,24482742510,19890,StartEnd,3438,3815,1,1,0,6247,6245,:6245:6247
NCCL:API Group,24737182317,1462230,24482920766,19149,StartEnd,3438,3815,1,0,1,6249,,:6249
NCCL:GroupLaunch,24737182317,1462230,24482922937,16854,StartEnd,3438,3815,1,1,0,6251,6249,:6249:6251
NCCL:API Group,24738647619,1577204,24483093715,18285,StartEnd,3438,3815,1,0,1,6253,,:6253
NCCL:GroupLaunch,24738647619,1577204,24483095300,16501,StartEnd,3438,3815,1,1,0,6255,6253,:6253:6255
NCCL:API Group,24740283767,491772,24483574466,18060,StartEnd,3438,3815,1,0,1,6257,,:6257
NCCL:GroupLaunch,24740283767,491772,24483576053,16202,StartEnd,3438,3815,1,1,0,6259,6257,:6257:6259
NCCL:API Group,24740776979,5608407,24488387472,23485,StartEnd,3438,3815,1,0,1,6261,,:6261
NCCL:GroupLaunch,24740776979,5608407,24488390073,20647,StartEnd,3438,3815,1,1,0,6263,6261,:6261:6263
NCCL:API Group,24746640488,5291993,24488735515,18458,StartEnd,3438,3815,1,0,1,6265,,:6265
NCCL:GroupLaunch,24746640488,5291993,24488737542,16205,StartEnd,3438,3815,1,1,0,6267,6265,:6265:6267
NCCL:API Group,24752335710,5595927,24488938149,21910,StartEnd,3438,3815,1,0,1,6269,,:6269
NCCL:GroupLaunch,24752335710,5595927,24488939810,20123,StartEnd,3438,3815,1,1,0,6271,6269,:6269:6271
NCCL:API Group,24757982805,13376,24489068173,15752,StartEnd,3438,3815,1,0,1,6273,,:6273
NCCL:GroupLaunch,24757982805,13376,24489069928,13791,StartEnd,3438,3815,1,1,0,6275,6273,:6273:6275
NCCL:API Group,24758087892,1567637,24490261110,20178,StartEnd,3438,3815,1,0,1,6277,,:6277
NCCL:GroupLaunch,24758087892,1567637,24490263758,17278,StartEnd,3438,3815,1,1,0,6279,6277,:6277:6279
NCCL:API Group,24759665225,1416181,24492446475,26345,StartEnd,3438,3815,1,0,1,6281,,:6281
NCCL:GroupLaunch,24759665225,1416181,24492450508,22192,StartEnd,3438,3815,1,1,0,6283,6281,:6281:6283
NCCL:API Group,24761606970,1644180,24492628593,18141,StartEnd,3438,3815,1,0,1,6285,,:6285
NCCL:GroupLaunch,24761606970,1644180,24492630622,15905,StartEnd,3438,3815,1,1,0,6287,6285,:6285:6287
NCCL:API Group,24763647660,1295062,24492801459,22443,StartEnd,3438,3815,1,0,1,6289,,:6289
NCCL:GroupLaunch,24763647660,1295062,24492803312,20222,StartEnd,3438,3815,1,1,0,6291,6289,:6289:6291
NCCL:API Group,24764961218,60191,24493279407,17711,StartEnd,3438,3815,1,0,1,6293,,:6293
NCCL:GroupLaunch,24764961218,60191,24493281400,15462,StartEnd,3438,3815,1,1,0,6295,6293,:6293:6295
NCCL:API Group,24765038401,5708951,24498444199,20560,StartEnd,3438,3815,1,0,1,6297,,:6297
NCCL:GroupLaunch,24765038401,5708951,24498446848,17752,StartEnd,3438,3815,1,1,0,6299,6297,:6297:6299
NCCL:API Group,24770812695,5944501,24498820673,19196,StartEnd,3438,3815,1,0,1,6301,,:6301
NCCL:GroupLaunch,24770812695,5944501,24498822826,16910,StartEnd,3438,3815,1,1,0,6303,6301,:6301:6303
NCCL:API Group,24776804811,12543748,24499058679,26351,StartEnd,3438,3815,1,0,1,6305,,:6305
NCCL:GroupLaunch,24776804811,12543748,24499060385,24438,StartEnd,3438,3815,1,1,0,6307,6305,:6305:6307
NCCL:API Group,24789449711,16320,24499203380,18956,StartEnd,3438,3815,1,0,1,6309,,:6309
NCCL:GroupLaunch,24789449711,16320,24499206546,15535,StartEnd,3438,3815,1,1,0,6311,6309,:6309:6311
NCCL:API Group,24789469166,1098552,24500325276,20489,StartEnd,3438,3815,1,0,1,6313,,:6313
NCCL:GroupLaunch,24789469166,1098552,24500327944,17617,StartEnd,3438,3815,1,1,0,6315,6313,:6313:6315
NCCL:API Group,24790577350,1095384,24502506163,26529,StartEnd,3438,3815,1,0,1,6317,,:6317
NCCL:GroupLaunch,24790577350,1095384,24502510162,22405,StartEnd,3438,3815,1,1,0,6319,6317,:6317:6319
NCCL:API Group,24791683230,1092152,24502690322,20341,StartEnd,3438,3815,1,0,1,6321,,:6321
NCCL:GroupLaunch,24791683230,1092152,24502692678,17886,StartEnd,3438,3815,1,1,0,6323,6321,:6321:6323
NCCL:API Group,24792784822,1087128,24502867070,17722,StartEnd,3438,3815,1,0,1,6325,,:6325
NCCL:GroupLaunch,24792784822,1087128,24502869116,15433,StartEnd,3438,3815,1,1,0,6327,6325,:6325:6327
NCCL:API Group,24793880558,10816,24503348564,18285,StartEnd,3438,3815,1,0,1,6329,,:6329
NCCL:GroupLaunch,24793880558,10816,24503350391,16202,StartEnd,3438,3815,1,1,0,6331,6329,:6329:6331
NCCL:API Group,24793894126,4318432,24508513271,18995,StartEnd,3438,3815,1,0,1,6333,,:6333
NCCL:GroupLaunch,24793894126,4318432,24508515693,16429,StartEnd,3438,3815,1,1,0,6335,6333,:6333:6335
NCCL:API Group,24798246990,4331073,24508868635,17816,StartEnd,3438,3815,1,0,1,6337,,:6337
NCCL:GroupLaunch,24798246990,4331073,24508870687,15664,StartEnd,3438,3815,1,1,0,6339,6337,:6337:6339
NCCL:API Group,24802616014,4336768,24509068882,16910,StartEnd,3438,3815,1,0,1,6341,,:6341
NCCL:GroupLaunch,24802616014,4336768,24509070416,15255,StartEnd,3438,3815,1,1,0,6343,6341,:6341:6343
NCCL:API Group,24806990734,13024,24509193056,16123,StartEnd,3438,3815,1,0,1,6345,,:6345
NCCL:GroupLaunch,24806990734,13024,24509194590,14321,StartEnd,3438,3815,1,1,0,6347,6345,:6345:6347
NCCL:API Group,24807007150,1105272,24510387714,23924,StartEnd,3438,3815,1,0,1,6349,,:6349
NCCL:GroupLaunch,24807007150,1105272,24510390073,21230,StartEnd,3438,3815,1,1,0,6351,6349,:6349:6351
NCCL:API Group,24808122790,1099160,24512575610,27897,StartEnd,3438,3815,1,0,1,6353,,:6353
NCCL:GroupLaunch,24808122790,1099160,24512579417,23953,StartEnd,3438,3815,1,1,0,6355,6353,:6353:6355
NCCL:API Group,24809231742,1103736,24512751816,16909,StartEnd,3438,3815,1,0,1,6357,,:6357
NCCL:GroupLaunch,24809231742,1103736,24512753808,14830,StartEnd,3438,3815,1,1,0,6359,6357,:6357:6359
NCCL:API Group,24810345558,1100984,24512920392,16851,StartEnd,3438,3815,1,0,1,6361,,:6361
NCCL:GroupLaunch,24810345558,1100984,24512921904,14926,StartEnd,3438,3815,1,1,0,6363,6361,:6361:6363
NCCL:API Group,24811456493,10848,24513415580,15650,StartEnd,3438,3815,1,0,1,6365,,:6365
NCCL:GroupLaunch,24811456493,10848,24513417286,13851,StartEnd,3438,3815,1,1,0,6367,6365,:6365:6367
NCCL:API Group,24811469869,4340513,24518228567,23699,StartEnd,3438,3815,1,0,1,6369,,:6369
NCCL:GroupLaunch,24811469869,4340513,24518231500,20559,StartEnd,3438,3815,1,1,0,6371,6369,:6369:6371
NCCL:API Group,24815846893,4316129,24518569308,17798,StartEnd,3438,3815,1,0,1,6373,,:6373
NCCL:GroupLaunch,24815846893,4316129,24518571307,15676,StartEnd,3438,3815,1,1,0,6375,6373,:6373:6375
NCCL:API Group,24820199885,4363841,24518782916,20088,StartEnd,3438,3815,1,0,1,6377,,:6377
NCCL:GroupLaunch,24820199885,4363841,24518786362,16515,StartEnd,3438,3815,1,1,0,6379,6377,:6377:6379
NCCL:API Group,24824599501,14880,24518913834,17596,StartEnd,3438,3815,1,0,1,6381,,:6381
NCCL:GroupLaunch,24824599501,14880,24518915353,15761,StartEnd,3438,3815,1,1,0,6383,6381,:6381:6383
NCCL:API Group,24824617645,1111288,24520080217,18658,StartEnd,3438,3815,1,0,1,6385,,:6385
NCCL:GroupLaunch,24824617645,1111288,24520082543,16198,StartEnd,3438,3815,1,1,0,6387,6385,:6385:6387
NCCL:API Group,24825738565,1166071,24522272956,29693,StartEnd,3438,3815,1,0,1,6389,,:6389
NCCL:GroupLaunch,24825738565,1166071,24522276748,25755,StartEnd,3438,3815,1,1,0,6391,6389,:6389:6391
NCCL:API Group,24826913820,1181688,24522455573,17044,StartEnd,3438,3815,1,0,1,6393,,:6393
NCCL:GroupLaunch,24826913820,1181688,24522457495,14995,StartEnd,3438,3815,1,1,0,6395,6393,:6393:6395
NCCL:API Group,24828104788,1113175,24522624782,17258,StartEnd,3438,3815,1,0,1,6397,,:6397
NCCL:GroupLaunch,24828104788,1113175,24522626258,15396,StartEnd,3438,3815,1,1,0,6399,6397,:6397:6399
NCCL:API Group,24829226795,10112,24523114410,15441,StartEnd,3438,3815,1,0,1,6401,,:6401
NCCL:GroupLaunch,24829226795,10112,24523116005,13630,StartEnd,3438,3815,1,1,0,6403,6401,:6401:6403
NCCL:API Group,24829240203,4377344,24528278124,25420,StartEnd,3438,3815,1,0,1,6405,,:6405
NCCL:GroupLaunch,24829240203,4377344,24528284987,18389,StartEnd,3438,3815,1,1,0,6407,6405,:6405:6407
NCCL:API Group,24833653899,4572415,24528627899,19431,StartEnd,3438,3815,1,0,1,6409,,:6409
NCCL:GroupLaunch,24833653899,4572415,24528631612,15543,StartEnd,3438,3815,1,1,0,6411,6409,:6409:6411
NCCL:API Group,24838263657,4320481,24528829833,16305,StartEnd,3438,3815,1,0,1,6413,,:6413
NCCL:GroupLaunch,24838263657,4320481,24528831424,14577,StartEnd,3438,3815,1,1,0,6415,6413,:6413:6415
NCCL:API Group,24842619465,13184,24528949535,20642,StartEnd,3438,3815,1,0,1,6417,,:6417
NCCL:GroupLaunch,24842619465,13184,24528950966,19024,StartEnd,3438,3815,1,1,0,6419,6417,:6417:6419
NCCL:API Group,24842634793,1112152,24530144919,18454,StartEnd,3438,3815,1,0,1,6421,,:6421
NCCL:GroupLaunch,24842634793,1112152,24530147239,16007,StartEnd,3438,3815,1,1,0,6423,6421,:6421:6423
NCCL:API Group,24843757569,1105784,24532350547,32878,StartEnd,3438,3815,1,0,1,6425,,:6425
NCCL:GroupLaunch,24843757569,1105784,24532354231,28872,StartEnd,3438,3815,1,1,0,6427,6425,:6425:6427
NCCL:API Group,24844873657,1100120,24532551805,16968,StartEnd,3438,3815,1,0,1,6429,,:6429
NCCL:GroupLaunch,24844873657,1100120,24532553736,14827,StartEnd,3438,3815,1,1,0,6431,6429,:6429:6431
NCCL:API Group,24845983537,1104536,24532717373,17100,StartEnd,3438,3815,1,0,1,6433,,:6433
NCCL:GroupLaunch,24845983537,1104536,24532718823,15249,StartEnd,3438,3815,1,1,0,6435,6433,:6433:6435
NCCL:API Group,24847098889,9535,24533178560,15828,StartEnd,3438,3815,1,0,1,6437,,:6437
NCCL:GroupLaunch,24847098889,9535,24533180207,13975,StartEnd,3438,3815,1,1,0,6439,6437,:6437:6439
NCCL:API Group,24847111784,4376096,24538000414,21239,StartEnd,3438,3815,1,0,1,6441,,:6441
NCCL:GroupLaunch,24847111784,4376096,24538003125,18435,StartEnd,3438,3815,1,1,0,6443,6441,:6441:6443
NCCL:API Group,24851524232,4355424,24538343199,19624,StartEnd,3438,3815,1,0,1,6445,,:6445
NCCL:GroupLaunch,24851524232,4355424,24538345054,17547,StartEnd,3438,3815,1,1,0,6447,6445,:6445:6447
NCCL:API Group,24855916264,4362112,24538548350,16526,StartEnd,3438,3815,1,0,1,6449,,:6449
NCCL:GroupLaunch,24855916264,4362112,24538549924,14610,StartEnd,3438,3815,1,1,0,6451,6449,:6449:6451
NCCL:API Group,24860314856,12608,24538677478,15754,StartEnd,3438,3815,1,0,1,6453,,:6453
NCCL:GroupLaunch,24860314856,12608,24538679184,13828,StartEnd,3438,3815,1,1,0,6455,6453,:6453:6455
NCCL:API Group,24860329864,1111576,24539864347,19641,StartEnd,3438,3815,1,0,1,6457,,:6457
NCCL:GroupLaunch,24860329864,1111576,24539866519,17239,StartEnd,3438,3815,1,1,0,6459,6457,:6457:6459
NCCL:API Group,24861452095,1104952,24542059205,27416,StartEnd,3438,3815,1,0,1,6461,,:6461
NCCL:GroupLaunch,24861452095,1104952,24542063256,23187,StartEnd,3438,3815,1,1,0,6463,6461,:6461:6463
NCCL:API Group,24862566295,1093112,24542249168,25073,StartEnd,3438,3815,1,0,1,6465,,:6465
NCCL:GroupLaunch,24862566295,1093112,24542251109,22887,StartEnd,3438,3815,1,1,0,6467,6465,:6465:6467
NCCL:API Group,24863669199,1109272,24542434329,18464,StartEnd,3438,3815,1,0,1,6469,,:6469
NCCL:GroupLaunch,24863669199,1109272,24542436290,16050,StartEnd,3438,3815,1,1,0,6471,6469,:6469:6471
NCCL:API Group,24864789479,9312,24542879980,17421,StartEnd,3438,3815,1,0,1,6473,,:6473
NCCL:GroupLaunch,24864789479,9312,24542881985,15212,StartEnd,3438,3815,1,1,0,6475,6473,:6473:6475
NCCL:API Group,24864800199,4362048,24548063679,20010,StartEnd,3438,3815,1,0,1,6477,,:6477
NCCL:GroupLaunch,24864800199,4362048,24548066399,17098,StartEnd,3438,3815,1,1,0,6479,6477,:6477:6479
NCCL:API Group,24869199463,4326048,24548410165,19314,StartEnd,3438,3815,1,0,1,6481,,:6481
NCCL:GroupLaunch,24869199463,4326048,24548411727,17515,StartEnd,3438,3815,1,1,0,6483,6481,:6481:6483
NCCL:API Group,24873562887,4329184,24548613388,18414,StartEnd,3438,3815,1,0,1,6485,,:6485
NCCL:GroupLaunch,24873562887,4329184,24548615332,16166,StartEnd,3438,3815,1,1,0,6487,6485,:6485:6487
NCCL:API Group,24877928423,13248,24548734651,15772,StartEnd,3438,3815,1,0,1,6489,,:6489
NCCL:GroupLaunch,24877928423,13248,24548736277,14056,StartEnd,3438,3815,1,1,0,6491,6489,:6489:6491
NCCL:API Group,24877944519,1109016,24549947536,22236,StartEnd,3438,3815,1,0,1,6493,,:6493
NCCL:GroupLaunch,24877944519,1109016,24549950011,19662,StartEnd,3438,3815,1,1,0,6495,6493,:6493:6495
NCCL:API Group,24879062495,1146743,24552128969,25569,StartEnd,3438,3815,1,0,1,6497,,:6497
NCCL:GroupLaunch,24879062495,1146743,24552132628,21767,StartEnd,3438,3815,1,1,0,6499,6497,:6497:6499
NCCL:API Group,24880218966,1112248,24552304581,16322,StartEnd,3438,3815,1,0,1,6501,,:6501
NCCL:GroupLaunch,24880218966,1112248,24552306227,14478,StartEnd,3438,3815,1,1,0,6503,6501,:6501:6503
NCCL:API Group,24881341486,1106296,24552477016,20740,StartEnd,3438,3815,1,0,1,6505,,:6505
NCCL:GroupLaunch,24881341486,1106296,24552478655,18685,StartEnd,3438,3815,1,1,0,6507,6505,:6505:6507
NCCL:API Group,24882458694,9472,24552961649,18896,StartEnd,3438,3815,1,0,1,6509,,:6509
NCCL:GroupLaunch,24882458694,9472,24552963689,16680,StartEnd,3438,3815,1,1,0,6511,6509,:6509:6511
NCCL:API Group,24882471174,4362944,24558136191,20623,StartEnd,3438,3815,1,0,1,6513,,:6513
NCCL:GroupLaunch,24882471174,4362944,24558138452,18134,StartEnd,3438,3815,1,1,0,6515,6513,:6513:6515
NCCL:API Group,24886869157,4343681,24558495622,17170,StartEnd,3438,3815,1,0,1,6517,,:6517
NCCL:GroupLaunch,24886869157,4343681,24558497232,15434,StartEnd,3438,3815,1,1,0,6519,6517,:6517:6519
NCCL:API Group,24891249189,4588767,24558700104,16545,StartEnd,3438,3815,1,0,1,6521,,:6521
NCCL:GroupLaunch,24891249189,4588767,24558701665,14722,StartEnd,3438,3815,1,1,0,6523,6521,:6521:6523
NCCL:API Group,24895875299,13760,24558820311,16428,StartEnd,3438,3815,1,0,1,6525,,:6525
NCCL:GroupLaunch,24895875299,13760,24558822414,14135,StartEnd,3438,3815,1,1,0,6527,6525,:6525:6527
NCCL:API Group,24895891907,1110008,24560013094,33049,StartEnd,3438,3815,1,0,1,6529,,:6529
NCCL:GroupLaunch,24895891907,1110008,24560027889,17693,StartEnd,3438,3815,1,1,0,6531,6529,:6529:6531
NCCL:API Group,24897012507,1096504,24562194105,24723,StartEnd,3438,3815,1,0,1,6533,,:6533
NCCL:GroupLaunch,24897012507,1096504,24562198097,20349,StartEnd,3438,3815,1,1,0,6535,6533,:6533:6535
NCCL:API Group,24898118355,1173335,24562373829,17557,StartEnd,3438,3815,1,0,1,6537,,:6537
NCCL:GroupLaunch,24898118355,1173335,24562375684,15598,StartEnd,3438,3815,1,1,0,6539,6537,:6537:6539
NCCL:API Group,24899301130,1157048,24562542173,15589,StartEnd,3438,3815,1,0,1,6541,,:6541
NCCL:GroupLaunch,24899301130,1157048,24562543854,13718,StartEnd,3438,3815,1,1,0,6543,6541,:6541:6543
NCCL:API Group,24900468450,8992,24563021888,21446,StartEnd,3438,3815,1,0,1,6545,,:6545
NCCL:GroupLaunch,24900468450,8992,24563023410,19748,StartEnd,3438,3815,1,1,0,6547,6545,:6545:6547
NCCL:API Group,24900479106,4368224,24567826840,22197,StartEnd,3438,3815,1,0,1,6549,,:6549
NCCL:GroupLaunch,24900479106,4368224,24567829504,19389,StartEnd,3438,3815,1,1,0,6551,6549,:6549:6551
NCCL:API Group,24904884577,4370240,24568177386,17058,StartEnd,3438,3815,1,0,1,6553,,:6553
NCCL:GroupLaunch,24904884577,4370240,24568179101,15214,StartEnd,3438,3815,1,1,0,6555,6553,:6553:6555
NCCL:API Group,24909290945,4332128,24568384731,16634,StartEnd,3438,3815,1,0,1,6557,,:6557
NCCL:GroupLaunch,24909290945,4332128,24568386212,15023,StartEnd,3438,3815,1,1,0,6559,6557,:6557:6559
NCCL:API Group,24913659425,14944,24568503365,17668,StartEnd,3438,3815,1,0,1,6561,,:6561
NCCL:GroupLaunch,24913659425,14944,24568504732,16116,StartEnd,3438,3815,1,1,0,6563,6561,:6561:6563
NCCL:API Group,24913676513,1105080,24569710905,17957,StartEnd,3438,3815,1,0,1,6565,,:6565
NCCL:GroupLaunch,24913676513,1105080,24569712983,15754,StartEnd,3438,3815,1,1,0,6567,6565,:6565:6567
NCCL:API Group,24914791065,1105016,24571914449,27162,StartEnd,3438,3815,1,0,1,6569,,:6569
NCCL:GroupLaunch,24914791065,1105016,24571918249,23165,StartEnd,3438,3815,1,1,0,6571,6569,:6569:6571
NCCL:API Group,24915906417,1101048,24572097987,19879,StartEnd,3438,3815,1,0,1,6573,,:6573
NCCL:GroupLaunch,24915906417,1101048,24572099750,17960,StartEnd,3438,3815,1,1,0,6575,6573,:6573:6575
NCCL:API Group,24917018377,1105560,24572267146,15345,StartEnd,3438,3815,1,0,1,6577,,:6577
NCCL:GroupLaunch,24917018377,1105560,24572268601,13757,StartEnd,3438,3815,1,1,0,6579,6577,:6577:6579
NCCL:API Group,24918133504,9760,24572734777,16517,StartEnd,3438,3815,1,0,1,6581,,:6581
NCCL:GroupLaunch,24918133504,9760,24572736237,14882,StartEnd,3438,3815,1,1,0,6583,6581,:6581:6583
NCCL:API Group,24918146752,4367520,24577914454,30694,StartEnd,3438,3815,1,0,1,6585,,:6585
NCCL:GroupLaunch,24918146752,4367520,24577921473,23406,StartEnd,3438,3815,1,1,0,6587,6585,:6585:6587
NCCL:API Group,24922550624,4389120,24578278894,20261,StartEnd,3438,3815,1,0,1,6589,,:6589
NCCL:GroupLaunch,24922550624,4389120,24578280988,18010,StartEnd,3438,3815,1,1,0,6591,6589,:6589:6591
NCCL:API Group,24926975008,4358784,24578505915,17963,StartEnd,3438,3815,1,0,1,6593,,:6593
NCCL:GroupLaunch,24926975008,4358784,24578507493,16239,StartEnd,3438,3815,1,1,0,6595,6593,:6593:6595
NCCL:API Group,24931367680,14367,24578638587,18499,StartEnd,3438,3815,1,0,1,6597,,:6597
NCCL:GroupLaunch,24931367680,14367,24578640111,16817,StartEnd,3438,3815,1,1,0,6599,6597,:6597:6599
NCCL:API Group,24931384319,1102872,24579793341,21111,StartEnd,3438,3815,1,0,1,6601,,:6601
NCCL:GroupLaunch,24931384319,1102872,24579795613,18691,StartEnd,3438,3815,1,1,0,6603,6601,:6601:6603
NCCL:API Group,24932497975,1114712,24581980566,26617,StartEnd,3438,3815,1,0,1,6605,,:6605
NCCL:GroupLaunch,24932497975,1114712,24581984442,22537,StartEnd,3438,3815,1,1,0,6607,6605,:6605:6607
NCCL:API Group,24933623567,1093240,24582166086,22868,StartEnd,3438,3815,1,0,1,6609,,:6609
NCCL:GroupLaunch,24933623567,1093240,24582167856,20943,StartEnd,3438,3815,1,1,0,6611,6609,:6609:6611
NCCL:API Group,24934726055,1115864,24582346779,20694,StartEnd,3438,3815,1,0,1,6613,,:6613
NCCL:GroupLaunch,24934726055,1115864,24582348356,18924,StartEnd,3438,3815,1,1,0,6615,6613,:6613:6615
NCCL:API Group,24935852415,10144,24582804834,16373,StartEnd,3438,3815,1,0,1,6617,,:6617
NCCL:GroupLaunch,24935852415,10144,24582806418,14678,StartEnd,3438,3815,1,1,0,6619,6617,:6617:6619
NCCL:API Group,24935865663,4378464,24587602942,19210,StartEnd,3438,3815,1,0,1,6621,,:6621
NCCL:GroupLaunch,24935865663,4378464,24587605135,16879,StartEnd,3438,3815,1,1,0,6623,6621,:6621:6623
NCCL:API Group,24940280510,4333217,24587957745,23190,StartEnd,3438,3815,1,0,1,6625,,:6625
NCCL:GroupLaunch,24940280510,4333217,24587959264,21552,StartEnd,3438,3815,1,1,0,6627,6625,:6625:6627
NCCL:API Group,24944651358,4298881,24588168459,15198,StartEnd,3438,3815,1,0,1,6629,,:6629
NCCL:GroupLaunch,24944651358,4298881,24588169954,13578,StartEnd,3438,3815,1,1,0,6631,6629,:6629:6631
NCCL:API Group,24948986911,12991,24588289962,15348,StartEnd,3438,3815,1,0,1,6633,,:6633
NCCL:GroupLaunch,24948986911,12991,24588291210,13857,StartEnd,3438,3815,1,1,0,6635,6633,:6633:6635
NCCL:API Group,24949003166,1110392,24589475139,21313,StartEnd,3438,3815,1,0,1,6637,,:6637
NCCL:GroupLaunch,24949003166,1110392,24589477193,19135,StartEnd,3438,3815,1,1,0,6639,6637,:6637:6639
NCCL:API Group,24950123958,1154360,24591640307,26936,StartEnd,3438,3815,1,0,1,6641,,:6641
NCCL:GroupLaunch,24950123958,1154360,24591643644,23481,StartEnd,3438,3815,1,1,0,6643,6641,:6641:6643
NCCL:API Group,24951289262,1123863,24591814431,17460,StartEnd,3438,3815,1,0,1,6645,,:6645
NCCL:GroupLaunch,24951289262,1123863,24591816038,15503,StartEnd,3438,3815,1,1,0,6647,6645,:6645:6647
NCCL:API Group,24952422757,1161208,24591980351,15791,StartEnd,3438,3815,1,0,1,6649,,:6649
NCCL:GroupLaunch,24952422757,1161208,24591981926,13907,StartEnd,3438,3815,1,1,0,6651,6649,:6649:6651
NCCL:API Group,24953593885,9568,24592474516,17787,StartEnd,3438,3815,1,0,1,6653,,:6653
NCCL:GroupLaunch,24953593885,9568,24592476250,15819,StartEnd,3438,3815,1,1,0,6655,6653,:6653:6655
NCCL:API Group,24953606205,4383616,24597665137,20550,StartEnd,3438,3815,1,0,1,6657,,:6657
NCCL:GroupLaunch,24953606205,4383616,24597667432,18147,StartEnd,3438,3815,1,1,0,6659,6657,:6657:6659
NCCL:API Group,24958026460,4528255,24598028482,18488,StartEnd,3438,3815,1,0,1,6661,,:6661
NCCL:GroupLaunch,24958026460,4528255,24598030064,16809,StartEnd,3438,3815,1,1,0,6663,6661,:6661:6663
NCCL:API Group,24962591835,4333792,24598251178,19521,StartEnd,3438,3815,1,0,1,6665,,:6665
NCCL:GroupLaunch,24962591835,4333792,24598252663,17900,StartEnd,3438,3815,1,1,0,6667,6665,:6665:6667
NCCL:API Group,24966961947,19680,24598382236,19726,StartEnd,3438,3815,1,0,1,6669,,:6669
NCCL:GroupLaunch,24966961947,19680,24598386671,15158,StartEnd,3438,3815,1,1,0,6671,6669,:6669:6671
NCCL:API Group,24966983291,1108504,24599541292,21039,StartEnd,3438,3815,1,0,1,6673,,:6673
NCCL:GroupLaunch,24966983291,1108504,24599543561,18641,StartEnd,3438,3815,1,1,0,6675,6673,:6673:6675
NCCL:API Group,24968100915,1103608,24601725777,24638,StartEnd,3438,3815,1,0,1,6677,,:6677
NCCL:GroupLaunch,24968100915,1103608,24601729216,21001,StartEnd,3438,3815,1,1,0,6679,6677,:6677:6679
NCCL:API Group,24969214154,1093976,24601901885,16696,StartEnd,3438,3815,1,0,1,6681,,:6681
NCCL:GroupLaunch,24969214154,1093976,24601903492,14824,StartEnd,3438,3815,1,1,0,6683,6681,:6681:6683
NCCL:API Group,24970317698,1100216,24602069777,15633,StartEnd,3438,3815,1,0,1,6685,,:6685
NCCL:GroupLaunch,24970317698,1100216,24602071271,13869,StartEnd,3438,3815,1,1,0,6687,6685,:6685:6687
NCCL:API Group,24971427962,9536,24602564917,17402,StartEnd,3438,3815,1,0,1,6689,,:6689
NCCL:GroupLaunch,24971427962,9536,24602566346,15785,StartEnd,3438,3815,1,1,0,6691,6689,:6689:6691
NCCL:API Group,24971440986,4364128,24607751324,18541,StartEnd,3438,3815,1,0,1,6693,,:6693
NCCL:GroupLaunch,24971440986,4364128,24607753873,15870,StartEnd,3438,3815,1,1,0,6695,6693,:6693:6695
NCCL:API Group,24975841978,4297920,24608101453,15749,StartEnd,3438,3815,1,0,1,6697,,:6697
NCCL:GroupLaunch,24975841978,4297920,24608102943,13986,StartEnd,3438,3815,1,1,0,6699,6697,:6697:6699
NCCL:API Group,24980177402,4625374,24608302059,18589,StartEnd,3438,3815,1,0,1,6701,,:6701
NCCL:GroupLaunch,24980177402,4625374,24608305755,14642,StartEnd,3438,3815,1,1,0,6703,6701,:6701:6703
NCCL:API Group,24984837880,14432,24608423411,15737,StartEnd,3438,3815,1,0,1,6705,,:6705
NCCL:GroupLaunch,24984837880,14432,24608424803,14185,StartEnd,3438,3815,1,1,0,6707,6705,:6705:6707
NCCL:API Group,24984853976,1111288,24609629075,18726,StartEnd,3438,3815,1,0,1,6709,,:6709
NCCL:GroupLaunch,24984853976,1111288,24609631401,16289,StartEnd,3438,3815,1,1,0,6711,6709,:6709:6711
NCCL:API Group,24985974640,1107736,24611794872,25431,StartEnd,3438,3815,1,0,1,6713,,:6713
NCCL:GroupLaunch,24985974640,1107736,24611798600,21490,StartEnd,3438,3815,1,1,0,6715,6713,:6713:6715
NCCL:API Group,24987093000,1157911,24611980517,18383,StartEnd,3438,3815,1,0,1,6717,,:6717
NCCL:GroupLaunch,24987093000,1157911,24611982320,16312,StartEnd,3438,3815,1,1,0,6719,6717,:6717:6719
NCCL:API Group,24988261247,1100632,24612155914,15917,StartEnd,3438,3815,1,0,1,6721,,:6721
NCCL:GroupLaunch,24988261247,1100632,24612157430,14163,StartEnd,3438,3815,1,1,0,6723,6721,:6721:6723
NCCL:API Group,24989372503,10080,24612619852,16548,StartEnd,3438,3815,1,0,1,6725,,:6725
NCCL:GroupLaunch,24989372503,10080,24612621633,14577,StartEnd,3438,3815,1,1,0,6727,6725,:6725:6727
NCCL:API Group,24989385335,4376800,24617612714,20518,StartEnd,3438,3815,1,0,1,6729,,:6729
NCCL:GroupLaunch,24989385335,4376800,24617615420,17705,StartEnd,3438,3815,1,1,0,6731,6729,:6729:6731
NCCL:API Group,24993798070,4377536,24617962141,19098,StartEnd,3438,3815,1,0,1,6733,,:6733
NCCL:GroupLaunch,24993798070,4377536,24617963893,17243,StartEnd,3438,3815,1,1,0,6735,6733,:6733:6735
NCCL:API Group,24998212822,4385184,24618166140,19408,StartEnd,3438,3815,1,0,1,6737,,:6737
NCCL:GroupLaunch,24998212822,4385184,24618167554,17864,StartEnd,3438,3815,1,1,0,6739,6737,:6737:6739
NCCL:API Group,25002635510,14816,24618294881,17262,StartEnd,3438,3815,1,0,1,6741,,:6741
NCCL:GroupLaunch,25002635510,14816,24618296213,15800,StartEnd,3438,3815,1,1,0,6743,6741,:6741:6743
NCCL:API Group,25002652598,1108184,24619488565,26138,StartEnd,3438,3815,1,0,1,6745,,:6745
NCCL:GroupLaunch,25002652598,1108184,24619491030,23580,StartEnd,3438,3815,1,1,0,6747,6745,:6745:6747
NCCL:API Group,25003769741,1145592,24621686012,23079,StartEnd,3438,3815,1,0,1,6749,,:6749
NCCL:GroupLaunch,25003769741,1145592,24621689606,19315,StartEnd,3438,3815,1,1,0,6751,6749,:6749:6751
NCCL:API Group,25004925573,1102264,24621871869,17417,StartEnd,3438,3815,1,0,1,6753,,:6753
NCCL:GroupLaunch,25004925573,1102264,24621873561,15507,StartEnd,3438,3815,1,1,0,6755,6753,:6753:6755
NCCL:API Group,25006038237,1170231,24622040916,18198,StartEnd,3438,3815,1,0,1,6757,,:6757
NCCL:GroupLaunch,25006038237,1170231,24622045320,13649,StartEnd,3438,3815,1,1,0,6759,6757,:6757:6759
NCCL:API Group,25007218580,9984,24622516908,16596,StartEnd,3438,3815,1,0,1,6761,,:6761
NCCL:GroupLaunch,25007218580,9984,24622518309,15004,StartEnd,3438,3815,1,1,0,6763,6761,:6761:6763
NCCL:API Group,25007231476,4356512,24627692582,36335,StartEnd,3438,3815,1,0,1,6765,,:6765
NCCL:GroupLaunch,25007231476,4356512,24627698629,30000,StartEnd,3438,3815,1,1,0,6767,6765,:6765:6767
NCCL:API Group,25011623860,4345632,24628044890,16065,StartEnd,3438,3815,1,0,1,6769,,:6769
NCCL:GroupLaunch,25011623860,4345632,24628046908,13930,StartEnd,3438,3815,1,1,0,6771,6769,:6769:6771
NCCL:API Group,25016006420,4606558,24628245331,16535,StartEnd,3438,3815,1,0,1,6773,,:6773
NCCL:GroupLaunch,25016006420,4606558,24628246797,14889,StartEnd,3438,3815,1,1,0,6775,6773,:6773:6775
NCCL:API Group,25020648594,14272,24628365872,15053,StartEnd,3438,3815,1,0,1,6777,,:6777
NCCL:GroupLaunch,25020648594,14272,24628367027,13769,StartEnd,3438,3815,1,1,0,6779,6777,:6777:6779
NCCL:API Group,25020666514,1107128,24629564760,20884,StartEnd,3438,3815,1,0,1,6781,,:6781
NCCL:GroupLaunch,25020666514,1107128,24629567264,18236,StartEnd,3438,3815,1,1,0,6783,6781,:6781:6783
NCCL:API Group,25021782730,1102520,24631733094,27263,StartEnd,3438,3815,1,0,1,6785,,:6785
NCCL:GroupLaunch,25021782730,1102520,24631736655,23476,StartEnd,3438,3815,1,1,0,6787,6785,:6785:6787
NCCL:API Group,25022896161,1098456,24631921344,16900,StartEnd,3438,3815,1,0,1,6789,,:6789
NCCL:GroupLaunch,25022896161,1098456,24631923009,15056,StartEnd,3438,3815,1,1,0,6791,6789,:6789:6791
NCCL:API Group,25024004121,1155192,24632096013,18254,StartEnd,3438,3815,1,0,1,6793,,:6793
NCCL:GroupLaunch,25024004121,1155192,24632097507,16636,StartEnd,3438,3815,1,1,0,6795,6793,:6793:6795
NCCL:API Group,25025170289,15520,24632565086,15703,StartEnd,3438,3815,1,0,1,6797,,:6797
NCCL:GroupLaunch,25025170289,15520,24632566522,14161,StartEnd,3438,3815,1,1,0,6799,6797,:6797:6799
NCCL:API Group,25025189105,4385248,24637374758,24248,StartEnd,3438,3815,1,0,1,6801,,:6801
NCCL:GroupLaunch,25025189105,4385248,24637377150,21728,StartEnd,3438,3815,1,1,0,6803,6801,:6801:6803
NCCL:API Group,25029611024,4619166,24638723492,36195,StartEnd,3438,3815,1,0,1,6805,,:6805
NCCL:GroupLaunch,25029611024,4619166,24638728905,30639,StartEnd,3438,3815,1,1,0,6807,6805,:6805:6807
NCCL:API Group,25034266990,4317697,24638998090,20479,StartEnd,3438,3815,1,0,1,6809,,:6809
NCCL:GroupLaunch,25034266990,4317697,24638999953,18427,StartEnd,3438,3815,1,1,0,6811,6809,:6809:6811
NCCL:API Group,25038621230,14400,24639143830,20415,StartEnd,3438,3815,1,0,1,6813,,:6813
NCCL:GroupLaunch,25038621230,14400,24639145474,18589,StartEnd,3438,3815,1,1,0,6815,6813,:6813:6815
NCCL:API Group,25038638510,1111192,24639495876,20505,StartEnd,3438,3815,1,0,1,6817,,:6817
NCCL:GroupLaunch,25038638510,1111192,24639498053,18210,StartEnd,3438,3815,1,1,0,6819,6817,:6817:6819
NCCL:API Group,25039759366,1109816,24641422056,25664,StartEnd,3438,3815,1,0,1,6821,,:6821
NCCL:GroupLaunch,25039759366,1109816,24641425836,21728,StartEnd,3438,3815,1,1,0,6823,6821,:6821:6823
NCCL:API Group,25040879550,1098968,24641612471,19135,StartEnd,3438,3815,1,0,1,6825,,:6825
NCCL:GroupLaunch,25040879550,1098968,24641614150,17256,StartEnd,3438,3815,1,1,0,6827,6825,:6825:6827
NCCL:API Group,25041988534,1108952,24641801203,19602,StartEnd,3438,3815,1,0,1,6829,,:6829
NCCL:GroupLaunch,25041988534,1108952,24641803188,17463,StartEnd,3438,3815,1,1,0,6831,6829,:6829:6831
NCCL:API Group,25043107661,15136,24642248219,16325,StartEnd,3438,3815,1,0,1,6833,,:6833
NCCL:GroupLaunch,25043107661,15136,24642249933,14499,StartEnd,3438,3815,1,1,0,6835,6833,:6833:6835
NCCL:API Group,25043124365,4366336,24647427216,20149,StartEnd,3438,3815,1,0,1,6837,,:6837
NCCL:GroupLaunch,25043124365,4366336,24647429703,17540,StartEnd,3438,3815,1,1,0,6839,6837,:6837:6839
NCCL:API Group,25047528045,4350144,24647784239,20752,StartEnd,3438,3815,1,0,1,6841,,:6841
NCCL:GroupLaunch,25047528045,4350144,24647785825,19003,StartEnd,3438,3815,1,1,0,6843,6841,:6841:6843
NCCL:API Group,25051914989,4314976,24647991554,17899,StartEnd,3438,3815,1,0,1,6845,,:6845
NCCL:GroupLaunch,25051914989,4314976,24647993564,15695,StartEnd,3438,3815,1,1,0,6847,6845,:6845:6847
NCCL:API Group,25056265837,13152,24648116182,15968,StartEnd,3438,3815,1,0,1,6849,,:6849
NCCL:GroupLaunch,25056265837,13152,24648117500,14511,StartEnd,3438,3815,1,1,0,6851,6849,:6849:6851
NCCL:API Group,25056281741,1110744,24649310252,22767,StartEnd,3438,3815,1,0,1,6853,,:6853
NCCL:GroupLaunch,25056281741,1110744,24649312546,20348,StartEnd,3438,3815,1,1,0,6855,6853,:6853:6855
NCCL:API Group,25057402757,1097720,24651496637,25670,StartEnd,3438,3815,1,0,1,6857,,:6857
NCCL:GroupLaunch,25057402757,1097720,24651500277,21860,StartEnd,3438,3815,1,1,0,6859,6857,:6857:6859
NCCL:API Group,25058510525,1102168,24651684888,17778,StartEnd,3438,3815,1,0,1,6861,,:6861
NCCL:GroupLaunch,25058510525,1102168,24651686607,15841,StartEnd,3438,3815,1,1,0,6863,6861,:6861:6863
NCCL:API Group,25059623605,1105239,24651857211,20105,StartEnd,3438,3815,1,0,1,6865,,:6865
NCCL:GroupLaunch,25059623605,1105239,24651858847,18340,StartEnd,3438,3815,1,1,0,6867,6865,:6865:6867
NCCL:API Group,25060730636,14880,24652313645,15740,StartEnd,3438,3815,1,0,1,6869,,:6869
NCCL:GroupLaunch,25060730636,14880,24652315445,13786,StartEnd,3438,3815,1,1,0,6871,6869,:6869:6871
NCCL:API Group,25060747724,4358624,24657516828,24098,StartEnd,3438,3815,1,0,1,6873,,:6873
NCCL:GroupLaunch,25060747724,4358624,24657521547,19291,StartEnd,3438,3815,1,1,0,6875,6873,:6873:6875
NCCL:API Group,25065142700,4502591,24657892303,15935,StartEnd,3438,3815,1,0,1,6877,,:6877
NCCL:GroupLaunch,25065142700,4502591,24657893871,14152,StartEnd,3438,3815,1,1,0,6879,6877,:6877:6879
NCCL:API Group,25069682699,4358560,24658090379,18118,StartEnd,3438,3815,1,0,1,6881,,:6881
NCCL:GroupLaunch,25069682699,4358560,24658091939,16409,StartEnd,3438,3815,1,1,0,6883,6881,:6881:6883
NCCL:API Group,25074077483,13408,24658209231,14557,StartEnd,3438,3815,1,0,1,6885,,:6885
NCCL:GroupLaunch,25074077483,13408,24658210532,13115,StartEnd,3438,3815,1,1,0,6887,6885,:6885:6887
NCCL:API Group,25074094027,1109111,24659402477,20777,StartEnd,3438,3815,1,0,1,6889,,:6889
NCCL:GroupLaunch,25074094027,1109111,24659404840,18269,StartEnd,3438,3815,1,1,0,6891,6889,:6889:6891
NCCL:API Group,25075214018,1101272,24661567250,29141,StartEnd,3438,3815,1,0,1,6893,,:6893
NCCL:GroupLaunch,25075214018,1101272,24661570634,25502,StartEnd,3438,3815,1,1,0,6895,6893,:6893:6895
NCCL:API Group,25076325946,1109304,24661750625,23054,StartEnd,3438,3815,1,0,1,6897,,:6897
NCCL:GroupLaunch,25076325946,1109304,24661752371,21117,StartEnd,3438,3815,1,1,0,6899,6897,:6897:6899
NCCL:API Group,25077438034,1115224,24661929752,18728,StartEnd,3438,3815,1,0,1,6901,,:6901
NCCL:GroupLaunch,25077438034,1115224,24661931273,17074,StartEnd,3438,3815,1,1,0,6903,6901,:6901:6903
NCCL:API Group,25078563914,9984,24662383700,17172,StartEnd,3438,3815,1,0,1,6905,,:6905
NCCL:GroupLaunch,25078563914,9984,24662385202,15436,StartEnd,3438,3815,1,1,0,6907,6905,:6905:6907
NCCL:API Group,25078577386,4387200,24667213526,22629,StartEnd,3438,3815,1,0,1,6909,,:6909
NCCL:GroupLaunch,25078577386,4387200,24667216859,19095,StartEnd,3438,3815,1,1,0,6911,6909,:6909:6911
NCCL:API Group,25083002473,4350337,24667564497,17004,StartEnd,3438,3815,1,0,1,6913,,:6913
NCCL:GroupLaunch,25083002473,4350337,24667566204,15044,StartEnd,3438,3815,1,1,0,6915,6913,:6913:6915
NCCL:API Group,25087388233,4540191,24667766691,16122,StartEnd,3438,3815,1,0,1,6917,,:6917
NCCL:GroupLaunch,25087388233,4540191,24667768223,14424,StartEnd,3438,3815,1,1,0,6919,6917,:6917:6919
NCCL:API Group,25091965928,13376,24667888764,16050,StartEnd,3438,3815,1,0,1,6921,,:6921
NCCL:GroupLaunch,25091965928,13376,24667890243,14380,StartEnd,3438,3815,1,1,0,6923,6921,:6921:6923
NCCL:API Group,25091981128,1103288,24669084141,19148,StartEnd,3438,3815,1,0,1,6925,,:6925
NCCL:GroupLaunch,25091981128,1103288,24669086603,16458,StartEnd,3438,3815,1,1,0,6927,6925,:6925:6927
NCCL:API Group,25093093887,1106520,24671283883,33278,StartEnd,3438,3815,1,0,1,6929,,:6929
NCCL:GroupLaunch,25093093887,1106520,24671291657,25382,StartEnd,3438,3815,1,1,0,6931,6929,:6929:6931
NCCL:API Group,25094202871,1112440,24671484452,20252,StartEnd,3438,3815,1,0,1,6933,,:6933
NCCL:GroupLaunch,25094202871,1112440,24671486361,18200,StartEnd,3438,3815,1,1,0,6935,6933,:6933:6935
NCCL:API Group,25095324879,1106616,24671668885,17382,StartEnd,3438,3815,1,0,1,6937,,:6937
NCCL:GroupLaunch,25095324879,1106616,24671670570,15551,StartEnd,3438,3815,1,1,0,6939,6937,:6937:6939
NCCL:API Group,25096442215,9728,24672119337,16321,StartEnd,3438,3815,1,0,1,6941,,:6941
NCCL:GroupLaunch,25096442215,9728,24672121124,14409,StartEnd,3438,3815,1,1,0,6943,6941,:6941:6943
NCCL:API Group,25096455175,4364000,24677313405,27715,StartEnd,3438,3815,1,0,1,6945,,:6945
NCCL:GroupLaunch,25096455175,4364000,24677319686,21340,StartEnd,3438,3815,1,1,0,6947,6945,:6945:6947
NCCL:API Group,25100855399,4346880,24677665509,17527,StartEnd,3438,3815,1,0,1,6949,,:6949
NCCL:GroupLaunch,25100855399,4346880,24677667936,14821,StartEnd,3438,3815,1,1,0,6951,6949,:6949:6951
NCCL:API Group,25105237735,4344416,24677879403,18748,StartEnd,3438,3815,1,0,1,6953,,:6953
NCCL:GroupLaunch,25105237735,4344416,24677881358,16601,StartEnd,3438,3815,1,1,0,6955,6953,:6953:6955
NCCL:API Group,25109618694,14240,24678006060,18461,StartEnd,3438,3815,1,0,1,6957,,:6957
NCCL:GroupLaunch,25109618694,14240,24678007785,16501,StartEnd,3438,3815,1,1,0,6959,6957,:6957:6959
NCCL:API Group,25109635750,1108216,24679172629,22957,StartEnd,3438,3815,1,0,1,6961,,:6961
NCCL:GroupLaunch,25109635750,1108216,24679177518,17873,StartEnd,3438,3815,1,1,0,6963,6961,:6961:6963
NCCL:API Group,25110745502,1126264,24681359485,24818,StartEnd,3438,3815,1,0,1,6965,,:6965
NCCL:GroupLaunch,25110745502,1126264,24681362687,21342,StartEnd,3438,3815,1,1,0,6967,6965,:6965:6967
NCCL:API Group,25111880726,1107224,24681543345,19404,StartEnd,3438,3815,1,0,1,6969,,:6969
NCCL:GroupLaunch,25111880726,1107224,24681545071,17382,StartEnd,3438,3815,1,1,0,6971,6969,:6969:6971
NCCL:API Group,25112996718,1107320,24681717495,17246,StartEnd,3438,3815,1,0,1,6973,,:6973
NCCL:GroupLaunch,25112996718,1107320,24681719126,15496,StartEnd,3438,3815,1,1,0,6975,6973,:6973:6975
NCCL:API Group,25114114086,9120,24682190186,18397,StartEnd,3438,3815,1,0,1,6977,,:6977
NCCL:GroupLaunch,25114114086,9120,24682191759,16680,StartEnd,3438,3815,1,1,0,6979,6977,:6977:6979
NCCL:API Group,25114125189,4372032,24687014736,22908,StartEnd,3438,3815,1,0,1,6981,,:6981
NCCL:GroupLaunch,25114125189,4372032,24687017357,20113,StartEnd,3438,3815,1,1,0,6983,6981,:6981:6983
NCCL:API Group,25118534149,4361504,24687374394,18027,StartEnd,3438,3815,1,0,1,6985,,:6985
NCCL:GroupLaunch,25118534149,4361504,24687376054,16110,StartEnd,3438,3815,1,1,0,6987,6985,:6985:6987
NCCL:API Group,25122932677,4593662,24687588008,18907,StartEnd,3438,3815,1,0,1,6989,,:6989
NCCL:GroupLaunch,25122932677,4593662,24687591435,15129,StartEnd,3438,3815,1,1,0,6991,6989,:6989:6991
NCCL:API Group,25127561987,15360,24687713062,17406,StartEnd,3438,3815,1,0,1,6993,,:6993
NCCL:GroupLaunch,25127561987,15360,24687714688,15675,StartEnd,3438,3815,1,1,0,6995,6993,:6993:6995
NCCL:API Group,25127579907,1107160,24688897101,21818,StartEnd,3438,3815,1,0,1,6997,,:6997
NCCL:GroupLaunch,25127579907,1107160,24688899487,19279,StartEnd,3438,3815,1,1,0,6999,6997,:6997:6999
NCCL:API Group,25128696763,1095960,24691042767,24170,StartEnd,3438,3815,1,0,1,7001,,:7001
NCCL:GroupLaunch,25128696763,1095960,24691046377,20319,StartEnd,3438,3815,1,1,0,7003,7001,:7001:7003
NCCL:API Group,25129802547,1109784,24691220565,17750,StartEnd,3438,3815,1,0,1,7005,,:7005
NCCL:GroupLaunch,25129802547,1109784,24691222494,15606,StartEnd,3438,3815,1,1,0,7007,7005,:7005:7007
NCCL:API Group,25130921931,1103127,24691386546,20197,StartEnd,3438,3815,1,0,1,7009,,:7009
NCCL:GroupLaunch,25130921931,1103127,24691388109,18373,StartEnd,3438,3815,1,1,0,7011,7009,:7009:7011
NCCL:API Group,25132035202,9600,24691877587,15386,StartEnd,3438,3815,1,0,1,7013,,:7013
NCCL:GroupLaunch,25132035202,9600,24691879417,13434,StartEnd,3438,3815,1,1,0,7015,7013,:7013:7015
NCCL:API Group,25132047970,4273441,24697324864,21808,StartEnd,3438,3815,1,0,1,7017,,:7017
NCCL:GroupLaunch,25132047970,4273441,24697328504,18026,StartEnd,3438,3815,1,1,0,7019,7017,:7017:7019
