Name,Projected Start (ns),Projected Duration (ns),Orig Start (ns),Orig Duration (ns),Style,PID,TID,NumGPUOps,Lvl,NumChild,RangeId,ParentId,RangeStack
CCCL:cub::DeviceRadixSort,23725464965,5407,23714768895,10703246,PushPop,2949,3326,1,0,0,11,,:11
CCCL:cub::DeviceRadixSort,25093843236,5536,25013950084,19542,PushPop,2949,3326,1,0,0,12,,:12
CCCL:cub::DeviceRadixSort,23715930318,5472,23704974893,10960732,PushPop,2950,3325,1,0,0,13,,:13
CCCL:cub::DeviceRadixSort,25087175417,5472,25008139523,16564,PushPop,2950,3325,1,0,0,14,,:14
:measurement,24623227375,1239580210,24622547650,1127184513,PushPop,2949,2949,3786,0,4,15,,:15
:forward,24623227375,164267245,24623107197,75227377,PushPop,2949,2949,1899,1,0,16,15,:15:16
:backward,24787495580,736,24698365196,316999034,PushPop,2949,2949,1,1,0,17,15,:15:17
:grad_sync,25094314657,578370400,25093877561,14326325,PushPop,2949,2949,582,1,0,18,15,:15:18
:optimizer,25674418836,188388749,25672808381,76909675,PushPop,2949,2949,1304,1,0,19,15,:15:19
:measurement,24623058759,1239679340,24622450600,1127122449,PushPop,2950,2950,3786,0,4,20,,:20
:forward,24623058759,161399663,24622939415,75022229,PushPop,2950,2950,1899,1,0,21,20,:20:21
:backward,24784460470,672,24697984250,311511274,PushPop,2950,2950,1,1,0,22,20,:20:22
:grad_sync,25087581270,585095373,25087203820,13658833,PushPop,2950,2950,582,1,0,23,20,:20:23
:optimizer,25674158937,188579162,25672750117,76813863,PushPop,2950,2950,1304,1,0,24,20,:20:24
NCCL:API Group,22484148088,47723422,22468611541,61023290,StartEnd,2949,2949,5,0,1,26,,:26
NCCL:GroupLaunch,22484148088,47723422,22468623700,61010998,StartEnd,2949,2949,5,1,0,28,26,:26:28
NCCL:API Group,22531873110,638139,22530146220,50585,StartEnd,2949,2949,1,0,1,30,,:30
NCCL:GroupLaunch,22531873110,638139,22530151329,45099,StartEnd,2949,2949,1,1,0,32,30,:30:32
NCCL:API Group,22532513105,632794,22530256339,24219,StartEnd,2949,2949,1,0,1,34,,:34
NCCL:GroupLaunch,22532513105,632794,22530258950,21357,StartEnd,2949,2949,1,1,0,36,34,:34:36
NCCL:API Group,22533147979,630875,22530317921,20985,StartEnd,2949,2949,1,0,1,38,,:38
NCCL:GroupLaunch,22533147979,630875,22530319080,19721,StartEnd,2949,2949,1,1,0,40,38,:38:40
NCCL:API Group,22533780806,630843,22530378752,15735,StartEnd,2949,2949,1,0,1,42,,:42
NCCL:GroupLaunch,22533780806,630843,22530379907,14460,StartEnd,2949,2949,1,1,0,44,42,:42:44
NCCL:API Group,22534412609,2521324,22530438976,26955,StartEnd,2949,2949,1,0,1,46,,:46
NCCL:GroupLaunch,22534412609,2521324,22530441208,24599,StartEnd,2949,2949,1,1,0,48,46,:46:48
NCCL:API Group,22536934701,2501036,22530498195,24811,StartEnd,2949,2949,1,0,1,50,,:50
NCCL:GroupLaunch,22536934701,2501036,22530499143,23743,StartEnd,2949,2949,1,1,0,52,50,:50:52
NCCL:API Group,22539438361,2494507,22530551795,18418,StartEnd,2949,2949,1,0,1,54,,:54
NCCL:GroupLaunch,22539438361,2494507,22530552986,15820,StartEnd,2949,2949,1,1,0,56,54,:54:56
NCCL:API Group,22541933828,6048,22530603930,23967,StartEnd,2949,2949,1,0,1,58,,:58
NCCL:GroupLaunch,22541933828,6048,22530604902,22863,StartEnd,2949,2949,1,1,0,60,58,:58:60
NCCL:API Group,22541942756,18112,22530657574,15887,StartEnd,2949,2949,1,0,1,62,,:62
NCCL:GroupLaunch,22541942756,18112,22530660509,12832,StartEnd,2949,2949,1,1,0,64,62,:62:64
NCCL:API Group,22541963140,619963,22530703896,24723,StartEnd,2949,2949,1,0,1,66,,:66
NCCL:GroupLaunch,22541963140,619963,22530706358,22145,StartEnd,2949,2949,1,1,0,68,66,:66:68
NCCL:API Group,22542585599,628923,22530754536,14686,StartEnd,2949,2949,1,0,1,70,,:70
NCCL:GroupLaunch,22542585599,628923,22530755481,13310,StartEnd,2949,2949,1,1,0,72,70,:70:72
NCCL:API Group,22543217338,627291,22530798969,14402,StartEnd,2949,2949,1,0,1,74,,:74
NCCL:GroupLaunch,22543217338,627291,22530800514,12457,StartEnd,2949,2949,1,1,0,76,74,:74:76
NCCL:API Group,22543845941,630619,22530844322,15602,StartEnd,2949,2949,1,0,1,78,,:78
NCCL:GroupLaunch,22543845941,630619,22530846091,13744,StartEnd,2949,2949,1,1,0,80,78,:78:80
NCCL:API Group,22544478640,2489900,22530885452,17059,StartEnd,2949,2949,1,0,1,82,,:82
NCCL:GroupLaunch,22544478640,2489900,22530888189,14205,StartEnd,2949,2949,1,1,0,84,82,:82:84
NCCL:API Group,22546969916,2497612,22530926283,13683,StartEnd,2949,2949,1,0,1,86,,:86
NCCL:GroupLaunch,22546969916,2497612,22530927128,12612,StartEnd,2949,2949,1,1,0,88,86,:86:88
NCCL:API Group,22549468360,2491627,22530967323,13223,StartEnd,2949,2949,1,0,1,90,,:90
NCCL:GroupLaunch,22549468360,2491627,22530968120,12231,StartEnd,2949,2949,1,1,0,92,90,:90:92
NCCL:API Group,22551962515,5664,22531001974,14327,StartEnd,2949,2949,1,0,1,94,,:94
NCCL:GroupLaunch,22551962515,5664,22531005047,11137,StartEnd,2949,2949,1,1,0,96,94,:94:96
NCCL:API Group,22551970611,17440,22531040978,13994,StartEnd,2949,2949,1,0,1,98,,:98
NCCL:GroupLaunch,22551970611,17440,22531043798,11088,StartEnd,2949,2949,1,1,0,100,98,:98:100
NCCL:API Group,22551990963,618299,22531082612,14067,StartEnd,2949,2949,1,0,1,102,,:102
NCCL:GroupLaunch,22551990963,618299,22531084405,12185,StartEnd,2949,2949,1,1,0,104,102,:102:104
NCCL:API Group,22552611438,629819,22531118183,13468,StartEnd,2949,2949,1,0,1,106,,:106
NCCL:GroupLaunch,22552611438,629819,22531119030,12518,StartEnd,2949,2949,1,1,0,108,106,:106:108
NCCL:API Group,22553244137,627547,22531152909,14126,StartEnd,2949,2949,1,0,1,110,,:110
NCCL:GroupLaunch,22553244137,627547,22531153633,13268,StartEnd,2949,2949,1,1,0,112,110,:110:112
NCCL:API Group,22553873764,629627,22531190069,12075,StartEnd,2949,2949,1,0,1,114,,:114
NCCL:GroupLaunch,22553873764,629627,22531190935,11092,StartEnd,2949,2949,1,1,0,116,114,:114:116
NCCL:API Group,22554504447,2490892,22531224455,13577,StartEnd,2949,2949,1,0,1,118,,:118
NCCL:GroupLaunch,22554504447,2490892,22531226778,11157,StartEnd,2949,2949,1,1,0,120,118,:118:120
NCCL:API Group,22556997771,2483852,22531259101,12412,StartEnd,2949,2949,1,0,1,122,,:122
NCCL:GroupLaunch,22556997771,2483852,22531259862,11528,StartEnd,2949,2949,1,1,0,124,122,:122:124
NCCL:API Group,22559483735,2500459,22531292947,14881,StartEnd,2949,2949,1,0,1,126,,:126
NCCL:GroupLaunch,22559483735,2500459,22531293765,12719,StartEnd,2949,2949,1,1,0,128,126,:126:128
NCCL:API Group,22561986274,5696,22531330602,11753,StartEnd,2949,2949,1,0,1,130,,:130
NCCL:GroupLaunch,22561986274,5696,22531331358,10911,StartEnd,2949,2949,1,1,0,132,130,:130:132
NCCL:API Group,22561994338,16640,22531364370,13082,StartEnd,2949,2949,1,0,1,134,,:134
NCCL:GroupLaunch,22561994338,16640,22531366697,10634,StartEnd,2949,2949,1,1,0,136,134,:134:136
NCCL:API Group,22562012706,630939,22531400319,14129,StartEnd,2949,2949,1,0,1,138,,:138
NCCL:GroupLaunch,22562012706,630939,22531401159,13164,StartEnd,2949,2949,1,1,0,140,138,:138:140
NCCL:API Group,22562645373,629147,22531435505,17524,StartEnd,2949,2949,1,0,1,142,,:142
NCCL:GroupLaunch,22562645373,629147,22531436300,16631,StartEnd,2949,2949,1,1,0,144,142,:142:144
NCCL:API Group,22563276056,628603,22531476389,12095,StartEnd,2949,2949,1,0,1,146,,:146
NCCL:GroupLaunch,22563276056,628603,22531477205,11187,StartEnd,2949,2949,1,1,0,148,146,:146:148
NCCL:API Group,22563905715,627259,22531508503,12746,StartEnd,2949,2949,1,0,1,150,,:150
NCCL:GroupLaunch,22563905715,627259,22531510284,10876,StartEnd,2949,2949,1,1,0,152,150,:150:152
NCCL:API Group,22564534350,2511979,22531547514,15531,StartEnd,2949,2949,1,0,1,154,,:154
NCCL:GroupLaunch,22564534350,2511979,22531549672,13271,StartEnd,2949,2949,1,1,0,156,154,:154:156
NCCL:API Group,22567048985,2490028,22531583916,13154,StartEnd,2949,2949,1,0,1,158,,:158
NCCL:GroupLaunch,22567048985,2490028,22531584714,12265,StartEnd,2949,2949,1,1,0,160,158,:158:160
NCCL:API Group,22569540293,2494316,22531618146,13795,StartEnd,2949,2949,1,0,1,162,,:162
NCCL:GroupLaunch,22569540293,2494316,22531620901,10956,StartEnd,2949,2949,1,1,0,164,162,:162:164
NCCL:API Group,22572037649,5344,22531654887,12708,StartEnd,2949,2949,1,0,1,166,,:166
NCCL:GroupLaunch,22572037649,5344,22531655836,11670,StartEnd,2949,2949,1,1,0,168,166,:166:168
NCCL:API Group,22572045745,15072,22531688248,12829,StartEnd,2949,2949,1,0,1,170,,:170
NCCL:GroupLaunch,22572045745,15072,22531690385,10608,StartEnd,2949,2949,1,1,0,172,170,:170:172
NCCL:API Group,22572062033,617691,22531724543,13446,StartEnd,2949,2949,1,0,1,174,,:174
NCCL:GroupLaunch,22572062033,617691,22531725323,12539,StartEnd,2949,2949,1,1,0,176,174,:174:176
NCCL:API Group,22572681420,635771,22531759491,13078,StartEnd,2949,2949,1,0,1,178,,:178
NCCL:GroupLaunch,22572681420,635771,22531760303,12166,StartEnd,2949,2949,1,1,0,180,178,:178:180
NCCL:API Group,22573318247,626683,22531793321,13567,StartEnd,2949,2949,1,0,1,182,,:182
NCCL:GroupLaunch,22573318247,626683,22531794115,12683,StartEnd,2949,2949,1,1,0,184,182,:182:184
NCCL:API Group,22573946882,628283,22531831291,13189,StartEnd,2949,2949,1,0,1,186,,:186
NCCL:GroupLaunch,22573946882,628283,22531833320,11073,StartEnd,2949,2949,1,1,0,188,186,:186:188
NCCL:API Group,22574577373,2491339,22531868717,13105,StartEnd,2949,2949,1,0,1,190,,:190
NCCL:GroupLaunch,22574577373,2491339,22531870640,11062,StartEnd,2949,2949,1,1,0,192,190,:190:192
NCCL:API Group,22577070696,2492940,22531909796,14764,StartEnd,2949,2949,1,0,1,194,,:194
NCCL:GroupLaunch,22577070696,2492940,22531910575,13858,StartEnd,2949,2949,1,1,0,196,194,:194:196
NCCL:API Group,22579566036,2490572,22531947975,12184,StartEnd,2949,2949,1,0,1,198,,:198
NCCL:GroupLaunch,22579566036,2490572,22531948794,11242,StartEnd,2949,2949,1,1,0,200,198,:198:200
NCCL:API Group,22582059360,5280,22531981644,11701,StartEnd,2949,2949,1,0,1,202,,:202
NCCL:GroupLaunch,22582059360,5280,22531982474,10787,StartEnd,2949,2949,1,1,0,204,202,:202:204
NCCL:API Group,22582067456,12992,22532013703,15091,StartEnd,2949,2949,1,0,1,206,,:206
NCCL:GroupLaunch,22582067456,12992,22532015780,12921,StartEnd,2949,2949,1,1,0,208,206,:206:208
NCCL:API Group,22582081664,615323,22532053818,14415,StartEnd,2949,2949,1,0,1,210,,:210
NCCL:GroupLaunch,22582081664,615323,22532054628,13514,StartEnd,2949,2949,1,1,0,212,210,:210:212
NCCL:API Group,22582699035,627355,22532089374,12949,StartEnd,2949,2949,1,0,1,214,,:214
NCCL:GroupLaunch,22582699035,627355,22532090220,10865,StartEnd,2949,2949,1,1,0,216,214,:214:216
NCCL:API Group,22583327670,631707,22532123568,12026,StartEnd,2949,2949,1,0,1,218,,:218
NCCL:GroupLaunch,22583327670,631707,22532124479,10996,StartEnd,2949,2949,1,1,0,220,218,:218:220
NCCL:API Group,22583961233,631387,22532156692,14687,StartEnd,2949,2949,1,0,1,222,,:222
NCCL:GroupLaunch,22583961233,631387,22532158955,12326,StartEnd,2949,2949,1,1,0,224,222,:222:224
NCCL:API Group,22584593964,2486859,22532195250,13828,StartEnd,2949,2949,1,0,1,226,,:226
NCCL:GroupLaunch,22584593964,2486859,22532196015,12967,StartEnd,2949,2949,1,1,0,228,226,:226:228
NCCL:API Group,22587082135,2483980,22532230325,14508,StartEnd,2949,2949,1,0,1,230,,:230
NCCL:GroupLaunch,22587082135,2483980,22532232885,11834,StartEnd,2949,2949,1,1,0,232,230,:230:232
NCCL:API Group,22589567267,2494796,22532265301,11605,StartEnd,2949,2949,1,0,1,234,,:234
NCCL:GroupLaunch,22589567267,2494796,22532266108,10716,StartEnd,2949,2949,1,1,0,236,234,:234:236
NCCL:API Group,22592064687,5408,22532297087,13600,StartEnd,2949,2949,1,0,1,238,,:238
NCCL:GroupLaunch,22592064687,5408,22532299031,11565,StartEnd,2949,2949,1,1,0,240,238,:238:240
NCCL:API Group,22592072751,15392,22532332325,13118,StartEnd,2949,2949,1,0,1,242,,:242
NCCL:GroupLaunch,22592072751,15392,22532334207,11154,StartEnd,2949,2949,1,1,0,244,242,:242:244
NCCL:API Group,22592089039,616891,22532374917,13072,StartEnd,2949,2949,1,0,1,246,,:246
NCCL:GroupLaunch,22592089039,616891,22532375689,12208,StartEnd,2949,2949,1,1,0,248,246,:246:248
NCCL:API Group,22592707466,628347,22532409215,13452,StartEnd,2949,2949,1,0,1,250,,:250
NCCL:GroupLaunch,22592707466,628347,22532410008,11191,StartEnd,2949,2949,1,1,0,252,250,:250:252
NCCL:API Group,22593337925,630459,22532446622,13775,StartEnd,2949,2949,1,0,1,254,,:254
NCCL:GroupLaunch,22593337925,630459,22532447426,12879,StartEnd,2949,2949,1,1,0,256,254,:254:256
NCCL:API Group,22593970656,645755,22532481369,14058,StartEnd,2949,2949,1,0,1,258,,:258
NCCL:GroupLaunch,22593970656,645755,22532483340,11978,StartEnd,2949,2949,1,1,0,260,258,:258:260
NCCL:API Group,22594617691,2484491,22532518713,15363,StartEnd,2949,2949,1,0,1,262,,:262
NCCL:GroupLaunch,22594617691,2484491,22532519561,14426,StartEnd,2949,2949,1,1,0,264,262,:262:264
NCCL:API Group,22597104902,2503820,22532554129,12818,StartEnd,2949,2949,1,0,1,266,,:266
NCCL:GroupLaunch,22597104902,2503820,22532554880,11968,StartEnd,2949,2949,1,1,0,268,266,:266:268
NCCL:API Group,22599611506,2487724,22532593569,13624,StartEnd,2949,2949,1,0,1,270,,:270
NCCL:GroupLaunch,22599611506,2487724,22532594401,12673,StartEnd,2949,2949,1,1,0,272,270,:270:272
NCCL:API Group,22602100702,5248,22532627391,12854,StartEnd,2949,2949,1,0,1,274,,:274
NCCL:GroupLaunch,22602100702,5248,22532629240,10890,StartEnd,2949,2949,1,1,0,276,274,:274:276
NCCL:API Group,22602106750,19168,22532662039,13000,StartEnd,2949,2949,1,0,1,278,,:278
NCCL:GroupLaunch,22602106750,19168,22532663960,10958,StartEnd,2949,2949,1,1,0,280,278,:278:280
NCCL:API Group,22602127134,617083,22532706591,13844,StartEnd,2949,2949,1,0,1,282,,:282
NCCL:GroupLaunch,22602127134,617083,22532707403,12945,StartEnd,2949,2949,1,1,0,284,282,:282:284
NCCL:API Group,22602746361,630715,22532743380,17757,StartEnd,2949,2949,1,0,1,286,,:286
NCCL:GroupLaunch,22602746361,630715,22532744166,16876,StartEnd,2949,2949,1,1,0,288,286,:286:288
NCCL:API Group,22603379092,626267,22532784323,11401,StartEnd,2949,2949,1,0,1,290,,:290
NCCL:GroupLaunch,22603379092,626267,22532785062,10572,StartEnd,2949,2949,1,1,0,292,290,:290:292
NCCL:API Group,22604006671,628731,22532816846,12212,StartEnd,2949,2949,1,0,1,294,,:294
NCCL:GroupLaunch,22604006671,628731,22532818475,10492,StartEnd,2949,2949,1,1,0,296,294,:294:296
NCCL:API Group,22604637354,2482059,22532851255,15779,StartEnd,2949,2949,1,0,1,298,,:298
NCCL:GroupLaunch,22604637354,2482059,22532854373,12571,StartEnd,2949,2949,1,1,0,300,298,:298:300
NCCL:API Group,22607120437,2493580,22532888846,12695,StartEnd,2949,2949,1,0,1,302,,:302
NCCL:GroupLaunch,22607120437,2493580,22532889653,10748,StartEnd,2949,2949,1,1,0,304,302,:302:304
NCCL:API Group,22609615777,2482156,22532921377,11574,StartEnd,2949,2949,1,0,1,306,,:306
NCCL:GroupLaunch,22609615777,2482156,22532922215,10619,StartEnd,2949,2949,1,1,0,308,306,:306:308
NCCL:API Group,22612099885,5312,22532953172,13675,StartEnd,2949,2949,1,0,1,310,,:310
NCCL:GroupLaunch,22612099885,5312,22532954982,11766,StartEnd,2949,2949,1,1,0,312,310,:310:312
NCCL:API Group,22612105933,18592,22532991709,12745,StartEnd,2949,2949,1,0,1,314,,:314
NCCL:GroupLaunch,22612105933,18592,22532992497,11871,StartEnd,2949,2949,1,1,0,316,314,:314:316
NCCL:API Group,22612127149,614939,22533029198,12730,StartEnd,2949,2949,1,0,1,318,,:318
NCCL:GroupLaunch,22612127149,614939,22533029979,11842,StartEnd,2949,2949,1,1,0,320,318,:318:320
NCCL:API Group,22612743496,628379,22533061896,11477,StartEnd,2949,2949,1,0,1,322,,:322
NCCL:GroupLaunch,22612743496,628379,22533062689,10572,StartEnd,2949,2949,1,1,0,324,322,:322:324
NCCL:API Group,22613374147,630971,22533094184,13426,StartEnd,2949,2949,1,0,1,326,,:326
NCCL:GroupLaunch,22613374147,630971,22533096056,11468,StartEnd,2949,2949,1,1,0,328,326,:326:328
NCCL:API Group,22614006878,628123,22533129715,14688,StartEnd,2949,2949,1,0,1,330,,:330
NCCL:GroupLaunch,22614006878,628123,22533131556,12733,StartEnd,2949,2949,1,1,0,332,330,:330:332
NCCL:API Group,22614636537,2492556,22533169549,15142,StartEnd,2949,2949,1,0,1,334,,:334
NCCL:GroupLaunch,22614636537,2492556,22533170316,14286,StartEnd,2949,2949,1,1,0,336,334,:334:336
NCCL:API Group,22617131877,2490347,22533205649,15039,StartEnd,2949,2949,1,0,1,338,,:338
NCCL:GroupLaunch,22617131877,2490347,22533206436,13159,StartEnd,2949,2949,1,1,0,340,338,:338:340
NCCL:API Group,22619623152,2486956,22533242220,11662,StartEnd,2949,2949,1,0,1,342,,:342
NCCL:GroupLaunch,22619623152,2486956,22533243041,10743,StartEnd,2949,2949,1,1,0,344,342,:342:344
NCCL:API Group,22622112380,5248,22533274353,13421,StartEnd,2949,2949,1,0,1,346,,:346
NCCL:GroupLaunch,22622112380,5248,22533276709,10982,StartEnd,2949,2949,1,1,0,348,346,:346:348
NCCL:API Group,22622119260,16832,22533309803,13651,StartEnd,2949,2949,1,0,1,350,,:350
NCCL:GroupLaunch,22622119260,16832,22533310658,12703,StartEnd,2949,2949,1,1,0,352,350,:350:352
NCCL:API Group,22622137596,621083,22533347847,14329,StartEnd,2949,2949,1,0,1,354,,:354
NCCL:GroupLaunch,22622137596,621083,22533348723,13348,StartEnd,2949,2949,1,1,0,356,354,:354:356
NCCL:API Group,22622761079,625147,22533383749,11623,StartEnd,2949,2949,1,0,1,358,,:358
NCCL:GroupLaunch,22622761079,625147,22533384557,10725,StartEnd,2949,2949,1,1,0,360,358,:358:360
NCCL:API Group,22623387698,625979,22533415993,13012,StartEnd,2949,2949,1,0,1,362,,:362
NCCL:GroupLaunch,22623387698,625979,22533418021,10869,StartEnd,2949,2949,1,1,0,364,362,:362:364
NCCL:API Group,22624016301,631259,22533450308,14902,StartEnd,2949,2949,1,0,1,366,,:366
NCCL:GroupLaunch,22624016301,631259,22533453996,11121,StartEnd,2949,2949,1,1,0,368,366,:366:368
NCCL:API Group,22624650024,2494284,22533488015,12482,StartEnd,2949,2949,1,0,1,370,,:370
NCCL:GroupLaunch,22624650024,2494284,22533488780,11627,StartEnd,2949,2949,1,1,0,372,370,:370:372
NCCL:API Group,22627145396,2475596,22533522449,11655,StartEnd,2949,2949,1,0,1,374,,:374
NCCL:GroupLaunch,22627145396,2475596,22533523207,10805,StartEnd,2949,2949,1,1,0,376,374,:374:376
NCCL:API Group,22629622336,2499755,22533555281,12484,StartEnd,2949,2949,1,0,1,378,,:378
NCCL:GroupLaunch,22629622336,2499755,22533556046,11634,StartEnd,2949,2949,1,1,0,380,378,:378:380
NCCL:API Group,22632124683,5376,22533593398,14366,StartEnd,2949,2949,1,0,1,382,,:382
NCCL:GroupLaunch,22632124683,5376,22533595492,12172,StartEnd,2949,2949,1,1,0,384,382,:382:384
NCCL:API Group,22632132779,15648,22533630237,13206,StartEnd,2949,2949,1,0,1,386,,:386
NCCL:GroupLaunch,22632132779,15648,22533631053,12270,StartEnd,2949,2949,1,1,0,388,386,:386:388
NCCL:API Group,22632151083,612699,22533667989,13008,StartEnd,2949,2949,1,0,1,390,,:390
NCCL:GroupLaunch,22632151083,612699,22533668797,12072,StartEnd,2949,2949,1,1,0,392,390,:390:392
NCCL:API Group,22632765382,628507,22533700746,11713,StartEnd,2949,2949,1,0,1,394,,:394
NCCL:GroupLaunch,22632765382,628507,22533701523,10845,StartEnd,2949,2949,1,1,0,396,394,:394:396
NCCL:API Group,22633395041,630075,22533734788,22408,StartEnd,2949,2949,1,0,1,398,,:398
NCCL:GroupLaunch,22633395041,630075,22533736595,20442,StartEnd,2949,2949,1,1,0,400,398,:398:400
NCCL:API Group,22634026716,627771,22533778474,14616,StartEnd,2949,2949,1,0,1,402,,:402
NCCL:GroupLaunch,22634026716,627771,22533781146,11853,StartEnd,2949,2949,1,1,0,404,402,:402:404
NCCL:API Group,22634655351,2487020,22533816288,13050,StartEnd,2949,2949,1,0,1,406,,:406
NCCL:GroupLaunch,22634655351,2487020,22533817078,12033,StartEnd,2949,2949,1,1,0,408,406,:406:408
NCCL:API Group,22637143555,2484268,22533849837,12701,StartEnd,2949,2949,1,0,1,410,,:410
NCCL:GroupLaunch,22637143555,2484268,22533850600,11823,StartEnd,2949,2949,1,1,0,412,410,:410:412
NCCL:API Group,22639630543,2488876,22533885587,12635,StartEnd,2949,2949,1,0,1,414,,:414
NCCL:GroupLaunch,22639630543,2488876,22533886769,11361,StartEnd,2949,2949,1,1,0,416,414,:414:416
NCCL:API Group,22642121818,5152,22533918111,14889,StartEnd,2949,2949,1,0,1,418,,:418
NCCL:GroupLaunch,22642121818,5152,22533920433,12483,StartEnd,2949,2949,1,1,0,420,418,:418:420
NCCL:API Group,22642129914,16864,22533955088,13955,StartEnd,2949,2949,1,0,1,422,,:422
NCCL:GroupLaunch,22642129914,16864,22533955908,12799,StartEnd,2949,2949,1,1,0,424,422,:422:424
NCCL:API Group,22642148250,616603,22533992588,15347,StartEnd,2949,2949,1,0,1,426,,:426
NCCL:GroupLaunch,22642148250,616603,22533993391,13544,StartEnd,2949,2949,1,1,0,428,426,:426:428
NCCL:API Group,22642766613,625403,22534028548,11838,StartEnd,2949,2949,1,0,1,430,,:430
NCCL:GroupLaunch,22642766613,625403,22534029755,10510,StartEnd,2949,2949,1,1,0,432,430,:430:432
NCCL:API Group,22643393168,630139,22534061785,28358,StartEnd,2949,2949,1,0,1,434,,:434
NCCL:GroupLaunch,22643393168,630139,22534077657,12247,StartEnd,2949,2949,1,1,0,436,434,:434:436
NCCL:API Group,22644024875,629787,22534113170,14189,StartEnd,2949,2949,1,0,1,438,,:438
NCCL:GroupLaunch,22644024875,629787,22534115017,12222,StartEnd,2949,2949,1,1,0,440,438,:438:440
NCCL:API Group,22644655558,2487948,22534153711,13605,StartEnd,2949,2949,1,0,1,442,,:442
NCCL:GroupLaunch,22644655558,2487948,22534154498,12607,StartEnd,2949,2949,1,1,0,444,442,:442:444
NCCL:API Group,22647145618,2483660,22534188474,11969,StartEnd,2949,2949,1,0,1,446,,:446
NCCL:GroupLaunch,22647145618,2483660,22534189366,10975,StartEnd,2949,2949,1,1,0,448,446,:446:448
NCCL:API Group,22649630750,2478860,22534220929,13350,StartEnd,2949,2949,1,0,1,450,,:450
NCCL:GroupLaunch,22649630750,2478860,22534223301,10891,StartEnd,2949,2949,1,1,0,452,450,:450:452
NCCL:API Group,22652112778,5504,22534254781,15118,StartEnd,2949,2949,1,0,1,454,,:454
NCCL:GroupLaunch,22652112778,5504,22534256591,13190,StartEnd,2949,2949,1,1,0,456,454,:454:456
NCCL:API Group,22652120874,15744,22534293460,13432,StartEnd,2949,2949,1,0,1,458,,:458
NCCL:GroupLaunch,22652120874,15744,22534294216,12469,StartEnd,2949,2949,1,1,0,460,458,:458:460
NCCL:API Group,22652139210,611835,22534330275,16061,StartEnd,2949,2949,1,0,1,462,,:462
NCCL:GroupLaunch,22652139210,611835,22534331060,13579,StartEnd,2949,2949,1,1,0,464,462,:462:464
NCCL:API Group,22652753477,625434,22534367991,13453,StartEnd,2949,2949,1,0,1,466,,:466
NCCL:GroupLaunch,22652753477,625434,22534368791,12535,StartEnd,2949,2949,1,1,0,468,466,:466:468
NCCL:API Group,22653380063,628155,22534402671,13212,StartEnd,2949,2949,1,0,1,470,,:470
NCCL:GroupLaunch,22653380063,628155,22534404749,11025,StartEnd,2949,2949,1,1,0,472,470,:470:472
NCCL:API Group,22654009722,628475,22534436329,13142,StartEnd,2949,2949,1,0,1,474,,:474
NCCL:GroupLaunch,22654009722,628475,22534437117,12236,StartEnd,2949,2949,1,1,0,476,474,:474:476
NCCL:API Group,22654641237,2484396,22534473424,14677,StartEnd,2949,2949,1,0,1,478,,:478
NCCL:GroupLaunch,22654641237,2484396,22534475754,12250,StartEnd,2949,2949,1,1,0,480,478,:478:480
NCCL:API Group,22657128417,2497324,22534509753,12273,StartEnd,2949,2949,1,0,1,482,,:482
NCCL:GroupLaunch,22657128417,2497324,22534510531,11404,StartEnd,2949,2949,1,1,0,484,482,:482:484
NCCL:API Group,22659627853,2480972,22534543413,12963,StartEnd,2949,2949,1,0,1,486,,:486
NCCL:GroupLaunch,22659627853,2480972,22534545674,10586,StartEnd,2949,2949,1,1,0,488,486,:486:488
NCCL:API Group,22662110969,5216,22534576608,13118,StartEnd,2949,2949,1,0,1,490,,:490
NCCL:GroupLaunch,22662110969,5216,22534578422,11186,StartEnd,2949,2949,1,1,0,492,490,:490:492
NCCL:API Group,22662119033,16224,22534611348,13030,StartEnd,2949,2949,1,0,1,494,,:494
NCCL:GroupLaunch,22662119033,16224,22534612115,11916,StartEnd,2949,2949,1,1,0,496,494,:494:496
NCCL:API Group,22662137337,631003,22534648178,27045,StartEnd,2949,2949,1,0,1,498,,:498
NCCL:GroupLaunch,22662137337,631003,22534649834,25083,StartEnd,2949,2949,1,1,0,500,498,:498:500
NCCL:API Group,22662771092,625594,22534698190,13913,StartEnd,2949,2949,1,0,1,502,,:502
NCCL:GroupLaunch,22662771092,625594,22534699531,12450,StartEnd,2949,2949,1,1,0,504,502,:502:504
NCCL:API Group,22663397678,626395,22534734558,15538,StartEnd,2949,2949,1,0,1,506,,:506
NCCL:GroupLaunch,22663397678,626395,22534737243,12770,StartEnd,2949,2949,1,1,0,508,506,:506:508
NCCL:API Group,22664027145,625307,22534771842,15464,StartEnd,2949,2949,1,0,1,510,,:510
NCCL:GroupLaunch,22664027145,625307,22534772960,14111,StartEnd,2949,2949,1,1,0,512,510,:510:512
NCCL:API Group,22664654756,2475404,22534811230,14105,StartEnd,2949,2949,1,0,1,514,,:514
NCCL:GroupLaunch,22664654756,2475404,22534812258,12078,StartEnd,2949,2949,1,1,0,516,514,:514:516
NCCL:API Group,22667131664,2481356,22534846216,12646,StartEnd,2949,2949,1,0,1,518,,:518
NCCL:GroupLaunch,22667131664,2481356,22534847377,11393,StartEnd,2949,2949,1,1,0,520,518,:518:520
NCCL:API Group,22669614780,2486028,22534880001,14202,StartEnd,2949,2949,1,0,1,522,,:522
NCCL:GroupLaunch,22669614780,2486028,22534882499,11619,StartEnd,2949,2949,1,1,0,524,522,:522:524
NCCL:API Group,22672101928,5184,22534914431,16954,StartEnd,2949,2949,1,0,1,526,,:526
NCCL:GroupLaunch,22672101928,5184,22534917348,13942,StartEnd,2949,2949,1,1,0,528,526,:526:528
NCCL:API Group,22672107976,19296,22534953798,12209,StartEnd,2949,2949,1,0,1,530,,:530
NCCL:GroupLaunch,22672107976,19296,22534954613,11309,StartEnd,2949,2949,1,1,0,532,530,:530:532
NCCL:API Group,22672128328,617243,22534989961,12298,StartEnd,2949,2949,1,0,1,534,,:534
NCCL:GroupLaunch,22672128328,617243,22534990739,11430,StartEnd,2949,2949,1,1,0,536,534,:534:536
NCCL:API Group,22672746723,627931,22535036054,14669,StartEnd,2949,2949,1,0,1,538,,:538
NCCL:GroupLaunch,22672746723,627931,22535037726,12915,StartEnd,2949,2949,1,1,0,540,538,:538:540
NCCL:API Group,22673377214,629851,22535078028,14339,StartEnd,2949,2949,1,0,1,542,,:542
NCCL:GroupLaunch,22673377214,629851,22535079876,12372,StartEnd,2949,2949,1,1,0,544,542,:542:544
NCCL:API Group,22674009945,625147,22535113259,13419,StartEnd,2949,2949,1,0,1,546,,:546
NCCL:GroupLaunch,22674009945,625147,22535114008,12581,StartEnd,2949,2949,1,1,0,548,546,:546:548
NCCL:API Group,22674636500,2485452,22535149117,13626,StartEnd,2949,2949,1,0,1,550,,:550
NCCL:GroupLaunch,22674636500,2485452,22535149923,11846,StartEnd,2949,2949,1,1,0,552,550,:550:552
NCCL:API Group,22677124736,2479147,22535183851,13453,StartEnd,2949,2949,1,0,1,554,,:554
NCCL:GroupLaunch,22677124736,2479147,22535184599,12619,StartEnd,2949,2949,1,1,0,556,554,:554:556
NCCL:API Group,22679605739,2485100,22535217891,14992,StartEnd,2949,2949,1,0,1,558,,:558
NCCL:GroupLaunch,22679605739,2485100,22535219547,13247,StartEnd,2949,2949,1,1,0,560,558,:558:560
NCCL:API Group,22682092887,5280,22535253919,12858,StartEnd,2949,2949,1,0,1,562,,:562
NCCL:GroupLaunch,22682092887,5280,22535254711,11978,StartEnd,2949,2949,1,1,0,564,562,:562:564
NCCL:API Group,22682098935,19232,22535289148,12638,StartEnd,2949,2949,1,0,1,566,,:566
NCCL:GroupLaunch,22682098935,19232,22535289938,11741,StartEnd,2949,2949,1,1,0,568,566,:566:568
NCCL:API Group,22682119319,616731,22535325716,13212,StartEnd,2949,2949,1,0,1,570,,:570
NCCL:GroupLaunch,22682119319,616731,22535326680,12165,StartEnd,2949,2949,1,1,0,572,570,:570:572
NCCL:API Group,22682738546,626203,22535359012,13229,StartEnd,2949,2949,1,0,1,574,,:574
NCCL:GroupLaunch,22682738546,626203,22535360627,11529,StartEnd,2949,2949,1,1,0,576,574,:574:576
NCCL:API Group,22683366157,626459,22535394374,13592,StartEnd,2949,2949,1,0,1,578,,:578
NCCL:GroupLaunch,22683366157,626459,22535395996,11884,StartEnd,2949,2949,1,1,0,580,578,:578:580
NCCL:API Group,22683994760,628667,22535427687,14363,StartEnd,2949,2949,1,0,1,582,,:582
NCCL:GroupLaunch,22683994760,628667,22535428553,13392,StartEnd,2949,2949,1,1,0,584,582,:582:584
NCCL:API Group,22684625443,2490636,22535463936,12565,StartEnd,2949,2949,1,0,1,586,,:586
NCCL:GroupLaunch,22684625443,2490636,22535464768,11650,StartEnd,2949,2949,1,1,0,588,586,:586:588
NCCL:API Group,22687118767,2483404,22535497264,14052,StartEnd,2949,2949,1,0,1,590,,:590
NCCL:GroupLaunch,22687118767,2483404,22535498163,13061,StartEnd,2949,2949,1,1,0,592,590,:590:592
NCCL:API Group,22689603867,2493515,22535531345,15062,StartEnd,2949,2949,1,0,1,594,,:594
NCCL:GroupLaunch,22689603867,2493515,22535534343,11947,StartEnd,2949,2949,1,1,0,596,594,:594:596
NCCL:API Group,22692098214,5248,22535566627,14256,StartEnd,2949,2949,1,0,1,598,,:598
NCCL:GroupLaunch,22692098214,5248,22535567374,13420,StartEnd,2949,2949,1,1,0,600,598,:598:600
NCCL:API Group,22692104262,19648,22535601659,12747,StartEnd,2949,2949,1,0,1,602,,:602
NCCL:GroupLaunch,22692104262,19648,22535602503,11786,StartEnd,2949,2949,1,1,0,604,602,:602:604
NCCL:API Group,22692125478,614779,22535637470,12417,StartEnd,2949,2949,1,0,1,606,,:606
NCCL:GroupLaunch,22692125478,614779,22535638264,11537,StartEnd,2949,2949,1,1,0,608,606,:606:608
NCCL:API Group,22692741825,628027,22535670357,14066,StartEnd,2949,2949,1,0,1,610,,:610
NCCL:GroupLaunch,22692741825,628027,22535671995,12343,StartEnd,2949,2949,1,1,0,612,610,:610:612
NCCL:API Group,22693372476,623739,22535704604,12556,StartEnd,2949,2949,1,0,1,614,,:614
NCCL:GroupLaunch,22693372476,623739,22535706245,10817,StartEnd,2949,2949,1,1,0,616,614,:614:616
NCCL:API Group,22693998071,646843,22535737390,13988,StartEnd,2949,2949,1,0,1,618,,:618
NCCL:GroupLaunch,22693998071,646843,22535738236,13022,StartEnd,2949,2949,1,1,0,620,618,:618:620
NCCL:API Group,22694647154,2482124,22535774092,12463,StartEnd,2949,2949,1,0,1,622,,:622
NCCL:GroupLaunch,22694647154,2482124,22535774846,11611,StartEnd,2949,2949,1,1,0,624,622,:622:624
NCCL:API Group,22697130206,2484044,22535808578,14701,StartEnd,2949,2949,1,0,1,626,,:626
NCCL:GroupLaunch,22697130206,2484044,22535809312,13852,StartEnd,2949,2949,1,1,0,628,626,:626:628
NCCL:API Group,22699615338,2478252,22535843309,13684,StartEnd,2949,2949,1,0,1,630,,:630
NCCL:GroupLaunch,22699615338,2478252,22535845035,11836,StartEnd,2949,2949,1,1,0,632,630,:630:632
NCCL:API Group,22702094326,5344,22535877152,12688,StartEnd,2949,2949,1,0,1,634,,:634
NCCL:GroupLaunch,22702094326,5344,22535877943,11776,StartEnd,2949,2949,1,1,0,636,634,:634:636
NCCL:API Group,22702101206,18367,22535910991,13380,StartEnd,2949,2949,1,0,1,638,,:638
NCCL:GroupLaunch,22702101206,18367,22535911774,10964,StartEnd,2949,2949,1,1,0,640,638,:638:640
NCCL:API Group,22702121589,612443,22535948037,12447,StartEnd,2949,2949,1,0,1,642,,:642
NCCL:GroupLaunch,22702121589,612443,22535948778,11617,StartEnd,2949,2949,1,1,0,644,642,:642:644
NCCL:API Group,22702736880,625819,22535982569,13414,StartEnd,2949,2949,1,0,1,646,,:646
NCCL:GroupLaunch,22702736880,625819,22535984123,11772,StartEnd,2949,2949,1,1,0,648,646,:646:648
NCCL:API Group,22703365515,625435,22536016355,13647,StartEnd,2949,2949,1,0,1,650,,:650
NCCL:GroupLaunch,22703365515,625435,22536017112,12805,StartEnd,2949,2949,1,1,0,652,650,:650:652
NCCL:API Group,22703992102,625627,22536049734,15290,StartEnd,2949,2949,1,0,1,654,,:654
NCCL:GroupLaunch,22703992102,625627,22536050515,14419,StartEnd,2949,2949,1,1,0,656,654,:654:656
NCCL:API Group,22704619681,2476716,22536087842,16938,StartEnd,2949,2949,1,0,1,658,,:658
NCCL:GroupLaunch,22704619681,2476716,22536088589,16075,StartEnd,2949,2949,1,1,0,660,658,:658:660
NCCL:API Group,22707098669,2477708,22536126289,14615,StartEnd,2949,2949,1,0,1,662,,:662
NCCL:GroupLaunch,22707098669,2477708,22536129169,11647,StartEnd,2949,2949,1,1,0,664,662,:662:664
NCCL:API Group,22709577657,2489740,22536164182,13290,StartEnd,2949,2949,1,0,1,666,,:666
NCCL:GroupLaunch,22709577657,2489740,22536165220,12162,StartEnd,2949,2949,1,1,0,668,666,:666:668
NCCL:API Group,22712069765,5280,22536201509,13137,StartEnd,2949,2949,1,0,1,670,,:670
NCCL:GroupLaunch,22712069765,5280,22536202247,12160,StartEnd,2949,2949,1,1,0,672,670,:670:672
NCCL:API Group,22712077861,16992,22536236356,12752,StartEnd,2949,2949,1,0,1,674,,:674
NCCL:GroupLaunch,22712077861,16992,22536237522,11291,StartEnd,2949,2949,1,1,0,676,674,:674:676
NCCL:API Group,22712096165,615259,22536276617,13381,StartEnd,2949,2949,1,0,1,678,,:678
NCCL:GroupLaunch,22712096165,615259,22536277933,11977,StartEnd,2949,2949,1,1,0,680,678,:678:680
NCCL:API Group,22712712512,625019,22536312497,15081,StartEnd,2949,2949,1,0,1,682,,:682
NCCL:GroupLaunch,22712712512,625019,22536314020,13450,StartEnd,2949,2949,1,1,0,684,682,:682:684
NCCL:API Group,22713340091,626427,22536348596,12348,StartEnd,2949,2949,1,0,1,686,,:686
NCCL:GroupLaunch,22713340091,626427,22536349406,11449,StartEnd,2949,2949,1,1,0,688,686,:686:688
NCCL:API Group,22713968726,632379,22536382109,12632,StartEnd,2949,2949,1,0,1,690,,:690
NCCL:GroupLaunch,22713968726,632379,22536382912,11707,StartEnd,2949,2949,1,1,0,692,690,:690:692
NCCL:API Group,22714603505,2479787,22536417445,14006,StartEnd,2949,2949,1,0,1,694,,:694
NCCL:GroupLaunch,22714603505,2479787,22536418255,13098,StartEnd,2949,2949,1,1,0,696,694,:694:696
NCCL:API Group,22717085564,2476428,22536454138,14483,StartEnd,2949,2949,1,0,1,698,,:698
NCCL:GroupLaunch,22717085564,2476428,22536455029,13460,StartEnd,2949,2949,1,1,0,700,698,:698:700
NCCL:API Group,22719565384,2480812,22536490002,12234,StartEnd,2949,2949,1,0,1,702,,:702
NCCL:GroupLaunch,22719565384,2480812,22536490927,11224,StartEnd,2949,2949,1,1,0,704,702,:702:704
NCCL:API Group,22722048468,5248,22536526330,11644,StartEnd,2949,2949,1,0,1,706,,:706
NCCL:GroupLaunch,22722048468,5248,22536527164,10686,StartEnd,2949,2949,1,1,0,708,706,:706:708
NCCL:API Group,22722056532,15520,22536559124,12561,StartEnd,2949,2949,1,0,1,710,,:710
NCCL:GroupLaunch,22722056532,15520,22536559895,11676,StartEnd,2949,2949,1,1,0,712,710,:710:712
NCCL:API Group,22722074900,632571,22536595295,12888,StartEnd,2949,2949,1,0,1,714,,:714
NCCL:GroupLaunch,22722074900,632571,22536596079,11956,StartEnd,2949,2949,1,1,0,716,714,:714:716
NCCL:API Group,22722709647,630715,22536628205,15663,StartEnd,2949,2949,1,0,1,718,,:718
NCCL:GroupLaunch,22722709647,630715,22536630053,13723,StartEnd,2949,2949,1,1,0,720,718,:718:720
NCCL:API Group,22723341322,626011,22536666097,12770,StartEnd,2949,2949,1,0,1,722,,:722
NCCL:GroupLaunch,22723341322,626011,22536666858,11887,StartEnd,2949,2949,1,1,0,724,722,:722:724
NCCL:API Group,22723969957,623451,22536699216,13542,StartEnd,2949,2949,1,0,1,726,,:726
NCCL:GroupLaunch,22723969957,623451,22536699925,12488,StartEnd,2949,2949,1,1,0,728,726,:726:728
NCCL:API Group,22724594496,2503244,22536735298,13888,StartEnd,2949,2949,1,0,1,730,,:730
NCCL:GroupLaunch,22724594496,2503244,22536737572,11494,StartEnd,2949,2949,1,1,0,732,730,:730:732
NCCL:API Group,22727100939,2480716,22536769446,13840,StartEnd,2949,2949,1,0,1,734,,:734
NCCL:GroupLaunch,22727100939,2480716,22536770446,12741,StartEnd,2949,2949,1,1,0,736,734,:734:736
NCCL:API Group,22729582999,2478124,22536804344,14230,StartEnd,2949,2949,1,0,1,738,,:738
NCCL:GroupLaunch,22729582999,2478124,22536805246,12642,StartEnd,2949,2949,1,1,0,740,738,:738:740
NCCL:API Group,22732064003,5248,22536839870,12059,StartEnd,2949,2949,1,0,1,742,,:742
NCCL:GroupLaunch,22732064003,5248,22536840643,11161,StartEnd,2949,2949,1,1,0,744,742,:742:744
NCCL:API Group,22732072099,17024,22536871994,12439,StartEnd,2949,2949,1,0,1,746,,:746
NCCL:GroupLaunch,22732072099,17024,22536872920,11377,StartEnd,2949,2949,1,1,0,748,746,:746:748
NCCL:API Group,22732090435,614555,22536906965,12324,StartEnd,2949,2949,1,0,1,750,,:750
NCCL:GroupLaunch,22732090435,614555,22536907693,11481,StartEnd,2949,2949,1,1,0,752,750,:750:752
NCCL:API Group,22732706750,627931,22536942324,16111,StartEnd,2949,2949,1,0,1,754,,:754
NCCL:GroupLaunch,22732706750,627931,22536945024,13290,StartEnd,2949,2949,1,1,0,756,754,:754:756
NCCL:API Group,22733337433,623739,22536979956,205282,StartEnd,2949,2949,1,0,1,758,,:758
NCCL:GroupLaunch,22733337433,623739,22536980717,204234,StartEnd,2949,2949,1,1,0,760,758,:758:760
NCCL:API Group,22733962996,627227,22537213859,15508,StartEnd,2949,2949,1,0,1,762,,:762
NCCL:GroupLaunch,22733962996,627227,22537216772,12491,StartEnd,2949,2949,1,1,0,764,762,:762:764
NCCL:API Group,22734592463,2482348,22537254020,12514,StartEnd,2949,2949,1,0,1,766,,:766
NCCL:GroupLaunch,22734592463,2482348,22537254870,11567,StartEnd,2949,2949,1,1,0,768,766,:766:768
NCCL:API Group,22737076571,2481132,22537289419,13301,StartEnd,2949,2949,1,0,1,770,,:770
NCCL:GroupLaunch,22737076571,2481132,22537290198,12420,StartEnd,2949,2949,1,1,0,772,770,:770:772
NCCL:API Group,22739560647,2470220,22537325532,13748,StartEnd,2949,2949,1,0,1,774,,:774
NCCL:GroupLaunch,22739560647,2470220,22537326361,12798,StartEnd,2949,2949,1,1,0,776,774,:774:776
NCCL:API Group,22742033491,5248,22537359880,12266,StartEnd,2949,2949,1,0,1,778,,:778
NCCL:GroupLaunch,22742033491,5248,22537360687,11330,StartEnd,2949,2949,1,1,0,780,778,:778:780
NCCL:API Group,22742041587,15328,22537394689,14635,StartEnd,2949,2949,1,0,1,782,,:782
NCCL:GroupLaunch,22742041587,15328,22537395460,13775,StartEnd,2949,2949,1,1,0,784,782,:782:784
NCCL:API Group,22742057843,618491,22537432679,12857,StartEnd,2949,2949,1,0,1,786,,:786
NCCL:GroupLaunch,22742057843,618491,22537433494,11927,StartEnd,2949,2949,1,1,0,788,786,:786:788
NCCL:API Group,22742677262,626459,22537467775,12633,StartEnd,2949,2949,1,0,1,790,,:790
NCCL:GroupLaunch,22742677262,626459,22537468541,11750,StartEnd,2949,2949,1,1,0,792,790,:790:792
NCCL:API Group,22743305896,625883,22537501736,14152,StartEnd,2949,2949,1,0,1,794,,:794
NCCL:GroupLaunch,22743305896,625883,22537502611,13177,StartEnd,2949,2949,1,1,0,796,794,:794:796
NCCL:API Group,22743933315,627035,22537536246,13220,StartEnd,2949,2949,1,0,1,798,,:798
NCCL:GroupLaunch,22743933315,627035,22537536998,12382,StartEnd,2949,2949,1,1,0,800,798,:798:800
NCCL:API Group,22744562974,2479532,22537571641,12365,StartEnd,2949,2949,1,0,1,802,,:802
NCCL:GroupLaunch,22744562974,2479532,22537572520,11370,StartEnd,2949,2949,1,1,0,804,802,:802:804
NCCL:API Group,22747043978,2482892,22537604841,12345,StartEnd,2949,2949,1,0,1,806,,:806
NCCL:GroupLaunch,22747043978,2482892,22537605637,11434,StartEnd,2949,2949,1,1,0,808,806,:806:808
NCCL:API Group,22749529142,2480588,22537638389,11726,StartEnd,2949,2949,1,0,1,810,,:810
NCCL:GroupLaunch,22749529142,2480588,22537639156,10830,StartEnd,2949,2949,1,1,0,812,810,:810:812
NCCL:API Group,22752012194,5408,22537671350,12157,StartEnd,2949,2949,1,0,1,814,,:814
NCCL:GroupLaunch,22752012194,5408,22537672132,11264,StartEnd,2949,2949,1,1,0,816,814,:814:816
NCCL:API Group,22752020258,16224,22537703968,17160,StartEnd,2949,2949,1,0,1,818,,:818
NCCL:GroupLaunch,22752020258,16224,22537704731,16302,StartEnd,2949,2949,1,1,0,820,818,:818:820
NCCL:API Group,22752038594,621467,22537752277,12851,StartEnd,2949,2949,1,0,1,822,,:822
NCCL:GroupLaunch,22752038594,621467,22537753152,11890,StartEnd,2949,2949,1,1,0,824,822,:822:824
NCCL:API Group,22752662109,628251,22537786482,14204,StartEnd,2949,2949,1,0,1,826,,:826
NCCL:GroupLaunch,22752662109,628251,22537787304,13284,StartEnd,2949,2949,1,1,0,828,826,:826:828
NCCL:API Group,22753293624,626459,22537823539,15451,StartEnd,2949,2949,1,0,1,830,,:830
NCCL:GroupLaunch,22753293624,626459,22537827138,11767,StartEnd,2949,2949,1,1,0,832,830,:830:832
NCCL:API Group,22753922259,643226,22537860946,12649,StartEnd,2949,2949,1,0,1,834,,:834
NCCL:GroupLaunch,22753922259,643226,22537861766,11714,StartEnd,2949,2949,1,1,0,836,834,:834:836
NCCL:API Group,22754567245,2478124,22537896431,12484,StartEnd,2949,2949,1,0,1,838,,:838
NCCL:GroupLaunch,22754567245,2478124,22537897251,11546,StartEnd,2949,2949,1,1,0,840,838,:838:840
NCCL:API Group,22757047257,2491660,22537931384,13475,StartEnd,2949,2949,1,0,1,842,,:842
NCCL:GroupLaunch,22757047257,2491660,22537932390,12376,StartEnd,2949,2949,1,1,0,844,842,:842:844
NCCL:API Group,22759540581,2480140,22537965946,13859,StartEnd,2949,2949,1,0,1,846,,:846
NCCL:GroupLaunch,22759540581,2480140,22537966759,12924,StartEnd,2949,2949,1,1,0,848,846,:846:848
NCCL:API Group,22762021585,5248,22538000253,12539,StartEnd,2949,2949,1,0,1,850,,:850
NCCL:GroupLaunch,22762021585,5248,22538001062,11631,StartEnd,2949,2949,1,1,0,852,850,:850:852
NCCL:API Group,22762027633,18528,22538034551,12894,StartEnd,2949,2949,1,0,1,854,,:854
NCCL:GroupLaunch,22762027633,18528,22538035355,11991,StartEnd,2949,2949,1,1,0,856,854,:854:856
NCCL:API Group,22762048049,616571,22538070528,13326,StartEnd,2949,2949,1,0,1,858,,:858
NCCL:GroupLaunch,22762048049,616571,22538071332,12387,StartEnd,2949,2949,1,1,0,860,858,:858:860
NCCL:API Group,22762667244,624603,22538104201,14085,StartEnd,2949,2949,1,0,1,862,,:862
NCCL:GroupLaunch,22762667244,624603,22538104960,13228,StartEnd,2949,2949,1,1,0,864,862,:862:864
NCCL:API Group,22763294855,627195,22538140325,12800,StartEnd,2949,2949,1,0,1,866,,:866
NCCL:GroupLaunch,22763294855,627195,22538141151,11883,StartEnd,2949,2949,1,1,0,868,866,:866:868
NCCL:API Group,22763923458,628123,22538173865,13053,StartEnd,2949,2949,1,0,1,870,,:870
NCCL:GroupLaunch,22763923458,628123,22538174639,12196,StartEnd,2949,2949,1,1,0,872,870,:870:872
NCCL:API Group,22764554141,2487212,22538209313,12957,StartEnd,2949,2949,1,0,1,874,,:874
NCCL:GroupLaunch,22764554141,2487212,22538210103,12047,StartEnd,2949,2949,1,1,0,876,874,:874:876
NCCL:API Group,22767043369,2483564,22538242420,12642,StartEnd,2949,2949,1,0,1,878,,:878
NCCL:GroupLaunch,22767043369,2483564,22538243234,11713,StartEnd,2949,2949,1,1,0,880,878,:878:880
NCCL:API Group,22769529492,2482892,22538276330,12394,StartEnd,2949,2949,1,0,1,882,,:882
NCCL:GroupLaunch,22769529492,2482892,22538277170,11433,StartEnd,2949,2949,1,1,0,884,882,:882:884
NCCL:API Group,22772014624,5408,22538309720,11623,StartEnd,2949,2949,1,0,1,886,,:886
NCCL:GroupLaunch,22772014624,5408,22538310484,10746,StartEnd,2949,2949,1,1,0,888,886,:886:888
NCCL:API Group,22772020704,17120,22538341680,11714,StartEnd,2949,2949,1,0,1,890,,:890
NCCL:GroupLaunch,22772020704,17120,22538342423,10881,StartEnd,2949,2949,1,1,0,892,890,:890:892
NCCL:API Group,22772039840,621339,22538375956,13201,StartEnd,2949,2949,1,0,1,894,,:894
NCCL:GroupLaunch,22772039840,621339,22538376792,12282,StartEnd,2949,2949,1,1,0,896,894,:894:896
NCCL:API Group,22772664379,625947,22538409094,15789,StartEnd,2949,2949,1,0,1,898,,:898
NCCL:GroupLaunch,22772664379,625947,22538411265,13492,StartEnd,2949,2949,1,1,0,900,898,:898:900
NCCL:API Group,22773292982,628315,22538445922,12296,StartEnd,2949,2949,1,0,1,902,,:902
NCCL:GroupLaunch,22773292982,628315,22538446722,11398,StartEnd,2949,2949,1,1,0,904,902,:902:904
NCCL:API Group,22773922641,628475,22538480922,12418,StartEnd,2949,2949,1,0,1,906,,:906
NCCL:GroupLaunch,22773922641,628475,22538481745,11472,StartEnd,2949,2949,1,1,0,908,906,:906:908
NCCL:API Group,22774553324,2481644,22538515214,14492,StartEnd,2949,2949,1,0,1,910,,:910
NCCL:GroupLaunch,22774553324,2481644,22538516022,13518,StartEnd,2949,2949,1,1,0,912,910,:910:912
NCCL:API Group,22777036376,2481260,22538552064,12890,StartEnd,2949,2949,1,0,1,914,,:914
NCCL:GroupLaunch,22777036376,2481260,22538552862,11972,StartEnd,2949,2949,1,1,0,916,914,:914:916
NCCL:API Group,22779519460,2479404,22538585093,12152,StartEnd,2949,2949,1,0,1,918,,:918
NCCL:GroupLaunch,22779519460,2479404,22538585903,11248,StartEnd,2949,2949,1,1,0,920,918,:918:920
NCCL:API Group,22782001520,5440,22538617307,11739,StartEnd,2949,2949,1,0,1,922,,:922
NCCL:GroupLaunch,22782001520,5440,22538618071,10888,StartEnd,2949,2949,1,1,0,924,922,:922:924
NCCL:API Group,22782008400,16799,22538650115,12977,StartEnd,2949,2949,1,0,1,926,,:926
NCCL:GroupLaunch,22782008400,16799,22538650962,12044,StartEnd,2949,2949,1,1,0,928,926,:926:928
NCCL:API Group,22782026703,616027,22538690831,14377,StartEnd,2949,2949,1,0,1,930,,:930
NCCL:GroupLaunch,22782026703,616027,22538691693,13427,StartEnd,2949,2949,1,1,0,932,930,:930:932
NCCL:API Group,22782645098,627003,22538726432,13002,StartEnd,2949,2949,1,0,1,934,,:934
NCCL:GroupLaunch,22782645098,627003,22538727284,12063,StartEnd,2949,2949,1,1,0,936,934,:934:936
NCCL:API Group,22783273733,625659,22538760867,13476,StartEnd,2949,2949,1,0,1,938,,:938
NCCL:GroupLaunch,22783273733,625659,22538761844,12409,StartEnd,2949,2949,1,1,0,940,938,:938:940
NCCL:API Group,22783902368,622683,22538795519,12428,StartEnd,2949,2949,1,0,1,942,,:942
NCCL:GroupLaunch,22783902368,622683,22538796306,11543,StartEnd,2949,2949,1,1,0,944,942,:942:944
NCCL:API Group,22784527899,2494060,22538830361,13007,StartEnd,2949,2949,1,0,1,946,,:946
NCCL:GroupLaunch,22784527899,2494060,22538831157,12113,StartEnd,2949,2949,1,1,0,948,946,:946:948
NCCL:API Group,22787023271,2486412,22538863838,13614,StartEnd,2949,2949,1,0,1,950,,:950
NCCL:GroupLaunch,22787023271,2486412,22538864706,12652,StartEnd,2949,2949,1,1,0,952,950,:950:952
NCCL:API Group,22789510451,2492940,22538899989,13877,StartEnd,2949,2949,1,0,1,954,,:954
NCCL:GroupLaunch,22789510451,2492940,22538900893,12870,StartEnd,2949,2949,1,1,0,956,954,:954:956
NCCL:API Group,22792006655,5344,22538934804,12391,StartEnd,2949,2949,1,0,1,958,,:958
NCCL:GroupLaunch,22792006655,5344,22538935651,11461,StartEnd,2949,2949,1,1,0,960,958,:958:960
NCCL:API Group,22792014751,15424,22538969833,12691,StartEnd,2949,2949,1,0,1,962,,:962
NCCL:GroupLaunch,22792014751,15424,22538970724,11629,StartEnd,2949,2949,1,1,0,964,962,:962:964
NCCL:API Group,22792033055,617755,22539006444,14805,StartEnd,2949,2949,1,0,1,966,,:966
NCCL:GroupLaunch,22792033055,617755,22539008801,12335,StartEnd,2949,2949,1,1,0,968,966,:966:968
NCCL:API Group,22792653498,624763,22539045893,13675,StartEnd,2949,2949,1,0,1,970,,:970
NCCL:GroupLaunch,22792653498,624763,22539046700,12738,StartEnd,2949,2949,1,1,0,972,970,:970:972
NCCL:API Group,22793280084,625947,22539079665,14737,StartEnd,2949,2949,1,0,1,974,,:974
NCCL:GroupLaunch,22793280084,625947,22539080423,13885,StartEnd,2949,2949,1,1,0,976,974,:974:976
NCCL:API Group,22793908687,625275,22539115715,12381,StartEnd,2949,2949,1,0,1,978,,:978
NCCL:GroupLaunch,22793908687,625275,22539116510,11443,StartEnd,2949,2949,1,1,0,980,978,:978:980
NCCL:API Group,22794535274,2478828,22539151424,12803,StartEnd,2949,2949,1,0,1,982,,:982
NCCL:GroupLaunch,22794535274,2478828,22539152397,11714,StartEnd,2949,2949,1,1,0,984,982,:982:984
NCCL:API Group,22797016310,2471852,22539185274,12383,StartEnd,2949,2949,1,0,1,986,,:986
NCCL:GroupLaunch,22797016310,2471852,22539186044,11523,StartEnd,2949,2949,1,1,0,988,986,:986:988
NCCL:API Group,22799489986,2478380,22539217411,12821,StartEnd,2949,2949,1,0,1,990,,:990
NCCL:GroupLaunch,22799489986,2478380,22539218183,11920,StartEnd,2949,2949,1,1,0,992,990,:990:992
NCCL:API Group,22801971022,5152,22539250250,12087,StartEnd,2949,2949,1,0,1,994,,:994
NCCL:GroupLaunch,22801971022,5152,22539251068,11148,StartEnd,2949,2949,1,1,0,996,994,:994:996
NCCL:API Group,22801979118,16128,22539283594,14199,StartEnd,2949,2949,1,0,1,998,,:998
NCCL:GroupLaunch,22801979118,16128,22539284583,12988,StartEnd,2949,2949,1,1,0,1000,998,:998:1000
NCCL:API Group,22801997422,616411,22539320030,12949,StartEnd,2949,2949,1,0,1,1002,,:1002
NCCL:GroupLaunch,22801997422,616411,22539321315,11570,StartEnd,2949,2949,1,1,0,1004,1002,:1002:1004
NCCL:API Group,22802615817,625243,22539354872,13531,StartEnd,2949,2949,1,0,1,1006,,:1006
NCCL:GroupLaunch,22802615817,625243,22539355619,12580,StartEnd,2949,2949,1,1,0,1008,1006,:1006:1008
NCCL:API Group,22803243396,627195,22539389579,12550,StartEnd,2949,2949,1,0,1,1010,,:1010
NCCL:GroupLaunch,22803243396,627195,22539390428,11586,StartEnd,2949,2949,1,1,0,1012,1010,:1010:1012
NCCL:API Group,22803872031,624699,22539425574,14031,StartEnd,2949,2949,1,0,1,1014,,:1014
NCCL:GroupLaunch,22803872031,624699,22539426445,13074,StartEnd,2949,2949,1,1,0,1016,1014,:1014:1016
NCCL:API Group,22804498618,2485004,22539462431,19305,StartEnd,2949,2949,1,0,1,1018,,:1018
NCCL:GroupLaunch,22804498618,2485004,22539463633,18013,StartEnd,2949,2949,1,1,0,1020,1018,:1018:1020
NCCL:API Group,22806985606,2486444,22539501964,12868,StartEnd,2949,2949,1,0,1,1022,,:1022
NCCL:GroupLaunch,22806985606,2486444,22539502735,11983,StartEnd,2949,2949,1,1,0,1024,1022,:1022:1024
NCCL:API Group,22809474834,2480940,22539536152,13392,StartEnd,2949,2949,1,0,1,1026,,:1026
NCCL:GroupLaunch,22809474834,2480940,22539536913,12522,StartEnd,2949,2949,1,1,0,1028,1026,:1026:1028
NCCL:API Group,22811957885,5280,22539569339,11858,StartEnd,2949,2949,1,0,1,1030,,:1030
NCCL:GroupLaunch,22811957885,5280,22539570140,10961,StartEnd,2949,2949,1,1,0,1032,1030,:1030:1032
NCCL:API Group,22811965981,15552,22539602398,14032,StartEnd,2949,2949,1,0,1,1034,,:1034
NCCL:GroupLaunch,22811965981,15552,22539604967,11367,StartEnd,2949,2949,1,1,0,1036,1034,:1034:1036
NCCL:API Group,22811984317,614683,22539639457,14472,StartEnd,2949,2949,1,0,1,1038,,:1038
NCCL:GroupLaunch,22811984317,614683,22539640344,13494,StartEnd,2949,2949,1,1,0,1040,1038,:1038:1040
NCCL:API Group,22812600632,626491,22539674030,13625,StartEnd,2949,2949,1,0,1,1042,,:1042
NCCL:GroupLaunch,22812600632,626491,22539674836,12730,StartEnd,2949,2949,1,1,0,1044,1042,:1042:1044
NCCL:API Group,22813229267,626811,22539708019,12073,StartEnd,2949,2949,1,0,1,1046,,:1046
NCCL:GroupLaunch,22813229267,626811,22539708848,11152,StartEnd,2949,2949,1,1,0,1048,1046,:1046:1048
NCCL:API Group,22813856878,624987,22539762933,12890,StartEnd,2949,2949,1,0,1,1050,,:1050
NCCL:GroupLaunch,22813856878,624987,22539763723,11976,StartEnd,2949,2949,1,1,0,1052,1050,:1050:1052
NCCL:API Group,22814484297,2487596,22539799575,14228,StartEnd,2949,2949,1,0,1,1054,,:1054
NCCL:GroupLaunch,22814484297,2487596,22539800453,13231,StartEnd,2949,2949,1,1,0,1056,1054,:1054:1056
NCCL:API Group,22816973525,2494444,22539835277,13136,StartEnd,2949,2949,1,0,1,1058,,:1058
NCCL:GroupLaunch,22816973525,2494444,22539836087,12240,StartEnd,2949,2949,1,1,0,1060,1058,:1058:1060
NCCL:API Group,22819470913,2474348,22539869404,12071,StartEnd,2949,2949,1,0,1,1062,,:1062
NCCL:GroupLaunch,22819470913,2474348,22539870187,11173,StartEnd,2949,2949,1,1,0,1064,1062,:1062:1064
NCCL:API Group,22821946861,5152,22539901184,13471,StartEnd,2949,2949,1,0,1,1066,,:1066
NCCL:GroupLaunch,22821946861,5152,22539901975,12556,StartEnd,2949,2949,1,1,0,1068,1066,:1066:1068
NCCL:API Group,22821954925,16352,22539935472,12840,StartEnd,2949,2949,1,0,1,1070,,:1070
NCCL:GroupLaunch,22821954925,16352,22539936423,11796,StartEnd,2949,2949,1,1,0,1072,1070,:1070:1072
NCCL:API Group,22821973229,629914,22539971255,12628,StartEnd,2949,2949,1,0,1,1074,,:1074
NCCL:GroupLaunch,22821973229,629914,22539972090,11706,StartEnd,2949,2949,1,1,0,1076,1074,:1074:1076
NCCL:API Group,22822603911,627867,22540004308,12852,StartEnd,2949,2949,1,0,1,1078,,:1078
NCCL:GroupLaunch,22822603911,627867,22540005102,11941,StartEnd,2949,2949,1,1,0,1080,1078,:1078:1080
NCCL:API Group,22823232546,629211,22540037208,12306,StartEnd,2949,2949,1,0,1,1082,,:1082
NCCL:GroupLaunch,22823232546,629211,22540038042,11385,StartEnd,2949,2949,1,1,0,1084,1082,:1082:1084
NCCL:API Group,22823864061,627995,22540070438,12527,StartEnd,2949,2949,1,0,1,1086,,:1086
NCCL:GroupLaunch,22823864061,627995,22540071229,11622,StartEnd,2949,2949,1,1,0,1088,1086,:1086:1088
NCCL:API Group,22824493720,2481452,22540104967,13067,StartEnd,2949,2949,1,0,1,1090,,:1090
NCCL:GroupLaunch,22824493720,2481452,22540105764,12183,StartEnd,2949,2949,1,1,0,1092,1090,:1090:1092
NCCL:API Group,22826976772,2474380,22540138623,13415,StartEnd,2949,2949,1,0,1,1094,,:1094
NCCL:GroupLaunch,22826976772,2474380,22540139374,12443,StartEnd,2949,2949,1,1,0,1096,1094,:1094:1096
NCCL:API Group,22829453712,2481868,22540171856,12981,StartEnd,2949,2949,1,0,1,1098,,:1098
NCCL:GroupLaunch,22829453712,2481868,22540172653,12066,StartEnd,2949,2949,1,1,0,1100,1098,:1098:1100
NCCL:API Group,22831936796,5248,22540204877,14986,StartEnd,2949,2949,1,0,1,1102,,:1102
NCCL:GroupLaunch,22831936796,5248,22540207188,12587,StartEnd,2949,2949,1,1,0,1104,1102,:1102:1104
NCCL:API Group,22831944892,18656,22540241646,12313,StartEnd,2949,2949,1,0,1,1106,,:1106
NCCL:GroupLaunch,22831944892,18656,22540242500,11371,StartEnd,2949,2949,1,1,0,1108,1106,:1106:1108
NCCL:API Group,22831965244,613307,22540301145,13063,StartEnd,2949,2949,1,0,1,1110,,:1110
NCCL:GroupLaunch,22831965244,613307,22540302004,12096,StartEnd,2949,2949,1,1,0,1112,1110,:1110:1112
NCCL:API Group,22832580567,624635,22540335238,12697,StartEnd,2949,2949,1,0,1,1114,,:1114
NCCL:GroupLaunch,22832580567,624635,22540336012,11750,StartEnd,2949,2949,1,1,0,1116,1114,:1114:1116
NCCL:API Group,22833207986,623259,22540369384,11758,StartEnd,2949,2949,1,0,1,1118,,:1118
NCCL:GroupLaunch,22833207986,623259,22540370169,10854,StartEnd,2949,2949,1,1,0,1120,1118,:1118:1120
NCCL:API Group,22833832525,624411,22540401436,12824,StartEnd,2949,2949,1,0,1,1122,,:1122
NCCL:GroupLaunch,22833832525,624411,22540402567,11605,StartEnd,2949,2949,1,1,0,1124,1122,:1122:1124
NCCL:API Group,22834460104,2482124,22540435981,13819,StartEnd,2949,2949,1,0,1,1126,,:1126
NCCL:GroupLaunch,22834460104,2482124,22540436756,12957,StartEnd,2949,2949,1,1,0,1128,1126,:1126:1128
NCCL:API Group,22836945267,2470509,22540471261,12890,StartEnd,2949,2949,1,0,1,1130,,:1130
NCCL:GroupLaunch,22836945267,2470509,22540472051,11942,StartEnd,2949,2949,1,1,0,1132,1130,:1130:1132
NCCL:API Group,22839418080,2486987,22540504723,14609,StartEnd,2949,2949,1,0,1,1134,,:1134
NCCL:GroupLaunch,22839418080,2486987,22540505547,13701,StartEnd,2949,2949,1,1,0,1136,1134,:1134:1136
NCCL:API Group,22841907275,5216,22540539983,12666,StartEnd,2949,2949,1,0,1,1138,,:1138
NCCL:GroupLaunch,22841907275,5216,22540541313,11249,StartEnd,2949,2949,1,1,0,1140,1138,:1138:1140
NCCL:API Group,22841913323,18368,22540574357,13207,StartEnd,2949,2949,1,0,1,1142,,:1142
NCCL:GroupLaunch,22841913323,18368,22540575155,12316,StartEnd,2949,2949,1,1,0,1144,1142,:1142:1144
NCCL:API Group,22841933707,615355,22540610659,12916,StartEnd,2949,2949,1,0,1,1146,,:1146
NCCL:GroupLaunch,22841933707,615355,22540611649,11835,StartEnd,2949,2949,1,1,0,1148,1146,:1146:1148
NCCL:API Group,22842550886,625915,22540645407,12092,StartEnd,2949,2949,1,0,1,1150,,:1150
NCCL:GroupLaunch,22842550886,625915,22540646220,11187,StartEnd,2949,2949,1,1,0,1152,1150,:1150:1152
NCCL:API Group,22843178497,624251,22540677557,12203,StartEnd,2949,2949,1,0,1,1154,,:1154
NCCL:GroupLaunch,22843178497,624251,22540678392,11262,StartEnd,2949,2949,1,1,0,1156,1154,:1154:1156
NCCL:API Group,22843805052,625211,22540710498,12258,StartEnd,2949,2949,1,0,1,1158,,:1158
NCCL:GroupLaunch,22843805052,625211,22540711283,11392,StartEnd,2949,2949,1,1,0,1160,1158,:1158:1160
NCCL:API Group,22844431671,2484588,22540744822,12976,StartEnd,2949,2949,1,0,1,1162,,:1162
NCCL:GroupLaunch,22844431671,2484588,22540745624,12075,StartEnd,2949,2949,1,1,0,1164,1162,:1162:1164
NCCL:API Group,22846918819,2478540,22540778563,15759,StartEnd,2949,2949,1,0,1,1166,,:1166
NCCL:GroupLaunch,22846918819,2478540,22540779310,14790,StartEnd,2949,2949,1,1,0,1168,1166,:1166:1168
NCCL:API Group,22849398799,2500908,22540814406,15200,StartEnd,2949,2949,1,0,1,1170,,:1170
NCCL:GroupLaunch,22849398799,2500908,22540816743,12764,StartEnd,2949,2949,1,1,0,1172,1170,:1170:1172
NCCL:API Group,22851902363,5312,22540849628,12550,StartEnd,2949,2949,1,0,1,1174,,:1174
NCCL:GroupLaunch,22851902363,5312,22540850468,11625,StartEnd,2949,2949,1,1,0,1176,1174,:1174:1176
NCCL:API Group,22851908411,17023,22540882085,12268,StartEnd,2949,2949,1,0,1,1178,,:1178
NCCL:GroupLaunch,22851908411,17023,22540882979,11255,StartEnd,2949,2949,1,1,0,1180,1178,:1178:1180
NCCL:API Group,22851927578,21504,22540917808,12497,StartEnd,2949,2949,1,0,1,1182,,:1182
NCCL:GroupLaunch,22851927578,21504,22540918577,11508,StartEnd,2949,2949,1,1,0,1184,1182,:1182:1184
NCCL:API Group,22851952058,2408525,22540955426,12361,StartEnd,2949,2949,1,0,1,1186,,:1186
NCCL:GroupLaunch,22851952058,2408525,22540956196,11505,StartEnd,2949,2949,1,1,0,1188,1186,:1186:1188
NCCL:API Group,23784559527,4263037,23784371040,208448,StartEnd,2949,2949,1,0,1,1190,,:1190
NCCL:GroupLaunch,23784559527,4263037,23784433333,145776,StartEnd,2949,2949,1,1,0,1192,1190,:1190:1192
NCCL:API Group,23788863908,1117303,23784791828,26617,StartEnd,2949,2949,1,0,1,1194,,:1194
NCCL:GroupLaunch,23788863908,1117303,23784796535,21776,StartEnd,2949,2949,1,1,0,1196,1194,:1194:1196
NCCL:API Group,23789993435,1108951,23784876102,17751,StartEnd,2949,2949,1,0,1,1198,,:1198
NCCL:GroupLaunch,23789993435,1108951,23784878287,15479,StartEnd,2949,2949,1,1,0,1200,1198,:1198:1200
NCCL:API Group,23791114738,1122519,23784937254,18082,StartEnd,2949,2949,1,0,1,1202,,:1202
NCCL:GroupLaunch,23791114738,1122519,23784938467,16339,StartEnd,2949,2949,1,1,0,1204,1202,:1202:1204
NCCL:API Group,23792251337,1120375,23784999432,16372,StartEnd,2949,2949,1,0,1,1206,,:1206
NCCL:GroupLaunch,23792251337,1120375,23785001074,14496,StartEnd,2949,2949,1,1,0,1208,1206,:1206:1208
NCCL:API Group,23793382783,4412125,23785061376,21885,StartEnd,2949,2949,1,0,1,1210,,:1210
NCCL:GroupLaunch,23793382783,4412125,23785063532,19600,StartEnd,2949,2949,1,1,0,1212,1210,:1210:1212
NCCL:API Group,23797835387,4424605,23785122267,16720,StartEnd,2949,2949,1,0,1,1214,,:1214
NCCL:GroupLaunch,23797835387,4424605,23785124684,14185,StartEnd,2949,2949,1,1,0,1216,1214,:1214:1216
NCCL:API Group,23802299895,4427453,23785176296,16049,StartEnd,2949,2949,1,0,1,1218,,:1218
NCCL:GroupLaunch,23802299895,4427453,23785177503,14542,StartEnd,2949,2949,1,1,0,1220,1218,:1218:1220
NCCL:API Group,23806768467,13120,23785229671,14799,StartEnd,2949,2949,1,0,1,1222,,:1222
NCCL:GroupLaunch,23806768467,13120,23785230628,12805,StartEnd,2949,2949,1,1,0,1224,1222,:1222:1224
NCCL:API Group,23806784819,11264,23785285940,14596,StartEnd,2949,2949,1,0,1,1226,,:1226
NCCL:GroupLaunch,23806784819,11264,23785287463,12947,StartEnd,2949,2949,1,1,0,1228,1226,:1226:1228
NCCL:API Group,23806799475,1129591,23785343751,18403,StartEnd,2949,2949,1,0,1,1230,,:1230
NCCL:GroupLaunch,23806799475,1129591,23785346627,15438,StartEnd,2949,2949,1,1,0,1232,1230,:1230:1232
NCCL:API Group,23807943114,1128663,23785401153,14565,StartEnd,2949,2949,1,0,1,1234,,:1234
NCCL:GroupLaunch,23807943114,1128663,23785402170,13459,StartEnd,2949,2949,1,1,0,1236,1234,:1234:1236
NCCL:API Group,23809085761,1130038,23785452020,15321,StartEnd,2949,2949,1,0,1,1238,,:1238
NCCL:GroupLaunch,23809085761,1130038,23785452949,14167,StartEnd,2949,2949,1,1,0,1240,1238,:1238:1240
NCCL:API Group,23810227479,1127383,23785501508,13343,StartEnd,2949,2949,1,0,1,1242,,:1242
NCCL:GroupLaunch,23810227479,1127383,23785502503,12217,StartEnd,2949,2949,1,1,0,1244,1242,:1242:1244
NCCL:API Group,23811368462,4445916,23785551721,16139,StartEnd,2949,2949,1,0,1,1246,,:1246
NCCL:GroupLaunch,23811368462,4445916,23785555343,12388,StartEnd,2949,2949,1,1,0,1248,1246,:1246:1248
NCCL:API Group,23815857578,4435324,23785602694,15181,StartEnd,2949,2949,1,0,1,1250,,:1250
NCCL:GroupLaunch,23815857578,4435324,23785604737,13010,StartEnd,2949,2949,1,1,0,1252,1250,:1250:1252
NCCL:API Group,23820336358,4465339,23785651576,15272,StartEnd,2949,2949,1,0,1,1254,,:1254
NCCL:GroupLaunch,23820336358,4465339,23785652534,14196,StartEnd,2949,2949,1,1,0,1256,1254,:1254:1256
NCCL:API Group,23824842881,13344,23785699603,12686,StartEnd,2949,2949,1,0,1,1258,,:1258
NCCL:GroupLaunch,23824842881,13344,23785700575,11626,StartEnd,2949,2949,1,1,0,1260,1258,:1258:1260
NCCL:API Group,23824859585,12064,23785757432,18707,StartEnd,2949,2949,1,0,1,1262,,:1262
NCCL:GroupLaunch,23824859585,12064,23785758912,17001,StartEnd,2949,2949,1,1,0,1264,1262,:1262:1264
NCCL:API Group,23824875905,1123703,23785815652,15461,StartEnd,2949,2949,1,0,1,1266,,:1266
NCCL:GroupLaunch,23824875905,1123703,23785818326,12699,StartEnd,2949,2949,1,1,0,1268,1266,:1266:1268
NCCL:API Group,23826014392,1117751,23785865876,14657,StartEnd,2949,2949,1,0,1,1270,,:1270
NCCL:GroupLaunch,23826014392,1117751,23785866900,13506,StartEnd,2949,2949,1,1,0,1272,1270,:1270:1272
NCCL:API Group,23827145807,1113879,23785914381,15302,StartEnd,2949,2949,1,0,1,1274,,:1274
NCCL:GroupLaunch,23827145807,1113879,23785915315,13917,StartEnd,2949,2949,1,1,0,1276,1274,:1274:1276
NCCL:API Group,23828272517,1114903,23785963901,14914,StartEnd,2949,2949,1,0,1,1278,,:1278
NCCL:GroupLaunch,23828272517,1114903,23785964926,13795,StartEnd,2949,2949,1,1,0,1280,1278,:1278:1280
NCCL:API Group,23829399836,4375357,23786013027,15692,StartEnd,2949,2949,1,0,1,1282,,:1282
NCCL:GroupLaunch,23829399836,4375357,23786015760,12836,StartEnd,2949,2949,1,1,0,1284,1282,:1282:1284
NCCL:API Group,23833815193,4386396,23786061212,14372,StartEnd,2949,2949,1,0,1,1286,,:1286
NCCL:GroupLaunch,23833815193,4386396,23786063190,12307,StartEnd,2949,2949,1,1,0,1288,1286,:1286:1288
NCCL:API Group,23838242837,4388412,23786107218,14987,StartEnd,2949,2949,1,0,1,1290,,:1290
NCCL:GroupLaunch,23838242837,4388412,23786108135,13762,StartEnd,2949,2949,1,1,0,1292,1290,:1290:1292
NCCL:API Group,23842672913,11840,23786155357,14988,StartEnd,2949,2949,1,0,1,1294,,:1294
NCCL:GroupLaunch,23842672913,11840,23786156286,13964,StartEnd,2949,2949,1,1,0,1296,1294,:1294:1296
NCCL:API Group,23842689233,11264,23786206658,15532,StartEnd,2949,2949,1,0,1,1298,,:1298
NCCL:GroupLaunch,23842689233,11264,23786207965,14137,StartEnd,2949,2949,1,1,0,1300,1298,:1298:1300
NCCL:API Group,23842703473,1122807,23786258616,15596,StartEnd,2949,2949,1,0,1,1302,,:1302
NCCL:GroupLaunch,23842703473,1122807,23786261094,13031,StartEnd,2949,2949,1,1,0,1304,1302,:1302:1304
NCCL:API Group,23843838952,1135894,23786307556,14611,StartEnd,2949,2949,1,0,1,1306,,:1306
NCCL:GroupLaunch,23843838952,1135894,23786308505,13575,StartEnd,2949,2949,1,1,0,1308,1306,:1306:1308
NCCL:API Group,23844988158,1119991,23786354138,15357,StartEnd,2949,2949,1,0,1,1310,,:1310
NCCL:GroupLaunch,23844988158,1119991,23786355122,13076,StartEnd,2949,2949,1,1,0,1312,1310,:1310:1312
NCCL:API Group,23846119573,1122231,23786401646,14320,StartEnd,2949,2949,1,0,1,1314,,:1314
NCCL:GroupLaunch,23846119573,1122231,23786402740,13128,StartEnd,2949,2949,1,1,0,1316,1314,:1314:1316
NCCL:API Group,23847256076,4379805,23786449965,14367,StartEnd,2949,2949,1,0,1,1318,,:1318
NCCL:GroupLaunch,23847256076,4379805,23786452609,11638,StartEnd,2949,2949,1,1,0,1320,1318,:1318:1320
NCCL:API Group,23851675560,4383709,23786497138,15624,StartEnd,2949,2949,1,0,1,1322,,:1322
NCCL:GroupLaunch,23851675560,4383709,23786498059,14612,StartEnd,2949,2949,1,1,0,1324,1322,:1322:1324
NCCL:API Group,23856100548,4386909,23786546657,13594,StartEnd,2949,2949,1,0,1,1326,,:1326
NCCL:GroupLaunch,23856100548,4386909,23786547591,12542,StartEnd,2949,2949,1,1,0,1328,1326,:1326:1328
NCCL:API Group,23860530241,12320,23786593996,12703,StartEnd,2949,2949,1,0,1,1330,,:1330
NCCL:GroupLaunch,23860530241,12320,23786594889,11689,StartEnd,2949,2949,1,1,0,1332,1330,:1330:1332
NCCL:API Group,23860546497,11583,23786640065,22105,StartEnd,2949,2949,1,0,1,1334,,:1334
NCCL:GroupLaunch,23860546497,11583,23786642388,19667,StartEnd,2949,2949,1,1,0,1336,1334,:1334:1336
NCCL:API Group,23860562816,1115447,23786698115,15305,StartEnd,2949,2949,1,0,1,1338,,:1338
NCCL:GroupLaunch,23860562816,1115447,23786700287,13041,StartEnd,2949,2949,1,1,0,1340,1338,:1338:1340
NCCL:API Group,23861689463,1120183,23786746952,14758,StartEnd,2949,2949,1,0,1,1342,,:1342
NCCL:GroupLaunch,23861689463,1120183,23786747932,13544,StartEnd,2949,2949,1,1,0,1344,1342,:1342:1344
NCCL:API Group,23862820878,1135767,23786796237,15684,StartEnd,2949,2949,1,0,1,1346,,:1346
NCCL:GroupLaunch,23862820878,1135767,23786797182,13532,StartEnd,2949,2949,1,1,0,1348,1346,:1346:1348
NCCL:API Group,23863969669,1109239,23786845802,14756,StartEnd,2949,2949,1,0,1,1350,,:1350
NCCL:GroupLaunch,23863969669,1109239,23786848970,11498,StartEnd,2949,2949,1,1,0,1352,1350,:1350:1352
NCCL:API Group,23865090844,4373660,23786895088,14061,StartEnd,2949,2949,1,0,1,1354,,:1354
NCCL:GroupLaunch,23865090844,4373660,23786897286,11772,StartEnd,2949,2949,1,1,0,1356,1354,:1354:1356
NCCL:API Group,23869504568,4400669,23786942357,14964,StartEnd,2949,2949,1,0,1,1358,,:1358
NCCL:GroupLaunch,23869504568,4400669,23786943314,13921,StartEnd,2949,2949,1,1,0,1360,1358,:1358:1360
NCCL:API Group,23873948596,4410749,23786989461,13860,StartEnd,2949,2949,1,0,1,1362,,:1362
NCCL:GroupLaunch,23873948596,4410749,23786990426,12431,StartEnd,2949,2949,1,1,0,1364,1362,:1362:1364
NCCL:API Group,23878400784,12704,23787035467,13447,StartEnd,2949,2949,1,0,1,1366,,:1366
NCCL:GroupLaunch,23878400784,12704,23787036551,12246,StartEnd,2949,2949,1,1,0,1368,1366,:1366:1368
NCCL:API Group,23878417136,11456,23787082779,13393,StartEnd,2949,2949,1,0,1,1370,,:1370
NCCL:GroupLaunch,23878417136,11456,23787084695,11385,StartEnd,2949,2949,1,1,0,1372,1370,:1370:1372
NCCL:API Group,23878431792,1129143,23787129988,20865,StartEnd,2949,2949,1,0,1,1374,,:1374
NCCL:GroupLaunch,23878431792,1129143,23787132010,18759,StartEnd,2949,2949,1,1,0,1376,1374,:1374:1376
NCCL:API Group,23879575431,1129175,23787182281,14503,StartEnd,2949,2949,1,0,1,1378,,:1378
NCCL:GroupLaunch,23879575431,1129175,23787183231,13460,StartEnd,2949,2949,1,1,0,1380,1378,:1378:1380
NCCL:API Group,23880718077,1115351,23787229665,14195,StartEnd,2949,2949,1,0,1,1382,,:1382
NCCL:GroupLaunch,23880718077,1115351,23787230615,13158,StartEnd,2949,2949,1,1,0,1384,1382,:1382:1384
NCCL:API Group,23881845428,1117431,23787278118,13318,StartEnd,2949,2949,1,0,1,1386,,:1386
NCCL:GroupLaunch,23881845428,1117431,23787279338,12003,StartEnd,2949,2949,1,1,0,1388,1386,:1386:1388
NCCL:API Group,23882974187,4380285,23787325125,14733,StartEnd,2949,2949,1,0,1,1390,,:1390
NCCL:GroupLaunch,23882974187,4380285,23787327427,12348,StartEnd,2949,2949,1,1,0,1392,1390,:1390:1392
NCCL:API Group,23887395655,4389149,23787374231,13683,StartEnd,2949,2949,1,0,1,1394,,:1394
NCCL:GroupLaunch,23887395655,4389149,23787375221,12578,StartEnd,2949,2949,1,1,0,1396,1394,:1394:1396
NCCL:API Group,23891826372,4403644,23787420698,14199,StartEnd,2949,2949,1,0,1,1398,,:1398
NCCL:GroupLaunch,23891826372,4403644,23787421637,12937,StartEnd,2949,2949,1,1,0,1400,1398,:1398:1400
NCCL:API Group,23896270400,13984,23787469329,12664,StartEnd,2949,2949,1,0,1,1402,,:1402
NCCL:GroupLaunch,23896270400,13984,23787470359,11505,StartEnd,2949,2949,1,1,0,1404,1402,:1402:1404
NCCL:API Group,23896289184,10847,23787514340,14015,StartEnd,2949,2949,1,0,1,1406,,:1406
NCCL:GroupLaunch,23896289184,10847,23787516671,11587,StartEnd,2949,2949,1,1,0,1408,1406,:1406:1408
NCCL:API Group,23896303423,1115319,23787568156,14806,StartEnd,2949,2949,1,0,1,1410,,:1410
NCCL:GroupLaunch,23896303423,1115319,23787569874,12959,StartEnd,2949,2949,1,1,0,1412,1410,:1410:1412
NCCL:API Group,23897433718,1117815,23787617293,15108,StartEnd,2949,2949,1,0,1,1414,,:1414
NCCL:GroupLaunch,23897433718,1117815,23787618216,13984,StartEnd,2949,2949,1,1,0,1416,1414,:1414:1416
NCCL:API Group,23898565165,1165879,23787667831,15436,StartEnd,2949,2949,1,0,1,1418,,:1418
NCCL:GroupLaunch,23898565165,1165879,23787670922,12220,StartEnd,2949,2949,1,1,0,1420,1418,:1418:1420
NCCL:API Group,23899746116,1108407,23787719213,15089,StartEnd,2949,2949,1,0,1,1422,,:1422
NCCL:GroupLaunch,23899746116,1108407,23787720262,13950,StartEnd,2949,2949,1,1,0,1424,1422,:1422:1424
NCCL:API Group,23900866267,4395836,23787770789,14255,StartEnd,2949,2949,1,0,1,1426,,:1426
NCCL:GroupLaunch,23900866267,4395836,23787772644,12299,StartEnd,2949,2949,1,1,0,1428,1426,:1426:1428
NCCL:API Group,23905300023,4391484,23787818745,13835,StartEnd,2949,2949,1,0,1,1430,,:1430
NCCL:GroupLaunch,23905300023,4391484,23787819684,12779,StartEnd,2949,2949,1,1,0,1432,1430,:1430:1432
NCCL:API Group,23909729715,4418588,23787863631,14230,StartEnd,2949,2949,1,0,1,1434,,:1434
NCCL:GroupLaunch,23909729715,4418588,23787864510,11725,StartEnd,2949,2949,1,1,0,1436,1434,:1434:1436
NCCL:API Group,23914190543,12608,23787910187,13723,StartEnd,2949,2949,1,0,1,1438,,:1438
NCCL:GroupLaunch,23914190543,12608,23787911090,12736,StartEnd,2949,2949,1,1,0,1440,1438,:1438:1440
NCCL:API Group,23914206895,11552,23787955689,13319,StartEnd,2949,2949,1,0,1,1442,,:1442
NCCL:GroupLaunch,23914206895,11552,23787957571,11319,StartEnd,2949,2949,1,1,0,1444,1442,:1442:1444
NCCL:API Group,23914223151,1124278,23788007110,14596,StartEnd,2949,2949,1,0,1,1446,,:1446
NCCL:GroupLaunch,23914223151,1124278,23788008978,12639,StartEnd,2949,2949,1,1,0,1448,1446,:1446:1448
NCCL:API Group,23915358629,1130359,23788054982,17012,StartEnd,2949,2949,1,0,1,1450,,:1450
NCCL:GroupLaunch,23915358629,1130359,23788055795,16001,StartEnd,2949,2949,1,1,0,1452,1450,:1450:1452
NCCL:API Group,23916503708,1116215,23788106472,14388,StartEnd,2949,2949,1,0,1,1454,,:1454
NCCL:GroupLaunch,23916503708,1116215,23788107332,13437,StartEnd,2949,2949,1,1,0,1456,1454,:1454:1456
NCCL:API Group,23917633107,1122039,23788157383,13507,StartEnd,2949,2949,1,0,1,1458,,:1458
NCCL:GroupLaunch,23917633107,1122039,23788158468,12337,StartEnd,2949,2949,1,1,0,1460,1458,:1458:1460
NCCL:API Group,23918768586,4389436,23788205254,17097,StartEnd,2949,2949,1,0,1,1462,,:1462
NCCL:GroupLaunch,23918768586,4389436,23788207854,14383,StartEnd,2949,2949,1,1,0,1464,1462,:1462:1464
NCCL:API Group,23923200358,4390141,23788254759,13798,StartEnd,2949,2949,1,0,1,1466,,:1466
NCCL:GroupLaunch,23923200358,4390141,23788255679,12797,StartEnd,2949,2949,1,1,0,1468,1466,:1466:1468
NCCL:API Group,23927632514,4387421,23788300417,13179,StartEnd,2949,2949,1,0,1,1470,,:1470
NCCL:GroupLaunch,23927632514,4387421,23788301315,12167,StartEnd,2949,2949,1,1,0,1472,1470,:1470:1472
NCCL:API Group,23932060126,12320,23788344888,13883,StartEnd,2949,2949,1,0,1,1474,,:1474
NCCL:GroupLaunch,23932060126,12320,23788345791,12862,StartEnd,2949,2949,1,1,0,1476,1474,:1474:1476
NCCL:API Group,23932076414,11392,23788390252,12919,StartEnd,2949,2949,1,0,1,1478,,:1478
NCCL:GroupLaunch,23932076414,11392,23788391959,11125,StartEnd,2949,2949,1,1,0,1480,1478,:1478:1480
NCCL:API Group,23932090686,1107287,23788436748,13396,StartEnd,2949,2949,1,0,1,1482,,:1482
NCCL:GroupLaunch,23932090686,1107287,23788438728,11338,StartEnd,2949,2949,1,1,0,1484,1482,:1482:1484
NCCL:API Group,23933211189,1114903,23788482492,29094,StartEnd,2949,2949,1,0,1,1486,,:1486
NCCL:GroupLaunch,23933211189,1114903,23788494103,17129,StartEnd,2949,2949,1,1,0,1488,1486,:1486:1488
NCCL:API Group,23934338508,1111767,23788546472,12235,StartEnd,2949,2949,1,0,1,1490,,:1490
NCCL:GroupLaunch,23934338508,1111767,23788547298,11293,StartEnd,2949,2949,1,1,0,1492,1490,:1490:1492
NCCL:API Group,23935462723,1112471,23788595954,14096,StartEnd,2949,2949,1,0,1,1494,,:1494
NCCL:GroupLaunch,23935462723,1112471,23788596975,12989,StartEnd,2949,2949,1,1,0,1496,1494,:1494:1496
NCCL:API Group,23936588026,4390300,23788645480,15801,StartEnd,2949,2949,1,0,1,1498,,:1498
NCCL:GroupLaunch,23936588026,4390300,23788647553,13617,StartEnd,2949,2949,1,1,0,1500,1498,:1498:1500
NCCL:API Group,23941020150,4375197,23788694588,14175,StartEnd,2949,2949,1,0,1,1502,,:1502
NCCL:GroupLaunch,23941020150,4375197,23788695472,13061,StartEnd,2949,2949,1,1,0,1504,1502,:1502:1504
NCCL:API Group,23945435506,4373341,23788740747,13915,StartEnd,2949,2949,1,0,1,1506,,:1506
NCCL:GroupLaunch,23945435506,4373341,23788741560,11563,StartEnd,2949,2949,1,1,0,1508,1506,:1506:1508
NCCL:API Group,23949848783,11615,23788786579,13426,StartEnd,2949,2949,1,0,1,1510,,:1510
NCCL:GroupLaunch,23949848783,11615,23788787470,12450,StartEnd,2949,2949,1,1,0,1512,1510,:1510:1512
NCCL:API Group,23949865134,10880,23788832393,13885,StartEnd,2949,2949,1,0,1,1514,,:1514
NCCL:GroupLaunch,23949865134,10880,23788834810,11377,StartEnd,2949,2949,1,1,0,1516,1514,:1514:1516
NCCL:API Group,23949879790,1112151,23788881324,18291,StartEnd,2949,2949,1,0,1,1518,,:1518
NCCL:GroupLaunch,23949879790,1112151,23788884970,14283,StartEnd,2949,2949,1,1,0,1520,1518,:1518:1520
NCCL:API Group,23951003973,1111351,23788934469,17070,StartEnd,2949,2949,1,0,1,1522,,:1522
NCCL:GroupLaunch,23951003973,1111351,23788936031,15093,StartEnd,2949,2949,1,1,0,1524,1522,:1522:1524
NCCL:API Group,23952128188,1113367,23788985458,13923,StartEnd,2949,2949,1,0,1,1526,,:1526
NCCL:GroupLaunch,23952128188,1113367,23788987111,11901,StartEnd,2949,2949,1,1,0,1528,1526,:1526:1528
NCCL:API Group,23953252467,1116055,23789032426,16202,StartEnd,2949,2949,1,0,1,1530,,:1530
NCCL:GroupLaunch,23953252467,1116055,23789034902,13313,StartEnd,2949,2949,1,1,0,1532,1530,:1530:1532
NCCL:API Group,23954381194,4370653,23789081796,16684,StartEnd,2949,2949,1,0,1,1534,,:1534
NCCL:GroupLaunch,23954381194,4370653,23789084466,13620,StartEnd,2949,2949,1,1,0,1536,1534,:1534:1536
NCCL:API Group,23958790406,4377661,23789130085,14861,StartEnd,2949,2949,1,0,1,1538,,:1538
NCCL:GroupLaunch,23958790406,4377661,23789131609,12949,StartEnd,2949,2949,1,1,0,1540,1538,:1538:1540
NCCL:API Group,23963208803,4376860,23789177978,13902,StartEnd,2949,2949,1,0,1,1542,,:1542
NCCL:GroupLaunch,23963208803,4376860,23789179711,11737,StartEnd,2949,2949,1,1,0,1544,1542,:1542:1544
NCCL:API Group,23967628287,9856,23789226336,13277,StartEnd,2949,2949,1,0,1,1546,,:1546
NCCL:GroupLaunch,23967628287,9856,23789227730,11799,StartEnd,2949,2949,1,1,0,1548,1546,:1546:1548
NCCL:API Group,23967642943,9472,23789272175,16703,StartEnd,2949,2949,1,0,1,1550,,:1550
NCCL:GroupLaunch,23967642943,9472,23789274162,14625,StartEnd,2949,2949,1,1,0,1552,1550,:1550:1552
NCCL:API Group,23967657215,1112855,23789324344,14388,StartEnd,2949,2949,1,0,1,1554,,:1554
NCCL:GroupLaunch,23967657215,1112855,23789325260,13384,StartEnd,2949,2949,1,1,0,1556,1554,:1554:1556
NCCL:API Group,23968781398,1109655,23789388416,14765,StartEnd,2949,2949,1,0,1,1558,,:1558
NCCL:GroupLaunch,23968781398,1109655,23789389498,13339,StartEnd,2949,2949,1,1,0,1560,1558,:1558:1560
NCCL:API Group,23969904620,1110615,23789437662,12898,StartEnd,2949,2949,1,0,1,1562,,:1562
NCCL:GroupLaunch,23969904620,1110615,23789438596,11846,StartEnd,2949,2949,1,1,0,1564,1562,:1562:1564
NCCL:API Group,23971027203,1112215,23789490275,15286,StartEnd,2949,2949,1,0,1,1566,,:1566
NCCL:GroupLaunch,23971027203,1112215,23789493207,12261,StartEnd,2949,2949,1,1,0,1568,1566,:1566:1568
NCCL:API Group,23972152506,4383133,23789544718,17146,StartEnd,2949,2949,1,0,1,1570,,:1570
NCCL:GroupLaunch,23972152506,4383133,23789546367,15381,StartEnd,2949,2949,1,1,0,1572,1570,:1570:1572
NCCL:API Group,23976575991,4367164,23789595121,14699,StartEnd,2949,2949,1,0,1,1574,,:1574
NCCL:GroupLaunch,23976575991,4367164,23789596003,13262,StartEnd,2949,2949,1,1,0,1576,1574,:1574:1576
NCCL:API Group,23980983187,4372989,23789643256,12288,StartEnd,2949,2949,1,0,1,1578,,:1578
NCCL:GroupLaunch,23980983187,4372989,23789644140,11314,StartEnd,2949,2949,1,1,0,1580,1578,:1578:1580
NCCL:API Group,23985396879,11264,23789691679,13354,StartEnd,2949,2949,1,0,1,1582,,:1582
NCCL:GroupLaunch,23985396879,11264,23789692956,11955,StartEnd,2949,2949,1,1,0,1584,1582,:1582:1584
NCCL:API Group,23985411151,9888,23789739464,22760,StartEnd,2949,2949,1,0,1,1586,,:1586
NCCL:GroupLaunch,23985411151,9888,23789749547,12585,StartEnd,2949,2949,1,1,0,1588,1586,:1586:1588
NCCL:API Group,23985425391,1111287,23789797620,14987,StartEnd,2949,2949,1,0,1,1590,,:1590
NCCL:GroupLaunch,23985425391,1111287,23789798574,13795,StartEnd,2949,2949,1,1,0,1592,1590,:1590:1592
NCCL:API Group,23986550630,1113431,23789846642,13625,StartEnd,2949,2949,1,0,1,1594,,:1594
NCCL:GroupLaunch,23986550630,1113431,23789847561,11652,StartEnd,2949,2949,1,1,0,1596,1594,:1594:1596
NCCL:API Group,23987675261,1111895,23789892774,12579,StartEnd,2949,2949,1,0,1,1598,,:1598
NCCL:GroupLaunch,23987675261,1111895,23789893918,11347,StartEnd,2949,2949,1,1,0,1600,1598,:1598:1600
NCCL:API Group,23988798484,1109623,23789936620,13047,StartEnd,2949,2949,1,0,1,1602,,:1602
NCCL:GroupLaunch,23988798484,1109623,23789938497,11055,StartEnd,2949,2949,1,1,0,1604,1602,:1602:1604
NCCL:API Group,23989920651,4375516,23789984497,17223,StartEnd,2949,2949,1,0,1,1606,,:1606
NCCL:GroupLaunch,23989920651,4375516,23789985739,15864,StartEnd,2949,2949,1,1,0,1608,1606,:1606:1608
NCCL:API Group,23994336039,4373917,23790034013,16151,StartEnd,2949,2949,1,0,1,1610,,:1610
NCCL:GroupLaunch,23994336039,4373917,23790035257,14548,StartEnd,2949,2949,1,1,0,1612,1610,:1610:1612
NCCL:API Group,23998752803,4386973,23790083894,15164,StartEnd,2949,2949,1,0,1,1614,,:1614
NCCL:GroupLaunch,23998752803,4386973,23790085065,13881,StartEnd,2949,2949,1,1,0,1616,1614,:1614:1616
NCCL:API Group,24003180447,10784,23790134276,16087,StartEnd,2949,2949,1,0,1,1618,,:1618
NCCL:GroupLaunch,24003180447,10784,23790138606,11669,StartEnd,2949,2949,1,1,0,1620,1618,:1618:1620
NCCL:API Group,24003194719,9536,23790183441,13953,StartEnd,2949,2949,1,0,1,1622,,:1622
NCCL:GroupLaunch,24003194719,9536,23790185481,11794,StartEnd,2949,2949,1,1,0,1624,1622,:1622:1624
NCCL:API Group,24003208959,1107799,23790231830,15496,StartEnd,2949,2949,1,0,1,1626,,:1626
NCCL:GroupLaunch,24003208959,1107799,23790232655,14457,StartEnd,2949,2949,1,1,0,1628,1626,:1626:1628
NCCL:API Group,24004329462,1118871,23790279738,13349,StartEnd,2949,2949,1,0,1,1630,,:1630
NCCL:GroupLaunch,24004329462,1118871,23790280575,11314,StartEnd,2949,2949,1,1,0,1632,1630,:1630:1632
NCCL:API Group,24005460877,1103927,23790322485,12054,StartEnd,2949,2949,1,0,1,1634,,:1634
NCCL:GroupLaunch,24005460877,1103927,23790323359,11100,StartEnd,2949,2949,1,1,0,1636,1634,:1634:1636
NCCL:API Group,24006576900,1109111,23790365914,13879,StartEnd,2949,2949,1,0,1,1638,,:1638
NCCL:GroupLaunch,24006576900,1109111,23790367826,11881,StartEnd,2949,2949,1,1,0,1640,1638,:1638:1640
NCCL:API Group,24007698107,4361405,23790412347,14111,StartEnd,2949,2949,1,0,1,1642,,:1642
NCCL:GroupLaunch,24007698107,4361405,23790413217,12964,StartEnd,2949,2949,1,1,0,1644,1642,:1642:1644
NCCL:API Group,24012097463,4363389,23790457777,13519,StartEnd,2949,2949,1,0,1,1646,,:1646
NCCL:GroupLaunch,24012097463,4363389,23790458772,12073,StartEnd,2949,2949,1,1,0,1648,1646,:1646:1648
NCCL:API Group,24016502580,4365596,23790504322,16609,StartEnd,2949,2949,1,0,1,1650,,:1650
NCCL:GroupLaunch,24016502580,4365596,23790505263,15573,StartEnd,2949,2949,1,1,0,1652,1650,:1650:1652
NCCL:API Group,24020911792,11136,23790553555,13469,StartEnd,2949,2949,1,0,1,1654,,:1654
NCCL:GroupLaunch,24020911792,11136,23790555396,11538,StartEnd,2949,2949,1,1,0,1656,1654,:1654:1656
NCCL:API Group,24020926064,10176,23790598023,12733,StartEnd,2949,2949,1,0,1,1658,,:1658
NCCL:GroupLaunch,24020926064,10176,23790599770,10878,StartEnd,2949,2949,1,1,0,1660,1658,:1658:1660
NCCL:API Group,24020940720,1115927,23790642099,16001,StartEnd,2949,2949,1,0,1,1662,,:1662
NCCL:GroupLaunch,24020940720,1115927,23790643017,14731,StartEnd,2949,2949,1,1,0,1664,1662,:1662:1664
NCCL:API Group,24022067975,1108279,23790689612,12594,StartEnd,2949,2949,1,0,1,1666,,:1666
NCCL:GroupLaunch,24022067975,1108279,23790690453,11674,StartEnd,2949,2949,1,1,0,1668,1666,:1666:1668
NCCL:API Group,24023190142,1112535,23790736291,12717,StartEnd,2949,2949,1,0,1,1670,,:1670
NCCL:GroupLaunch,24023190142,1112535,23790737577,11345,StartEnd,2949,2949,1,1,0,1672,1670,:1670:1672
NCCL:API Group,24024315445,1110935,23790781413,13875,StartEnd,2949,2949,1,0,1,1674,,:1674
NCCL:GroupLaunch,24024315445,1110935,23790783264,11931,StartEnd,2949,2949,1,1,0,1676,1674,:1674:1676
NCCL:API Group,24025438060,4362012,23790829668,15506,StartEnd,2949,2949,1,0,1,1678,,:1678
NCCL:GroupLaunch,24025438060,4362012,23790830573,14474,StartEnd,2949,2949,1,1,0,1680,1678,:1678:1680
NCCL:API Group,24029841096,4383452,23790877833,12777,StartEnd,2949,2949,1,0,1,1682,,:1682
NCCL:GroupLaunch,24029841096,4383452,23790878710,11819,StartEnd,2949,2949,1,1,0,1684,1682,:1682:1684
NCCL:API Group,24034266692,4371133,23790920796,15512,StartEnd,2949,2949,1,0,1,1686,,:1686
NCCL:GroupLaunch,24034266692,4371133,23790923427,12763,StartEnd,2949,2949,1,1,0,1688,1686,:1686:1688
NCCL:API Group,24038678976,12224,23790967715,14348,StartEnd,2949,2949,1,0,1,1690,,:1690
NCCL:GroupLaunch,24038678976,12224,23790969570,12400,StartEnd,2949,2949,1,1,0,1692,1690,:1690:1692
NCCL:API Group,24038695680,9472,23791013818,13677,StartEnd,2949,2949,1,0,1,1694,,:1694
NCCL:GroupLaunch,24038695680,9472,23791015544,11837,StartEnd,2949,2949,1,1,0,1696,1694,:1694:1696
NCCL:API Group,24038709952,1114231,23791061844,15291,StartEnd,2949,2949,1,0,1,1698,,:1698
NCCL:GroupLaunch,24038709952,1114231,23791062714,14196,StartEnd,2949,2949,1,1,0,1700,1698,:1698:1700
NCCL:API Group,24039838199,1107863,23791108899,14126,StartEnd,2949,2949,1,0,1,1702,,:1702
NCCL:GroupLaunch,24039838199,1107863,23791110348,12586,StartEnd,2949,2949,1,1,0,1704,1702,:1702:1704
NCCL:API Group,24040957358,1111191,23791156574,13075,StartEnd,2949,2949,1,0,1,1706,,:1706
NCCL:GroupLaunch,24040957358,1111191,23791157981,11586,StartEnd,2949,2949,1,1,0,1708,1706,:1706:1708
NCCL:API Group,24042079941,1111319,23791200844,15412,StartEnd,2949,2949,1,0,1,1710,,:1710
NCCL:GroupLaunch,24042079941,1111319,23791202700,13475,StartEnd,2949,2949,1,1,0,1712,1710,:1710:1712
NCCL:API Group,24043205211,4373182,23791250861,13044,StartEnd,2949,2949,1,0,1,1714,,:1714
NCCL:GroupLaunch,24043205211,4373182,23791251680,12108,StartEnd,2949,2949,1,1,0,1716,1714,:1714:1716
NCCL:API Group,24047620569,4374461,23791295384,14959,StartEnd,2949,2949,1,0,1,1718,,:1718
NCCL:GroupLaunch,24047620569,4374461,23791298125,11126,StartEnd,2949,2949,1,1,0,1720,1718,:1718:1720
NCCL:API Group,24052035926,4388285,23791342055,14364,StartEnd,2949,2949,1,0,1,1722,,:1722
NCCL:GroupLaunch,24052035926,4388285,23791342873,13414,StartEnd,2949,2949,1,1,0,1724,1722,:1722:1724
NCCL:API Group,24056466003,11103,23791387135,13391,StartEnd,2949,2949,1,0,1,1726,,:1726
NCCL:GroupLaunch,24056466003,11103,23791388973,11469,StartEnd,2949,2949,1,1,0,1728,1726,:1726:1728
NCCL:API Group,24056480274,9920,23791431376,13795,StartEnd,2949,2949,1,0,1,1730,,:1730
NCCL:GroupLaunch,24056480274,9920,23791432268,12811,StartEnd,2949,2949,1,1,0,1732,1730,:1730:1732
NCCL:API Group,24056494514,1111832,23791478891,15540,StartEnd,2949,2949,1,0,1,1734,,:1734
NCCL:GroupLaunch,24056494514,1111832,23791479807,14539,StartEnd,2949,2949,1,1,0,1736,1734,:1734:1736
NCCL:API Group,24057617705,1111320,23791526527,12960,StartEnd,2949,2949,1,0,1,1738,,:1738
NCCL:GroupLaunch,24057617705,1111320,23791527398,11977,StartEnd,2949,2949,1,1,0,1740,1738,:1738:1740
NCCL:API Group,24058740321,1113207,23791571176,16062,StartEnd,2949,2949,1,0,1,1742,,:1742
NCCL:GroupLaunch,24058740321,1113207,23791573498,13625,StartEnd,2949,2949,1,1,0,1744,1742,:1742:1744
NCCL:API Group,24059865592,1109687,23791620941,13623,StartEnd,2949,2949,1,0,1,1746,,:1746
NCCL:GroupLaunch,24059865592,1109687,23791622558,11927,StartEnd,2949,2949,1,1,0,1748,1746,:1746:1748
NCCL:API Group,24060987759,4387421,23791667196,15715,StartEnd,2949,2949,1,0,1,1750,,:1750
NCCL:GroupLaunch,24060987759,4387421,23791668091,14465,StartEnd,2949,2949,1,1,0,1752,1750,:1750:1752
NCCL:API Group,24065415404,4376893,23791715518,13193,StartEnd,2949,2949,1,0,1,1754,,:1754
NCCL:GroupLaunch,24065415404,4376893,23791716450,12150,StartEnd,2949,2949,1,1,0,1756,1754,:1754:1756
NCCL:API Group,24069833193,4370845,23791761284,13045,StartEnd,2949,2949,1,0,1,1758,,:1758
NCCL:GroupLaunch,24069833193,4370845,23791762237,12005,StartEnd,2949,2949,1,1,0,1760,1758,:1758:1760
NCCL:API Group,24074244454,12256,23791806287,12978,StartEnd,2949,2949,1,0,1,1762,,:1762
NCCL:GroupLaunch,24074244454,12256,23791808218,10965,StartEnd,2949,2949,1,1,0,1764,1762,:1762:1764
NCCL:API Group,24074261766,9408,23791850232,13927,StartEnd,2949,2949,1,0,1,1766,,:1766
NCCL:GroupLaunch,24074261766,9408,23791851114,12960,StartEnd,2949,2949,1,1,0,1768,1766,:1766:1768
NCCL:API Group,24074273990,1110519,23791898849,15573,StartEnd,2949,2949,1,0,1,1770,,:1770
NCCL:GroupLaunch,24074273990,1110519,23791899678,14456,StartEnd,2949,2949,1,1,0,1772,1770,:1770:1772
NCCL:API Group,24075398589,1108567,23791946257,13235,StartEnd,2949,2949,1,0,1,1774,,:1774
NCCL:GroupLaunch,24075398589,1108567,23791947310,12090,StartEnd,2949,2949,1,1,0,1776,1774,:1774:1776
NCCL:API Group,24076519764,1111127,23791991815,12707,StartEnd,2949,2949,1,0,1,1778,,:1778
NCCL:GroupLaunch,24076519764,1111127,23791993545,10882,StartEnd,2949,2949,1,1,0,1780,1778,:1778:1780
NCCL:API Group,24077641931,1104119,23792036109,14759,StartEnd,2949,2949,1,0,1,1782,,:1782
NCCL:GroupLaunch,24077641931,1104119,23792037843,12906,StartEnd,2949,2949,1,1,0,1784,1782,:1782:1784
NCCL:API Group,24078756994,4369118,23792083273,15706,StartEnd,2949,2949,1,0,1,1786,,:1786
NCCL:GroupLaunch,24078756994,4369118,23792085729,13068,StartEnd,2949,2949,1,1,0,1788,1786,:1786:1788
NCCL:API Group,24083166591,4359486,23792130990,12340,StartEnd,2949,2949,1,0,1,1790,,:1790
NCCL:GroupLaunch,24083166591,4359486,23792132008,11240,StartEnd,2949,2949,1,1,0,1792,1790,:1790:1792
NCCL:API Group,24087565565,4366493,23792176452,12741,StartEnd,2949,2949,1,0,1,1794,,:1794
NCCL:GroupLaunch,24087565565,4366493,23792177344,11763,StartEnd,2949,2949,1,1,0,1796,1794,:1794:1796
NCCL:API Group,24091972698,10944,23792220158,14132,StartEnd,2949,2949,1,0,1,1798,,:1798
NCCL:GroupLaunch,24091972698,10944,23792222490,11716,StartEnd,2949,2949,1,1,0,1800,1798,:1798:1800
NCCL:API Group,24091987002,10079,23792266876,13947,StartEnd,2949,2949,1,0,1,1802,,:1802
NCCL:GroupLaunch,24091987002,10079,23792267940,12678,StartEnd,2949,2949,1,1,0,1804,1802,:1802:1804
NCCL:API Group,24092001657,1114008,23792314641,15688,StartEnd,2949,2949,1,0,1,1806,,:1806
NCCL:GroupLaunch,24092001657,1114008,23792315526,13385,StartEnd,2949,2949,1,1,0,1808,1806,:1806:1808
NCCL:API Group,24093126865,1114295,23792364936,14496,StartEnd,2949,2949,1,0,1,1810,,:1810
NCCL:GroupLaunch,24093126865,1114295,23792365941,13407,StartEnd,2949,2949,1,1,0,1812,1810,:1810:1812
NCCL:API Group,24094253160,1111031,23792411409,14193,StartEnd,2949,2949,1,0,1,1814,,:1814
NCCL:GroupLaunch,24094253160,1111031,23792414452,11068,StartEnd,2949,2949,1,1,0,1816,1814,:1814:1816
NCCL:API Group,24095378399,1110231,23792459286,17119,StartEnd,2949,2949,1,0,1,1818,,:1818
NCCL:GroupLaunch,24095378399,1110231,23792460157,16132,StartEnd,2949,2949,1,1,0,1820,1818,:1818:1820
NCCL:API Group,24096501014,4393117,23792508867,14015,StartEnd,2949,2949,1,0,1,1822,,:1822
NCCL:GroupLaunch,24096501014,4393117,23792509685,12851,StartEnd,2949,2949,1,1,0,1824,1822,:1822:1824
NCCL:API Group,24100937875,4372253,23792554733,12780,StartEnd,2949,2949,1,0,1,1826,,:1826
NCCL:GroupLaunch,24100937875,4372253,23792555558,11867,StartEnd,2949,2949,1,1,0,1828,1826,:1826:1828
NCCL:API Group,24105350128,4378269,23792601053,14048,StartEnd,2949,2949,1,0,1,1830,,:1830
NCCL:GroupLaunch,24105350128,4378269,23792603189,11827,StartEnd,2949,2949,1,1,0,1832,1830,:1830:1832
NCCL:API Group,24109767565,12672,23792647274,13924,StartEnd,2949,2949,1,0,1,1834,,:1834
NCCL:GroupLaunch,24109767565,12672,23792649050,12037,StartEnd,2949,2949,1,1,0,1836,1834,:1834:1836
NCCL:API Group,24109784269,9664,23792696062,13625,StartEnd,2949,2949,1,0,1,1838,,:1838
NCCL:GroupLaunch,24109784269,9664,23792696940,12413,StartEnd,2949,2949,1,1,0,1840,1838,:1838:1840
NCCL:API Group,24109798541,1112151,23792746845,13799,StartEnd,2949,2949,1,0,1,1842,,:1842
NCCL:GroupLaunch,24109798541,1112151,23792747687,11726,StartEnd,2949,2949,1,1,0,1844,1842,:1842:1844
NCCL:API Group,24110923716,1110519,23792792434,12910,StartEnd,2949,2949,1,0,1,1846,,:1846
NCCL:GroupLaunch,24110923716,1110519,23792793874,11353,StartEnd,2949,2949,1,1,0,1848,1846,:1846:1848
NCCL:API Group,24112049019,1110295,23792835799,15613,StartEnd,2949,2949,1,0,1,1850,,:1850
NCCL:GroupLaunch,24112049019,1110295,23792837676,13654,StartEnd,2949,2949,1,1,0,1852,1850,:1850:1852
NCCL:API Group,24113171602,1104695,23792883025,15869,StartEnd,2949,2949,1,0,1,1854,,:1854
NCCL:GroupLaunch,24113171602,1104695,23792885307,13495,StartEnd,2949,2949,1,1,0,1856,1854,:1854:1856
NCCL:API Group,24114288713,4358366,23792930512,13437,StartEnd,2949,2949,1,0,1,1858,,:1858
NCCL:GroupLaunch,24114288713,4358366,23792931364,12501,StartEnd,2949,2949,1,1,0,1860,1858,:1858:1860
NCCL:API Group,24118687622,4373246,23792974199,13927,StartEnd,2949,2949,1,0,1,1862,,:1862
NCCL:GroupLaunch,24118687622,4373246,23792975039,12998,StartEnd,2949,2949,1,1,0,1864,1862,:1862:1864
NCCL:API Group,24123103011,4361086,23793018655,13731,StartEnd,2949,2949,1,0,1,1866,,:1866
NCCL:GroupLaunch,24123103011,4361086,23793020570,11704,StartEnd,2949,2949,1,1,0,1868,1866,:1866:1868
NCCL:API Group,24127506465,9951,23793064099,15510,StartEnd,2949,2949,1,0,1,1870,,:1870
NCCL:GroupLaunch,24127506465,9951,23793066205,13297,StartEnd,2949,2949,1,1,0,1872,1870,:1870:1872
NCCL:API Group,24127520736,9696,23793111269,16829,StartEnd,2949,2949,1,0,1,1874,,:1874
NCCL:GroupLaunch,24127520736,9696,23793112139,15718,StartEnd,2949,2949,1,1,0,1876,1874,:1874:1876
NCCL:API Group,24127534976,1112920,23793162169,12816,StartEnd,2949,2949,1,0,1,1878,,:1878
NCCL:GroupLaunch,24127534976,1112920,23793163013,11855,StartEnd,2949,2949,1,1,0,1880,1878,:1878:1880
NCCL:API Group,24128659191,1104312,23793215777,12176,StartEnd,2949,2949,1,0,1,1882,,:1882
NCCL:GroupLaunch,24128659191,1104312,23793216683,11158,StartEnd,2949,2949,1,1,0,1884,1882,:1882:1884
NCCL:API Group,24129776655,1111223,23793260433,19754,StartEnd,2949,2949,1,0,1,1886,,:1886
NCCL:GroupLaunch,24129776655,1111223,23793266354,13742,StartEnd,2949,2949,1,1,0,1888,1886,:1886:1888
NCCL:API Group,24130902950,1105975,23793313586,18883,StartEnd,2949,2949,1,0,1,1890,,:1890
NCCL:GroupLaunch,24130902950,1105975,23793319119,13266,StartEnd,2949,2949,1,1,0,1892,1890,:1890:1892
NCCL:API Group,24132019997,4387741,23793367821,18793,StartEnd,2949,2949,1,0,1,1894,,:1894
NCCL:GroupLaunch,24132019997,4387741,23793369135,12596,StartEnd,2949,2949,1,1,0,1896,1894,:1894:1896
NCCL:API Group,24136447674,4369949,23793419703,14140,StartEnd,2949,2949,1,0,1,1898,,:1898
NCCL:GroupLaunch,24136447674,4369949,23793421007,12721,StartEnd,2949,2949,1,1,0,1900,1898,:1898:1900
NCCL:API Group,24140859319,4358557,23793466120,17795,StartEnd,2949,2949,1,0,1,1902,,:1902
NCCL:GroupLaunch,24140859319,4358557,23793471872,11958,StartEnd,2949,2949,1,1,0,1904,1902,:1902:1904
NCCL:API Group,24145258292,11040,23793517609,16273,StartEnd,2949,2949,1,0,1,1906,,:1906
NCCL:GroupLaunch,24145258292,11040,23793518546,15253,StartEnd,2949,2949,1,1,0,1908,1906,:1906:1908
NCCL:API Group,24145272532,10560,23793566453,17916,StartEnd,2949,2949,1,0,1,1910,,:1910
NCCL:GroupLaunch,24145272532,10560,23793567278,16973,StartEnd,2949,2949,1,1,0,1912,1910,:1910:1912
NCCL:API Group,24145286804,1112951,23793620484,13152,StartEnd,2949,2949,1,0,1,1914,,:1914
NCCL:GroupLaunch,24145286804,1112951,23793621413,12140,StartEnd,2949,2949,1,1,0,1916,1914,:1914:1916
NCCL:API Group,24146414475,1109719,23793666255,23199,StartEnd,2949,2949,1,0,1,1918,,:1918
NCCL:GroupLaunch,24146414475,1109719,23793671291,13574,StartEnd,2949,2949,1,1,0,1920,1918,:1918:1920
NCCL:API Group,24147535650,1109047,23793722217,13481,StartEnd,2949,2949,1,0,1,1922,,:1922
NCCL:GroupLaunch,24147535650,1109047,23793723127,12456,StartEnd,2949,2949,1,1,0,1924,1922,:1922:1924
NCCL:API Group,24148655801,1112663,23793771932,14222,StartEnd,2949,2949,1,0,1,1926,,:1926
NCCL:GroupLaunch,24148655801,1112663,23793772871,12794,StartEnd,2949,2949,1,1,0,1928,1926,:1926:1928
NCCL:API Group,24149781072,4368318,23793820211,17510,StartEnd,2949,2949,1,0,1,1930,,:1930
NCCL:GroupLaunch,24149781072,4368318,23793822597,14765,StartEnd,2949,2949,1,1,0,1932,1930,:1930:1932
NCCL:API Group,24154192749,4390590,23793872037,16619,StartEnd,2949,2949,1,0,1,1934,,:1934
NCCL:GroupLaunch,24154192749,4390590,23793873355,15213,StartEnd,2949,2949,1,1,0,1936,1934,:1934:1936
NCCL:API Group,24158624458,4387102,23793923075,13978,StartEnd,2949,2949,1,0,1,1938,,:1938
NCCL:GroupLaunch,24158624458,4387102,23793924991,11976,StartEnd,2949,2949,1,1,0,1940,1938,:1938:1940
NCCL:API Group,24163052071,11936,23793969195,14332,StartEnd,2949,2949,1,0,1,1942,,:1942
NCCL:GroupLaunch,24163052071,11936,23793970079,13336,StartEnd,2949,2949,1,1,0,1944,1942,:1942:1944
NCCL:API Group,24163068423,9536,23794016155,15412,StartEnd,2949,2949,1,0,1,1946,,:1946
NCCL:GroupLaunch,24163068423,9536,23794016976,13274,StartEnd,2949,2949,1,1,0,1948,1946,:1946:1948
NCCL:API Group,24163081031,1112279,23794065631,13172,StartEnd,2949,2949,1,0,1,1950,,:1950
NCCL:GroupLaunch,24163081031,1112279,23794066828,11860,StartEnd,2949,2949,1,1,0,1952,1950,:1950:1952
NCCL:API Group,24164205214,1119671,23794110543,17692,StartEnd,2949,2949,1,0,1,1954,,:1954
NCCL:GroupLaunch,24164205214,1119671,23794115881,12239,StartEnd,2949,2949,1,1,0,1956,1954,:1954:1956
NCCL:API Group,24165338645,1109240,23794162589,13863,StartEnd,2949,2949,1,0,1,1958,,:1958
NCCL:GroupLaunch,24165338645,1109240,23794163448,12888,StartEnd,2949,2949,1,1,0,1960,1958,:1958:1960
NCCL:API Group,24166460876,1111864,23794208132,13316,StartEnd,2949,2949,1,0,1,1962,,:1962
NCCL:GroupLaunch,24166460876,1111864,23794208993,12370,StartEnd,2949,2949,1,1,0,1964,1962,:1962:1964
NCCL:API Group,24167586532,4364637,23794254287,12795,StartEnd,2949,2949,1,0,1,1966,,:1966
NCCL:GroupLaunch,24167586532,4364637,23794255142,11855,StartEnd,2949,2949,1,1,0,1968,1966,:1966:1968
NCCL:API Group,24171991649,4373021,23794300796,20695,StartEnd,2949,2949,1,0,1,1970,,:1970
NCCL:GroupLaunch,24171991649,4373021,23794301631,19744,StartEnd,2949,2949,1,1,0,1972,1970,:1970:1972
NCCL:API Group,24176407006,4374045,23794352531,14739,StartEnd,2949,2949,1,0,1,1974,,:1974
NCCL:GroupLaunch,24176407006,4374045,23794355173,12010,StartEnd,2949,2949,1,1,0,1976,1974,:1974:1976
NCCL:API Group,24180822363,12832,23794399182,14692,StartEnd,2949,2949,1,0,1,1978,,:1978
NCCL:GroupLaunch,24180822363,12832,23794400004,13643,StartEnd,2949,2949,1,1,0,1980,1978,:1978:1980
NCCL:API Group,24180839067,9696,23794446480,14688,StartEnd,2949,2949,1,0,1,1982,,:1982
NCCL:GroupLaunch,24180839067,9696,23794447420,12620,StartEnd,2949,2949,1,1,0,1984,1982,:1982:1984
NCCL:API Group,24180853339,1112471,23794496419,14555,StartEnd,2949,2949,1,0,1,1986,,:1986
NCCL:GroupLaunch,24180853339,1112471,23794497602,13280,StartEnd,2949,2949,1,1,0,1988,1986,:1986:1988
NCCL:API Group,24181980562,1108023,23794543018,14013,StartEnd,2949,2949,1,0,1,1990,,:1990
NCCL:GroupLaunch,24181980562,1108023,23794545446,11493,StartEnd,2949,2949,1,1,0,1992,1990,:1990:1992
NCCL:API Group,24183100745,1110903,23794590210,13311,StartEnd,2949,2949,1,0,1,1994,,:1994
NCCL:GroupLaunch,24183100745,1110903,23794591119,12321,StartEnd,2949,2949,1,1,0,1996,1994,:1994:1996
NCCL:API Group,24184224352,1104823,23794634305,15498,StartEnd,2949,2949,1,0,1,1998,,:1998
NCCL:GroupLaunch,24184224352,1104823,23794635221,13999,StartEnd,2949,2949,1,1,0,2000,1998,:1998:2000
NCCL:API Group,24185340439,4364990,23794685078,13284,StartEnd,2949,2949,1,0,1,2002,,:2002
NCCL:GroupLaunch,24185340439,4364990,23794685979,12281,StartEnd,2949,2949,1,1,0,2004,2002,:2002:2004
NCCL:API Group,24189744468,4383358,23794731731,15136,StartEnd,2949,2949,1,0,1,2006,,:2006
NCCL:GroupLaunch,24189744468,4383358,23794734224,12521,StartEnd,2949,2949,1,1,0,2008,2006,:2006:2008
NCCL:API Group,24194165969,4384830,23794777771,13825,StartEnd,2949,2949,1,0,1,2010,,:2010
NCCL:GroupLaunch,24194165969,4384830,23794779502,11980,StartEnd,2949,2949,1,1,0,2012,2010,:2010:2012
NCCL:API Group,24198591982,10720,23794822322,13950,StartEnd,2949,2949,1,0,1,2014,,:2014
NCCL:GroupLaunch,24198591982,10720,23794823214,12686,StartEnd,2949,2949,1,1,0,2016,2014,:2014:2016
NCCL:API Group,24198606254,9920,23794869206,12202,StartEnd,2949,2949,1,0,1,2018,,:2018
NCCL:GroupLaunch,24198606254,9920,23794870101,11192,StartEnd,2949,2949,1,1,0,2020,2018,:2018:2020
NCCL:API Group,24198620494,1105943,23794915365,15015,StartEnd,2949,2949,1,0,1,2022,,:2022
NCCL:GroupLaunch,24198620494,1105943,23794917848,12444,StartEnd,2949,2949,1,1,0,2024,2022,:2022:2024
NCCL:API Group,24199740613,1110999,23794962534,14289,StartEnd,2949,2949,1,0,1,2026,,:2026
NCCL:GroupLaunch,24199740613,1110999,23794964812,11893,StartEnd,2949,2949,1,1,0,2028,2026,:2026:2028
NCCL:API Group,24200866268,1106264,23795009475,15739,StartEnd,2949,2949,1,0,1,2030,,:2030
NCCL:GroupLaunch,24200866268,1106264,23795010384,14717,StartEnd,2949,2949,1,1,0,2032,2030,:2030:2032
NCCL:API Group,24201984371,1112152,23795057519,12659,StartEnd,2949,2949,1,0,1,2034,,:2034
NCCL:GroupLaunch,24201984371,1112152,23795058388,11708,StartEnd,2949,2949,1,1,0,2036,2034,:2034:2036
NCCL:API Group,24203107595,4371037,23795104066,12875,StartEnd,2949,2949,1,0,1,2038,,:2038
NCCL:GroupLaunch,24203107595,4371037,23795104968,11886,StartEnd,2949,2949,1,1,0,2040,2038,:2038:2040
NCCL:API Group,24207520904,4370077,23795148587,13065,StartEnd,2949,2949,1,0,1,2042,,:2042
NCCL:GroupLaunch,24207520904,4370077,23795150302,11260,StartEnd,2949,2949,1,1,0,2044,2042,:2042:2044
NCCL:API Group,24211932581,4390013,23795191607,15412,StartEnd,2949,2949,1,0,1,2046,,:2046
NCCL:GroupLaunch,24211932581,4390013,23795193664,13235,StartEnd,2949,2949,1,1,0,2048,2046,:2046:2048
NCCL:API Group,24216364290,10816,23795237735,14064,StartEnd,2949,2949,1,0,1,2050,,:2050
NCCL:GroupLaunch,24216364290,10816,23795238592,13121,StartEnd,2949,2949,1,1,0,2052,2050,:2050:2052
NCCL:API Group,24216378530,9535,23795283052,14081,StartEnd,2949,2949,1,0,1,2054,,:2054
NCCL:GroupLaunch,24216378530,9535,23795283977,13066,StartEnd,2949,2949,1,1,0,2056,2054,:2054:2056
NCCL:API Group,24216392801,1111800,23795331431,12661,StartEnd,2949,2949,1,0,1,2058,,:2058
NCCL:GroupLaunch,24216392801,1111800,23795332403,11608,StartEnd,2949,2949,1,1,0,2060,2058,:2058:2060
NCCL:API Group,24217518425,1103703,23795374046,16859,StartEnd,2949,2949,1,0,1,2062,,:2062
NCCL:GroupLaunch,24217518425,1103703,23795375953,14819,StartEnd,2949,2949,1,1,0,2064,2062,:2062:2064
NCCL:API Group,24218634512,1106007,23795421319,13685,StartEnd,2949,2949,1,0,1,2066,,:2066
NCCL:GroupLaunch,24218634512,1106007,23795422210,12679,StartEnd,2949,2949,1,1,0,2068,2066,:2066:2068
NCCL:API Group,24219751527,1105239,23795466287,13562,StartEnd,2949,2949,1,0,1,2070,,:2070
NCCL:GroupLaunch,24219751527,1105239,23795467165,11388,StartEnd,2949,2949,1,1,0,2072,2070,:2070:2072
NCCL:API Group,24220871710,4375005,23795607788,15732,StartEnd,2949,2949,1,0,1,2074,,:2074
NCCL:GroupLaunch,24220871710,4375005,23795609129,14304,StartEnd,2949,2949,1,1,0,2076,2074,:2074:2076
NCCL:API Group,24225287451,4381469,23795660390,14726,StartEnd,2949,2949,1,0,1,2078,,:2078
NCCL:GroupLaunch,24225287451,4381469,23795662802,12221,StartEnd,2949,2949,1,1,0,2080,2078,:2078:2080
NCCL:API Group,24229712024,4362014,23795710253,14543,StartEnd,2949,2949,1,0,1,2082,,:2082
NCCL:GroupLaunch,24229712024,4362014,23795711220,13460,StartEnd,2949,2949,1,1,0,2084,2082,:2082:2084
NCCL:API Group,24234115061,11968,23795757308,15352,StartEnd,2949,2949,1,0,1,2086,,:2086
NCCL:GroupLaunch,24234115061,11968,23795758223,13966,StartEnd,2949,2949,1,1,0,2088,2086,:2086:2088
NCCL:API Group,24234131413,9664,23795806181,15337,StartEnd,2949,2949,1,0,1,2090,,:2090
NCCL:GroupLaunch,24234131413,9664,23795808612,12814,StartEnd,2949,2949,1,1,0,2092,2090,:2090:2092
NCCL:API Group,24234146069,1108087,23795860497,15460,StartEnd,2949,2949,1,0,1,2094,,:2094
NCCL:GroupLaunch,24234146069,1108087,23795862996,12867,StartEnd,2949,2949,1,1,0,2096,2094,:2094:2096
NCCL:API Group,24235268204,1110423,23795914148,16035,StartEnd,2949,2949,1,0,1,2098,,:2098
NCCL:GroupLaunch,24235268204,1110423,23795915891,14208,StartEnd,2949,2949,1,1,0,2100,2098,:2098:2100
NCCL:API Group,24236393443,1103799,23795964455,14450,StartEnd,2949,2949,1,0,1,2102,,:2102
NCCL:GroupLaunch,24236393443,1103799,23795965332,13196,StartEnd,2949,2949,1,1,0,2104,2102,:2102:2104
NCCL:API Group,24237511578,1112536,23796012836,15696,StartEnd,2949,2949,1,0,1,2106,,:2106
NCCL:GroupLaunch,24237511578,1112536,23796013797,13665,StartEnd,2949,2949,1,1,0,2108,2106,:2106:2108
NCCL:API Group,24238637265,4369086,23796063794,15433,StartEnd,2949,2949,1,0,1,2110,,:2110
NCCL:GroupLaunch,24238637265,4369086,23796065103,13998,StartEnd,2949,2949,1,1,0,2112,2110,:2110:2112
NCCL:API Group,24243046479,4372125,23796132328,14045,StartEnd,2949,2949,1,0,1,2114,,:2114
NCCL:GroupLaunch,24243046479,4372125,23796134332,11899,StartEnd,2949,2949,1,1,0,2116,2114,:2114:2116
NCCL:API Group,24247459724,4388285,23796181145,14583,StartEnd,2949,2949,1,0,1,2118,,:2118
NCCL:GroupLaunch,24247459724,4388285,23796182057,13584,StartEnd,2949,2949,1,1,0,2120,2118,:2118:2120
NCCL:API Group,24251889449,11072,23796229230,17364,StartEnd,2949,2949,1,0,1,2122,,:2122
NCCL:GroupLaunch,24251889449,11072,23796230110,16136,StartEnd,2949,2949,1,1,0,2124,2122,:2122:2124
NCCL:API Group,24251904105,9375,23796282054,14479,StartEnd,2949,2949,1,0,1,2126,,:2126
NCCL:GroupLaunch,24251904105,9375,23796283019,13392,StartEnd,2949,2949,1,1,0,2128,2126,:2126:2128
NCCL:API Group,24251918376,1106072,23796335714,16221,StartEnd,2949,2949,1,0,1,2130,,:2130
NCCL:GroupLaunch,24251918376,1106072,23796338367,13448,StartEnd,2949,2949,1,1,0,2132,2130,:2130:2132
NCCL:API Group,24253039456,1109335,23796388909,16927,StartEnd,2949,2949,1,0,1,2134,,:2134
NCCL:GroupLaunch,24253039456,1109335,23796390752,14992,StartEnd,2949,2949,1,1,0,2136,2134,:2134:2136
NCCL:API Group,24254160663,1105271,23796440785,13992,StartEnd,2949,2949,1,0,1,2138,,:2138
NCCL:GroupLaunch,24254160663,1105271,23796441706,12960,StartEnd,2949,2949,1,1,0,2140,2138,:2138:2140
NCCL:API Group,24255279150,1109015,23796486455,13305,StartEnd,2949,2949,1,0,1,2142,,:2142
NCCL:GroupLaunch,24255279150,1109015,23796487393,12274,StartEnd,2949,2949,1,1,0,2144,2142,:2142:2144
NCCL:API Group,24256399301,4375325,23796536038,14020,StartEnd,2949,2949,1,0,1,2146,,:2146
NCCL:GroupLaunch,24256399301,4375325,23796537034,12939,StartEnd,2949,2949,1,1,0,2148,2146,:2146:2148
NCCL:API Group,24260816706,4369597,23796584228,13636,StartEnd,2949,2949,1,0,1,2150,,:2150
NCCL:GroupLaunch,24260816706,4369597,23796585955,11817,StartEnd,2949,2949,1,1,0,2152,2150,:2150:2152
NCCL:API Group,24265224895,4370942,23796632257,14098,StartEnd,2949,2949,1,0,1,2154,,:2154
NCCL:GroupLaunch,24265224895,4370942,23796633204,12935,StartEnd,2949,2949,1,1,0,2156,2154,:2154:2156
NCCL:API Group,24269636540,11616,23796679607,15953,StartEnd,2949,2949,1,0,1,2158,,:2158
NCCL:GroupLaunch,24269636540,11616,23796682124,12105,StartEnd,2949,2949,1,1,0,2160,2158,:2158:2160
NCCL:API Group,24269652860,10624,23796732954,13112,StartEnd,2949,2949,1,0,1,2162,,:2162
NCCL:GroupLaunch,24269652860,10624,23796734011,11975,StartEnd,2949,2949,1,1,0,2164,2162,:2162:2164
NCCL:API Group,24269667100,1112599,23796781360,14077,StartEnd,2949,2949,1,0,1,2166,,:2166
NCCL:GroupLaunch,24269667100,1112599,23796783330,12006,StartEnd,2949,2949,1,1,0,2168,2166,:2166:2168
NCCL:API Group,24270791315,1111575,23796828920,15468,StartEnd,2949,2949,1,0,1,2170,,:2170
NCCL:GroupLaunch,24270791315,1111575,23796829883,14382,StartEnd,2949,2949,1,1,0,2172,2170,:2170:2172
NCCL:API Group,24271914954,1109975,23796876728,15384,StartEnd,2949,2949,1,0,1,2174,,:2174
NCCL:GroupLaunch,24271914954,1109975,23796877620,14034,StartEnd,2949,2949,1,1,0,2176,2174,:2174:2176
NCCL:API Group,24273037121,1106008,23796926612,14098,StartEnd,2949,2949,1,0,1,2178,,:2178
NCCL:GroupLaunch,24273037121,1106008,23796927505,13115,StartEnd,2949,2949,1,1,0,2180,2178,:2178:2180
NCCL:API Group,24274154169,4374941,23796978154,14810,StartEnd,2949,2949,1,0,1,2182,,:2182
NCCL:GroupLaunch,24274154169,4374941,23796980350,12490,StartEnd,2949,2949,1,1,0,2184,2182,:2182:2184
NCCL:API Group,24278569558,4369405,23797025853,14940,StartEnd,2949,2949,1,0,1,2186,,:2186
NCCL:GroupLaunch,24278569558,4369405,23797027831,12875,StartEnd,2949,2949,1,1,0,2188,2186,:2186:2188
NCCL:API Group,24282981203,4382269,23797074480,17985,StartEnd,2949,2949,1,0,1,2190,,:2190
NCCL:GroupLaunch,24282981203,4382269,23797075442,16572,StartEnd,2949,2949,1,1,0,2192,2190,:2190:2192
NCCL:API Group,24287402704,12800,23797127486,14330,StartEnd,2949,2949,1,0,1,2194,,:2194
NCCL:GroupLaunch,24287402704,12800,23797128414,12226,StartEnd,2949,2949,1,1,0,2196,2194,:2194:2196
NCCL:API Group,24287418992,9728,23797176473,12805,StartEnd,2949,2949,1,0,1,2198,,:2198
NCCL:GroupLaunch,24287418992,9728,23797177539,11650,StartEnd,2949,2949,1,1,0,2200,2198,:2198:2200
NCCL:API Group,24287433263,1121112,23797227248,14669,StartEnd,2949,2949,1,0,1,2202,,:2202
NCCL:GroupLaunch,24287433263,1121112,23797229198,12631,StartEnd,2949,2949,1,1,0,2204,2202,:2202:2204
NCCL:API Group,24288569126,1103576,23797279045,14089,StartEnd,2949,2949,1,0,1,2206,,:2206
NCCL:GroupLaunch,24288569126,1103576,23797280015,12993,StartEnd,2949,2949,1,1,0,2208,2206,:2206:2208
NCCL:API Group,24289687230,1109111,23797329886,15592,StartEnd,2949,2949,1,0,1,2210,,:2210
NCCL:GroupLaunch,24289687230,1109111,23797330803,14480,StartEnd,2949,2949,1,1,0,2212,2210,:2210:2212
NCCL:API Group,24290808373,1105879,23797378116,14375,StartEnd,2949,2949,1,0,1,2214,,:2214
NCCL:GroupLaunch,24290808373,1105879,23797379164,13207,StartEnd,2949,2949,1,1,0,2216,2214,:2214:2216
NCCL:API Group,24291926540,4367581,23797431746,15729,StartEnd,2949,2949,1,0,1,2218,,:2218
NCCL:GroupLaunch,24291926540,4367581,23797434067,13297,StartEnd,2949,2949,1,1,0,2220,2218,:2218:2220
NCCL:API Group,24296332009,4372669,23797480368,14943,StartEnd,2949,2949,1,0,1,2222,,:2222
NCCL:GroupLaunch,24296332009,4372669,23797482583,12603,StartEnd,2949,2949,1,1,0,2224,2222,:2222:2224
NCCL:API Group,24300746342,4361438,23797533114,15982,StartEnd,2949,2949,1,0,1,2226,,:2226
NCCL:GroupLaunch,24300746342,4361438,23797535747,13136,StartEnd,2949,2949,1,1,0,2228,2226,:2226:2228
NCCL:API Group,24305149411,10464,23797586753,12266,StartEnd,2949,2949,1,0,1,2230,,:2230
NCCL:GroupLaunch,24305149411,10464,23797587628,11297,StartEnd,2949,2949,1,1,0,2232,2230,:2230:2232
NCCL:API Group,24305163683,9824,23797635383,13291,StartEnd,2949,2949,1,0,1,2234,,:2234
NCCL:GroupLaunch,24305163683,9824,23797636666,11887,StartEnd,2949,2949,1,1,0,2236,2234,:2234:2236
NCCL:API Group,24305178339,1105143,23797684956,15139,StartEnd,2949,2949,1,0,1,2238,,:2238
NCCL:GroupLaunch,24305178339,1105143,23797687324,12640,StartEnd,2949,2949,1,1,0,2240,2238,:2238:2240
NCCL:API Group,24306298426,1115927,23797737950,18760,StartEnd,2949,2949,1,0,1,2242,,:2242
NCCL:GroupLaunch,24306298426,1115927,23797738862,17572,StartEnd,2949,2949,1,1,0,2244,2242,:2242:2244
NCCL:API Group,24307425713,1104152,23797790116,15702,StartEnd,2949,2949,1,0,1,2246,,:2246
NCCL:GroupLaunch,24307425713,1104152,23797791030,14381,StartEnd,2949,2949,1,1,0,2248,2246,:2246:2248
NCCL:API Group,24308541800,1109400,23797838639,13302,StartEnd,2949,2949,1,0,1,2250,,:2250
NCCL:GroupLaunch,24308541800,1109400,23797839884,11943,StartEnd,2949,2949,1,1,0,2252,2250,:2250:2252
NCCL:API Group,24309663360,4357885,23797887299,17119,StartEnd,2949,2949,1,0,1,2254,,:2254
NCCL:GroupLaunch,24309663360,4357885,23797890200,14123,StartEnd,2949,2949,1,1,0,2256,2254,:2254:2256
NCCL:API Group,24314064413,4369949,23797941052,16456,StartEnd,2949,2949,1,0,1,2258,,:2258
NCCL:GroupLaunch,24314064413,4369949,23797944735,12652,StartEnd,2949,2949,1,1,0,2260,2258,:2258:2260
NCCL:API Group,24318475642,4395709,23797991313,15608,StartEnd,2949,2949,1,0,1,2262,,:2262
NCCL:GroupLaunch,24318475642,4395709,23797992264,14112,StartEnd,2949,2949,1,1,0,2264,2262,:2262:2264
NCCL:API Group,24322911479,11008,23798040337,12991,StartEnd,2949,2949,1,0,1,2266,,:2266
NCCL:GroupLaunch,24322911479,11008,23798041287,11922,StartEnd,2949,2949,1,1,0,2268,2266,:2266:2268
NCCL:API Group,24322926135,9664,23798089183,12882,StartEnd,2949,2949,1,0,1,2270,,:2270
NCCL:GroupLaunch,24322926135,9664,23798090513,11429,StartEnd,2949,2949,1,1,0,2272,2270,:2270:2272
NCCL:API Group,24322940407,1112919,23798143076,16928,StartEnd,2949,2949,1,0,1,2274,,:2274
NCCL:GroupLaunch,24322940407,1112919,23798145114,14771,StartEnd,2949,2949,1,1,0,2276,2274,:2274:2276
NCCL:API Group,24324067630,1115127,23798193432,15256,StartEnd,2949,2949,1,0,1,2278,,:2278
NCCL:GroupLaunch,24324067630,1115127,23798194381,13902,StartEnd,2949,2949,1,1,0,2280,2278,:2278:2280
NCCL:API Group,24325196005,1108375,23798244257,14618,StartEnd,2949,2949,1,0,1,2282,,:2282
NCCL:GroupLaunch,24325196005,1108375,23798245167,12454,StartEnd,2949,2949,1,1,0,2284,2282,:2282:2284
NCCL:API Group,24326317564,1105879,23798291564,15416,StartEnd,2949,2949,1,0,1,2286,,:2286
NCCL:GroupLaunch,24326317564,1105879,23798293035,13853,StartEnd,2949,2949,1,1,0,2288,2286,:2286:2288
NCCL:API Group,24327435699,4362750,23798341884,16838,StartEnd,2949,2949,1,0,1,2290,,:2290
NCCL:GroupLaunch,24327435699,4362750,23798344499,14121,StartEnd,2949,2949,1,1,0,2292,2290,:2290:2292
NCCL:API Group,24331838704,4384542,23798393280,14810,StartEnd,2949,2949,1,0,1,2294,,:2294
NCCL:GroupLaunch,24331838704,4384542,23798394208,13784,StartEnd,2949,2949,1,1,0,2296,2294,:2294:2296
NCCL:API Group,24336264333,4378142,23798440148,15181,StartEnd,2949,2949,1,0,1,2298,,:2298
NCCL:GroupLaunch,24336264333,4378142,23798441016,14109,StartEnd,2949,2949,1,1,0,2300,2298,:2298:2300
NCCL:API Group,24340684170,11168,23798488318,12475,StartEnd,2949,2949,1,0,1,2302,,:2302
NCCL:GroupLaunch,24340684170,11168,23798489278,11391,StartEnd,2949,2949,1,1,0,2304,2302,:2302:2304
NCCL:API Group,24340698442,10016,23798534730,14105,StartEnd,2949,2949,1,0,1,2306,,:2306
NCCL:GroupLaunch,24340698442,10016,23798537029,11670,StartEnd,2949,2949,1,1,0,2308,2306,:2306:2308
NCCL:API Group,24340712682,1108375,23798583814,16857,StartEnd,2949,2949,1,0,1,2310,,:2310
NCCL:GroupLaunch,24340712682,1108375,23798585853,14698,StartEnd,2949,2949,1,1,0,2312,2310,:2310:2312
NCCL:API Group,24341835873,1110647,23798633317,15537,StartEnd,2949,2949,1,0,1,2314,,:2314
NCCL:GroupLaunch,24341835873,1110647,23798634167,14445,StartEnd,2949,2949,1,1,0,2316,2314,:2314:2316
NCCL:API Group,24342961528,1102999,23798683752,15435,StartEnd,2949,2949,1,0,1,2318,,:2318
NCCL:GroupLaunch,24342961528,1102999,23798684683,13183,StartEnd,2949,2949,1,1,0,2320,2318,:2318:2320
NCCL:API Group,24344079631,1109496,23798736421,14329,StartEnd,2949,2949,1,0,1,2322,,:2322
NCCL:GroupLaunch,24344079631,1109496,23798737743,12924,StartEnd,2949,2949,1,1,0,2324,2322,:2322:2324
NCCL:API Group,24345200774,4375678,23798785368,16347,StartEnd,2949,2949,1,0,1,2326,,:2326
NCCL:GroupLaunch,24345200774,4375678,23798787254,14337,StartEnd,2949,2949,1,1,0,2328,2326,:2326:2328
NCCL:API Group,24349616164,4399837,23798834251,14269,StartEnd,2949,2949,1,0,1,2330,,:2330
NCCL:GroupLaunch,24349616164,4399837,23798835129,13154,StartEnd,2949,2949,1,1,0,2332,2330,:2330:2332
NCCL:API Group,24354056480,4398910,23798879680,15560,StartEnd,2949,2949,1,0,1,2334,,:2334
NCCL:GroupLaunch,24354056480,4398910,23798880549,14282,StartEnd,2949,2949,1,1,0,2336,2334,:2334:2336
NCCL:API Group,24358496413,10400,23798932264,13006,StartEnd,2949,2949,1,0,1,2338,,:2338
NCCL:GroupLaunch,24358496413,10400,23798933180,12004,StartEnd,2949,2949,1,1,0,2340,2338,:2338:2340
NCCL:API Group,24358510685,10688,23798977885,14429,StartEnd,2949,2949,1,0,1,2342,,:2342
NCCL:GroupLaunch,24358510685,10688,23798980584,11598,StartEnd,2949,2949,1,1,0,2344,2342,:2342:2344
NCCL:API Group,24358524925,9472,23799025737,15717,StartEnd,2949,2949,1,0,1,2346,,:2346
NCCL:GroupLaunch,24358524925,9472,23799027609,13758,StartEnd,2949,2949,1,1,0,2348,2346,:2346:2348
NCCL:API Group,24358537501,4270718,23799080446,14961,StartEnd,2949,2949,1,0,1,2350,,:2350
NCCL:GroupLaunch,24358537501,4270718,23799081437,13642,StartEnd,2949,2949,1,1,0,2352,2350,:2350:2352
NCCL:API Group,24622289335,8191,24622197838,111682,StartEnd,2949,2949,1,0,1,2354,,:2354
NCCL:GroupLaunch,24622289335,8191,24622241532,67876,StartEnd,2949,2949,1,1,0,2356,2354,:2354:2356
NCCL:API Group,25094314657,4234558,25094258744,73843,StartEnd,2949,2949,1,0,1,2358,,:2358
NCCL:GroupLaunch,25094314657,4234558,25094265033,67449,StartEnd,2949,2949,1,1,0,2360,2358,:2358:2360
NCCL:API Group,25098587455,1109943,25094465700,24276,StartEnd,2949,2949,1,0,1,2362,,:2362
NCCL:GroupLaunch,25098587455,1109943,25094468186,21583,StartEnd,2949,2949,1,1,0,2364,2362,:2362:2364
NCCL:API Group,25099708726,1111351,25094540469,23819,StartEnd,2949,2949,1,0,1,2366,,:2366
NCCL:GroupLaunch,25099708726,1111351,25094543257,20828,StartEnd,2949,2949,1,1,0,2368,2366,:2366:2368
NCCL:API Group,25100832045,1105975,25094606399,20006,StartEnd,2949,2949,1,0,1,2370,,:2370
NCCL:GroupLaunch,25100832045,1105975,25094609010,17277,StartEnd,2949,2949,1,1,0,2372,2370,:2370:2372
NCCL:API Group,25101952292,1111383,25094664565,16527,StartEnd,2949,2949,1,0,1,2374,,:2374
NCCL:GroupLaunch,25101952292,1111383,25094666957,14045,StartEnd,2949,2949,1,1,0,2376,2374,:2374:2376
NCCL:API Group,25103077979,4370046,25094719646,18631,StartEnd,2949,2949,1,0,1,2378,,:2378
NCCL:GroupLaunch,25103077979,4370046,25094720782,17300,StartEnd,2949,2949,1,1,0,2380,2378,:2378:2380
NCCL:API Group,25107489240,4356606,25094774168,16528,StartEnd,2949,2949,1,0,1,2382,,:2382
NCCL:GroupLaunch,25107489240,4356606,25094775174,14552,StartEnd,2949,2949,1,1,0,2384,2382,:2382:2384
NCCL:API Group,25111886166,4371325,25094824442,13793,StartEnd,2949,2949,1,0,1,2386,,:2386
NCCL:GroupLaunch,25111886166,4371325,25094825683,12467,StartEnd,2949,2949,1,1,0,2388,2386,:2386:2388
NCCL:API Group,25116298451,12032,25094874826,15143,StartEnd,2949,2949,1,0,1,2390,,:2390
NCCL:GroupLaunch,25116298451,12032,25094877277,12571,StartEnd,2949,2949,1,1,0,2392,2390,:2390:2392
NCCL:API Group,25116315187,10847,25094926246,15431,StartEnd,2949,2949,1,0,1,2394,,:2394
NCCL:GroupLaunch,25116315187,10847,25094927372,14214,StartEnd,2949,2949,1,1,0,2396,2394,:2394:2396
NCCL:API Group,25116329426,1110264,25094982642,16047,StartEnd,2949,2949,1,0,1,2398,,:2398
NCCL:GroupLaunch,25116329426,1110264,25094983845,14501,StartEnd,2949,2949,1,1,0,2400,2398,:2398:2400
NCCL:API Group,25117451530,1111671,25095035233,16609,StartEnd,2949,2949,1,0,1,2402,,:2402
NCCL:GroupLaunch,25117451530,1111671,25095037980,13782,StartEnd,2949,2949,1,1,0,2404,2402,:2402:2404
NCCL:API Group,25118575809,1128119,25095087744,14214,StartEnd,2949,2949,1,0,1,2406,,:2406
NCCL:GroupLaunch,25118575809,1128119,25095090025,11846,StartEnd,2949,2949,1,1,0,2408,2406,:2406:2408
NCCL:API Group,25119717848,1106295,25095135110,15678,StartEnd,2949,2949,1,0,1,2410,,:2410
NCCL:GroupLaunch,25119717848,1106295,25095137361,13344,StartEnd,2949,2949,1,1,0,2412,2410,:2410:2412
NCCL:API Group,25120835951,4387933,25095184607,14912,StartEnd,2949,2949,1,0,1,2414,,:2414
NCCL:GroupLaunch,25120835951,4387933,25095185517,13660,StartEnd,2949,2949,1,1,0,2416,2414,:2414:2416
NCCL:API Group,25125264620,4376125,25095233324,13709,StartEnd,2949,2949,1,0,1,2418,,:2418
NCCL:GroupLaunch,25125264620,4376125,25095234270,12639,StartEnd,2949,2949,1,1,0,2420,2418,:2418:2420
NCCL:API Group,25129681001,4375165,25095281293,14842,StartEnd,2949,2949,1,0,1,2422,,:2422
NCCL:GroupLaunch,25129681001,4375165,25095282561,13457,StartEnd,2949,2949,1,1,0,2424,2422,:2422:2424
NCCL:API Group,25134096742,11424,25095328650,13640,StartEnd,2949,2949,1,0,1,2426,,:2426
NCCL:GroupLaunch,25134096742,11424,25095330567,11636,StartEnd,2949,2949,1,1,0,2428,2426,:2426:2428
NCCL:API Group,25134113062,10880,25095378433,15234,StartEnd,2949,2949,1,0,1,2430,,:2430
NCCL:GroupLaunch,25134113062,10880,25095379351,14226,StartEnd,2949,2949,1,1,0,2432,2430,:2430:2432
NCCL:API Group,25134127302,1120119,25095431577,15606,StartEnd,2949,2949,1,0,1,2434,,:2434
NCCL:GroupLaunch,25134127302,1120119,25095432523,14399,StartEnd,2949,2949,1,1,0,2436,2434,:2434:2436
NCCL:API Group,25135258685,1119383,25095481422,13658,StartEnd,2949,2949,1,0,1,2438,,:2438
NCCL:GroupLaunch,25135258685,1119383,25095482588,12403,StartEnd,2949,2949,1,1,0,2440,2438,:2438:2440
NCCL:API Group,25136390484,1114711,25095529536,25549,StartEnd,2949,2949,1,0,1,2442,,:2442
NCCL:GroupLaunch,25136390484,1114711,25095532295,22661,StartEnd,2949,2949,1,1,0,2444,2442,:2442:2444
NCCL:API Group,25137516779,1111223,25095590153,15175,StartEnd,2949,2949,1,0,1,2446,,:2446
NCCL:GroupLaunch,25137516779,1111223,25095591943,13298,StartEnd,2949,2949,1,1,0,2448,2446,:2446:2448
NCCL:API Group,25138640002,4386045,25095639617,14594,StartEnd,2949,2949,1,0,1,2450,,:2450
NCCL:GroupLaunch,25138640002,4386045,25095640614,13353,StartEnd,2949,2949,1,1,0,2452,2450,:2450:2452
NCCL:API Group,25143069695,4410557,25095689150,14150,StartEnd,2949,2949,1,0,1,2454,,:2454
NCCL:GroupLaunch,25143069695,4410557,25095690140,13070,StartEnd,2949,2949,1,1,0,2456,2454,:2454:2456
NCCL:API Group,25147520252,4413533,25095736191,13332,StartEnd,2949,2949,1,0,1,2458,,:2458
NCCL:GroupLaunch,25147520252,4413533,25095737759,11648,StartEnd,2949,2949,1,1,0,2460,2458,:2458:2460
NCCL:API Group,25151972472,11968,25095782959,14327,StartEnd,2949,2949,1,0,1,2462,,:2462
NCCL:GroupLaunch,25151972472,11968,25095784957,12216,StartEnd,2949,2949,1,1,0,2464,2462,:2462:2464
NCCL:API Group,25151988792,9568,25095833290,14379,StartEnd,2949,2949,1,0,1,2466,,:2466
NCCL:GroupLaunch,25151988792,9568,25095834299,13133,StartEnd,2949,2949,1,1,0,2468,2466,:2466:2468
NCCL:API Group,25152003032,1119607,25095881979,15809,StartEnd,2949,2949,1,0,1,2470,,:2470
NCCL:GroupLaunch,25152003032,1119607,25095884563,12106,StartEnd,2949,2949,1,1,0,2472,2470,:2470:2472
NCCL:API Group,25153135855,1112663,25095930162,12789,StartEnd,2949,2949,1,0,1,2474,,:2474
NCCL:GroupLaunch,25153135855,1112663,25095931297,11550,StartEnd,2949,2949,1,1,0,2476,2474,:2474:2476
NCCL:API Group,25154260070,1115672,25095975356,14339,StartEnd,2949,2949,1,0,1,2478,,:2478
NCCL:GroupLaunch,25154260070,1115672,25095977621,11988,StartEnd,2949,2949,1,1,0,2480,2478,:2478:2480
NCCL:API Group,25155388413,1113304,25096020919,13246,StartEnd,2949,2949,1,0,1,2482,,:2482
NCCL:GroupLaunch,25155388413,1113304,25096021830,12254,StartEnd,2949,2949,1,1,0,2484,2482,:2482:2484
NCCL:API Group,25156513685,4385597,25096066875,17351,StartEnd,2949,2949,1,0,1,2486,,:2486
NCCL:GroupLaunch,25156513685,4385597,25096067857,16278,StartEnd,2949,2949,1,1,0,2488,2486,:2486:2488
NCCL:API Group,25160940690,4375773,25096116794,13031,StartEnd,2949,2949,1,0,1,2490,,:2490
NCCL:GroupLaunch,25160940690,4375773,25096117745,11979,StartEnd,2949,2949,1,1,0,2492,2490,:2490:2492
NCCL:API Group,25165356047,4380797,25096161536,14090,StartEnd,2949,2949,1,0,1,2494,,:2494
NCCL:GroupLaunch,25165356047,4380797,25096163947,11560,StartEnd,2949,2949,1,1,0,2496,2494,:2494:2496
NCCL:API Group,25169779596,10112,25096209984,15053,StartEnd,2949,2949,1,0,1,2498,,:2498
NCCL:GroupLaunch,25169779596,10112,25096212146,12793,StartEnd,2949,2949,1,1,0,2500,2498,:2498:2500
NCCL:API Group,25169793867,9600,25096257646,18106,StartEnd,2949,2949,1,0,1,2502,,:2502
NCCL:GroupLaunch,25169793867,9600,25096258647,16771,StartEnd,2949,2949,1,1,0,2504,2502,:2502:2504
NCCL:API Group,25169808523,1107256,25096310525,14103,StartEnd,2949,2949,1,0,1,2506,,:2506
NCCL:GroupLaunch,25169808523,1107256,25096311481,13005,StartEnd,2949,2949,1,1,0,2508,2506,:2506:2508
NCCL:API Group,25170929634,1113336,25096357122,14195,StartEnd,2949,2949,1,0,1,2510,,:2510
NCCL:GroupLaunch,25170929634,1113336,25096358322,12875,StartEnd,2949,2949,1,1,0,2512,2510,:2510:2512
NCCL:API Group,25172054906,1108311,25096403471,14409,StartEnd,2949,2949,1,0,1,2514,,:2514
NCCL:GroupLaunch,25172054906,1108311,25096405977,11806,StartEnd,2949,2949,1,1,0,2516,2514,:2514:2516
NCCL:API Group,25173175057,1110199,25096450285,14042,StartEnd,2949,2949,1,0,1,2518,,:2518
NCCL:GroupLaunch,25173175057,1110199,25096451236,13000,StartEnd,2949,2949,1,1,0,2520,2518,:2518:2520
NCCL:API Group,25174296648,4384413,25096498535,14928,StartEnd,2949,2949,1,0,1,2522,,:2522
NCCL:GroupLaunch,25174296648,4384413,25096499488,13765,StartEnd,2949,2949,1,1,0,2524,2522,:2522:2524
NCCL:API Group,25178720165,4371773,25096545560,13900,StartEnd,2949,2949,1,0,1,2526,,:2526
NCCL:GroupLaunch,25178720165,4371773,25096546607,12763,StartEnd,2949,2949,1,1,0,2528,2526,:2526:2528
NCCL:API Group,25183133474,4412541,25096593733,15385,StartEnd,2949,2949,1,0,1,2530,,:2530
NCCL:GroupLaunch,25183133474,4412541,25096596446,12573,StartEnd,2949,2949,1,1,0,2532,2530,:2530:2532
NCCL:API Group,25187585695,11584,25096640467,15351,StartEnd,2949,2949,1,0,1,2534,,:2534
NCCL:GroupLaunch,25187585695,11584,25096642446,13254,StartEnd,2949,2949,1,1,0,2536,2534,:2534:2536
NCCL:API Group,25187602431,9632,25096688547,15757,StartEnd,2949,2949,1,0,1,2538,,:2538
NCCL:GroupLaunch,25187602431,9632,25096691182,12751,StartEnd,2949,2949,1,1,0,2540,2538,:2538:2540
NCCL:API Group,25187616638,1116408,25096738353,12333,StartEnd,2949,2949,1,0,1,2542,,:2542
NCCL:GroupLaunch,25187616638,1116408,25096739252,11316,StartEnd,2949,2949,1,1,0,2544,2542,:2542:2544
NCCL:API Group,25188744950,1110743,25096783887,13674,StartEnd,2949,2949,1,0,1,2546,,:2546
NCCL:GroupLaunch,25188744950,1110743,25096784871,12564,StartEnd,2949,2949,1,1,0,2548,2546,:2546:2548
NCCL:API Group,25189870221,1114903,25096828863,12243,StartEnd,2949,2949,1,0,1,2550,,:2550
NCCL:GroupLaunch,25189870221,1114903,25096829828,11190,StartEnd,2949,2949,1,1,0,2552,2550,:2550:2552
NCCL:API Group,25190997924,1114647,25096872714,13615,StartEnd,2949,2949,1,0,1,2554,,:2554
NCCL:GroupLaunch,25190997924,1114647,25096873644,12450,StartEnd,2949,2949,1,1,0,2556,2554,:2554:2556
NCCL:API Group,25192124219,4380349,25096919703,13943,StartEnd,2949,2949,1,0,1,2558,,:2558
NCCL:GroupLaunch,25192124219,4380349,25096920948,12598,StartEnd,2949,2949,1,1,0,2560,2558,:2558:2560
NCCL:API Group,25196545720,4382525,25096966449,13432,StartEnd,2949,2949,1,0,1,2562,,:2562
NCCL:GroupLaunch,25196545720,4382525,25096967437,12234,StartEnd,2949,2949,1,1,0,2564,2562,:2562:2564
NCCL:API Group,25200971317,4397021,25097011018,13529,StartEnd,2949,2949,1,0,1,2566,,:2566
NCCL:GroupLaunch,25200971317,4397021,25097011963,12461,StartEnd,2949,2949,1,1,0,2568,2566,:2566:2568
NCCL:API Group,25205409618,11968,25097055773,16842,StartEnd,2949,2949,1,0,1,2570,,:2570
NCCL:GroupLaunch,25205409618,11968,25097056817,15707,StartEnd,2949,2949,1,1,0,2572,2570,:2570:2572
NCCL:API Group,25205425906,9408,25097103502,13641,StartEnd,2949,2949,1,0,1,2574,,:2574
NCCL:GroupLaunch,25205425906,9408,25097104928,12096,StartEnd,2949,2949,1,1,0,2576,2574,:2574:2576
NCCL:API Group,25205440145,1117432,25097154112,14430,StartEnd,2949,2949,1,0,1,2578,,:2578
NCCL:GroupLaunch,25205440145,1117432,25097155062,13392,StartEnd,2949,2949,1,1,0,2580,2578,:2578:2580
NCCL:API Group,25206571529,1111415,25097201424,14837,StartEnd,2949,2949,1,0,1,2582,,:2582
NCCL:GroupLaunch,25206571529,1111415,25097202369,13488,StartEnd,2949,2949,1,1,0,2584,2582,:2582:2584
NCCL:API Group,25207696192,1111543,25097248484,12682,StartEnd,2949,2949,1,0,1,2586,,:2586
NCCL:GroupLaunch,25207696192,1111543,25097249610,11441,StartEnd,2949,2949,1,1,0,2588,2586,:2586:2588
NCCL:API Group,25208819383,1112759,25097291783,12875,StartEnd,2949,2949,1,0,1,2590,,:2590
NCCL:GroupLaunch,25208819383,1112759,25097293067,11500,StartEnd,2949,2949,1,1,0,2592,2590,:2590:2592
NCCL:API Group,25209944654,4375133,25097340832,13675,StartEnd,2949,2949,1,0,1,2594,,:2594
NCCL:GroupLaunch,25209944654,4375133,25097341827,12589,StartEnd,2949,2949,1,1,0,2596,2594,:2594:2596
NCCL:API Group,25214360011,4389533,25097386157,13629,StartEnd,2949,2949,1,0,1,2598,,:2598
NCCL:GroupLaunch,25214360011,4389533,25097387078,12304,StartEnd,2949,2949,1,1,0,2600,2598,:2598:2600
NCCL:API Group,25218790088,4384733,25097430202,12280,StartEnd,2949,2949,1,0,1,2602,,:2602
NCCL:GroupLaunch,25218790088,4384733,25097431170,11230,StartEnd,2949,2949,1,1,0,2604,2602,:2602:2604
NCCL:API Group,25223217765,9792,25097475441,22510,StartEnd,2949,2949,1,0,1,2606,,:2606
NCCL:GroupLaunch,25223217765,9792,25097478363,19487,StartEnd,2949,2949,1,1,0,2608,2606,:2606:2608
NCCL:API Group,25223232005,9760,25097529997,14700,StartEnd,2949,2949,1,0,1,2610,,:2610
NCCL:GroupLaunch,25223232005,9760,25097531908,12708,StartEnd,2949,2949,1,1,0,2612,2610,:2610:2612
NCCL:API Group,25223246245,1111191,25097579142,13616,StartEnd,2949,2949,1,0,1,2614,,:2614
NCCL:GroupLaunch,25223246245,1111191,25097580134,12238,StartEnd,2949,2949,1,1,0,2616,2614,:2614:2616
NCCL:API Group,25224368796,1115159,25097625388,14189,StartEnd,2949,2949,1,0,1,2618,,:2618
NCCL:GroupLaunch,25224368796,1115159,25097626334,12824,StartEnd,2949,2949,1,1,0,2620,2618,:2618:2620
NCCL:API Group,25225496115,1108855,25097670688,12547,StartEnd,2949,2949,1,0,1,2622,,:2622
NCCL:GroupLaunch,25225496115,1108855,25097671564,11577,StartEnd,2949,2949,1,1,0,2624,2622,:2622:2624
NCCL:API Group,25226617290,1113751,25097715525,12749,StartEnd,2949,2949,1,0,1,2626,,:2626
NCCL:GroupLaunch,25226617290,1113751,25097716530,11662,StartEnd,2949,2949,1,1,0,2628,2626,:2626:2628
NCCL:API Group,25227743585,4379133,25097768568,13462,StartEnd,2949,2949,1,0,1,2630,,:2630
NCCL:GroupLaunch,25227743585,4379133,25097769554,12385,StartEnd,2949,2949,1,1,0,2632,2630,:2630:2632
NCCL:API Group,25232163422,4407453,25097812943,15135,StartEnd,2949,2949,1,0,1,2634,,:2634
NCCL:GroupLaunch,25232163422,4407453,25097813829,14013,StartEnd,2949,2949,1,1,0,2636,2634,:2634:2636
NCCL:API Group,25236611547,4392989,25097860092,14453,StartEnd,2949,2949,1,0,1,2638,,:2638
NCCL:GroupLaunch,25236611547,4392989,25097861180,13274,StartEnd,2949,2949,1,1,0,2640,2638,:2638:2640
NCCL:API Group,25241047384,10464,25097906763,13415,StartEnd,2949,2949,1,0,1,2642,,:2642
NCCL:GroupLaunch,25241047384,10464,25097908240,11852,StartEnd,2949,2949,1,1,0,2644,2642,:2642:2644
NCCL:API Group,25241061656,9536,25097950940,13463,StartEnd,2949,2949,1,0,1,2646,,:2646
NCCL:GroupLaunch,25241061656,9536,25097951995,12296,StartEnd,2949,2949,1,1,0,2648,2646,:2646:2648
NCCL:API Group,25241076312,1114359,25097997340,14937,StartEnd,2949,2949,1,0,1,2650,,:2650
NCCL:GroupLaunch,25241076312,1114359,25097998272,13812,StartEnd,2949,2949,1,1,0,2652,2650,:2650:2652
NCCL:API Group,25242205615,1113655,25098045147,12940,StartEnd,2949,2949,1,0,1,2654,,:2654
NCCL:GroupLaunch,25242205615,1113655,25098046052,11913,StartEnd,2949,2949,1,1,0,2656,2654,:2654:2656
NCCL:API Group,25243331910,1108119,25098091615,14085,StartEnd,2949,2949,1,0,1,2658,,:2658
NCCL:GroupLaunch,25243331910,1108119,25098093339,12240,StartEnd,2949,2949,1,1,0,2660,2658,:2658:2660
NCCL:API Group,25244451037,1116439,25098140819,14405,StartEnd,2949,2949,1,0,1,2662,,:2662
NCCL:GroupLaunch,25244451037,1116439,25098142389,12717,StartEnd,2949,2949,1,1,0,2664,2662,:2662:2664
NCCL:API Group,25245580788,4381341,25098191204,13371,StartEnd,2949,2949,1,0,1,2666,,:2666
NCCL:GroupLaunch,25245580788,4381341,25098192167,12293,StartEnd,2949,2949,1,1,0,2668,2666,:2666:2668
NCCL:API Group,25250000209,4391997,25098237473,13512,StartEnd,2949,2949,1,0,1,2670,,:2670
NCCL:GroupLaunch,25250000209,4391997,25098238430,12125,StartEnd,2949,2949,1,1,0,2672,2670,:2670:2672
NCCL:API Group,25254431982,4378205,25098282926,14201,StartEnd,2949,2949,1,0,1,2674,,:2674
NCCL:GroupLaunch,25254431982,4378205,25098285659,11382,StartEnd,2949,2949,1,1,0,2676,2674,:2674:2676
NCCL:API Group,25258851435,11712,25098329763,12817,StartEnd,2949,2949,1,0,1,2678,,:2678
NCCL:GroupLaunch,25258851435,11712,25098331190,11267,StartEnd,2949,2949,1,1,0,2680,2678,:2678:2680
NCCL:API Group,25258868171,9472,25098373693,12958,StartEnd,2949,2949,1,0,1,2682,,:2682
NCCL:GroupLaunch,25258868171,9472,25098374688,11869,StartEnd,2949,2949,1,1,0,2684,2682,:2682:2684
NCCL:API Group,25258882411,1112311,25098419348,15372,StartEnd,2949,2949,1,0,1,2686,,:2686
NCCL:GroupLaunch,25258882411,1112311,25098420151,14283,StartEnd,2949,2949,1,1,0,2688,2686,:2686:2688
NCCL:API Group,25260006626,1107415,25098469109,17083,StartEnd,2949,2949,1,0,1,2690,,:2690
NCCL:GroupLaunch,25260006626,1107415,25098469977,16099,StartEnd,2949,2949,1,1,0,2692,2690,:2690:2692
NCCL:API Group,25261127737,1113847,25098518391,13418,StartEnd,2949,2949,1,0,1,2694,,:2694
NCCL:GroupLaunch,25261127737,1113847,25098519683,12040,StartEnd,2949,2949,1,1,0,2696,2694,:2694:2696
NCCL:API Group,25262254448,1110775,25098563257,22515,StartEnd,2949,2949,1,0,1,2698,,:2698
NCCL:GroupLaunch,25262254448,1110775,25098565091,20247,StartEnd,2949,2949,1,1,0,2700,2698,:2698:2700
NCCL:API Group,25263377671,4376574,25098620811,16168,StartEnd,2949,2949,1,0,1,2702,,:2702
NCCL:GroupLaunch,25263377671,4376574,25098622555,13577,StartEnd,2949,2949,1,1,0,2704,2702,:2702:2704
NCCL:API Group,25267795076,4391709,25098668710,17103,StartEnd,2949,2949,1,0,1,2706,,:2706
NCCL:GroupLaunch,25267795076,4391709,25098672408,13055,StartEnd,2949,2949,1,1,0,2708,2706,:2706:2708
NCCL:API Group,25272226817,4390077,25098718524,15813,StartEnd,2949,2949,1,0,1,2710,,:2710
NCCL:GroupLaunch,25272226817,4390077,25098720170,13861,StartEnd,2949,2949,1,1,0,2712,2710,:2710:2712
NCCL:API Group,25276656894,10400,25098766005,14451,StartEnd,2949,2949,1,0,1,2714,,:2714
NCCL:GroupLaunch,25276656894,10400,25098768099,12011,StartEnd,2949,2949,1,1,0,2716,2714,:2714:2716
NCCL:API Group,25276671166,9504,25098811156,14020,StartEnd,2949,2949,1,0,1,2718,,:2718
NCCL:GroupLaunch,25276671166,9504,25098812469,12233,StartEnd,2949,2949,1,1,0,2720,2718,:2718:2720
NCCL:API Group,25276685406,1114167,25098859638,15300,StartEnd,2949,2949,1,0,1,2722,,:2722
NCCL:GroupLaunch,25276685406,1114167,25098861075,13546,StartEnd,2949,2949,1,1,0,2724,2722,:2722:2724
NCCL:API Group,25277810645,1109975,25098906504,14752,StartEnd,2949,2949,1,0,1,2726,,:2726
NCCL:GroupLaunch,25277810645,1109975,25098907990,13181,StartEnd,2949,2949,1,1,0,2728,2726,:2726:2728
NCCL:API Group,25278933228,1120727,25098952167,14219,StartEnd,2949,2949,1,0,1,2730,,:2730
NCCL:GroupLaunch,25278933228,1120727,25098953794,12510,StartEnd,2949,2949,1,1,0,2732,2730,:2730:2732
NCCL:API Group,25280066691,1106679,25098997210,15382,StartEnd,2949,2949,1,0,1,2734,,:2734
NCCL:GroupLaunch,25280066691,1106679,25098998320,14150,StartEnd,2949,2949,1,1,0,2736,2734,:2734:2736
NCCL:API Group,25281185818,4380190,25099045290,15926,StartEnd,2949,2949,1,0,1,2738,,:2738
NCCL:GroupLaunch,25281185818,4380190,25099046199,14818,StartEnd,2949,2949,1,1,0,2740,2738,:2738:2740
NCCL:API Group,25285609367,4380382,25099093172,13401,StartEnd,2949,2949,1,0,1,2742,,:2742
NCCL:GroupLaunch,25285609367,4380382,25099094124,12023,StartEnd,2949,2949,1,1,0,2744,2742,:2742:2744
NCCL:API Group,25290033332,4401629,25099137281,14516,StartEnd,2949,2949,1,0,1,2746,,:2746
NCCL:GroupLaunch,25290033332,4401629,25099138649,13039,StartEnd,2949,2949,1,1,0,2748,2746,:2746:2748
NCCL:API Group,25294477361,10304,25099183034,13028,StartEnd,2949,2949,1,0,1,2750,,:2750
NCCL:GroupLaunch,25294477361,10304,25099184387,11586,StartEnd,2949,2949,1,1,0,2752,2750,:2750:2752
NCCL:API Group,25294491601,9536,25099229822,14392,StartEnd,2949,2949,1,0,1,2754,,:2754
NCCL:GroupLaunch,25294491601,9536,25099230799,13166,StartEnd,2949,2949,1,1,0,2756,2754,:2754:2756
NCCL:API Group,25294505841,1118935,25099278198,14506,StartEnd,2949,2949,1,0,1,2758,,:2758
NCCL:GroupLaunch,25294505841,1118935,25099279110,13212,StartEnd,2949,2949,1,1,0,2760,2758,:2758:2760
NCCL:API Group,25295636616,1112215,25099325149,15713,StartEnd,2949,2949,1,0,1,2762,,:2762
NCCL:GroupLaunch,25295636616,1112215,25099326326,14436,StartEnd,2949,2949,1,1,0,2764,2762,:2762:2764
NCCL:API Group,25296761855,1115735,25099372274,15469,StartEnd,2949,2949,1,0,1,2766,,:2766
NCCL:GroupLaunch,25296761855,1115735,25099373737,13889,StartEnd,2949,2949,1,1,0,2768,2766,:2766:2768
NCCL:API Group,25297890198,1107191,25099419229,15430,StartEnd,2949,2949,1,0,1,2770,,:2770
NCCL:GroupLaunch,25297890198,1107191,25099420368,14175,StartEnd,2949,2949,1,1,0,2772,2770,:2770:2772
NCCL:API Group,25299009325,4381182,25099468412,16266,StartEnd,2949,2949,1,0,1,2774,,:2774
NCCL:GroupLaunch,25299009325,4381182,25099471213,13133,StartEnd,2949,2949,1,1,0,2776,2774,:2774:2776
NCCL:API Group,25303429162,4378494,25099516713,12904,StartEnd,2949,2949,1,0,1,2778,,:2778
NCCL:GroupLaunch,25303429162,4378494,25099517603,11894,StartEnd,2949,2949,1,1,0,2780,2778,:2778:2780
NCCL:API Group,25307848615,4398142,25099561179,15131,StartEnd,2949,2949,1,0,1,2782,,:2782
NCCL:GroupLaunch,25307848615,4398142,25099562559,13659,StartEnd,2949,2949,1,1,0,2784,2782,:2782:2784
NCCL:API Group,25312284420,13344,25099608502,13064,StartEnd,2949,2949,1,0,1,2786,,:2786
NCCL:GroupLaunch,25312284420,13344,25099609545,11935,StartEnd,2949,2949,1,1,0,2788,2786,:2786:2788
NCCL:API Group,25312300772,9568,25099653770,13416,StartEnd,2949,2949,1,0,1,2790,,:2790
NCCL:GroupLaunch,25312300772,9568,25099654686,12413,StartEnd,2949,2949,1,1,0,2792,2790,:2790:2792
NCCL:API Group,25312315428,1111767,25099701774,14635,StartEnd,2949,2949,1,0,1,2794,,:2794
NCCL:GroupLaunch,25312315428,1111767,25099702957,13211,StartEnd,2949,2949,1,1,0,2796,2794,:2794:2796
NCCL:API Group,25313438587,1113111,25099747966,13099,StartEnd,2949,2949,1,0,1,2798,,:2798
NCCL:GroupLaunch,25313438587,1113111,25099749229,11739,StartEnd,2949,2949,1,1,0,2800,2798,:2798:2800
NCCL:API Group,25314562834,1123991,25099792367,12405,StartEnd,2949,2949,1,0,1,2802,,:2802
NCCL:GroupLaunch,25314562834,1123991,25099793476,11185,StartEnd,2949,2949,1,1,0,2804,2802,:2802:2804
NCCL:API Group,25315698345,1114903,25099836561,16819,StartEnd,2949,2949,1,0,1,2806,,:2806
NCCL:GroupLaunch,25315698345,1114903,25099839155,14097,StartEnd,2949,2949,1,1,0,2808,2806,:2806:2808
NCCL:API Group,25316826080,4377694,25099885759,13672,StartEnd,2949,2949,1,0,1,2810,,:2810
NCCL:GroupLaunch,25316826080,4377694,25099886709,12490,StartEnd,2949,2949,1,1,0,2812,2810,:2810:2812
NCCL:API Group,25321245501,4360990,25099929228,12804,StartEnd,2949,2949,1,0,1,2814,,:2814
NCCL:GroupLaunch,25321245501,4360990,25099930087,11814,StartEnd,2949,2949,1,1,0,2816,2814,:2814:2816
NCCL:API Group,25325648571,4385277,25099975414,13857,StartEnd,2949,2949,1,0,1,2818,,:2818
NCCL:GroupLaunch,25325648571,4385277,25099976827,12328,StartEnd,2949,2949,1,1,0,2820,2818,:2818:2820
NCCL:API Group,25330074168,12223,25100020203,13031,StartEnd,2949,2949,1,0,1,2822,,:2822
NCCL:GroupLaunch,25330074168,12223,25100021292,11824,StartEnd,2949,2949,1,1,0,2824,2822,:2822:2824
NCCL:API Group,25330090903,9664,25100063818,14802,StartEnd,2949,2949,1,0,1,2826,,:2826
NCCL:GroupLaunch,25330090903,9664,25100064760,13770,StartEnd,2949,2949,1,1,0,2828,2826,:2826:2828
NCCL:API Group,25330105143,1116087,25100113421,12487,StartEnd,2949,2949,1,0,1,2830,,:2830
NCCL:GroupLaunch,25330105143,1116087,25100114391,11229,StartEnd,2949,2949,1,1,0,2832,2830,:2830:2832
NCCL:API Group,25331233422,1115064,25100156575,12775,StartEnd,2949,2949,1,0,1,2834,,:2834
NCCL:GroupLaunch,25331233422,1115064,25100157488,11743,StartEnd,2949,2949,1,1,0,2836,2834,:2834:2836
NCCL:API Group,25332360741,1113976,25100199924,12984,StartEnd,2949,2949,1,0,1,2838,,:2838
NCCL:GroupLaunch,25332360741,1113976,25100201084,11737,StartEnd,2949,2949,1,1,0,2840,2838,:2838:2840
NCCL:API Group,25333486397,1116887,25100243943,15011,StartEnd,2949,2949,1,0,1,2842,,:2842
NCCL:GroupLaunch,25333486397,1116887,25100246417,12452,StartEnd,2949,2949,1,1,0,2844,2842,:2842:2844
NCCL:API Group,25334614740,4371197,25100291353,13891,StartEnd,2949,2949,1,0,1,2846,,:2846
NCCL:GroupLaunch,25334614740,4371197,25100292275,12858,StartEnd,2949,2949,1,1,0,2848,2846,:2846:2848
NCCL:API Group,25339028049,4381373,25100337619,12726,StartEnd,2949,2949,1,0,1,2850,,:2850
NCCL:GroupLaunch,25339028049,4381373,25100338610,11638,StartEnd,2949,2949,1,1,0,2852,2850,:2850:2852
NCCL:API Group,25343449550,4394589,25100381263,13217,StartEnd,2949,2949,1,0,1,2854,,:2854
NCCL:GroupLaunch,25343449550,4394589,25100382344,12024,StartEnd,2949,2949,1,1,0,2856,2854,:2854:2856
NCCL:API Group,25347885771,10752,25100425622,12541,StartEnd,2949,2949,1,0,1,2858,,:2858
NCCL:GroupLaunch,25347885771,10752,25100426644,11432,StartEnd,2949,2949,1,1,0,2860,2858,:2858:2860
NCCL:API Group,25347900043,9311,25100469105,13016,StartEnd,2949,2949,1,0,1,2862,,:2862
NCCL:GroupLaunch,25347900043,9311,25100470095,11934,StartEnd,2949,2949,1,1,0,2864,2862,:2862:2864
NCCL:API Group,25347914282,1111928,25100516530,13149,StartEnd,2949,2949,1,0,1,2866,,:2866
NCCL:GroupLaunch,25347914282,1111928,25100517418,12171,StartEnd,2949,2949,1,1,0,2868,2866,:2866:2868
NCCL:API Group,25349037474,1109655,25100560275,12770,StartEnd,2949,2949,1,0,1,2870,,:2870
NCCL:GroupLaunch,25349037474,1109655,25100561455,11499,StartEnd,2949,2949,1,1,0,2872,2870,:2870:2872
NCCL:API Group,25350160057,1111703,25100603349,15691,StartEnd,2949,2949,1,0,1,2874,,:2874
NCCL:GroupLaunch,25350160057,1111703,25100604806,14151,StartEnd,2949,2949,1,1,0,2876,2874,:2874:2876
NCCL:API Group,25351283280,1109591,25100651565,13160,StartEnd,2949,2949,1,0,1,2878,,:2878
NCCL:GroupLaunch,25351283280,1109591,25100652405,11843,StartEnd,2949,2949,1,1,0,2880,2878,:2878:2880
NCCL:API Group,25352405479,4372029,25100697990,12422,StartEnd,2949,2949,1,0,1,2882,,:2882
NCCL:GroupLaunch,25352405479,4372029,25100698886,11300,StartEnd,2949,2949,1,1,0,2884,2882,:2882:2884
NCCL:API Group,25356817764,4383901,25100741217,14280,StartEnd,2949,2949,1,0,1,2886,,:2886
NCCL:GroupLaunch,25356817764,4383901,25100742165,13240,StartEnd,2949,2949,1,1,0,2888,2886,:2886:2888
NCCL:API Group,25361243777,4399229,25100787322,16306,StartEnd,2949,2949,1,0,1,2890,,:2890
NCCL:GroupLaunch,25361243777,4399229,25100789120,14423,StartEnd,2949,2949,1,1,0,2892,2890,:2890:2892
NCCL:API Group,25365683678,11360,25100835246,13183,StartEnd,2949,2949,1,0,1,2894,,:2894
NCCL:GroupLaunch,25365683678,11360,25100836526,11816,StartEnd,2949,2949,1,1,0,2896,2894,:2894:2896
NCCL:API Group,25365697950,9664,25100879947,14226,StartEnd,2949,2949,1,0,1,2898,,:2898
NCCL:GroupLaunch,25365697950,9664,25100880916,12986,StartEnd,2949,2949,1,1,0,2900,2898,:2898:2900
NCCL:API Group,25365712222,1113111,25100928858,12759,StartEnd,2949,2949,1,0,1,2902,,:2902
NCCL:GroupLaunch,25365712222,1113111,25100929773,11754,StartEnd,2949,2949,1,1,0,2904,2902,:2902:2904
NCCL:API Group,25366836821,1110263,25100973312,15728,StartEnd,2949,2949,1,0,1,2906,,:2906
NCCL:GroupLaunch,25366836821,1110263,25100974606,14351,StartEnd,2949,2949,1,1,0,2908,2906,:2906:2908
NCCL:API Group,25367962060,1111415,25101019535,14191,StartEnd,2949,2949,1,0,1,2910,,:2910
NCCL:GroupLaunch,25367962060,1111415,25101020597,13012,StartEnd,2949,2949,1,1,0,2912,2910,:2910:2912
NCCL:API Group,25369088323,1112023,25101066248,13161,StartEnd,2949,2949,1,0,1,2914,,:2914
NCCL:GroupLaunch,25369088323,1112023,25101067107,12218,StartEnd,2949,2949,1,1,0,2916,2914,:2914:2916
NCCL:API Group,25370211578,4383549,25101111884,12338,StartEnd,2949,2949,1,0,1,2918,,:2918
NCCL:GroupLaunch,25370211578,4383549,25101112780,11153,StartEnd,2949,2949,1,1,0,2920,2918,:2918:2920
NCCL:API Group,25374635511,4386461,25101154869,15194,StartEnd,2949,2949,1,0,1,2922,,:2922
NCCL:GroupLaunch,25374635511,4386461,25101155918,14064,StartEnd,2949,2949,1,1,0,2924,2922,:2922:2924
NCCL:API Group,25379063156,4369181,25101200623,14040,StartEnd,2949,2949,1,0,1,2926,,:2926
NCCL:GroupLaunch,25379063156,4369181,25101201954,12590,StartEnd,2949,2949,1,1,0,2928,2926,:2926:2928
NCCL:API Group,25383474417,10560,25101246570,12828,StartEnd,2949,2949,1,0,1,2930,,:2930
NCCL:GroupLaunch,25383474417,10560,25101247492,11793,StartEnd,2949,2949,1,1,0,2932,2930,:2930:2932
NCCL:API Group,25383488689,9440,25101290219,15527,StartEnd,2949,2949,1,0,1,2934,,:2934
NCCL:GroupLaunch,25383488689,9440,25101291080,14469,StartEnd,2949,2949,1,1,0,2936,2934,:2934:2936
NCCL:API Group,25383501297,1112023,25101340341,12768,StartEnd,2949,2949,1,0,1,2938,,:2938
NCCL:GroupLaunch,25383501297,1112023,25101341376,11649,StartEnd,2949,2949,1,1,0,2940,2938,:2938:2940
NCCL:API Group,25384626504,1113815,25101384365,15579,StartEnd,2949,2949,1,0,1,2942,,:2942
NCCL:GroupLaunch,25384626504,1113815,25101387579,12243,StartEnd,2949,2949,1,1,0,2944,2942,:2942:2944
NCCL:API Group,25385752799,1111255,25101433048,14870,StartEnd,2949,2949,1,0,1,2946,,:2946
NCCL:GroupLaunch,25385752799,1111255,25101434128,13675,StartEnd,2949,2949,1,1,0,2948,2946,:2946:2948
NCCL:API Group,25386876022,1112791,25101479243,12823,StartEnd,2949,2949,1,0,1,2950,,:2950
NCCL:GroupLaunch,25386876022,1112791,25101480079,11902,StartEnd,2949,2949,1,1,0,2952,2950,:2950:2952
NCCL:API Group,25388002701,4368574,25101524075,14601,StartEnd,2949,2949,1,0,1,2954,,:2954
NCCL:GroupLaunch,25388002701,4368574,25101524915,13433,StartEnd,2949,2949,1,1,0,2956,2954,:2954:2956
NCCL:API Group,25392410890,4375550,25101569551,14750,StartEnd,2949,2949,1,0,1,2958,,:2958
NCCL:GroupLaunch,25392410890,4375550,25101570954,13262,StartEnd,2949,2949,1,1,0,2960,2958,:2958:2960
NCCL:API Group,25396826248,4379901,25101616157,15110,StartEnd,2949,2949,1,0,1,2962,,:2962
NCCL:GroupLaunch,25396826248,4379901,25101617838,13312,StartEnd,2949,2949,1,1,0,2964,2962,:2962:2964
NCCL:API Group,25401247749,10911,25101662869,13005,StartEnd,2949,2949,1,0,1,2966,,:2966
NCCL:GroupLaunch,25401247749,10911,25101663763,12023,StartEnd,2949,2949,1,1,0,2968,2966,:2966:2968
NCCL:API Group,25401262436,9408,25101707183,15234,StartEnd,2949,2949,1,0,1,2970,,:2970
NCCL:GroupLaunch,25401262436,9408,25101708069,13808,StartEnd,2949,2949,1,1,0,2972,2970,:2970:2972
NCCL:API Group,25401276676,1116023,25101760128,15896,StartEnd,2949,2949,1,0,1,2974,,:2974
NCCL:GroupLaunch,25401276676,1116023,25101761573,14309,StartEnd,2949,2949,1,1,0,2976,2974,:2974:2976
NCCL:API Group,25402404955,1115064,25101809825,13744,StartEnd,2949,2949,1,0,1,2978,,:2978
NCCL:GroupLaunch,25402404955,1115064,25101811376,12099,StartEnd,2949,2949,1,1,0,2980,2978,:2978:2980
NCCL:API Group,25403532274,1107960,25101855299,14429,StartEnd,2949,2949,1,0,1,2982,,:2982
NCCL:GroupLaunch,25403532274,1107960,25101856299,13344,StartEnd,2949,2949,1,1,0,2984,2982,:2982:2984
NCCL:API Group,25404652810,1109207,25101900237,13455,StartEnd,2949,2949,1,0,1,2986,,:2986
NCCL:GroupLaunch,25404652810,1109207,25101901368,11785,StartEnd,2949,2949,1,1,0,2988,2986,:2986:2988
NCCL:API Group,25405773985,4396189,25101946124,14810,StartEnd,2949,2949,1,0,1,2990,,:2990
NCCL:GroupLaunch,25405773985,4396189,25101947412,13402,StartEnd,2949,2949,1,1,0,2992,2990,:2990:2992
NCCL:API Group,25410211870,4378589,25101992097,14403,StartEnd,2949,2949,1,0,1,2994,,:2994
NCCL:GroupLaunch,25410211870,4378589,25101993051,13328,StartEnd,2949,2949,1,1,0,2996,2994,:2994:2996
NCCL:API Group,25414631323,4368893,25102040762,15263,StartEnd,2949,2949,1,0,1,2998,,:2998
NCCL:GroupLaunch,25414631323,4368893,25102041855,14083,StartEnd,2949,2949,1,1,0,3000,2998,:2998:3000
NCCL:API Group,25419040920,11072,25102087514,13286,StartEnd,2949,2949,1,0,1,3002,,:3002
NCCL:GroupLaunch,25419040920,11072,25102088465,12039,StartEnd,2949,2949,1,1,0,3004,3002,:3002:3004
NCCL:API Group,25419055192,10848,25102132342,17330,StartEnd,2949,2949,1,0,1,3006,,:3006
NCCL:GroupLaunch,25419055192,10848,25102133255,16205,StartEnd,2949,2949,1,1,0,3008,3006,:3006:3008
NCCL:API Group,25419069432,1107991,25102185869,13157,StartEnd,2949,2949,1,0,1,3010,,:3010
NCCL:GroupLaunch,25419069432,1107991,25102186860,12078,StartEnd,2949,2949,1,1,0,3012,3010,:3010:3012
NCCL:API Group,25420190543,1113943,25102231314,13612,StartEnd,2949,2949,1,0,1,3014,,:3014
NCCL:GroupLaunch,25420190543,1113943,25102232477,12362,StartEnd,2949,2949,1,1,0,3016,3014,:3014:3016
NCCL:API Group,25421317254,1108727,25102277305,15799,StartEnd,2949,2949,1,0,1,3018,,:3018
NCCL:GroupLaunch,25421317254,1108727,25102278161,14443,StartEnd,2949,2949,1,1,0,3020,3018,:3018:3020
NCCL:API Group,25422438429,1106999,25102324823,12760,StartEnd,2949,2949,1,0,1,3022,,:3022
NCCL:GroupLaunch,25422438429,1106999,25102325820,11642,StartEnd,2949,2949,1,1,0,3024,3022,:3022:3024
NCCL:API Group,25423556532,4380189,25102370163,13651,StartEnd,2949,2949,1,0,1,3026,,:3026
NCCL:GroupLaunch,25423556532,4380189,25102371656,12041,StartEnd,2949,2949,1,1,0,3028,3026,:3026:3028
NCCL:API Group,25427980081,4387421,25102416767,14138,StartEnd,2949,2949,1,0,1,3030,,:3030
NCCL:GroupLaunch,25427980081,4387421,25102417982,12830,StartEnd,2949,2949,1,1,0,3032,3030,:3030:3032
NCCL:API Group,25432409166,4400029,25102461866,13177,StartEnd,2949,2949,1,0,1,3034,,:3034
NCCL:GroupLaunch,25432409166,4400029,25102463022,11932,StartEnd,2949,2949,1,1,0,3036,3034,:3034:3036
NCCL:API Group,25436849067,11264,25102505427,13441,StartEnd,2949,2949,1,0,1,3038,,:3038
NCCL:GroupLaunch,25436849067,11264,25102506318,12243,StartEnd,2949,2949,1,1,0,3040,3038,:3038:3040
NCCL:API Group,25436863339,9600,25102554213,14311,StartEnd,2949,2949,1,0,1,3042,,:3042
NCCL:GroupLaunch,25436863339,9600,25102556570,11837,StartEnd,2949,2949,1,1,0,3044,3042,:3042:3044
NCCL:API Group,25436877579,1113239,25102601680,14419,StartEnd,2949,2949,1,0,1,3046,,:3046
NCCL:GroupLaunch,25436877579,1113239,25102602791,13223,StartEnd,2949,2949,1,1,0,3048,3046,:3046:3048
NCCL:API Group,25438002178,1115063,25102647497,13754,StartEnd,2949,2949,1,0,1,3050,,:3050
NCCL:GroupLaunch,25438002178,1115063,25102648919,12215,StartEnd,2949,2949,1,1,0,3052,3050,:3050:3052
NCCL:API Group,25439131545,1112055,25102695463,13301,StartEnd,2949,2949,1,0,1,3054,,:3054
NCCL:GroupLaunch,25439131545,1112055,25102696354,12325,StartEnd,2949,2949,1,1,0,3056,3054,:3054:3056
NCCL:API Group,25440255792,1109783,25102740833,13186,StartEnd,2949,2949,1,0,1,3058,,:3058
NCCL:GroupLaunch,25440255792,1109783,25102741762,12033,StartEnd,2949,2949,1,1,0,3060,3058,:3058:3060
NCCL:API Group,25441376967,4388669,25102786237,12925,StartEnd,2949,2949,1,0,1,3062,,:3062
NCCL:GroupLaunch,25441376967,4388669,25102787162,11912,StartEnd,2949,2949,1,1,0,3064,3062,:3062:3064
NCCL:API Group,25445807076,4390301,25102830960,12710,StartEnd,2949,2949,1,0,1,3066,,:3066
NCCL:GroupLaunch,25445807076,4390301,25102831923,11656,StartEnd,2949,2949,1,1,0,3068,3066,:3066:3068
NCCL:API Group,25450238785,4375869,25102874044,13529,StartEnd,2949,2949,1,0,1,3070,,:3070
NCCL:GroupLaunch,25450238785,4375869,25102874953,12525,StartEnd,2949,2949,1,1,0,3072,3070,:3070:3072
NCCL:API Group,25454656190,11360,25102919916,37709,StartEnd,2949,2949,1,0,1,3074,,:3074
NCCL:GroupLaunch,25454656190,11360,25102920833,36483,StartEnd,2949,2949,1,1,0,3076,3074,:3074:3076
NCCL:API Group,25454670462,9824,25102993194,13062,StartEnd,2949,2949,1,0,1,3078,,:3078
NCCL:GroupLaunch,25454670462,9824,25102994208,11933,StartEnd,2949,2949,1,1,0,3080,3078,:3078:3080
NCCL:API Group,25454685150,1106807,25103040252,15359,StartEnd,2949,2949,1,0,1,3082,,:3082
NCCL:GroupLaunch,25454685150,1106807,25103041833,13687,StartEnd,2949,2949,1,1,0,3084,3082,:3082:3084
NCCL:API Group,25455806229,1117815,25103089129,16161,StartEnd,2949,2949,1,0,1,3086,,:3086
NCCL:GroupLaunch,25455806229,1117815,25103090911,14295,StartEnd,2949,2949,1,1,0,3088,3086,:3086:3088
NCCL:API Group,25456938668,1109303,25103138543,14867,StartEnd,2949,2949,1,0,1,3090,,:3090
NCCL:GroupLaunch,25456938668,1109303,25103139720,13227,StartEnd,2949,2949,1,1,0,3092,3090,:3090:3092
NCCL:API Group,25458059843,1113655,25103185558,13233,StartEnd,2949,2949,1,0,1,3094,,:3094
NCCL:GroupLaunch,25458059843,1113655,25103186518,12019,StartEnd,2949,2949,1,1,0,3096,3094,:3094:3096
NCCL:API Group,25459188570,4366174,25103231492,14167,StartEnd,2949,2949,1,0,1,3098,,:3098
NCCL:GroupLaunch,25459188570,4366174,25103232674,12892,StartEnd,2949,2949,1,1,0,3100,3098,:3098:3100
NCCL:API Group,25463597783,4386878,25103277332,13619,StartEnd,2949,2949,1,0,1,3102,,:3102
NCCL:GroupLaunch,25463597783,4386878,25103278825,12010,StartEnd,2949,2949,1,1,0,3104,3102,:3102:3104
NCCL:API Group,25468024404,4383998,25103323677,15077,StartEnd,2949,2949,1,0,1,3106,,:3106
NCCL:GroupLaunch,25468024404,4383998,25103324561,14103,StartEnd,2949,2949,1,1,0,3108,3106,:3106:3108
NCCL:API Group,25472450001,12192,25103370607,14211,StartEnd,2949,2949,1,0,1,3110,,:3110
NCCL:GroupLaunch,25472450001,12192,25103371500,13112,StartEnd,2949,2949,1,1,0,3112,3110,:3110:3112
NCCL:API Group,25472466737,9696,25103417076,13033,StartEnd,2949,2949,1,0,1,3114,,:3114
NCCL:GroupLaunch,25472466737,9696,25103418016,12007,StartEnd,2949,2949,1,1,0,3116,3114,:3114:3116
NCCL:API Group,25472480977,1115511,25103462265,12334,StartEnd,2949,2949,1,0,1,3118,,:3118
NCCL:GroupLaunch,25472480977,1115511,25103463268,11248,StartEnd,2949,2949,1,1,0,3120,3118,:3118:3120
NCCL:API Group,25473609256,1113239,25103505609,14220,StartEnd,2949,2949,1,0,1,3122,,:3122
NCCL:GroupLaunch,25473609256,1113239,25103506612,13093,StartEnd,2949,2949,1,1,0,3124,3122,:3122:3124
NCCL:API Group,25474736543,1128279,25103550364,18496,StartEnd,2949,2949,1,0,1,3126,,:3126
NCCL:GroupLaunch,25474736543,1128279,25103551270,17308,StartEnd,2949,2949,1,1,0,3128,3126,:3126:3128
NCCL:API Group,25475877590,1112311,25103600752,12897,StartEnd,2949,2949,1,0,1,3130,,:3130
NCCL:GroupLaunch,25475877590,1112311,25103601671,11889,StartEnd,2949,2949,1,1,0,3132,3130,:3130:3132
NCCL:API Group,25477002861,4381054,25103645194,15280,StartEnd,2949,2949,1,0,1,3134,,:3134
NCCL:GroupLaunch,25477002861,4381054,25103646503,13881,StartEnd,2949,2949,1,1,0,3136,3134,:3134:3136
NCCL:API Group,25481424362,4380734,25103692928,13480,StartEnd,2949,2949,1,0,1,3138,,:3138
NCCL:GroupLaunch,25481424362,4380734,25103694469,11852,StartEnd,2949,2949,1,1,0,3140,3138,:3138:3140
NCCL:API Group,25485847911,4401885,25103737419,14290,StartEnd,2949,2949,1,0,1,3142,,:3142
NCCL:GroupLaunch,25485847911,4401885,25103739808,11818,StartEnd,2949,2949,1,1,0,3144,3142,:3142:3144
NCCL:API Group,25490290276,10336,25103783868,15965,StartEnd,2949,2949,1,0,1,3146,,:3146
NCCL:GroupLaunch,25490290276,10336,25103784707,14785,StartEnd,2949,2949,1,1,0,3148,3146,:3146:3148
NCCL:API Group,25490304548,9760,25103831636,13367,StartEnd,2949,2949,1,0,1,3150,,:3150
NCCL:GroupLaunch,25490304548,9760,25103832829,12086,StartEnd,2949,2949,1,1,0,3152,3150,:3150:3152
NCCL:API Group,25490318820,1113815,25103878110,13353,StartEnd,2949,2949,1,0,1,3154,,:3154
NCCL:GroupLaunch,25490318820,1113815,25103880120,11255,StartEnd,2949,2949,1,1,0,3156,3154,:3154:3156
NCCL:API Group,25491444027,1108791,25103923481,14281,StartEnd,2949,2949,1,0,1,3158,,:3158
NCCL:GroupLaunch,25491444027,1108791,25103924427,13222,StartEnd,2949,2949,1,1,0,3160,3158,:3158:3160
NCCL:API Group,25492564562,1113207,25103970092,14187,StartEnd,2949,2949,1,0,1,3162,,:3162
NCCL:GroupLaunch,25492564562,1113207,25103971008,12872,StartEnd,2949,2949,1,1,0,3164,3162,:3162:3164
NCCL:API Group,25493689833,1106840,25104016765,12493,StartEnd,2949,2949,1,0,1,3166,,:3166
NCCL:GroupLaunch,25493689833,1106840,25104017736,11437,StartEnd,2949,2949,1,1,0,3168,3166,:3166:3168
NCCL:API Group,25494807936,4374750,25104063889,13973,StartEnd,2949,2949,1,0,1,3170,,:3170
NCCL:GroupLaunch,25494807936,4374750,25104065278,12495,StartEnd,2949,2949,1,1,0,3172,3170,:3170:3172
NCCL:API Group,25499223294,4377789,25104109681,14791,StartEnd,2949,2949,1,0,1,3174,,:3174
NCCL:GroupLaunch,25499223294,4377789,25104110675,13698,StartEnd,2949,2949,1,1,0,3176,3174,:3174:3176
NCCL:API Group,25503642139,4382589,25104156701,13471,StartEnd,2949,2949,1,0,1,3178,,:3178
NCCL:GroupLaunch,25503642139,4382589,25104157589,12411,StartEnd,2949,2949,1,1,0,3180,3178,:3178:3180
NCCL:API Group,25508065656,11391,25104201823,13377,StartEnd,2949,2949,1,0,1,3182,,:3182
NCCL:GroupLaunch,25508065656,11391,25104202679,12234,StartEnd,2949,2949,1,1,0,3184,3182,:3182:3184
NCCL:API Group,25508081975,9664,25104247011,12985,StartEnd,2949,2949,1,0,1,3186,,:3186
NCCL:GroupLaunch,25508081975,9664,25104247943,11934,StartEnd,2949,2949,1,1,0,3188,3186,:3186:3188
NCCL:API Group,25508096215,1108504,25104293848,13270,StartEnd,2949,2949,1,0,1,3190,,:3190
NCCL:GroupLaunch,25508096215,1108504,25104294868,12127,StartEnd,2949,2949,1,1,0,3192,3190,:3190:3192
NCCL:API Group,25509216750,1111384,25104338413,15683,StartEnd,2949,2949,1,0,1,3194,,:3194
NCCL:GroupLaunch,25509216750,1111384,25104339311,14664,StartEnd,2949,2949,1,1,0,3196,3194,:3194:3196
NCCL:API Group,25510341990,1106551,25104385897,12999,StartEnd,2949,2949,1,0,1,3198,,:3198
NCCL:GroupLaunch,25510341990,1106551,25104386788,11839,StartEnd,2949,2949,1,1,0,3200,3198,:3198:3200
NCCL:API Group,25511460093,1112343,25104433970,13644,StartEnd,2949,2949,1,0,1,3202,,:3202
NCCL:GroupLaunch,25511460093,1112343,25104434857,12638,StartEnd,2949,2949,1,1,0,3204,3202,:3202:3204
NCCL:API Group,25512585364,4373757,25104483924,14033,StartEnd,2949,2949,1,0,1,3206,,:3206
NCCL:GroupLaunch,25512585364,4373757,25104485341,12521,StartEnd,2949,2949,1,1,0,3208,3206,:3206:3208
NCCL:API Group,25516997009,4389213,25104529678,17134,StartEnd,2949,2949,1,0,1,3210,,:3210
NCCL:GroupLaunch,25516997009,4389213,25104532596,14121,StartEnd,2949,2949,1,1,0,3212,3210,:3210:3212
NCCL:API Group,25521426702,4398877,25104578435,12957,StartEnd,2949,2949,1,0,1,3214,,:3214
NCCL:GroupLaunch,25521426702,4398877,25104579307,11996,StartEnd,2949,2949,1,1,0,3216,3214,:3214:3216
NCCL:API Group,25525866635,10944,25104623464,12648,StartEnd,2949,2949,1,0,1,3218,,:3218
NCCL:GroupLaunch,25525866635,10944,25104624326,11643,StartEnd,2949,2949,1,1,0,3220,3218,:3218:3220
NCCL:API Group,25525880907,9696,25104667721,12953,StartEnd,2949,2949,1,0,1,3222,,:3222
NCCL:GroupLaunch,25525880907,9696,25104668673,11880,StartEnd,2949,2949,1,1,0,3224,3222,:3222:3224
NCCL:API Group,25525895563,1111095,25104713385,12950,StartEnd,2949,2949,1,0,1,3226,,:3226
NCCL:GroupLaunch,25525895563,1111095,25104714540,11678,StartEnd,2949,2949,1,1,0,3228,3226,:3226:3228
NCCL:API Group,25527018722,1111287,25104758564,13084,StartEnd,2949,2949,1,0,1,3230,,:3230
NCCL:GroupLaunch,25527018722,1111287,25104759431,12137,StartEnd,2949,2949,1,1,0,3232,3230,:3230:3232
NCCL:API Group,25528144985,1114935,25104804331,13040,StartEnd,2949,2949,1,0,1,3234,,:3234
NCCL:GroupLaunch,25528144985,1114935,25104805211,11834,StartEnd,2949,2949,1,1,0,3236,3234,:3234:3236
NCCL:API Group,25529272336,1111863,25104849160,13205,StartEnd,2949,2949,1,0,1,3238,,:3238
NCCL:GroupLaunch,25529272336,1111863,25104850275,12001,StartEnd,2949,2949,1,1,0,3240,3238,:3238:3240
NCCL:API Group,25530396967,4398205,25104896644,28855,StartEnd,2949,2949,1,0,1,3242,,:3242
NCCL:GroupLaunch,25530396967,4398205,25104897825,27585,StartEnd,2949,2949,1,1,0,3244,3242,:3242:3244
NCCL:API Group,25534838948,4425725,25104957903,13828,StartEnd,2949,2949,1,0,1,3246,,:3246
NCCL:GroupLaunch,25534838948,4425725,25104958885,12766,StartEnd,2949,2949,1,1,0,3248,3246,:3246:3248
NCCL:API Group,25539302432,4391070,25105002768,13720,StartEnd,2949,2949,1,0,1,3250,,:3250
NCCL:GroupLaunch,25539302432,4391070,25105003617,12492,StartEnd,2949,2949,1,1,0,3252,3250,:3250:3252
NCCL:API Group,25543736221,9856,25105049801,13195,StartEnd,2949,2949,1,0,1,3254,,:3254
NCCL:GroupLaunch,25543736221,9856,25105050721,12161,StartEnd,2949,2949,1,1,0,3256,3254,:3254:3256
NCCL:API Group,25543750909,9408,25105095043,12696,StartEnd,2949,2949,1,0,1,3258,,:3258
NCCL:GroupLaunch,25543750909,9408,25105096059,11557,StartEnd,2949,2949,1,1,0,3260,3258,:3258:3260
NCCL:API Group,25543765117,1113719,25105150311,13690,StartEnd,2949,2949,1,0,1,3262,,:3262
NCCL:GroupLaunch,25543765117,1113719,25105151439,12471,StartEnd,2949,2949,1,1,0,3264,3262,:3262:3264
NCCL:API Group,25544891380,1109079,25105201493,13646,StartEnd,2949,2949,1,0,1,3266,,:3266
NCCL:GroupLaunch,25544891380,1109079,25105202401,12645,StartEnd,2949,2949,1,1,0,3268,3266,:3266:3268
NCCL:API Group,25546012587,1112440,25105247333,13312,StartEnd,2949,2949,1,0,1,3270,,:3270
NCCL:GroupLaunch,25546012587,1112440,25105248247,12174,StartEnd,2949,2949,1,1,0,3272,3270,:3270:3272
NCCL:API Group,25547137186,1107288,25105293110,15208,StartEnd,2949,2949,1,0,1,3274,,:3274
NCCL:GroupLaunch,25547137186,1107288,25105294364,13830,StartEnd,2949,2949,1,1,0,3276,3274,:3274:3276
NCCL:API Group,25548256314,4378973,25105342300,14801,StartEnd,2949,2949,1,0,1,3278,,:3278
NCCL:GroupLaunch,25548256314,4378973,25105344853,12135,StartEnd,2949,2949,1,1,0,3280,3278,:3278:3280
NCCL:API Group,25552673719,4385245,25105388505,13750,StartEnd,2949,2949,1,0,1,3282,,:3282
NCCL:GroupLaunch,25552673719,4385245,25105389429,12734,StartEnd,2949,2949,1,1,0,3284,3282,:3282:3284
NCCL:API Group,25557101364,4397405,25105432875,12913,StartEnd,2949,2949,1,0,1,3286,,:3286
NCCL:GroupLaunch,25557101364,4397405,25105433731,11649,StartEnd,2949,2949,1,1,0,3288,3286,:3286:3288
NCCL:API Group,25561539633,10847,25105478941,12113,StartEnd,2949,2949,1,0,1,3290,,:3290
NCCL:GroupLaunch,25561539633,10847,25105479823,11143,StartEnd,2949,2949,1,1,0,3292,3290,:3290:3292
NCCL:API Group,25561553904,9888,25105522123,13165,StartEnd,2949,2949,1,0,1,3294,,:3294
NCCL:GroupLaunch,25561553904,9888,25105523342,11853,StartEnd,2949,2949,1,1,0,3296,3294,:3294:3296
NCCL:API Group,25561568144,1112376,25105636446,14552,StartEnd,2949,2949,1,0,1,3298,,:3298
NCCL:GroupLaunch,25561568144,1112376,25105637924,12984,StartEnd,2949,2949,1,1,0,3300,3298,:3298:3300
NCCL:API Group,25562695431,1111000,25105685115,14614,StartEnd,2949,2949,1,0,1,3302,,:3302
NCCL:GroupLaunch,25562695431,1111000,25105686116,13360,StartEnd,2949,2949,1,1,0,3304,3302,:3302:3304
NCCL:API Group,25563821086,1113784,25105732091,17097,StartEnd,2949,2949,1,0,1,3306,,:3306
NCCL:GroupLaunch,25563821086,1113784,25105733035,15857,StartEnd,2949,2949,1,1,0,3308,3306,:3306:3308
NCCL:API Group,25564947350,1111511,25105781276,15550,StartEnd,2949,2949,1,0,1,3310,,:3310
NCCL:GroupLaunch,25564947350,1111511,25105782487,14220,StartEnd,2949,2949,1,1,0,3312,3310,:3310:3312
NCCL:API Group,25566071629,4379197,25105832029,13708,StartEnd,2949,2949,1,0,1,3314,,:3314
NCCL:GroupLaunch,25566071629,4379197,25105833646,12001,StartEnd,2949,2949,1,1,0,3316,3314,:3314:3316
NCCL:API Group,25570491082,4383261,25105876799,13844,StartEnd,2949,2949,1,0,1,3318,,:3318
NCCL:GroupLaunch,25570491082,4383261,25105877731,12795,StartEnd,2949,2949,1,1,0,3320,3318,:3318:3320
NCCL:API Group,25574913991,4380061,25105922088,15616,StartEnd,2949,2949,1,0,1,3322,,:3322
NCCL:GroupLaunch,25574913991,4380061,25105922966,14648,StartEnd,2949,2949,1,1,0,3324,3322,:3322:3324
NCCL:API Group,25579335492,11200,25105970125,12983,StartEnd,2949,2949,1,0,1,3326,,:3326
NCCL:GroupLaunch,25579335492,11200,25105971072,11947,StartEnd,2949,2949,1,1,0,3328,3326,:3326:3328
NCCL:API Group,25579349764,9600,25106015369,14159,StartEnd,2949,2949,1,0,1,3330,,:3330
NCCL:GroupLaunch,25579349764,9600,25106017556,11861,StartEnd,2949,2949,1,1,0,3332,3330,:3330:3332
NCCL:API Group,25579364004,1112471,25106062643,14889,StartEnd,2949,2949,1,0,1,3334,,:3334
NCCL:GroupLaunch,25579364004,1112471,25106063710,13738,StartEnd,2949,2949,1,1,0,3336,3334,:3334:3336
NCCL:API Group,25580489627,1108247,25106109861,16040,StartEnd,2949,2949,1,0,1,3338,,:3338
NCCL:GroupLaunch,25580489627,1108247,25106110811,14708,StartEnd,2949,2949,1,1,0,3340,3338,:3338:3340
NCCL:API Group,25581609810,1111415,25106158362,12692,StartEnd,2949,2949,1,0,1,3342,,:3342
NCCL:GroupLaunch,25581609810,1111415,25106159293,11675,StartEnd,2949,2949,1,1,0,3344,3342,:3342:3344
NCCL:API Group,25582734025,1112311,25106202140,15816,StartEnd,2949,2949,1,0,1,3346,,:3346
NCCL:GroupLaunch,25582734025,1112311,25106203389,14468,StartEnd,2949,2949,1,1,0,3348,3346,:3346:3348
NCCL:API Group,25583859296,4381501,25106249888,12382,StartEnd,2949,2949,1,0,1,3350,,:3350
NCCL:GroupLaunch,25583859296,4381501,25106250932,11254,StartEnd,2949,2949,1,1,0,3352,3350,:3350:3352
NCCL:API Group,25588281181,4384861,25106292434,13092,StartEnd,2949,2949,1,0,1,3354,,:3354
NCCL:GroupLaunch,25588281181,4384861,25106293307,12101,StartEnd,2949,2949,1,1,0,3356,3354,:3354:3356
NCCL:API Group,25592706778,4376317,25106336510,13935,StartEnd,2949,2949,1,0,1,3358,,:3358
NCCL:GroupLaunch,25592706778,4376317,25106337423,12807,StartEnd,2949,2949,1,1,0,3360,3358,:3358:3360
NCCL:API Group,25597124183,11424,25106382950,13966,StartEnd,2949,2949,1,0,1,3362,,:3362
NCCL:GroupLaunch,25597124183,11424,25106384003,12823,StartEnd,2949,2949,1,1,0,3364,3362,:3362:3364
NCCL:API Group,25597138455,9888,25106428059,13079,StartEnd,2949,2949,1,0,1,3366,,:3366
NCCL:GroupLaunch,25597138455,9888,25106429061,11993,StartEnd,2949,2949,1,1,0,3368,3366,:3366:3368
NCCL:API Group,25597153111,1109559,25106473629,14179,StartEnd,2949,2949,1,0,1,3370,,:3370
NCCL:GroupLaunch,25597153111,1109559,25106474549,13137,StartEnd,2949,2949,1,1,0,3372,3370,:3370:3372
NCCL:API Group,25598274254,1119415,25106519614,14005,StartEnd,2949,2949,1,0,1,3374,,:3374
NCCL:GroupLaunch,25598274254,1119415,25106520575,12961,StartEnd,2949,2949,1,1,0,3376,3374,:3374:3376
NCCL:API Group,25599406661,1112343,25106564233,12950,StartEnd,2949,2949,1,0,1,3378,,:3378
NCCL:GroupLaunch,25599406661,1112343,25106565168,11895,StartEnd,2949,2949,1,1,0,3380,3378,:3378:3380
NCCL:API Group,25600533948,1105431,25106608392,15338,StartEnd,2949,2949,1,0,1,3382,,:3382
NCCL:GroupLaunch,25600533948,1105431,25106611064,12580,StartEnd,2949,2949,1,1,0,3384,3382,:3382:3384
NCCL:API Group,25601652467,4380638,25106656230,12537,StartEnd,2949,2949,1,0,1,3386,,:3386
NCCL:GroupLaunch,25601652467,4380638,25106657209,11467,StartEnd,2949,2949,1,1,0,3388,3386,:3386:3388
NCCL:API Group,25606073968,4356606,25106699317,14125,StartEnd,2949,2949,1,0,1,3390,,:3390
NCCL:GroupLaunch,25606073968,4356606,25106700247,12997,StartEnd,2949,2949,1,1,0,3392,3390,:3390:3392
NCCL:API Group,25610468845,4387326,25106745735,14514,StartEnd,2949,2949,1,0,1,3394,,:3394
NCCL:GroupLaunch,25610468845,4387326,25106746678,13230,StartEnd,2949,2949,1,1,0,3396,3394,:3394:3396
NCCL:API Group,25614899562,11712,25106792490,12891,StartEnd,2949,2949,1,0,1,3398,,:3398
NCCL:GroupLaunch,25614899562,11712,25106793582,11682,StartEnd,2949,2949,1,1,0,3400,3398,:3398:3400
NCCL:API Group,25614916298,9664,25106835968,16615,StartEnd,2949,2949,1,0,1,3402,,:3402
NCCL:GroupLaunch,25614916298,9664,25106837646,14812,StartEnd,2949,2949,1,1,0,3404,3402,:3402:3404
NCCL:API Group,25614930538,1113783,25106885189,14900,StartEnd,2949,2949,1,0,1,3406,,:3406
NCCL:GroupLaunch,25614930538,1113783,25106886101,13903,StartEnd,2949,2949,1,1,0,3408,3406,:3406:3408
NCCL:API Group,25616058785,1106104,25106931344,13593,StartEnd,2949,2949,1,0,1,3410,,:3410
NCCL:GroupLaunch,25616058785,1106104,25106932228,12340,StartEnd,2949,2949,1,1,0,3412,3410,:3410:3412
NCCL:API Group,25617177944,1112568,25106975797,14575,StartEnd,2949,2949,1,0,1,3414,,:3414
NCCL:GroupLaunch,25617177944,1112568,25106976892,13369,StartEnd,2949,2949,1,1,0,3416,3414,:3414:3416
NCCL:API Group,25618302576,1106583,25107022059,12991,StartEnd,2949,2949,1,0,1,3418,,:3418
NCCL:GroupLaunch,25618302576,1106583,25107023071,11859,StartEnd,2949,2949,1,1,0,3420,3418,:3418:3420
NCCL:API Group,25619423751,4382397,25107067019,12449,StartEnd,2949,2949,1,0,1,3422,,:3422
NCCL:GroupLaunch,25619423751,4382397,25107067984,11400,StartEnd,2949,2949,1,1,0,3424,3422,:3422:3424
NCCL:API Group,25623849348,4394109,25107111374,14135,StartEnd,2949,2949,1,0,1,3426,,:3426
NCCL:GroupLaunch,25623849348,4394109,25107112267,12883,StartEnd,2949,2949,1,1,0,3428,3426,:3426:3428
NCCL:API Group,25628283137,4392413,25107157233,12656,StartEnd,2949,2949,1,0,1,3430,,:3430
NCCL:GroupLaunch,25628283137,4392413,25107158150,11657,StartEnd,2949,2949,1,1,0,3432,3430,:3430:3432
NCCL:API Group,25632715294,11935,25107201113,11941,StartEnd,2949,2949,1,0,1,3434,,:3434
NCCL:GroupLaunch,25632715294,11935,25107201951,11016,StartEnd,2949,2949,1,1,0,3436,3434,:3434:3436
NCCL:API Group,25632731581,9728,25107243108,12737,StartEnd,2949,2949,1,0,1,3438,,:3438
NCCL:GroupLaunch,25632731581,9728,25107244170,11590,StartEnd,2949,2949,1,1,0,3440,3438,:3438:3440
NCCL:API Group,25632745821,1116471,25107289955,14184,StartEnd,2949,2949,1,0,1,3442,,:3442
NCCL:GroupLaunch,25632745821,1116471,25107290920,13129,StartEnd,2949,2949,1,1,0,3444,3442,:3442:3444
NCCL:API Group,25633875188,1119959,25107337299,13604,StartEnd,2949,2949,1,0,1,3446,,:3446
NCCL:GroupLaunch,25633875188,1119959,25107338228,12442,StartEnd,2949,2949,1,1,0,3448,3446,:3446:3448
NCCL:API Group,25635010027,1112152,25107382116,14836,StartEnd,2949,2949,1,0,1,3450,,:3450
NCCL:GroupLaunch,25635010027,1112152,25107385071,11792,StartEnd,2949,2949,1,1,0,3452,3450,:3450:3452
NCCL:API Group,25636135298,1104568,25107429244,13357,StartEnd,2949,2949,1,0,1,3454,,:3454
NCCL:GroupLaunch,25636135298,1104568,25107430771,11713,StartEnd,2949,2949,1,1,0,3456,3454,:3454:3456
NCCL:API Group,25637251354,4372157,25107477123,13867,StartEnd,2949,2949,1,0,1,3458,,:3458
NCCL:GroupLaunch,25637251354,4372157,25107478491,12407,StartEnd,2949,2949,1,1,0,3460,3458,:3458:3460
NCCL:API Group,25641664663,4387805,25107521991,13762,StartEnd,2949,2949,1,0,1,3462,,:3462
NCCL:GroupLaunch,25641664663,4387805,25107523228,12295,StartEnd,2949,2949,1,1,0,3464,3462,:3462:3464
NCCL:API Group,25646092724,4375805,25107567949,14133,StartEnd,2949,2949,1,0,1,3466,,:3466
NCCL:GroupLaunch,25646092724,4375805,25107568895,13068,StartEnd,2949,2949,1,1,0,3468,3466,:3466:3468
NCCL:API Group,25650509073,11264,25107614205,12840,StartEnd,2949,2949,1,0,1,3470,,:3470
NCCL:GroupLaunch,25650509073,11264,25107615443,11487,StartEnd,2949,2949,1,1,0,3472,3470,:3470:3472
NCCL:API Group,25650523345,9568,25107657546,12661,StartEnd,2949,2949,1,0,1,3474,,:3474
NCCL:GroupLaunch,25650523345,9568,25107658752,11363,StartEnd,2949,2949,1,1,0,3476,3474,:3474:3476
NCCL:API Group,25650537585,1111863,25107703957,12909,StartEnd,2949,2949,1,0,1,3478,,:3478
NCCL:GroupLaunch,25650537585,1111863,25107704963,11816,StartEnd,2949,2949,1,1,0,3480,3478,:3478:3480
NCCL:API Group,25651664232,1110295,25107748343,15724,StartEnd,2949,2949,1,0,1,3482,,:3482
NCCL:GroupLaunch,25651664232,1110295,25107751316,12658,StartEnd,2949,2949,1,1,0,3484,3482,:3482:3484
NCCL:API Group,25652787455,1110647,25107795845,12441,StartEnd,2949,2949,1,0,1,3486,,:3486
NCCL:GroupLaunch,25652787455,1110647,25107796801,11370,StartEnd,2949,2949,1,1,0,3488,3486,:3486:3488
NCCL:API Group,25653909654,1114071,25107842256,13952,StartEnd,2949,2949,1,0,1,3490,,:3490
NCCL:GroupLaunch,25653909654,1114071,25107844024,12059,StartEnd,2949,2949,1,1,0,3492,3490,:3490:3492
NCCL:API Group,25655036973,4380285,25107889632,13743,StartEnd,2949,2949,1,0,1,3494,,:3494
NCCL:GroupLaunch,25655036973,4380285,25107890946,12347,StartEnd,2949,2949,1,1,0,3496,3494,:3494:3496
NCCL:API Group,25659458858,4402365,25107934304,14075,StartEnd,2949,2949,1,0,1,3498,,:3498
NCCL:GroupLaunch,25659458858,4402365,25107935269,12719,StartEnd,2949,2949,1,1,0,3500,3498,:3498:3500
NCCL:API Group,25663902887,4378045,25107980818,12694,StartEnd,2949,2949,1,0,1,3502,,:3502
NCCL:GroupLaunch,25663902887,4378045,25107981725,11707,StartEnd,2949,2949,1,1,0,3504,3502,:3502:3504
NCCL:API Group,25668320292,12544,25108024920,12320,StartEnd,2949,2949,1,0,1,3506,,:3506
NCCL:GroupLaunch,25668320292,12544,25108025891,11262,StartEnd,2949,2949,1,1,0,3508,3506,:3506:3508
NCCL:API Group,25668336612,9760,25108068094,13900,StartEnd,2949,2949,1,0,1,3510,,:3510
NCCL:GroupLaunch,25668336612,9760,25108069068,12810,StartEnd,2949,2949,1,1,0,3512,3510,:3510:3512
NCCL:API Group,25668351268,9568,25108114277,15506,StartEnd,2949,2949,1,0,1,3514,,:3514
NCCL:GroupLaunch,25668351268,9568,25108115187,14496,StartEnd,2949,2949,1,1,0,3516,3514,:3514:3516
NCCL:API Group,25668365475,4280543,25108161859,12722,StartEnd,2949,2949,1,0,1,3518,,:3518
NCCL:GroupLaunch,25668365475,4280543,25108162725,11639,StartEnd,2949,2949,1,1,0,3520,3518,:3518:3520
NCCL:API Group,22488496290,43555259,22468036035,59857810,StartEnd,2950,2950,5,0,1,3524,,:3524
NCCL:GroupLaunch,22488496290,43555259,22468049060,59844059,StartEnd,2950,2950,5,1,0,3526,3524,:3524:3526
NCCL:API Group,22532053469,635196,22528341560,47212,StartEnd,2950,2950,1,0,1,3528,,:3528
NCCL:GroupLaunch,22532053469,635196,22528345753,42463,StartEnd,2950,2950,1,1,0,3530,3528,:3528:3530
NCCL:API Group,22532689369,635324,22528440784,21740,StartEnd,2950,2950,1,0,1,3532,,:3532
NCCL:GroupLaunch,22532689369,635324,22528443362,17651,StartEnd,2950,2950,1,1,0,3534,3532,:3532:3534
NCCL:API Group,22533326260,629948,22528492814,18877,StartEnd,2950,2950,1,0,1,3536,,:3536
NCCL:GroupLaunch,22533326260,629948,22528494346,17099,StartEnd,2950,2950,1,1,0,3538,3536,:3536:3538
NCCL:API Group,22533957072,649404,22528542888,26340,StartEnd,2950,2950,1,0,1,3540,,:3540
NCCL:GroupLaunch,22533957072,649404,22528545918,23192,StartEnd,2950,2950,1,1,0,3542,3540,:3540:3542
NCCL:API Group,22534608332,2503311,22528599997,17084,StartEnd,2950,2950,1,0,1,3544,,:3544
NCCL:GroupLaunch,22534608332,2503311,22528601169,15678,StartEnd,2950,2950,1,1,0,3546,3544,:3544:3546
NCCL:API Group,22537113019,2503183,22528648047,16378,StartEnd,2950,2950,1,0,1,3548,,:3548
NCCL:GroupLaunch,22537113019,2503183,22528649045,15180,StartEnd,2950,2950,1,1,0,3550,3548,:3548:3550
NCCL:API Group,22539618730,2490768,22528695911,15314,StartEnd,2950,2950,1,0,1,3552,,:3552
NCCL:GroupLaunch,22539618730,2490768,22528696865,14124,StartEnd,2950,2950,1,1,0,3554,3552,:3552:3554
NCCL:API Group,22542112153,7040,22528738298,24486,StartEnd,2950,2950,1,0,1,3556,,:3556
NCCL:GroupLaunch,22542112153,7040,22528741485,21139,StartEnd,2950,2950,1,1,0,3558,3556,:3556:3558
NCCL:API Group,22542121113,6912,22528788860,26832,StartEnd,2950,2950,1,0,1,3560,,:3560
NCCL:GroupLaunch,22542121113,6912,22528792904,22557,StartEnd,2950,2950,1,1,0,3562,3560,:3560:3562
NCCL:API Group,22542131225,627804,22528844319,19045,StartEnd,2950,2950,1,0,1,3564,,:3564
NCCL:GroupLaunch,22542131225,627804,22528845442,17709,StartEnd,2950,2950,1,1,0,3566,3564,:3564:3566
NCCL:API Group,22542761877,630172,22528896502,14509,StartEnd,2950,2950,1,0,1,3568,,:3568
NCCL:GroupLaunch,22542761877,630172,22528897497,13401,StartEnd,2950,2950,1,1,0,3570,3568,:3568:3570
NCCL:API Group,22543393585,626588,22528938033,12005,StartEnd,2950,2950,1,0,1,3572,,:3572
NCCL:GroupLaunch,22543393585,626588,22528938830,11094,StartEnd,2950,2950,1,1,0,3574,3572,:3572:3574
NCCL:API Group,22544022189,630491,22528972770,15641,StartEnd,2950,2950,1,0,1,3576,,:3576
NCCL:GroupLaunch,22544022189,630491,22528975495,12812,StartEnd,2950,2950,1,1,0,3578,3576,:3576:3578
NCCL:API Group,22544654920,2489744,22529012150,14799,StartEnd,2950,2950,1,0,1,3580,,:3580
NCCL:GroupLaunch,22544654920,2489744,22529014194,12636,StartEnd,2950,2950,1,1,0,3582,3580,:3580:3582
NCCL:API Group,22547146200,2498287,22529048024,12511,StartEnd,2950,2950,1,0,1,3584,,:3584
NCCL:GroupLaunch,22547146200,2498287,22529048766,11655,StartEnd,2950,2950,1,1,0,3586,3584,:3584:3586
NCCL:API Group,22549646695,2490415,22529082774,11828,StartEnd,2950,2950,1,0,1,3588,,:3588
NCCL:GroupLaunch,22549646695,2490415,22529083542,10943,StartEnd,2950,2950,1,1,0,3590,3588,:3588:3590
NCCL:API Group,22552138806,6304,22529116388,13581,StartEnd,2950,2950,1,0,1,3592,,:3592
NCCL:GroupLaunch,22552138806,6304,22529118945,10909,StartEnd,2950,2950,1,1,0,3594,3592,:3592:3594
NCCL:API Group,22552146902,6464,22529153422,13587,StartEnd,2950,2950,1,0,1,3596,,:3596
NCCL:GroupLaunch,22552146902,6464,22529155843,11045,StartEnd,2950,2950,1,1,0,3598,3596,:3596:3598
NCCL:API Group,22552154998,630428,22529198756,14175,StartEnd,2950,2950,1,0,1,3600,,:3600
NCCL:GroupLaunch,22552154998,630428,22529199646,13173,StartEnd,2950,2950,1,1,0,3602,3600,:3600:3602
NCCL:API Group,22552787698,630204,22529233540,12649,StartEnd,2950,2950,1,0,1,3604,,:3604
NCCL:GroupLaunch,22552787698,630204,22529234367,10839,StartEnd,2950,2950,1,1,0,3606,3604,:3604:3606
NCCL:API Group,22553420430,627355,22529267819,13359,StartEnd,2950,2950,1,0,1,3608,,:3608
NCCL:GroupLaunch,22553420430,627355,22529268614,12450,StartEnd,2950,2950,1,1,0,3610,3608,:3608:3610
NCCL:API Group,22554050057,629948,22529301214,12660,StartEnd,2950,2950,1,0,1,3612,,:3612
NCCL:GroupLaunch,22554050057,629948,22529302992,10774,StartEnd,2950,2950,1,1,0,3614,3612,:3612:3614
NCCL:API Group,22554680741,2490159,22529334841,12514,StartEnd,2950,2950,1,0,1,3616,,:3616
NCCL:GroupLaunch,22554680741,2490159,22529335593,11643,StartEnd,2950,2950,1,1,0,3618,3616,:3616:3618
NCCL:API Group,22557172020,2486960,22529368409,12558,StartEnd,2950,2950,1,0,1,3620,,:3620
NCCL:GroupLaunch,22557172020,2486960,22529369220,11482,StartEnd,2950,2950,1,1,0,3622,3620,:3620:3622
NCCL:API Group,22559662084,2496175,22529403265,14224,StartEnd,2950,2950,1,0,1,3624,,:3624
NCCL:GroupLaunch,22559662084,2496175,22529404207,13166,StartEnd,2950,2950,1,1,0,3626,3624,:3624:3626
NCCL:API Group,22562160531,6688,22529440143,12709,StartEnd,2950,2950,1,0,1,3628,,:3628
NCCL:GroupLaunch,22562160531,6688,22529442060,10676,StartEnd,2950,2950,1,1,0,3630,3628,:3628:3630
NCCL:API Group,22562168595,6528,22529480009,12511,StartEnd,2950,2950,1,0,1,3632,,:3632
NCCL:GroupLaunch,22562168595,6528,22529481853,10572,StartEnd,2950,2950,1,1,0,3634,3632,:3632:3634
NCCL:API Group,22562176691,643163,22529514735,13638,StartEnd,2950,2950,1,0,1,3636,,:3636
NCCL:GroupLaunch,22562176691,643163,22529515561,12694,StartEnd,2950,2950,1,1,0,3638,3636,:3636:3638
NCCL:API Group,22562821678,628348,22529548315,14112,StartEnd,2950,2950,1,0,1,3640,,:3640
NCCL:GroupLaunch,22562821678,628348,22529549099,13210,StartEnd,2950,2950,1,1,0,3642,3640,:3640:3642
NCCL:API Group,22563452362,627580,22529584641,11895,StartEnd,2950,2950,1,0,1,3644,,:3644
NCCL:GroupLaunch,22563452362,627580,22529585367,11051,StartEnd,2950,2950,1,1,0,3646,3644,:3644:3646
NCCL:API Group,22564082022,627580,22529617259,12813,StartEnd,2950,2950,1,0,1,3648,,:3648
NCCL:GroupLaunch,22564082022,627580,22529619219,10751,StartEnd,2950,2950,1,1,0,3650,3648,:3648:3650
NCCL:API Group,22564710658,2511215,22529656789,15035,StartEnd,2950,2950,1,0,1,3652,,:3652
NCCL:GroupLaunch,22564710658,2511215,22529657591,14115,StartEnd,2950,2950,1,1,0,3654,3652,:3652:3654
NCCL:API Group,22567223281,2492559,22529692900,12627,StartEnd,2950,2950,1,0,1,3656,,:3656
NCCL:GroupLaunch,22567223281,2492559,22529693626,11788,StartEnd,2950,2950,1,1,0,3658,3656,:3656:3658
NCCL:API Group,22569718624,2490511,22529727749,36167,StartEnd,2950,2950,1,0,1,3660,,:3660
NCCL:GroupLaunch,22569718624,2490511,22529730306,33511,StartEnd,2950,2950,1,1,0,3662,3660,:3660:3662
NCCL:API Group,22572211919,6816,22529786682,14826,StartEnd,2950,2950,1,0,1,3664,,:3664
NCCL:GroupLaunch,22572211919,6816,22529789390,11998,StartEnd,2950,2950,1,1,0,3666,3664,:3664:3666
NCCL:API Group,22572220047,6144,22529823578,12919,StartEnd,2950,2950,1,0,1,3668,,:3668
NCCL:GroupLaunch,22572220047,6144,22529825377,11002,StartEnd,2950,2950,1,1,0,3670,3668,:3668:3670
NCCL:API Group,22572228111,628732,22529860132,13486,StartEnd,2950,2950,1,0,1,3672,,:3672
NCCL:GroupLaunch,22572228111,628732,22529860965,12167,StartEnd,2950,2950,1,1,0,3674,3672,:3672:3674
NCCL:API Group,22572857739,635868,22529894093,11119,StartEnd,2950,2950,1,0,1,3676,,:3676
NCCL:GroupLaunch,22572857739,635868,22529894884,10236,StartEnd,2950,2950,1,1,0,3678,3676,:3676:3678
NCCL:API Group,22573494567,626332,22529926758,13723,StartEnd,2950,2950,1,0,1,3680,,:3680
NCCL:GroupLaunch,22573494567,626332,22529927911,12452,StartEnd,2950,2950,1,1,0,3682,3680,:3680:3682
NCCL:API Group,22574123202,627612,22529963073,13470,StartEnd,2950,2950,1,0,1,3684,,:3684
NCCL:GroupLaunch,22574123202,627612,22529965070,11359,StartEnd,2950,2950,1,1,0,3686,3684,:3684:3686
NCCL:API Group,22574753694,2490800,22530002426,12982,StartEnd,2950,2950,1,0,1,3688,,:3688
NCCL:GroupLaunch,22574753694,2490800,22530003195,11918,StartEnd,2950,2950,1,1,0,3690,3688,:3688:3690
NCCL:API Group,22577247022,2493263,22530035798,14649,StartEnd,2950,2950,1,0,1,3692,,:3692
NCCL:GroupLaunch,22577247022,2493263,22530036576,12804,StartEnd,2950,2950,1,1,0,3694,3692,:3692:3694
NCCL:API Group,22579742365,2486159,22530074978,11873,StartEnd,2950,2950,1,0,1,3696,,:3696
NCCL:GroupLaunch,22579742365,2486159,22530075814,10919,StartEnd,2950,2950,1,1,0,3698,3696,:3696:3698
NCCL:API Group,22582231628,6656,22530110634,12597,StartEnd,2950,2950,1,0,1,3700,,:3700
NCCL:GroupLaunch,22582231628,6656,22530112473,10641,StartEnd,2950,2950,1,1,0,3702,3700,:3700:3702
NCCL:API Group,22582239692,6464,22530144617,13973,StartEnd,2950,2950,1,0,1,3704,,:3704
NCCL:GroupLaunch,22582239692,6464,22530145347,13129,StartEnd,2950,2950,1,1,0,3706,3704,:3704:3706
NCCL:API Group,22582247756,624956,22530183349,14566,StartEnd,2950,2950,1,0,1,3708,,:3708
NCCL:GroupLaunch,22582247756,624956,22530184132,13663,StartEnd,2950,2950,1,1,0,3710,3708,:3708:3710
NCCL:API Group,22582874344,629307,22530220293,11765,StartEnd,2950,2950,1,0,1,3712,,:3712
NCCL:GroupLaunch,22582874344,629307,22530221137,10824,StartEnd,2950,2950,1,1,0,3714,3712,:3712:3714
NCCL:API Group,22583506051,628892,22530252412,13002,StartEnd,2950,2950,1,0,1,3716,,:3716
NCCL:GroupLaunch,22583506051,628892,22530254510,10794,StartEnd,2950,2950,1,1,0,3718,3716,:3716:3718
NCCL:API Group,22584137567,630428,22530286366,12816,StartEnd,2950,2950,1,0,1,3720,,:3720
NCCL:GroupLaunch,22584137567,630428,22530288218,10845,StartEnd,2950,2950,1,1,0,3722,3720,:3720:3722
NCCL:API Group,22584770267,2486383,22530321594,12722,StartEnd,2950,2950,1,0,1,3724,,:3724
NCCL:GroupLaunch,22584770267,2486383,22530322382,11818,StartEnd,2950,2950,1,1,0,3726,3724,:3724:3726
NCCL:API Group,22587258474,2484912,22530354806,14181,StartEnd,2950,2950,1,0,1,3728,,:3728
NCCL:GroupLaunch,22587258474,2484912,22530357269,10683,StartEnd,2950,2950,1,1,0,3730,3728,:3728:3730
NCCL:API Group,22589745658,2490831,22530388815,11629,StartEnd,2950,2950,1,0,1,3732,,:3732
NCCL:GroupLaunch,22589745658,2490831,22530389575,10751,StartEnd,2950,2950,1,1,0,3734,3732,:3732:3734
NCCL:API Group,22592238985,6656,22530420243,13459,StartEnd,2950,2950,1,0,1,3736,,:3736
NCCL:GroupLaunch,22592238985,6656,22530421872,11712,StartEnd,2950,2950,1,1,0,3738,3736,:3736:3738
NCCL:API Group,22592247049,6752,22530454774,12686,StartEnd,2950,2950,1,0,1,3740,,:3740
NCCL:GroupLaunch,22592247049,6752,22530455635,11707,StartEnd,2950,2950,1,1,0,3742,3740,:3740:3742
NCCL:API Group,22592255177,626300,22530496604,14260,StartEnd,2950,2950,1,0,1,3744,,:3744
NCCL:GroupLaunch,22592255177,626300,22530497430,13320,StartEnd,2950,2950,1,1,0,3746,3744,:3744:3746
NCCL:API Group,22592883780,628284,22530531471,11719,StartEnd,2950,2950,1,0,1,3748,,:3748
NCCL:GroupLaunch,22592883780,628284,22530532303,10796,StartEnd,2950,2950,1,1,0,3750,3748,:3748:3750
NCCL:API Group,22593514272,628924,22530565125,13703,StartEnd,2950,2950,1,0,1,3752,,:3752
NCCL:GroupLaunch,22593514272,628924,22530566797,11912,StartEnd,2950,2950,1,1,0,3754,3752,:3752:3754
NCCL:API Group,22594144956,648188,22530599195,12985,StartEnd,2950,2950,1,0,1,3756,,:3756
NCCL:GroupLaunch,22594144956,648188,22530600954,11109,StartEnd,2950,2950,1,1,0,3758,3756,:3756:3758
NCCL:API Group,22594796088,2481199,22530634644,14268,StartEnd,2950,2950,1,0,1,3760,,:3760
NCCL:GroupLaunch,22594796088,2481199,22530635404,13404,StartEnd,2950,2950,1,1,0,3762,3760,:3760:3762
NCCL:API Group,22597279175,2503855,22530669049,11408,StartEnd,2950,2950,1,0,1,3764,,:3764
NCCL:GroupLaunch,22597279175,2503855,22530669872,10469,StartEnd,2950,2950,1,1,0,3766,3764,:3764:3766
NCCL:API Group,22599785814,2491887,22530704060,13608,StartEnd,2950,2950,1,0,1,3768,,:3768
NCCL:GroupLaunch,22599785814,2491887,22530704878,12679,StartEnd,2950,2950,1,1,0,3770,3768,:3768:3770
NCCL:API Group,22602279109,6816,22530737483,12992,StartEnd,2950,2950,1,0,1,3772,,:3772
NCCL:GroupLaunch,22602279109,6816,22530739415,10945,StartEnd,2950,2950,1,1,0,3774,3772,:3772:3774
NCCL:API Group,22602287205,7136,22530771412,13860,StartEnd,2950,2950,1,0,1,3776,,:3776
NCCL:GroupLaunch,22602287205,7136,22530772203,12714,StartEnd,2950,2950,1,1,0,3778,3776,:3776:3778
NCCL:API Group,22602295301,627036,22530817811,13310,StartEnd,2950,2950,1,0,1,3780,,:3780
NCCL:GroupLaunch,22602295301,627036,22530818563,12446,StartEnd,2950,2950,1,1,0,3782,3780,:3780:3782
NCCL:API Group,22602924769,629084,22530853306,11574,StartEnd,2950,2950,1,0,1,3784,,:3784
NCCL:GroupLaunch,22602924769,629084,22530854085,10680,StartEnd,2950,2950,1,1,0,3786,3784,:3784:3786
NCCL:API Group,22603555453,624604,22530884947,12627,StartEnd,2950,2950,1,0,1,3788,,:3788
NCCL:GroupLaunch,22603555453,624604,22530886942,10517,StartEnd,2950,2950,1,1,0,3790,3788,:3788:3790
NCCL:API Group,22604183065,628507,22530919028,12358,StartEnd,2950,2950,1,0,1,3792,,:3792
NCCL:GroupLaunch,22604183065,628507,22530920581,10686,StartEnd,2950,2950,1,1,0,3794,3792,:3792:3794
NCCL:API Group,22604813716,2481648,22530953389,17058,StartEnd,2950,2950,1,0,1,3796,,:3796
NCCL:GroupLaunch,22604813716,2481648,22530957673,12656,StartEnd,2950,2950,1,1,0,3798,3796,:3796:3798
NCCL:API Group,22607296772,2492495,22530991328,11458,StartEnd,2950,2950,1,0,1,3800,,:3800
NCCL:GroupLaunch,22607296772,2492495,22530992158,10507,StartEnd,2950,2950,1,1,0,3802,3800,:3800:3802
NCCL:API Group,22609790131,2482159,22531022158,12151,StartEnd,2950,2950,1,0,1,3804,,:3804
NCCL:GroupLaunch,22609790131,2482159,22531023984,10206,StartEnd,2950,2950,1,1,0,3806,3804,:3804:3806
NCCL:API Group,22612273186,6752,22531054580,13524,StartEnd,2950,2950,1,0,1,3808,,:3808
NCCL:GroupLaunch,22612273186,6752,22531056522,11482,StartEnd,2950,2950,1,1,0,3810,3808,:3808:3810
NCCL:API Group,22612281314,6528,22531088726,12199,StartEnd,2950,2950,1,0,1,3812,,:3812
NCCL:GroupLaunch,22612281314,6528,22531089457,11347,StartEnd,2950,2950,1,1,0,3814,3812,:3812:3814
NCCL:API Group,22612290210,628028,22531123260,12548,StartEnd,2950,2950,1,0,1,3816,,:3816
NCCL:GroupLaunch,22612290210,628028,22531124030,10438,StartEnd,2950,2950,1,1,0,3818,3816,:3816:3818
NCCL:API Group,22612919838,632412,22531155303,11299,StartEnd,2950,2950,1,0,1,3820,,:3820
NCCL:GroupLaunch,22612919838,632412,22531156101,10384,StartEnd,2950,2950,1,1,0,3822,3820,:3820:3822
NCCL:API Group,22613554650,626491,22531190089,13546,StartEnd,2950,2950,1,0,1,3824,,:3824
NCCL:GroupLaunch,22613554650,626491,22531191968,11548,StartEnd,2950,2950,1,1,0,3826,3824,:3824:3826
NCCL:API Group,22614183253,627740,22531225831,14768,StartEnd,2950,2950,1,0,1,3828,,:3828
NCCL:GroupLaunch,22614183253,627740,22531226622,13858,StartEnd,2950,2950,1,1,0,3830,3828,:3828:3830
NCCL:API Group,22614812881,2491599,22531262638,14348,StartEnd,2950,2950,1,0,1,3832,,:3832
NCCL:GroupLaunch,22614812881,2491599,22531263456,13413,StartEnd,2950,2950,1,1,0,3834,3832,:3832:3834
NCCL:API Group,22617306208,2493360,22531296783,12733,StartEnd,2950,2950,1,0,1,3836,,:3836
NCCL:GroupLaunch,22617306208,2493360,22531297538,11837,StartEnd,2950,2950,1,1,0,3838,3836,:3836:3838
NCCL:API Group,22619801584,2482447,22531331109,12094,StartEnd,2950,2950,1,0,1,3840,,:3840
NCCL:GroupLaunch,22619801584,2482447,22531332840,10249,StartEnd,2950,2950,1,1,0,3842,3840,:3840:3842
NCCL:API Group,22622284735,6688,22531363101,12131,StartEnd,2950,2950,1,0,1,3844,,:3844
NCCL:GroupLaunch,22622284735,6688,22531364793,10328,StartEnd,2950,2950,1,1,0,3846,3844,:3844:3846
NCCL:API Group,22622293599,6752,22531395211,12878,StartEnd,2950,2950,1,0,1,3848,,:3848
NCCL:GroupLaunch,22622293599,6752,22531396005,11746,StartEnd,2950,2950,1,1,0,3850,3848,:3848:3850
NCCL:API Group,22622301695,631964,22531431431,13327,StartEnd,2950,2950,1,0,1,3852,,:3852
NCCL:GroupLaunch,22622301695,631964,22531432232,12409,StartEnd,2950,2950,1,1,0,3854,3852,:3852:3854
NCCL:API Group,22622935419,626971,22531466788,11669,StartEnd,2950,2950,1,0,1,3856,,:3856
NCCL:GroupLaunch,22622935419,626971,22531467825,10518,StartEnd,2950,2950,1,1,0,3858,3856,:3856:3858
NCCL:API Group,22623564054,624860,22531498320,12645,StartEnd,2950,2950,1,0,1,3860,,:3860
NCCL:GroupLaunch,22623564054,624860,22531500113,10750,StartEnd,2950,2950,1,1,0,3862,3860,:3860:3862
NCCL:API Group,22624190642,632188,22531533671,14888,StartEnd,2950,2950,1,0,1,3864,,:3864
NCCL:GroupLaunch,22624190642,632188,22531536344,12095,StartEnd,2950,2950,1,1,0,3866,3864,:3864:3866
NCCL:API Group,22624825390,2495343,22531570992,12202,StartEnd,2950,2950,1,0,1,3868,,:3868
NCCL:GroupLaunch,22624825390,2495343,22531571734,11364,StartEnd,2950,2950,1,1,0,3870,3868,:3868:3870
NCCL:API Group,22627321789,2473936,22531605635,11579,StartEnd,2950,2950,1,0,1,3872,,:3872
NCCL:GroupLaunch,22627321789,2473936,22531606458,10638,StartEnd,2950,2950,1,1,0,3874,3872,:3872:3874
NCCL:API Group,22629796685,2499503,22531637187,12965,StartEnd,2950,2950,1,0,1,3876,,:3876
NCCL:GroupLaunch,22629796685,2499503,22531639025,11038,StartEnd,2950,2950,1,1,0,3878,3876,:3876:3878
NCCL:API Group,22632299036,6560,22531674812,13357,StartEnd,2950,2950,1,0,1,3880,,:3880
NCCL:GroupLaunch,22632299036,6560,22531676698,11362,StartEnd,2950,2950,1,1,0,3882,3880,:3880:3882
NCCL:API Group,22632307132,6432,22531713135,12370,StartEnd,2950,2950,1,0,1,3884,,:3884
NCCL:GroupLaunch,22632307132,6432,22531713904,11485,StartEnd,2950,2950,1,1,0,3886,3884,:3884:3886
NCCL:API Group,22632315228,625275,22531749129,11705,StartEnd,2950,2950,1,0,1,3888,,:3888
NCCL:GroupLaunch,22632315228,625275,22531749953,10749,StartEnd,2950,2950,1,1,0,3890,3888,:3888:3890
NCCL:API Group,22632941815,631836,22531781352,11206,StartEnd,2950,2950,1,0,1,3892,,:3892
NCCL:GroupLaunch,22632941815,631836,22531782149,10297,StartEnd,2950,2950,1,1,0,3894,3892,:3892:3894
NCCL:API Group,22633575507,625820,22531814476,15735,StartEnd,2950,2950,1,0,1,3896,,:3896
NCCL:GroupLaunch,22633575507,625820,22531816407,13706,StartEnd,2950,2950,1,1,0,3898,3896,:3896:3898
NCCL:API Group,22634204143,625052,22531851012,12620,StartEnd,2950,2950,1,0,1,3900,,:3900
NCCL:GroupLaunch,22634204143,625052,22531851732,11781,StartEnd,2950,2950,1,1,0,3902,3900,:3900:3902
NCCL:API Group,22634830731,2486191,22531885991,12541,StartEnd,2950,2950,1,0,1,3904,,:3904
NCCL:GroupLaunch,22634830731,2486191,22531886764,10344,StartEnd,2950,2950,1,1,0,3906,3904,:3904:3906
NCCL:API Group,22637317914,2485679,22531918567,13087,StartEnd,2950,2950,1,0,1,3908,,:3908
NCCL:GroupLaunch,22637317914,2485679,22531919650,11882,StartEnd,2950,2950,1,1,0,3910,3908,:3908:3910
NCCL:API Group,22639806953,2486736,22531952992,13131,StartEnd,2950,2950,1,0,1,3912,,:3912
NCCL:GroupLaunch,22639806953,2486736,22531955370,10634,StartEnd,2950,2950,1,1,0,3914,3912,:3912:3914
NCCL:API Group,22642296185,6528,22531985334,13580,StartEnd,2950,2950,1,0,1,3916,,:3916
NCCL:GroupLaunch,22642296185,6528,22531986124,12697,StartEnd,2950,2950,1,1,0,3918,3916,:3916:3918
NCCL:API Group,22642304249,6848,22532019924,13169,StartEnd,2950,2950,1,0,1,3920,,:3920
NCCL:GroupLaunch,22642304249,6848,22532020715,11887,StartEnd,2950,2950,1,1,0,3922,3920,:3920:3922
NCCL:API Group,22642312377,628059,22532056162,12446,StartEnd,2950,2950,1,0,1,3924,,:3924
NCCL:GroupLaunch,22642312377,628059,22532057050,11442,StartEnd,2950,2950,1,1,0,3926,3924,:3924:3926
NCCL:API Group,22642943028,625852,22532088186,12600,StartEnd,2950,2950,1,0,1,3928,,:3928
NCCL:GroupLaunch,22642943028,625852,22532089991,10681,StartEnd,2950,2950,1,1,0,3930,3928,:3928:3930
NCCL:API Group,22643571632,627068,22532120468,14079,StartEnd,2950,2950,1,0,1,3932,,:3932
NCCL:GroupLaunch,22643571632,627068,22532124015,10412,StartEnd,2950,2950,1,1,0,3934,3932,:3932:3934
NCCL:API Group,22644201292,633436,22532155197,12626,StartEnd,2950,2950,1,0,1,3936,,:3936
NCCL:GroupLaunch,22644201292,633436,22532155959,11728,StartEnd,2950,2950,1,1,0,3938,3936,:3936:3938
NCCL:API Group,22644836072,2483663,22532191235,12490,StartEnd,2950,2950,1,0,1,3940,,:3940
NCCL:GroupLaunch,22644836072,2483663,22532192017,10601,StartEnd,2950,2950,1,1,0,3942,3940,:3940:3942
NCCL:API Group,22647322039,2482959,22532223989,11659,StartEnd,2950,2950,1,0,1,3944,,:3944
NCCL:GroupLaunch,22647322039,2482959,22532224821,10734,StartEnd,2950,2950,1,1,0,3946,3944,:3944:3946
NCCL:API Group,22649807174,2475792,22532255331,12358,StartEnd,2950,2950,1,0,1,3948,,:3948
NCCL:GroupLaunch,22649807174,2475792,22532257154,10420,StartEnd,2950,2950,1,1,0,3950,3948,:3948:3950
NCCL:API Group,22652285110,7039,22532287495,13156,StartEnd,2950,2950,1,0,1,3952,,:3952
NCCL:GroupLaunch,22652285110,7039,22532288318,12216,StartEnd,2950,2950,1,1,0,3954,3952,:3952:3954
NCCL:API Group,22652293237,6432,22532322706,12442,StartEnd,2950,2950,1,0,1,3956,,:3956
NCCL:GroupLaunch,22652293237,6432,22532323548,11494,StartEnd,2950,2950,1,1,0,3958,3956,:3956:3958
NCCL:API Group,22652301301,625020,22532357622,14625,StartEnd,2950,2950,1,0,1,3960,,:3960
NCCL:GroupLaunch,22652301301,625020,22532358387,13736,StartEnd,2950,2950,1,1,0,3962,3960,:3960:3962
NCCL:API Group,22652927857,625948,22532392984,14254,StartEnd,2950,2950,1,0,1,3964,,:3964
NCCL:GroupLaunch,22652927857,625948,22532394719,12414,StartEnd,2950,2950,1,1,0,3966,3964,:3964:3966
NCCL:API Group,22653556493,626332,22532427886,12721,StartEnd,2950,2950,1,0,1,3968,,:3968
NCCL:GroupLaunch,22653556493,626332,22532429749,10741,StartEnd,2950,2950,1,1,0,3970,3968,:3968:3970
NCCL:API Group,22654185129,628284,22532460454,12680,StartEnd,2950,2950,1,0,1,3972,,:3972
NCCL:GroupLaunch,22654185129,628284,22532461216,11805,StartEnd,2950,2950,1,1,0,3974,3972,:3972:3974
NCCL:API Group,22654815621,2485103,22532494502,11436,StartEnd,2950,2950,1,0,1,3976,,:3976
NCCL:GroupLaunch,22654815621,2485103,22532495296,10527,StartEnd,2950,2950,1,1,0,3978,3976,:3976:3978
NCCL:API Group,22657302804,2497839,22532526569,12751,StartEnd,2950,2950,1,0,1,3980,,:3980
NCCL:GroupLaunch,22657302804,2497839,22532527369,11857,StartEnd,2950,2950,1,1,0,3982,3980,:3980:3982
NCCL:API Group,22659802243,2482287,22532560559,12805,StartEnd,2950,2950,1,0,1,3984,,:3984
NCCL:GroupLaunch,22659802243,2482287,22532562364,10886,StartEnd,2950,2950,1,1,0,3986,3984,:3984:3986
NCCL:API Group,22662287378,6624,22532592716,12605,StartEnd,2950,2950,1,0,1,3988,,:3988
NCCL:GroupLaunch,22662287378,6624,22532593532,11672,StartEnd,2950,2950,1,1,0,3990,3988,:3988:3990
NCCL:API Group,22662295474,6656,22532625598,12448,StartEnd,2950,2950,1,0,1,3992,,:3992
NCCL:GroupLaunch,22662295474,6656,22532626347,10443,StartEnd,2950,2950,1,1,0,3994,3992,:3992:3994
NCCL:API Group,22662303538,639484,22532661988,12180,StartEnd,2950,2950,1,0,1,3996,,:3996
NCCL:GroupLaunch,22662303538,639484,22532662797,11259,StartEnd,2950,2950,1,1,0,3998,3996,:3996:3998
NCCL:API Group,22662945486,625820,22532694297,13097,StartEnd,2950,2950,1,0,1,4000,,:4000
NCCL:GroupLaunch,22662945486,625820,22532696453,10834,StartEnd,2950,2950,1,1,0,4002,4000,:4000:4002
NCCL:API Group,22663572074,627484,22532728432,13217,StartEnd,2950,2950,1,0,1,4004,,:4004
NCCL:GroupLaunch,22663572074,627484,22532729302,12233,StartEnd,2950,2950,1,1,0,4006,4004,:4004:4006
NCCL:API Group,22664201541,626140,22532762453,13461,StartEnd,2950,2950,1,0,1,4008,,:4008
NCCL:GroupLaunch,22664201541,626140,22532763184,12615,StartEnd,2950,2950,1,1,0,4010,4008,:4008:4010
NCCL:API Group,22664829153,2476656,22532797467,11517,StartEnd,2950,2950,1,0,1,4012,,:4012
NCCL:GroupLaunch,22664829153,2476656,22532798261,10570,StartEnd,2950,2950,1,1,0,4014,4012,:4012:4014
NCCL:API Group,22667308113,2480943,22532828196,12946,StartEnd,2950,2950,1,0,1,4016,,:4016
NCCL:GroupLaunch,22667308113,2480943,22532830125,10902,StartEnd,2950,2950,1,1,0,4018,4016,:4016:4018
NCCL:API Group,22669791232,2485775,22532860756,12879,StartEnd,2950,2950,1,0,1,4020,,:4020
NCCL:GroupLaunch,22669791232,2485775,22532862780,10737,StartEnd,2950,2950,1,1,0,4022,4020,:4020:4022
NCCL:API Group,22672278383,6912,22532893147,15023,StartEnd,2950,2950,1,0,1,4024,,:4024
NCCL:GroupLaunch,22672278383,6912,22532893940,14094,StartEnd,2950,2950,1,1,0,4026,4024,:4024:4026
NCCL:API Group,22672286447,6432,22532929524,13622,StartEnd,2950,2950,1,0,1,4028,,:4028
NCCL:GroupLaunch,22672286447,6432,22532930305,11905,StartEnd,2950,2950,1,1,0,4030,4028,:4028:4030
NCCL:API Group,22672294575,626236,22532966802,11448,StartEnd,2950,2950,1,0,1,4032,,:4032
NCCL:GroupLaunch,22672294575,626236,22532967586,10552,StartEnd,2950,2950,1,1,0,4034,4032,:4032:4034
NCCL:API Group,22672923179,626108,22533011721,17741,StartEnd,2950,2950,1,0,1,4036,,:4036
NCCL:GroupLaunch,22672923179,626108,22533013879,15464,StartEnd,2950,2950,1,1,0,4038,4036,:4036:4038
NCCL:API Group,22673551623,630811,22533056154,14214,StartEnd,2950,2950,1,0,1,4040,,:4040
NCCL:GroupLaunch,22673551623,630811,22533056966,13286,StartEnd,2950,2950,1,1,0,4042,4040,:4040:4042
NCCL:API Group,22674184322,625948,22533090743,12666,StartEnd,2950,2950,1,0,1,4044,,:4044
NCCL:GroupLaunch,22674184322,625948,22533091534,11679,StartEnd,2950,2950,1,1,0,4046,4044,:4044:4046
NCCL:API Group,22674812958,2482864,22533125225,11987,StartEnd,2950,2950,1,0,1,4048,,:4048
NCCL:GroupLaunch,22674812958,2482864,22533126136,10957,StartEnd,2950,2950,1,1,0,4050,4048,:4048:4050
NCCL:API Group,22677298126,2479759,22533157937,14223,StartEnd,2950,2950,1,0,1,4052,,:4052
NCCL:GroupLaunch,22677298126,2479759,22533160152,11896,StartEnd,2950,2950,1,1,0,4054,4052,:4052:4054
NCCL:API Group,22679780157,2484783,22533192420,13489,StartEnd,2950,2950,1,0,1,4056,,:4056
NCCL:GroupLaunch,22679780157,2484783,22533194269,11523,StartEnd,2950,2950,1,1,0,4058,4056,:4056:4058
NCCL:API Group,22682267308,6912,22533226474,12585,StartEnd,2950,2950,1,0,1,4060,,:4060
NCCL:GroupLaunch,22682267308,6912,22533227301,11662,StartEnd,2950,2950,1,1,0,4062,4060,:4060:4062
NCCL:API Group,22682275404,6880,22533260348,13305,StartEnd,2950,2950,1,0,1,4064,,:4064
NCCL:GroupLaunch,22682275404,6880,22533262937,10604,StartEnd,2950,2950,1,1,0,4066,4064,:4064:4066
NCCL:API Group,22682283500,627804,22533298064,11802,StartEnd,2950,2950,1,0,1,4068,,:4068
NCCL:GroupLaunch,22682283500,627804,22533298807,10943,StartEnd,2950,2950,1,1,0,4070,4068,:4068:4070
NCCL:API Group,22682912968,627356,22533329641,13100,StartEnd,2950,2950,1,0,1,4072,,:4072
NCCL:GroupLaunch,22682912968,627356,22533331490,11136,StartEnd,2950,2950,1,1,0,4074,4072,:4072:4074
NCCL:API Group,22683541604,627515,22533363357,14041,StartEnd,2950,2950,1,0,1,4076,,:4076
NCCL:GroupLaunch,22683541604,627515,22533364170,13115,StartEnd,2950,2950,1,1,0,4078,4076,:4076:4078
NCCL:API Group,22684171231,627260,22533397677,13021,StartEnd,2950,2950,1,0,1,4080,,:4080
NCCL:GroupLaunch,22684171231,627260,22533398463,12127,StartEnd,2950,2950,1,1,0,4082,4080,:4080:4082
NCCL:API Group,22684799867,2491759,22533432739,11472,StartEnd,2950,2950,1,0,1,4084,,:4084
NCCL:GroupLaunch,22684799867,2491759,22533433597,10497,StartEnd,2950,2950,1,1,0,4086,4084,:4084:4086
NCCL:API Group,22687293162,2484816,22533464203,14661,StartEnd,2950,2950,1,0,1,4088,,:4088
NCCL:GroupLaunch,22687293162,2484816,22533466106,12648,StartEnd,2950,2950,1,1,0,4090,4088,:4088:4090
NCCL:API Group,22689780346,2491599,22533498245,12703,StartEnd,2950,2950,1,0,1,4092,,:4092
NCCL:GroupLaunch,22689780346,2491599,22533499940,10889,StartEnd,2950,2950,1,1,0,4094,4092,:4092:4094
NCCL:API Group,22692272713,6592,22533530472,15053,StartEnd,2950,2950,1,0,1,4096,,:4096
NCCL:GroupLaunch,22692272713,6592,22533532750,12658,StartEnd,2950,2950,1,1,0,4098,4096,:4096:4098
NCCL:API Group,22692280777,6752,22533566293,11215,StartEnd,2950,2950,1,0,1,4100,,:4100
NCCL:GroupLaunch,22692280777,6752,22533567018,10372,StartEnd,2950,2950,1,1,0,4102,4100,:4100:4102
NCCL:API Group,22692289673,626492,22533601925,11833,StartEnd,2950,2950,1,0,1,4104,,:4104
NCCL:GroupLaunch,22692289673,626492,22533602799,10841,StartEnd,2950,2950,1,1,0,4106,4104,:4104:4106
NCCL:API Group,22692918309,627131,22533634111,14571,StartEnd,2950,2950,1,0,1,4108,,:4108
NCCL:GroupLaunch,22692918309,627131,22533635932,12632,StartEnd,2950,2950,1,1,0,4110,4108,:4108:4110
NCCL:API Group,22693546912,626940,22533668064,12090,StartEnd,2950,2950,1,0,1,4112,,:4112
NCCL:GroupLaunch,22693546912,626940,22533668839,11217,StartEnd,2950,2950,1,1,0,4114,4112,:4112:4114
NCCL:API Group,22694176572,644444,22533699283,12907,StartEnd,2950,2950,1,0,1,4116,,:4116
NCCL:GroupLaunch,22694176572,644444,22533700057,11110,StartEnd,2950,2950,1,1,0,4118,4116,:4116:4118
NCCL:API Group,22694823640,2482159,22533733492,16629,StartEnd,2950,2950,1,0,1,4120,,:4120
NCCL:GroupLaunch,22694823640,2482159,22533734236,15761,StartEnd,2950,2950,1,1,0,4122,4120,:4120:4122
NCCL:API Group,22697306695,2482575,22533770758,13806,StartEnd,2950,2950,1,0,1,4124,,:4124
NCCL:GroupLaunch,22697306695,2482575,22533772617,11829,StartEnd,2950,2950,1,1,0,4126,4124,:4124:4126
NCCL:API Group,22699791830,2474736,22533805358,16077,StartEnd,2950,2950,1,0,1,4128,,:4128
NCCL:GroupLaunch,22699791830,2474736,22533806176,15157,StartEnd,2950,2950,1,1,0,4130,4128,:4128:4130
NCCL:API Group,22702268774,6944,22533841682,12360,StartEnd,2950,2950,1,0,1,4132,,:4132
NCCL:GroupLaunch,22702268774,6944,22533842492,11333,StartEnd,2950,2950,1,1,0,4134,4132,:4132:4134
NCCL:API Group,22702277702,6464,22533874631,11722,StartEnd,2950,2950,1,0,1,4136,,:4136
NCCL:GroupLaunch,22702277702,6464,22533875484,10754,StartEnd,2950,2950,1,1,0,4138,4136,:4136:4138
NCCL:API Group,22702285798,622364,22533909745,13176,StartEnd,2950,2950,1,0,1,4140,,:4140
NCCL:GroupLaunch,22702285798,622364,22533911819,10990,StartEnd,2950,2950,1,1,0,4142,4140,:4140:4142
NCCL:API Group,22702911330,626363,22533942441,13419,StartEnd,2950,2950,1,0,1,4144,,:4144
NCCL:GroupLaunch,22702911330,626363,22533944346,11382,StartEnd,2950,2950,1,1,0,4146,4144,:4144:4146
NCCL:API Group,22703539997,625596,22533976474,13267,StartEnd,2950,2950,1,0,1,4148,,:4148
NCCL:GroupLaunch,22703539997,625596,22533977436,12067,StartEnd,2950,2950,1,1,0,4150,4148,:4148:4150
NCCL:API Group,22704166521,628060,22534009917,14764,StartEnd,2950,2950,1,0,1,4152,,:4152
NCCL:GroupLaunch,22704166521,628060,22534010756,13810,StartEnd,2950,2950,1,1,0,4154,4152,:4152:4154
NCCL:API Group,22704796181,2475183,22534047761,12933,StartEnd,2950,2950,1,0,1,4156,,:4156
NCCL:GroupLaunch,22704796181,2475183,22534048809,11767,StartEnd,2950,2950,1,1,0,4158,4156,:4156:4158
NCCL:API Group,22707273124,2482352,22534085085,13549,StartEnd,2950,2950,1,0,1,4160,,:4160
NCCL:GroupLaunch,22707273124,2482352,22534085899,12616,StartEnd,2950,2950,1,1,0,4162,4160,:4160:4162
NCCL:API Group,22709756212,2486031,22534119707,11974,StartEnd,2950,2950,1,0,1,4164,,:4164
NCCL:GroupLaunch,22709756212,2486031,22534120449,11119,StartEnd,2950,2950,1,1,0,4166,4164,:4164:4166
NCCL:API Group,22712244227,6720,22534153481,11647,StartEnd,2950,2950,1,0,1,4168,,:4168
NCCL:GroupLaunch,22712244227,6720,22534154322,10687,StartEnd,2950,2950,1,1,0,4170,4168,:4168:4170
NCCL:API Group,22712252323,6752,22534186954,12022,StartEnd,2950,2950,1,0,1,4172,,:4172
NCCL:GroupLaunch,22712252323,6752,22534188155,10715,StartEnd,2950,2950,1,1,0,4174,4172,:4172:4174
NCCL:API Group,22712260387,624700,22534224534,11957,StartEnd,2950,2950,1,0,1,4176,,:4176
NCCL:GroupLaunch,22712260387,624700,22534225456,10928,StartEnd,2950,2950,1,1,0,4178,4176,:4176:4178
NCCL:API Group,22712886975,625403,22534258771,13871,StartEnd,2950,2950,1,0,1,4180,,:4180
NCCL:GroupLaunch,22712886975,625403,22534259572,12672,StartEnd,2950,2950,1,1,0,4182,4180,:4180:4182
NCCL:API Group,22713514554,626812,22534294706,11604,StartEnd,2950,2950,1,0,1,4184,,:4184
NCCL:GroupLaunch,22713514554,626812,22534295434,10782,StartEnd,2950,2950,1,1,0,4186,4184,:4184:4186
NCCL:API Group,22714143190,634140,22534326747,11795,StartEnd,2950,2950,1,0,1,4188,,:4188
NCCL:GroupLaunch,22714143190,634140,22534327652,10741,StartEnd,2950,2950,1,1,0,4190,4188,:4188:4190
NCCL:API Group,22714780018,2476655,22534360641,11971,StartEnd,2950,2950,1,0,1,4192,,:4192
NCCL:GroupLaunch,22714780018,2476655,22534361420,11077,StartEnd,2950,2950,1,1,0,4194,4192,:4192:4194
NCCL:API Group,22717257985,2479472,22534393090,17357,StartEnd,2950,2950,1,0,1,4196,,:4196
NCCL:GroupLaunch,22717257985,2479472,22534396144,13962,StartEnd,2950,2950,1,1,0,4198,4196,:4196:4198
NCCL:API Group,22719739856,2481040,22534431497,14229,StartEnd,2950,2950,1,0,1,4200,,:4200
NCCL:GroupLaunch,22719739856,2481040,22534433142,12467,StartEnd,2950,2950,1,1,0,4202,4200,:4200:4202
NCCL:API Group,22722222944,6848,22534468258,12642,StartEnd,2950,2950,1,0,1,4204,,:4204
NCCL:GroupLaunch,22722222944,6848,22534469885,10895,StartEnd,2950,2950,1,1,0,4206,4204,:4204:4206
NCCL:API Group,22722231008,6816,22534501832,13182,StartEnd,2950,2950,1,0,1,4208,,:4208
NCCL:GroupLaunch,22722231008,6816,22534502641,12260,StartEnd,2950,2950,1,1,0,4210,4208,:4208:4210
NCCL:API Group,22722239104,641403,22534538528,12715,StartEnd,2950,2950,1,0,1,4212,,:4212
NCCL:GroupLaunch,22722239104,641403,22534539306,11078,StartEnd,2950,2950,1,1,0,4214,4212,:4212:4214
NCCL:API Group,22722882043,633980,22534571247,13736,StartEnd,2950,2950,1,0,1,4216,,:4216
NCCL:GroupLaunch,22722882043,633980,22534572064,12812,StartEnd,2950,2950,1,1,0,4218,4216,:4216:4218
NCCL:API Group,22723517847,622620,22534605890,12964,StartEnd,2950,2950,1,0,1,4220,,:4220
NCCL:GroupLaunch,22723517847,622620,22534607782,10955,StartEnd,2950,2950,1,1,0,4222,4220,:4220:4222
NCCL:API Group,22724142387,626716,22534639853,13222,StartEnd,2950,2950,1,0,1,4224,,:4224
NCCL:GroupLaunch,22724142387,626716,22534640639,12317,StartEnd,2950,2950,1,1,0,4226,4224,:4224:4226
NCCL:API Group,22724771023,2502639,22534674533,14125,StartEnd,2950,2950,1,0,1,4228,,:4228
NCCL:GroupLaunch,22724771023,2502639,22534677076,11261,StartEnd,2950,2950,1,1,0,4230,4228,:4228:4230
NCCL:API Group,22727275422,2481391,22534709279,12902,StartEnd,2950,2950,1,0,1,4232,,:4232
NCCL:GroupLaunch,22727275422,2481391,22534710124,11942,StartEnd,2950,2950,1,1,0,4234,4232,:4232:4234
NCCL:API Group,22729758477,2476848,22534742400,11863,StartEnd,2950,2950,1,0,1,4236,,:4236
NCCL:GroupLaunch,22729758477,2476848,22534743635,10514,StartEnd,2950,2950,1,1,0,4238,4236,:4236:4238
NCCL:API Group,22732238525,6815,22534776268,11476,StartEnd,2950,2950,1,0,1,4240,,:4240
NCCL:GroupLaunch,22732238525,6815,22534777068,10558,StartEnd,2950,2950,1,1,0,4242,4240,:4240:4242
NCCL:API Group,22732246620,6560,22534807222,213349,StartEnd,2950,2950,1,0,1,4244,,:4244
NCCL:GroupLaunch,22732246620,6560,22535007236,13223,StartEnd,2950,2950,1,1,0,4246,4244,:4244:4246
NCCL:API Group,22732254684,626076,22535049624,12130,StartEnd,2950,2950,1,0,1,4248,,:4248
NCCL:GroupLaunch,22732254684,626076,22535050492,11132,StartEnd,2950,2950,1,1,0,4250,4248,:4248:4250
NCCL:API Group,22732883288,627132,22535083433,13309,StartEnd,2950,2950,1,0,1,4252,,:4252
NCCL:GroupLaunch,22732883288,627132,22535084319,12308,StartEnd,2950,2950,1,1,0,4254,4252,:4252:4254
NCCL:API Group,22733511924,623644,22535120215,11697,StartEnd,2950,2950,1,0,1,4256,,:4256
NCCL:GroupLaunch,22733511924,623644,22535120970,10808,StartEnd,2950,2950,1,1,0,4258,4256,:4256:4258
NCCL:API Group,22734137488,627868,22535153719,13554,StartEnd,2950,2950,1,0,1,4260,,:4260
NCCL:GroupLaunch,22734137488,627868,22535154550,12620,StartEnd,2950,2950,1,1,0,4262,4260,:4260:4262
NCCL:API Group,22734766956,2483663,22535190586,11736,StartEnd,2950,2950,1,0,1,4264,,:4264
NCCL:GroupLaunch,22734766956,2483663,22535191356,10846,StartEnd,2950,2950,1,1,0,4266,4264,:4264:4266
NCCL:API Group,22737252091,2480079,22535224682,12341,StartEnd,2950,2950,1,0,1,4268,,:4268
NCCL:GroupLaunch,22737252091,2480079,22535225497,11411,StartEnd,2950,2950,1,1,0,4270,4268,:4268:4270
NCCL:API Group,22739735146,2470608,22535258067,13516,StartEnd,2950,2950,1,0,1,4272,,:4272
NCCL:GroupLaunch,22739735146,2470608,22535258889,12574,StartEnd,2950,2950,1,1,0,4274,4272,:4272:4274
NCCL:API Group,22742208026,6624,22535291298,11297,StartEnd,2950,2950,1,0,1,4276,,:4276
NCCL:GroupLaunch,22742208026,6624,22535292132,10361,StartEnd,2950,2950,1,1,0,4278,4276,:4276:4278
NCCL:API Group,22742216090,6303,22535322945,13835,StartEnd,2950,2950,1,0,1,4280,,:4280
NCCL:GroupLaunch,22742216090,6303,22535323717,12940,StartEnd,2950,2950,1,1,0,4282,4280,:4280:4282
NCCL:API Group,22742224153,626908,22535359408,12036,StartEnd,2950,2950,1,0,1,4284,,:4284
NCCL:GroupLaunch,22742224153,626908,22535360230,11100,StartEnd,2950,2950,1,1,0,4286,4284,:4284:4286
NCCL:API Group,22742853813,625148,22535390698,11636,StartEnd,2950,2950,1,0,1,4288,,:4288
NCCL:GroupLaunch,22742853813,625148,22535391455,10762,StartEnd,2950,2950,1,1,0,4290,4288,:4288:4290
NCCL:API Group,22743480401,626716,22535422511,11790,StartEnd,2950,2950,1,0,1,4292,,:4292
NCCL:GroupLaunch,22743480401,626716,22535423311,10876,StartEnd,2950,2950,1,1,0,4294,4292,:4292:4294
NCCL:API Group,22744109869,626748,22535453790,14003,StartEnd,2950,2950,1,0,1,4296,,:4296
NCCL:GroupLaunch,22744109869,626748,22535455842,11861,StartEnd,2950,2950,1,1,0,4298,4296,:4296:4298
NCCL:API Group,22744739529,2478095,22535489493,11722,StartEnd,2950,2950,1,0,1,4300,,:4300
NCCL:GroupLaunch,22744739529,2478095,22535490279,10824,StartEnd,2950,2950,1,1,0,4302,4300,:4300:4302
NCCL:API Group,22747220536,2480559,22535520991,11881,StartEnd,2950,2950,1,0,1,4304,,:4304
NCCL:GroupLaunch,22747220536,2480559,22535521763,10992,StartEnd,2950,2950,1,1,0,4306,4304,:4304:4306
NCCL:API Group,22749703623,2480528,22535553008,11694,StartEnd,2950,2950,1,0,1,4308,,:4308
NCCL:GroupLaunch,22749703623,2480528,22535553769,10818,StartEnd,2950,2950,1,1,0,4310,4308,:4308:4310
NCCL:API Group,22752186679,6912,22535587068,11822,StartEnd,2950,2950,1,0,1,4312,,:4312
NCCL:GroupLaunch,22752186679,6912,22535587814,10938,StartEnd,2950,2950,1,1,0,4314,4312,:4312:4314
NCCL:API Group,22752194807,6431,22535618389,14313,StartEnd,2950,2950,1,0,1,4316,,:4316
NCCL:GroupLaunch,22752194807,6431,22535619148,13437,StartEnd,2950,2950,1,1,0,4318,4316,:4316:4318
NCCL:API Group,22752202870,633212,22535656357,11724,StartEnd,2950,2950,1,0,1,4320,,:4320
NCCL:GroupLaunch,22752202870,633212,22535657100,10870,StartEnd,2950,2950,1,1,0,4322,4320,:4320:4322
NCCL:API Group,22752837650,629180,22535688518,12504,StartEnd,2950,2950,1,0,1,4324,,:4324
NCCL:GroupLaunch,22752837650,629180,22535689287,11620,StartEnd,2950,2950,1,1,0,4326,4324,:4324:4326
NCCL:API Group,22753470190,625884,22535722129,13327,StartEnd,2950,2950,1,0,1,4328,,:4328
NCCL:GroupLaunch,22753470190,625884,22535723082,12258,StartEnd,2950,2950,1,1,0,4330,4328,:4328:4330
NCCL:API Group,22754098826,639771,22535755902,11561,StartEnd,2950,2950,1,0,1,4332,,:4332
NCCL:GroupLaunch,22754098826,639771,22535756696,10651,StartEnd,2950,2950,1,1,0,4334,4332,:4332:4334
NCCL:API Group,22754741797,2479152,22535787978,12178,StartEnd,2950,2950,1,0,1,4336,,:4336
NCCL:GroupLaunch,22754741797,2479152,22535788773,11265,StartEnd,2950,2950,1,1,0,4338,4336,:4336:4338
NCCL:API Group,22757223861,2490031,22535821214,11681,StartEnd,2950,2950,1,0,1,4340,,:4340
NCCL:GroupLaunch,22757223861,2490031,22535822019,10763,StartEnd,2950,2950,1,1,0,4342,4340,:4340:4342
NCCL:API Group,22759715076,2478415,22535852608,13314,StartEnd,2950,2950,1,0,1,4344,,:4344
NCCL:GroupLaunch,22759715076,2478415,22535853458,12337,StartEnd,2950,2950,1,1,0,4346,4344,:4344:4346
NCCL:API Group,22762196115,6752,22535885512,11272,StartEnd,2950,2950,1,0,1,4348,,:4348
NCCL:GroupLaunch,22762196115,6752,22535886361,10305,StartEnd,2950,2950,1,1,0,4350,4348,:4348:4350
NCCL:API Group,22762204211,6880,22535917370,12220,StartEnd,2950,2950,1,0,1,4352,,:4352
NCCL:GroupLaunch,22762204211,6880,22535918239,11262,StartEnd,2950,2950,1,1,0,4354,4352,:4352:4354
NCCL:API Group,22762212307,629244,22535951635,12403,StartEnd,2950,2950,1,0,1,4356,,:4356
NCCL:GroupLaunch,22762212307,629244,22535952512,11406,StartEnd,2950,2950,1,1,0,4358,4356,:4356:4358
NCCL:API Group,22762843823,624444,22535985048,12039,StartEnd,2950,2950,1,0,1,4360,,:4360
NCCL:GroupLaunch,22762843823,624444,22535985865,11103,StartEnd,2950,2950,1,1,0,4362,4360,:4360:4362
NCCL:API Group,22763471435,625852,22536017266,13282,StartEnd,2950,2950,1,0,1,4364,,:4364
NCCL:GroupLaunch,22763471435,625852,22536019626,10744,StartEnd,2950,2950,1,1,0,4366,4364,:4364:4366
NCCL:API Group,22764100039,628795,22536051485,12226,StartEnd,2950,2950,1,0,1,4368,,:4368
NCCL:GroupLaunch,22764100039,628795,22536052217,11374,StartEnd,2950,2950,1,1,0,4370,4368,:4368:4370
NCCL:API Group,22764730722,2486960,22536085115,11656,StartEnd,2950,2950,1,0,1,4372,,:4372
NCCL:GroupLaunch,22764730722,2486960,22536085968,10680,StartEnd,2950,2950,1,1,0,4374,4372,:4372:4374
NCCL:API Group,22767219922,2481359,22536116275,11628,StartEnd,2950,2950,1,0,1,4376,,:4376
NCCL:GroupLaunch,22767219922,2481359,22536117049,10740,StartEnd,2950,2950,1,1,0,4378,4376,:4376:4378
NCCL:API Group,22769704033,2483055,22536148054,11762,StartEnd,2950,2950,1,0,1,4380,,:4380
NCCL:GroupLaunch,22769704033,2483055,22536148874,10849,StartEnd,2950,2950,1,1,0,4382,4380,:4380:4382
NCCL:API Group,22772189168,6944,22536180080,11484,StartEnd,2950,2950,1,0,1,4384,,:4384
NCCL:GroupLaunch,22772189168,6944,22536180870,10578,StartEnd,2950,2950,1,1,0,4386,4384,:4384:4386
NCCL:API Group,22772197296,6720,22536210940,11677,StartEnd,2950,2950,1,0,1,4388,,:4388
NCCL:GroupLaunch,22772197296,6720,22536211716,10787,StartEnd,2950,2950,1,1,0,4390,4388,:4388:4390
NCCL:API Group,22772206192,630428,22536244889,11819,StartEnd,2950,2950,1,0,1,4392,,:4392
NCCL:GroupLaunch,22772206192,630428,22536245692,10904,StartEnd,2950,2950,1,1,0,4394,4392,:4392:4394
NCCL:API Group,22772838892,629660,22536276045,15052,StartEnd,2950,2950,1,0,1,4396,,:4396
NCCL:GroupLaunch,22772838892,629660,22536276801,13973,StartEnd,2950,2950,1,1,0,4398,4396,:4396:4398
NCCL:API Group,22773471624,624667,22536311195,12022,StartEnd,2950,2950,1,0,1,4400,,:4400
NCCL:GroupLaunch,22773471624,624667,22536312048,11055,StartEnd,2950,2950,1,1,0,4402,4400,:4400:4402
NCCL:API Group,22774099235,627932,22536344783,12024,StartEnd,2950,2950,1,0,1,4404,,:4404
NCCL:GroupLaunch,22774099235,627932,22536345592,11119,StartEnd,2950,2950,1,1,0,4406,4404,:4404:4406
NCCL:API Group,22774729919,2480783,22536377296,13366,StartEnd,2950,2950,1,0,1,4408,,:4408
NCCL:GroupLaunch,22774729919,2480783,22536378134,12408,StartEnd,2950,2950,1,1,0,4410,4408,:4408:4410
NCCL:API Group,22777212974,2480336,22536411721,11870,StartEnd,2950,2950,1,0,1,4412,,:4412
NCCL:GroupLaunch,22777212974,2480336,22536412481,10991,StartEnd,2950,2950,1,1,0,4414,4412,:4412:4414
NCCL:API Group,22779696062,2477167,22536443888,11585,StartEnd,2950,2950,1,0,1,4416,,:4416
NCCL:GroupLaunch,22779696062,2477167,22536444651,10708,StartEnd,2950,2950,1,1,0,4418,4416,:4416:4418
NCCL:API Group,22782175053,6496,22536475181,11278,StartEnd,2950,2950,1,0,1,4420,,:4420
NCCL:GroupLaunch,22782175053,6496,22536475935,10410,StartEnd,2950,2950,1,1,0,4422,4420,:4420:4422
NCCL:API Group,22782183981,6432,22536506757,12347,StartEnd,2950,2950,1,0,1,4424,,:4424
NCCL:GroupLaunch,22782183981,6432,22536507571,11377,StartEnd,2950,2950,1,1,0,4426,4424,:4424:4426
NCCL:API Group,22782192077,626940,22536546284,11633,StartEnd,2950,2950,1,0,1,4428,,:4428
NCCL:GroupLaunch,22782192077,626940,22536547120,10674,StartEnd,2950,2950,1,1,0,4430,4428,:4428:4430
NCCL:API Group,22782821705,624732,22536578131,12902,StartEnd,2950,2950,1,0,1,4432,,:4432
NCCL:GroupLaunch,22782821705,624732,22536580058,10834,StartEnd,2950,2950,1,1,0,4434,4432,:4432:4434
NCCL:API Group,22783448293,624923,22536611743,12122,StartEnd,2950,2950,1,0,1,4436,,:4436
NCCL:GroupLaunch,22783448293,624923,22536612482,11270,StartEnd,2950,2950,1,1,0,4438,4436,:4436:4438
NCCL:API Group,22784074848,626780,22536644361,11595,StartEnd,2950,2950,1,0,1,4440,,:4440
NCCL:GroupLaunch,22784074848,626780,22536645231,10634,StartEnd,2950,2950,1,1,0,4442,4440,:4440:4442
NCCL:API Group,22784702460,2495279,22536678013,12244,StartEnd,2950,2950,1,0,1,4444,,:4444
NCCL:GroupLaunch,22784702460,2495279,22536678812,11348,StartEnd,2950,2950,1,1,0,4446,4444,:4444:4446
NCCL:API Group,22787199883,2484304,22536710114,11942,StartEnd,2950,2950,1,0,1,4448,,:4448
NCCL:GroupLaunch,22787199883,2484304,22536710883,11085,StartEnd,2950,2950,1,1,0,4450,4448,:4448:4450
NCCL:API Group,22789685019,2492815,22536744066,13749,StartEnd,2950,2950,1,0,1,4452,,:4452
NCCL:GroupLaunch,22789685019,2492815,22536744862,12834,StartEnd,2950,2950,1,1,0,4454,4452,:4452:4454
NCCL:API Group,22792181226,6880,22536777572,11565,StartEnd,2950,2950,1,0,1,4456,,:4456
NCCL:GroupLaunch,22792181226,6880,22536778319,10701,StartEnd,2950,2950,1,1,0,4458,4456,:4456:4458
NCCL:API Group,22792191370,6432,22536809106,11529,StartEnd,2950,2950,1,0,1,4460,,:4460
NCCL:GroupLaunch,22792191370,6432,22536809964,10559,StartEnd,2950,2950,1,1,0,4462,4460,:4460:4462
NCCL:API Group,22792199466,624508,22536845103,13321,StartEnd,2950,2950,1,0,1,4464,,:4464
NCCL:GroupLaunch,22792199466,624508,22536845894,12405,StartEnd,2950,2950,1,1,0,4466,4464,:4464:4466
NCCL:API Group,22792827046,627579,22536883571,13555,StartEnd,2950,2950,1,0,1,4468,,:4468
NCCL:GroupLaunch,22792827046,627579,22536884363,12651,StartEnd,2950,2950,1,1,0,4470,4468,:4468:4470
NCCL:API Group,22793455681,625436,22536916661,13701,StartEnd,2950,2950,1,0,1,4472,,:4472
NCCL:GroupLaunch,22793455681,625436,22536917416,12767,StartEnd,2950,2950,1,1,0,4474,4472,:4472:4474
NCCL:API Group,22794082237,627356,22536951611,12565,StartEnd,2950,2950,1,0,1,4476,,:4476
NCCL:GroupLaunch,22794082237,627356,22536952946,11117,StartEnd,2950,2950,1,1,0,4478,4476,:4476:4478
NCCL:API Group,22794710873,2477359,22536986179,11811,StartEnd,2950,2950,1,0,1,4480,,:4480
NCCL:GroupLaunch,22794710873,2477359,22536987066,10787,StartEnd,2950,2950,1,1,0,4482,4480,:4480:4482
NCCL:API Group,22797190888,2472432,22537018664,11604,StartEnd,2950,2950,1,0,1,4484,,:4484
NCCL:GroupLaunch,22797190888,2472432,22537019384,10771,StartEnd,2950,2950,1,1,0,4486,4484,:4484:4486
NCCL:API Group,22799666616,2476975,22537049687,11943,StartEnd,2950,2950,1,0,1,4488,,:4488
NCCL:GroupLaunch,22799666616,2476975,22537050468,11044,StartEnd,2950,2950,1,1,0,4490,4488,:4488:4490
NCCL:API Group,22802145575,6880,22537081551,11701,StartEnd,2950,2950,1,0,1,4492,,:4492
NCCL:GroupLaunch,22802145575,6880,22537082355,10797,StartEnd,2950,2950,1,1,0,4494,4492,:4492:4494
NCCL:API Group,22802153671,6784,22537113922,14721,StartEnd,2950,2950,1,0,1,4496,,:4496
NCCL:GroupLaunch,22802153671,6784,22537115247,13277,StartEnd,2950,2950,1,1,0,4498,4496,:4496:4498
NCCL:API Group,22802161799,626812,22537150795,11892,StartEnd,2950,2950,1,0,1,4500,,:4500
NCCL:GroupLaunch,22802161799,626812,22537151572,11016,StartEnd,2950,2950,1,1,0,4502,4500,:4500:4502
NCCL:API Group,22802790371,625531,22537183005,11719,StartEnd,2950,2950,1,0,1,4504,,:4504
NCCL:GroupLaunch,22802790371,625531,22537183769,10842,StartEnd,2950,2950,1,1,0,4506,4504,:4504:4506
NCCL:API Group,22803417982,627388,22537214502,11626,StartEnd,2950,2950,1,0,1,4508,,:4508
NCCL:GroupLaunch,22803417982,627388,22537215384,10632,StartEnd,2950,2950,1,1,0,4510,4508,:4508:4510
NCCL:API Group,22804046618,626332,22537248999,13055,StartEnd,2950,2950,1,0,1,4512,,:4512
NCCL:GroupLaunch,22804046618,626332,22537250481,11459,StartEnd,2950,2950,1,1,0,4514,4512,:4512:4514
NCCL:API Group,22804675254,2484335,22537283666,11833,StartEnd,2950,2950,1,0,1,4516,,:4516
NCCL:GroupLaunch,22804675254,2484335,22537284485,10903,StartEnd,2950,2950,1,1,0,4518,4516,:4516:4518
NCCL:API Group,22807161221,2486288,22537314899,11943,StartEnd,2950,2950,1,0,1,4520,,:4520
NCCL:GroupLaunch,22807161221,2486288,22537315746,10984,StartEnd,2950,2950,1,1,0,4522,4520,:4520:4522
NCCL:API Group,22809649429,2480495,22537346822,13095,StartEnd,2950,2950,1,0,1,4524,,:4524
NCCL:GroupLaunch,22809649429,2480495,22537347624,12027,StartEnd,2950,2950,1,1,0,4526,4524,:4524:4526
NCCL:API Group,22812132484,6816,22537379695,11247,StartEnd,2950,2950,1,0,1,4528,,:4528
NCCL:GroupLaunch,22812132484,6816,22537380510,10318,StartEnd,2950,2950,1,1,0,4530,4528,:4528:4530
NCCL:API Group,22812140612,6848,22537411973,14212,StartEnd,2950,2950,1,0,1,4532,,:4532
NCCL:GroupLaunch,22812140612,6848,22537412799,13189,StartEnd,2950,2950,1,1,0,4534,4532,:4532:4534
NCCL:API Group,22812148676,626812,22537448307,13606,StartEnd,2950,2950,1,0,1,4536,,:4536
NCCL:GroupLaunch,22812148676,626812,22537449160,12637,StartEnd,2950,2950,1,1,0,4538,4536,:4536:4538
NCCL:API Group,22812777280,625531,22537481780,12587,StartEnd,2950,2950,1,0,1,4540,,:4540
NCCL:GroupLaunch,22812777280,625531,22537482576,11675,StartEnd,2950,2950,1,1,0,4542,4540,:4540:4542
NCCL:API Group,22813403867,626556,22537513816,11585,StartEnd,2950,2950,1,0,1,4544,,:4544
NCCL:GroupLaunch,22813403867,626556,22537514615,10699,StartEnd,2950,2950,1,1,0,4546,4544,:4544:4546
NCCL:API Group,22814031479,626652,22537572774,11800,StartEnd,2950,2950,1,0,1,4548,,:4548
NCCL:GroupLaunch,22814031479,626652,22537573622,10833,StartEnd,2950,2950,1,1,0,4550,4548,:4548:4550
NCCL:API Group,22814660947,2486063,22537606502,12929,StartEnd,2950,2950,1,0,1,4552,,:4552
NCCL:GroupLaunch,22814660947,2486063,22537607309,12010,StartEnd,2950,2950,1,1,0,4554,4552,:4552:4554
NCCL:API Group,22817150178,2492432,22537639825,11853,StartEnd,2950,2950,1,0,1,4556,,:4556
NCCL:GroupLaunch,22817150178,2492432,22537640621,10890,StartEnd,2950,2950,1,1,0,4558,4556,:4556:4558
NCCL:API Group,22819645521,2473104,22537670933,11775,StartEnd,2950,2950,1,0,1,4560,,:4560
NCCL:GroupLaunch,22819645521,2473104,22537671751,10812,StartEnd,2950,2950,1,1,0,4562,4560,:4560:4562
NCCL:API Group,22822120417,6720,22537702075,11645,StartEnd,2950,2950,1,0,1,4564,,:4564
NCCL:GroupLaunch,22822120417,6720,22537703064,10540,StartEnd,2950,2950,1,1,0,4566,4564,:4564:4566
NCCL:API Group,22822129537,8480,22537734295,18145,StartEnd,2950,2950,1,0,1,4568,,:4568
NCCL:GroupLaunch,22822129537,8480,22537736557,15769,StartEnd,2950,2950,1,1,0,4570,4568,:4568:4570
NCCL:API Group,22822139681,638395,22537774258,11575,StartEnd,2950,2950,1,0,1,4572,,:4572
NCCL:GroupLaunch,22822139681,638395,22537775011,10706,StartEnd,2950,2950,1,1,0,4574,4572,:4572:4574
NCCL:API Group,22822780572,626300,22537806853,11894,StartEnd,2950,2950,1,0,1,4576,,:4576
NCCL:GroupLaunch,22822780572,626300,22537807625,11003,StartEnd,2950,2950,1,1,0,4578,4576,:4576:4578
NCCL:API Group,22823409208,630172,22537838560,11719,StartEnd,2950,2950,1,0,1,4580,,:4580
NCCL:GroupLaunch,22823409208,630172,22537839487,10672,StartEnd,2950,2950,1,1,0,4582,4580,:4580:4582
NCCL:API Group,22824042772,624956,22537871073,11808,StartEnd,2950,2950,1,0,1,4584,,:4584
NCCL:GroupLaunch,22824042772,624956,22537871936,10856,StartEnd,2950,2950,1,1,0,4586,4584,:4584:4586
NCCL:API Group,22824670384,2480559,22537904601,11591,StartEnd,2950,2950,1,0,1,4588,,:4588
NCCL:GroupLaunch,22824670384,2480559,22537905338,10744,StartEnd,2950,2950,1,1,0,4590,4588,:4588:4590
NCCL:API Group,22827153439,2474191,22537937038,12208,StartEnd,2950,2950,1,0,1,4592,,:4592
NCCL:GroupLaunch,22827153439,2474191,22537937805,11308,StartEnd,2950,2950,1,1,0,4594,4592,:4592:4594
NCCL:API Group,22829630382,2480752,22537969241,12837,StartEnd,2950,2950,1,0,1,4596,,:4596
NCCL:GroupLaunch,22829630382,2480752,22537970078,11884,StartEnd,2950,2950,1,1,0,4598,4596,:4596:4598
NCCL:API Group,22832113470,6880,22538002274,14696,StartEnd,2950,2950,1,0,1,4600,,:4600
NCCL:GroupLaunch,22832113470,6880,22538003018,13831,StartEnd,2950,2950,1,1,0,4602,4600,:4600:4602
NCCL:API Group,22832121566,6592,22538038547,11782,StartEnd,2950,2950,1,0,1,4604,,:4604
NCCL:GroupLaunch,22832121566,6592,22538039338,10876,StartEnd,2950,2950,1,1,0,4606,4604,:4604:4606
NCCL:API Group,22832129662,624763,22538100345,11687,StartEnd,2950,2950,1,0,1,4608,,:4608
NCCL:GroupLaunch,22832129662,624763,22538101108,10805,StartEnd,2950,2950,1,1,0,4610,4608,:4608:4610
NCCL:API Group,22832755193,623900,22538134066,12862,StartEnd,2950,2950,1,0,1,4612,,:4612
NCCL:GroupLaunch,22832755193,623900,22538135267,11545,StartEnd,2950,2950,1,1,0,4614,4612,:4612:4614
NCCL:API Group,22833380565,624636,22538167661,11591,StartEnd,2950,2950,1,0,1,4616,,:4616
NCCL:GroupLaunch,22833380565,624636,22538168637,10499,StartEnd,2950,2950,1,1,0,4618,4616,:4616:4618
NCCL:API Group,22834007121,625948,22538198857,11816,StartEnd,2950,2950,1,0,1,4620,,:4620
NCCL:GroupLaunch,22834007121,625948,22538199694,10859,StartEnd,2950,2950,1,1,0,4622,4620,:4620:4622
NCCL:API Group,22834635757,2481071,22538233052,13474,StartEnd,2950,2950,1,0,1,4624,,:4624
NCCL:GroupLaunch,22834635757,2481071,22538233823,12588,StartEnd,2950,2950,1,1,0,4626,4624,:4624:4626
NCCL:API Group,22837119868,2472592,22538267175,11715,StartEnd,2950,2950,1,0,1,4628,,:4628
NCCL:GroupLaunch,22837119868,2472592,22538268090,10672,StartEnd,2950,2950,1,1,0,4630,4628,:4628:4630
NCCL:API Group,22839594732,2484047,22538298485,12272,StartEnd,2950,2950,1,0,1,4632,,:4632
NCCL:GroupLaunch,22839594732,2484047,22538299270,11372,StartEnd,2950,2950,1,1,0,4634,4632,:4632:4634
NCCL:API Group,22842079867,6624,22538330749,12897,StartEnd,2950,2950,1,0,1,4636,,:4636
NCCL:GroupLaunch,22842079867,6624,22538333148,10316,StartEnd,2950,2950,1,1,0,4638,4636,:4636:4638
NCCL:API Group,22842087963,6688,22538364677,12866,StartEnd,2950,2950,1,0,1,4640,,:4640
NCCL:GroupLaunch,22842087963,6688,22538365458,11994,StartEnd,2950,2950,1,1,0,4642,4640,:4640:4642
NCCL:API Group,22842096059,628507,22538399094,11939,StartEnd,2950,2950,1,0,1,4644,,:4644
NCCL:GroupLaunch,22842096059,628507,22538399883,11027,StartEnd,2950,2950,1,1,0,4646,4644,:4644:4646
NCCL:API Group,22842727574,624028,22538430457,11720,StartEnd,2950,2950,1,0,1,4648,,:4648
NCCL:GroupLaunch,22842727574,624028,22538431329,10734,StartEnd,2950,2950,1,1,0,4650,4648,:4648:4650
NCCL:API Group,22843353138,623132,22538461685,11617,StartEnd,2950,2950,1,0,1,4652,,:4652
NCCL:GroupLaunch,22843353138,623132,22538462437,10765,StartEnd,2950,2950,1,1,0,4654,4652,:4652:4654
NCCL:API Group,22843977646,627996,22538493517,11561,StartEnd,2950,2950,1,0,1,4656,,:4656
NCCL:GroupLaunch,22843977646,627996,22538494319,10642,StartEnd,2950,2950,1,1,0,4658,4656,:4656:4658
NCCL:API Group,22844608330,2484943,22538524872,12100,StartEnd,2950,2950,1,0,1,4660,,:4660
NCCL:GroupLaunch,22844608330,2484943,22538525650,11203,StartEnd,2950,2950,1,1,0,4662,4660,:4660:4662
NCCL:API Group,22847095513,2476815,22538556082,13757,StartEnd,2950,2950,1,0,1,4664,,:4664
NCCL:GroupLaunch,22847095513,2476815,22538556848,12872,StartEnd,2950,2950,1,1,0,4666,4664,:4664:4666
NCCL:API Group,22849573448,2498736,22538590036,14113,StartEnd,2950,2950,1,0,1,4668,,:4668
NCCL:GroupLaunch,22849573448,2498736,22538590889,13145,StartEnd,2950,2950,1,1,0,4670,4668,:4668:4670
NCCL:API Group,22852072952,6624,22538623843,14256,StartEnd,2950,2950,1,0,1,4672,,:4672
NCCL:GroupLaunch,22852072952,6624,22538624604,13379,StartEnd,2950,2950,1,1,0,4674,4672,:4672:4674
NCCL:API Group,22852081048,6432,22538657688,11327,StartEnd,2950,2950,1,0,1,4676,,:4676
NCCL:GroupLaunch,22852081048,6432,22538658452,10415,StartEnd,2950,2950,1,1,0,4678,4676,:4676:4678
NCCL:API Group,22852089944,6400,22538690014,11162,StartEnd,2950,2950,1,0,1,4680,,:4680
NCCL:GroupLaunch,22852089944,6400,22538690795,10268,StartEnd,2950,2950,1,1,0,4682,4680,:4680:4682
NCCL:API Group,22852098040,2429391,22538722890,11728,StartEnd,2950,2950,1,0,1,4684,,:4684
NCCL:GroupLaunch,22852098040,2429391,22538723756,10747,StartEnd,2950,2950,1,1,0,4686,4684,:4684:4686
NCCL:API Group,23775874331,12942377,23775680302,249331,StartEnd,2950,2950,1,0,1,4688,,:4688
NCCL:GroupLaunch,23775874331,12942377,23775732296,196326,StartEnd,2950,2950,1,1,0,4690,4688,:4688:4690
NCCL:API Group,23788854500,1123672,23776478528,84425,StartEnd,2950,2950,1,0,1,4692,,:4692
NCCL:GroupLaunch,23788854500,1123672,23776485134,77085,StartEnd,2950,2950,1,1,0,4694,4692,:4692:4694
NCCL:API Group,23789990172,1112153,23776772657,64499,StartEnd,2950,2950,1,0,1,4696,,:4696
NCCL:GroupLaunch,23789990172,1112153,23776778086,58274,StartEnd,2950,2950,1,1,0,4698,4696,:4696:4698
NCCL:API Group,23791113557,1125656,23777011575,61731,StartEnd,2950,2950,1,0,1,4700,,:4700
NCCL:GroupLaunch,23791113557,1125656,23777016698,55852,StartEnd,2950,2950,1,1,0,4702,4700,:4700:4702
NCCL:API Group,23792254221,1118201,23777244994,59301,StartEnd,2950,2950,1,0,1,4704,,:4704
NCCL:GroupLaunch,23792254221,1118201,23777250645,53027,StartEnd,2950,2950,1,1,0,4706,4704,:4704:4706
NCCL:API Group,23793385670,4412034,23777431003,34241,StartEnd,2950,2950,1,0,1,4708,,:4708
NCCL:GroupLaunch,23793385670,4412034,23777433406,31518,StartEnd,2950,2950,1,1,0,4710,4708,:4708:4710
NCCL:API Group,23797838280,4418722,23777534398,27792,StartEnd,2950,2950,1,0,1,4712,,:4712
NCCL:GroupLaunch,23797838280,4418722,23777536630,25141,StartEnd,2950,2950,1,1,0,4714,4712,:4712:4714
NCCL:API Group,23802298730,4423074,23777607700,13099,StartEnd,2950,2950,1,0,1,4716,,:4716
NCCL:GroupLaunch,23802298730,4423074,23777608839,11721,StartEnd,2950,2950,1,1,0,4718,4716,:4716:4718
NCCL:API Group,23806763180,17440,23777657643,13934,StartEnd,2950,2950,1,0,1,4720,,:4720
NCCL:GroupLaunch,23806763180,17440,23777659206,12160,StartEnd,2950,2950,1,1,0,4722,4720,:4720:4722
NCCL:API Group,23806783628,11616,23777704973,12610,StartEnd,2950,2950,1,0,1,4724,,:4724
NCCL:GroupLaunch,23806783628,11616,23777706126,11157,StartEnd,2950,2950,1,1,0,4726,4724,:4724:4726
NCCL:API Group,23806798283,1127769,23777766456,16511,StartEnd,2950,2950,1,0,1,4728,,:4728
NCCL:GroupLaunch,23806798283,1127769,23777767626,15134,StartEnd,2950,2950,1,1,0,4730,4728,:4728:4730
NCCL:API Group,23807939876,1132824,23777818046,12415,StartEnd,2950,2950,1,0,1,4732,,:4732
NCCL:GroupLaunch,23807939876,1132824,23777818988,11190,StartEnd,2950,2950,1,1,0,4734,4732,:4732:4734
NCCL:API Group,23809086620,1127033,23777864110,14562,StartEnd,2950,2950,1,0,1,4736,,:4736
NCCL:GroupLaunch,23809086620,1127033,23777865581,12974,StartEnd,2950,2950,1,1,0,4738,4736,:4736:4738
NCCL:API Group,23810228276,1123481,23777911299,12194,StartEnd,2950,2950,1,0,1,4740,,:4740
NCCL:GroupLaunch,23810228276,1123481,23777912451,10936,StartEnd,2950,2950,1,1,0,4742,4740,:4740:4742
NCCL:API Group,23811365229,4436738,23777955850,16900,StartEnd,2950,2950,1,0,1,4744,,:4744
NCCL:GroupLaunch,23811365229,4436738,23777960425,12060,StartEnd,2950,2950,1,1,0,4746,4744,:4744:4746
NCCL:API Group,23815842031,4433730,23778004018,13365,StartEnd,2950,2950,1,0,1,4748,,:4748
NCCL:GroupLaunch,23815842031,4433730,23778004898,12364,StartEnd,2950,2950,1,1,0,4750,4748,:4748:4750
NCCL:API Group,23820316785,4468610,23778048974,13410,StartEnd,2950,2950,1,0,1,4752,,:4752
NCCL:GroupLaunch,23820316785,4468610,23778050100,12196,StartEnd,2950,2950,1,1,0,4754,4752,:4752:4754
NCCL:API Group,23824825330,29952,23778094001,12121,StartEnd,2950,2950,1,0,1,4756,,:4756
NCCL:GroupLaunch,23824825330,29952,23778095246,10784,StartEnd,2950,2950,1,1,0,4758,4756,:4756:4758
NCCL:API Group,23824858418,11680,23778138279,12930,StartEnd,2950,2950,1,0,1,4760,,:4760
NCCL:GroupLaunch,23824858418,11680,23778139533,11573,StartEnd,2950,2950,1,1,0,4762,4760,:4760:4762
NCCL:API Group,23824874706,1121145,23778185807,12910,StartEnd,2950,2950,1,0,1,4764,,:4764
NCCL:GroupLaunch,23824874706,1121145,23778186669,11704,StartEnd,2950,2950,1,1,0,4766,4764,:4764:4766
NCCL:API Group,23826007146,1125273,23778230137,11956,StartEnd,2950,2950,1,0,1,4768,,:4768
NCCL:GroupLaunch,23826007146,1125273,23778231056,10912,StartEnd,2950,2950,1,1,0,4770,4768,:4768:4770
NCCL:API Group,23827146691,1110328,23778273206,13458,StartEnd,2950,2950,1,0,1,4772,,:4772
NCCL:GroupLaunch,23827146691,1110328,23778274551,12024,StartEnd,2950,2950,1,1,0,4774,4772,:4772:4774
NCCL:API Group,23828271355,1112473,23778318202,14297,StartEnd,2950,2950,1,0,1,4776,,:4776
NCCL:GroupLaunch,23828271355,1112473,23778319734,12668,StartEnd,2950,2950,1,1,0,4778,4776,:4776:4778
NCCL:API Group,23829396628,4372898,23778365685,12036,StartEnd,2950,2950,1,0,1,4780,,:4780
NCCL:GroupLaunch,23829396628,4372898,23778366500,11129,StartEnd,2950,2950,1,1,0,4782,4780,:4780:4782
NCCL:API Group,23833809942,4378979,23778407573,13581,StartEnd,2950,2950,1,0,1,4784,,:4784
NCCL:GroupLaunch,23833809942,4378979,23778408465,12229,StartEnd,2950,2950,1,1,0,4786,4784,:4784:4786
NCCL:API Group,23838229400,4398179,23778451793,12199,StartEnd,2950,2950,1,0,1,4788,,:4788
NCCL:GroupLaunch,23838229400,4398179,23778452744,11159,StartEnd,2950,2950,1,1,0,4790,4788,:4788:4790
NCCL:API Group,23842667675,16735,23778496136,14951,StartEnd,2950,2950,1,0,1,4792,,:4792
NCCL:GroupLaunch,23842667675,16735,23778497755,13247,StartEnd,2950,2950,1,1,0,4794,4792,:4792:4794
NCCL:API Group,23842688090,11776,23778543190,14422,StartEnd,2950,2950,1,0,1,4796,,:4796
NCCL:GroupLaunch,23842688090,11776,23778544138,13348,StartEnd,2950,2950,1,1,0,4798,4796,:4796:4798
NCCL:API Group,23842704346,1123257,23778592130,12145,StartEnd,2950,2950,1,0,1,4800,,:4800
NCCL:GroupLaunch,23842704346,1123257,23778592991,10975,StartEnd,2950,2950,1,1,0,4802,4800,:4800:4802
NCCL:API Group,23843841875,1132504,23778636305,11781,StartEnd,2950,2950,1,0,1,4804,,:4804
NCCL:GroupLaunch,23843841875,1132504,23778637293,10708,StartEnd,2950,2950,1,1,0,4806,4804,:4804:4806
NCCL:API Group,23844989067,1118488,23778677952,13910,StartEnd,2950,2950,1,0,1,4808,,:4808
NCCL:GroupLaunch,23844989067,1118488,23778679280,12469,StartEnd,2950,2950,1,1,0,4810,4808,:4808:4810
NCCL:API Group,23846120483,1117657,23778721099,13470,StartEnd,2950,2950,1,0,1,4812,,:4812
NCCL:GroupLaunch,23846120483,1117657,23778722103,12355,StartEnd,2950,2950,1,1,0,4814,4812,:4812:4814
NCCL:API Group,23847250876,4375906,23778765790,11747,StartEnd,2950,2950,1,0,1,4816,,:4816
NCCL:GroupLaunch,23847250876,4375906,23778766633,10812,StartEnd,2950,2950,1,1,0,4818,4816,:4816:4818
NCCL:API Group,23851667262,4382371,23778807434,12972,StartEnd,2950,2950,1,0,1,4820,,:4820
NCCL:GroupLaunch,23851667262,4382371,23778808326,11814,StartEnd,2950,2950,1,1,0,4822,4820,:4820:4822
NCCL:API Group,23856091200,4378051,23778849383,11672,StartEnd,2950,2950,1,0,1,4824,,:4824
NCCL:GroupLaunch,23856091200,4378051,23778850300,10663,StartEnd,2950,2950,1,1,0,4826,4824,:4824:4826
NCCL:API Group,23860508611,33376,23778890579,11917,StartEnd,2950,2950,1,0,1,4828,,:4828
NCCL:GroupLaunch,23860508611,33376,23778891806,10604,StartEnd,2950,2950,1,1,0,4830,4828,:4828:4830
NCCL:API Group,23860545411,11743,23778932249,13312,StartEnd,2950,2950,1,0,1,4832,,:4832
NCCL:GroupLaunch,23860545411,11743,23778933229,12247,StartEnd,2950,2950,1,1,0,4834,4832,:4832:4834
NCCL:API Group,23860561698,1113945,23778978552,12145,StartEnd,2950,2950,1,0,1,4836,,:4836
NCCL:GroupLaunch,23860561698,1113945,23778979384,11194,StartEnd,2950,2950,1,1,0,4838,4836,:4836:4838
NCCL:API Group,23861690395,1122104,23779021046,11856,StartEnd,2950,2950,1,0,1,4840,,:4840
NCCL:GroupLaunch,23861690395,1122104,23779021935,10879,StartEnd,2950,2950,1,1,0,4842,4840,:4840:4842
NCCL:API Group,23862825907,1128633,23779063978,12114,StartEnd,2950,2950,1,0,1,4844,,:4844
NCCL:GroupLaunch,23862825907,1128633,23779065122,10876,StartEnd,2950,2950,1,1,0,4846,4844,:4844:4846
NCCL:API Group,23863966508,1110360,23779105647,13686,StartEnd,2950,2950,1,0,1,4848,,:4848
NCCL:GroupLaunch,23863966508,1110360,23779108520,10698,StartEnd,2950,2950,1,1,0,4850,4848,:4848:4850
NCCL:API Group,23865089764,4373603,23779149000,11686,StartEnd,2950,2950,1,0,1,4852,,:4852
NCCL:GroupLaunch,23865089764,4373603,23779149883,10713,StartEnd,2950,2950,1,1,0,4854,4852,:4852:4854
NCCL:API Group,23869503462,4382883,23779190932,13978,StartEnd,2950,2950,1,0,1,4856,,:4856
NCCL:GroupLaunch,23869503462,4382883,23779191785,13039,StartEnd,2950,2950,1,1,0,4858,4856,:4856:4858
NCCL:API Group,23873927017,4412930,23779235153,12037,StartEnd,2950,2950,1,0,1,4860,,:4860
NCCL:GroupLaunch,23873927017,4412930,23779236080,11017,StartEnd,2950,2950,1,1,0,4862,4860,:4860:4862
NCCL:API Group,23878383339,29408,23779277096,12038,StartEnd,2950,2950,1,0,1,4864,,:4864
NCCL:GroupLaunch,23878383339,29408,23779278131,10914,StartEnd,2950,2950,1,1,0,4866,4864,:4864:4866
NCCL:API Group,23878416042,11872,23779320571,12453,StartEnd,2950,2950,1,0,1,4868,,:4868
NCCL:GroupLaunch,23878416042,11872,23779321503,11422,StartEnd,2950,2950,1,1,0,4870,4868,:4868:4870
NCCL:API Group,23878432714,1131641,23779365133,12192,StartEnd,2950,2950,1,0,1,4872,,:4872
NCCL:GroupLaunch,23878432714,1131641,23779366005,11232,StartEnd,2950,2950,1,1,0,4874,4872,:4872:4874
NCCL:API Group,23879578435,1123640,23779407135,11729,StartEnd,2950,2950,1,0,1,4876,,:4876
NCCL:GroupLaunch,23879578435,1123640,23779408048,10721,StartEnd,2950,2950,1,1,0,4878,4876,:4876:4878
NCCL:API Group,23880716987,1116857,23779449367,15082,StartEnd,2950,2950,1,0,1,4880,,:4880
NCCL:GroupLaunch,23880716987,1116857,23779451284,13045,StartEnd,2950,2950,1,1,0,4882,4880,:4880:4882
NCCL:API Group,23881846451,1116217,23779494385,12277,StartEnd,2950,2950,1,0,1,4884,,:4884
NCCL:GroupLaunch,23881846451,1116217,23779495437,11112,StartEnd,2950,2950,1,1,0,4886,4884,:4884:4886
NCCL:API Group,23882975116,4369859,23779538009,12212,StartEnd,2950,2950,1,0,1,4888,,:4888
NCCL:GroupLaunch,23882975116,4369859,23779538881,11249,StartEnd,2950,2950,1,1,0,4890,4888,:4888:4890
NCCL:API Group,23887386414,4383491,23779581564,11944,StartEnd,2950,2950,1,0,1,4892,,:4892
NCCL:GroupLaunch,23887386414,4383491,23779582462,10918,StartEnd,2950,2950,1,1,0,4894,4892,:4892:4894
NCCL:API Group,23891810961,4400386,23779622828,12005,StartEnd,2950,2950,1,0,1,4896,,:4896
NCCL:GroupLaunch,23891810961,4400386,23779623800,10947,StartEnd,2950,2950,1,1,0,4898,4896,:4896:4898
NCCL:API Group,23896250899,32543,23779664734,11742,StartEnd,2950,2950,1,0,1,4900,,:4900
NCCL:GroupLaunch,23896250899,32543,23779665696,10657,StartEnd,2950,2950,1,1,0,4902,4900,:4900:4902
NCCL:API Group,23896288114,11328,23779707486,11596,StartEnd,2950,2950,1,0,1,4904,,:4904
NCCL:GroupLaunch,23896288114,11328,23779708403,10589,StartEnd,2950,2950,1,1,0,4906,4904,:4904:4906
NCCL:API Group,23896304370,1112185,23779753463,12211,StartEnd,2950,2950,1,0,1,4908,,:4908
NCCL:GroupLaunch,23896304370,1112185,23779754369,10900,StartEnd,2950,2950,1,1,0,4910,4908,:4908:4910
NCCL:API Group,23897430603,1121368,23779795648,11918,StartEnd,2950,2950,1,0,1,4912,,:4912
NCCL:GroupLaunch,23897430603,1121368,23779796542,10902,StartEnd,2950,2950,1,1,0,4914,4912,:4912:4914
NCCL:API Group,23898566147,1161304,23779839049,13737,StartEnd,2950,2950,1,0,1,4916,,:4916
NCCL:GroupLaunch,23898566147,1161304,23779841750,10914,StartEnd,2950,2950,1,1,0,4918,4916,:4916:4918
NCCL:API Group,23899739931,1112793,23779884099,14556,StartEnd,2950,2950,1,0,1,4920,,:4920
NCCL:GroupLaunch,23899739931,1112793,23779885017,13542,StartEnd,2950,2950,1,1,0,4922,4920,:4920:4922
NCCL:API Group,23900865204,4387650,23779931596,13002,StartEnd,2950,2950,1,0,1,4924,,:4924
NCCL:GroupLaunch,23900865204,4387650,23779932562,11846,StartEnd,2950,2950,1,1,0,4926,4924,:4924:4926
NCCL:API Group,23905292854,4380227,23779977200,12408,StartEnd,2950,2950,1,0,1,4928,,:4928
NCCL:GroupLaunch,23905292854,4380227,23779978251,11223,StartEnd,2950,2950,1,1,0,4930,4928,:4928:4930
NCCL:API Group,23909714360,4413859,23780021455,11894,StartEnd,2950,2950,1,0,1,4932,,:4932
NCCL:GroupLaunch,23909714360,4413859,23780022541,10710,StartEnd,2950,2950,1,1,0,4934,4932,:4932:4934
NCCL:API Group,23914169018,33056,23780065066,12678,StartEnd,2950,2950,1,0,1,4936,,:4936
NCCL:GroupLaunch,23914169018,33056,23780065896,11761,StartEnd,2950,2950,1,1,0,4938,4936,:4936:4938
NCCL:API Group,23914205818,11872,23780110162,11766,StartEnd,2950,2950,1,0,1,4940,,:4940
NCCL:GroupLaunch,23914205818,11872,23780111114,10684,StartEnd,2950,2950,1,1,0,4942,4940,:4940:4942
NCCL:API Group,23914222074,1126968,23780154723,11977,StartEnd,2950,2950,1,0,1,4944,,:4944
NCCL:GroupLaunch,23914222074,1126968,23780155708,10902,StartEnd,2950,2950,1,1,0,4946,4944,:4944:4946
NCCL:API Group,23915363730,1122617,23780197358,15193,StartEnd,2950,2950,1,0,1,4948,,:4948
NCCL:GroupLaunch,23915363730,1122617,23780199275,13176,StartEnd,2950,2950,1,1,0,4950,4948,:4948:4950
NCCL:API Group,23916500651,1119576,23780247105,13344,StartEnd,2950,2950,1,0,1,4952,,:4952
NCCL:GroupLaunch,23916500651,1119576,23780248044,12025,StartEnd,2950,2950,1,1,0,4954,4952,:4952:4954
NCCL:API Group,23917634115,1118905,23780291144,12327,StartEnd,2950,2950,1,0,1,4956,,:4956
NCCL:GroupLaunch,23917634115,1118905,23780292049,10952,StartEnd,2950,2950,1,1,0,4958,4956,:4956:4958
NCCL:API Group,23918766523,4372963,23780337105,13119,StartEnd,2950,2950,1,0,1,4960,,:4960
NCCL:GroupLaunch,23918766523,4372963,23780338080,12043,StartEnd,2950,2950,1,1,0,4962,4960,:4960:4962
NCCL:API Group,23923180894,4390786,23780382127,13255,StartEnd,2950,2950,1,0,1,4964,,:4964
NCCL:GroupLaunch,23923180894,4390786,23780383908,11382,StartEnd,2950,2950,1,1,0,4966,4964,:4964:4966
NCCL:API Group,23927613024,4388771,23780426934,12774,StartEnd,2950,2950,1,0,1,4968,,:4968
NCCL:GroupLaunch,23927613024,4388771,23780427893,11712,StartEnd,2950,2950,1,1,0,4970,4968,:4968:4970
NCCL:API Group,23932044802,27264,23780471573,12921,StartEnd,2950,2950,1,0,1,4972,,:4972
NCCL:GroupLaunch,23932044802,27264,23780472439,11933,StartEnd,2950,2950,1,1,0,4974,4972,:4972:4974
NCCL:API Group,23932075426,11712,23780516847,12129,StartEnd,2950,2950,1,0,1,4976,,:4976
NCCL:GroupLaunch,23932075426,11712,23780517739,11117,StartEnd,2950,2950,1,1,0,4978,4976,:4976:4978
NCCL:API Group,23932091682,1106041,23780563032,12427,StartEnd,2950,2950,1,0,1,4980,,:4980
NCCL:GroupLaunch,23932091682,1106041,23780563919,11438,StartEnd,2950,2950,1,1,0,4982,4980,:4980:4982
NCCL:API Group,23933212218,1113625,23780607099,16280,StartEnd,2950,2950,1,0,1,4984,,:4984
NCCL:GroupLaunch,23933212218,1113625,23780609724,13519,StartEnd,2950,2950,1,1,0,4986,4984,:4984:4986
NCCL:API Group,23934337491,1113528,23780655036,12674,StartEnd,2950,2950,1,0,1,4988,,:4988
NCCL:GroupLaunch,23934337491,1113528,23780655978,11407,StartEnd,2950,2950,1,1,0,4990,4988,:4988:4990
NCCL:API Group,23935463787,1111481,23780704445,13089,StartEnd,2950,2950,1,0,1,4992,,:4992
NCCL:GroupLaunch,23935463787,1111481,23780705328,11960,StartEnd,2950,2950,1,1,0,4994,4992,:4992:4994
NCCL:API Group,23936589060,4388002,23780750693,13518,StartEnd,2950,2950,1,0,1,4996,,:4996
NCCL:GroupLaunch,23936589060,4388002,23780751534,12583,StartEnd,2950,2950,1,1,0,4998,4996,:4996:4998
NCCL:API Group,23941017094,4390243,23780795006,12101,StartEnd,2950,2950,1,0,1,5000,,:5000
NCCL:GroupLaunch,23941017094,4390243,23780796006,10983,StartEnd,2950,2950,1,1,0,5002,5000,:5000:5002
NCCL:API Group,23945447848,4354723,23780838625,12571,StartEnd,2950,2950,1,0,1,5004,,:5004
NCCL:GroupLaunch,23945447848,4354723,23780839585,11487,StartEnd,2950,2950,1,1,0,5006,5004,:5004:5006
NCCL:API Group,23949843691,16256,23780882471,13372,StartEnd,2950,2950,1,0,1,5008,,:5008
NCCL:GroupLaunch,23949843691,16256,23780883374,12226,StartEnd,2950,2950,1,1,0,5010,5008,:5008:5010
NCCL:API Group,23949864139,10976,23780927538,12110,StartEnd,2950,2950,1,0,1,5012,,:5012
NCCL:GroupLaunch,23949864139,10976,23780928692,10829,StartEnd,2950,2950,1,1,0,5014,5012,:5012:5014
NCCL:API Group,23949878795,1113368,23780971951,14090,StartEnd,2950,2950,1,0,1,5016,,:5016
NCCL:GroupLaunch,23949878795,1113368,23780972909,13012,StartEnd,2950,2950,1,1,0,5018,5016,:5016:5018
NCCL:API Group,23951004003,1111065,23781017775,13717,StartEnd,2950,2950,1,0,1,5020,,:5020
NCCL:GroupLaunch,23951004003,1111065,23781018816,12560,StartEnd,2950,2950,1,1,0,5022,5020,:5020:5022
NCCL:API Group,23952126235,1112665,23781062519,12718,StartEnd,2950,2950,1,0,1,5024,,:5024
NCCL:GroupLaunch,23952126235,1112665,23781063405,11528,StartEnd,2950,2950,1,1,0,5026,5024,:5024:5026
NCCL:API Group,23953251476,1114392,23781106612,12473,StartEnd,2950,2950,1,0,1,5028,,:5028
NCCL:GroupLaunch,23953251476,1114392,23781107502,11385,StartEnd,2950,2950,1,1,0,5030,5028,:5028:5030
NCCL:API Group,23954380204,4371587,23781153926,13412,StartEnd,2950,2950,1,0,1,5032,,:5032
NCCL:GroupLaunch,23954380204,4371587,23781154868,12353,StartEnd,2950,2950,1,1,0,5034,5032,:5032:5034
NCCL:API Group,23958795599,4369826,23781198547,12008,StartEnd,2950,2950,1,0,1,5036,,:5036
NCCL:GroupLaunch,23958795599,4369826,23781199729,10728,StartEnd,2950,2950,1,1,0,5038,5036,:5036:5038
NCCL:API Group,23963205809,4367107,23781240860,11962,StartEnd,2950,2950,1,0,1,5040,,:5040
NCCL:GroupLaunch,23963205809,4367107,23781241730,10978,StartEnd,2950,2950,1,1,0,5042,5040,:5040:5042
NCCL:API Group,23967610931,27328,23781283579,11944,StartEnd,2950,2950,1,0,1,5044,,:5044
NCCL:GroupLaunch,23967610931,27328,23781284477,10952,StartEnd,2950,2950,1,1,0,5046,5044,:5044:5046
NCCL:API Group,23967642003,10144,23781327046,14451,StartEnd,2950,2950,1,0,1,5048,,:5048
NCCL:GroupLaunch,23967642003,10144,23781327952,13457,StartEnd,2950,2950,1,1,0,5050,5048,:5048:5050
NCCL:API Group,23967656211,1112313,23781375872,14037,StartEnd,2950,2950,1,0,1,5052,,:5052
NCCL:GroupLaunch,23967656211,1112313,23781378390,11408,StartEnd,2950,2950,1,1,0,5054,5052,:5052:5054
NCCL:API Group,23968780396,1110488,23781422894,12771,StartEnd,2950,2950,1,0,1,5056,,:5056
NCCL:GroupLaunch,23968780396,1110488,23781423931,11619,StartEnd,2950,2950,1,1,0,5058,5056,:5056:5058
NCCL:API Group,23969902692,1111673,23781467602,12596,StartEnd,2950,2950,1,0,1,5060,,:5060
NCCL:GroupLaunch,23969902692,1111673,23781468422,11324,StartEnd,2950,2950,1,1,0,5062,5060,:5060:5062
NCCL:API Group,23971029308,1108345,23781511373,11669,StartEnd,2950,2950,1,0,1,5064,,:5064
NCCL:GroupLaunch,23971029308,1108345,23781512230,10725,StartEnd,2950,2950,1,1,0,5066,5064,:5064:5066
NCCL:API Group,23972149461,4373667,23781555457,12734,StartEnd,2950,2950,1,0,1,5068,,:5068
NCCL:GroupLaunch,23972149461,4373667,23781556284,11777,StartEnd,2950,2950,1,1,0,5070,5068,:5068:5070
NCCL:API Group,23976562743,4366851,23781599161,12670,StartEnd,2950,2950,1,0,1,5072,,:5072
NCCL:GroupLaunch,23976562743,4366851,23781600406,11336,StartEnd,2950,2950,1,1,0,5074,5072,:5072:5074
NCCL:API Group,23980967898,4372098,23781642793,11698,StartEnd,2950,2950,1,0,1,5076,,:5076
NCCL:GroupLaunch,23980967898,4372098,23781643622,10775,StartEnd,2950,2950,1,1,0,5078,5076,:5076:5078
NCCL:API Group,23985381596,26240,23781687467,12115,StartEnd,2950,2950,1,0,1,5080,,:5080
NCCL:GroupLaunch,23985381596,26240,23781688307,10980,StartEnd,2950,2950,1,1,0,5082,5080,:5080:5082
NCCL:API Group,23985412284,9344,23781730866,20084,StartEnd,2950,2950,1,0,1,5084,,:5084
NCCL:GroupLaunch,23985412284,9344,23781731694,19161,StartEnd,2950,2950,1,1,0,5086,5084,:5084:5086
NCCL:API Group,23985424412,1110328,23781787578,12894,StartEnd,2950,2950,1,0,1,5088,,:5088
NCCL:GroupLaunch,23985424412,1110328,23781788877,11482,StartEnd,2950,2950,1,1,0,5090,5088,:5088:5090
NCCL:API Group,23986549684,1112089,23781835803,13582,StartEnd,2950,2950,1,0,1,5092,,:5092
NCCL:GroupLaunch,23986549684,1112089,23781836783,12499,StartEnd,2950,2950,1,1,0,5094,5092,:5092:5094
NCCL:API Group,23987674317,1110808,23781883113,12082,StartEnd,2950,2950,1,0,1,5096,,:5096
NCCL:GroupLaunch,23987674317,1110808,23781883914,11022,StartEnd,2950,2950,1,1,0,5098,5096,:5096:5098
NCCL:API Group,23988797541,1108537,23781926464,11700,StartEnd,2950,2950,1,0,1,5100,,:5100
NCCL:GroupLaunch,23988797541,1108537,23781927474,10592,StartEnd,2950,2950,1,1,0,5102,5100,:5100:5102
NCCL:API Group,23989919710,4364098,23781972854,12408,StartEnd,2950,2950,1,0,1,5104,,:5104
NCCL:GroupLaunch,23989919710,4364098,23781973874,11272,StartEnd,2950,2950,1,1,0,5106,5104,:5104:5106
NCCL:API Group,23994324864,4367587,23782016670,12377,StartEnd,2950,2950,1,0,1,5108,,:5108
NCCL:GroupLaunch,23994324864,4367587,23782017725,11219,StartEnd,2950,2950,1,1,0,5110,5108,:5108:5110
NCCL:API Group,23998735522,4385283,23782059959,14527,StartEnd,2950,2950,1,0,1,5112,,:5112
NCCL:GroupLaunch,23998735522,4385283,23782060884,13323,StartEnd,2950,2950,1,1,0,5114,5112,:5112:5114
NCCL:API Group,24003163173,27615,23782108107,12735,StartEnd,2950,2950,1,0,1,5116,,:5116
NCCL:GroupLaunch,24003163173,27615,23782109059,11259,StartEnd,2950,2950,1,1,0,5118,5116,:5116:5118
NCCL:API Group,24003193796,9984,23782152335,13415,StartEnd,2950,2950,1,0,1,5120,,:5120
NCCL:GroupLaunch,24003193796,9984,23782154580,11050,StartEnd,2950,2950,1,1,0,5122,5120,:5120:5122
NCCL:API Group,24003208036,1108985,23782198733,12835,StartEnd,2950,2950,1,0,1,5124,,:5124
NCCL:GroupLaunch,24003208036,1108985,23782199923,11544,StartEnd,2950,2950,1,1,0,5126,5124,:5124:5126
NCCL:API Group,24004330589,1115864,23782244415,12667,StartEnd,2950,2950,1,0,1,5128,,:5128
NCCL:GroupLaunch,24004330589,1115864,23782245311,11680,StartEnd,2950,2950,1,1,0,5130,5128,:5128:5130
NCCL:API Group,24005457909,1105433,23782288393,12376,StartEnd,2950,2950,1,0,1,5132,,:5132
NCCL:GroupLaunch,24005457909,1105433,23782289341,11280,StartEnd,2950,2950,1,1,0,5134,5132,:5132:5134
NCCL:API Group,24006576014,1109784,23782331675,12670,StartEnd,2950,2950,1,0,1,5136,,:5136
NCCL:GroupLaunch,24006576014,1109784,23782332533,11717,StartEnd,2950,2950,1,1,0,5138,5136,:5136:5138
NCCL:API Group,24007697190,4357731,23782377056,12241,StartEnd,2950,2950,1,0,1,5140,,:5140
NCCL:GroupLaunch,24007697190,4357731,23782378117,11084,StartEnd,2950,2950,1,1,0,5142,5140,:5140:5142
NCCL:API Group,24012096553,4363586,23782420080,12571,StartEnd,2950,2950,1,0,1,5144,,:5144
NCCL:GroupLaunch,24012096553,4363586,23782421047,11488,StartEnd,2950,2950,1,1,0,5146,5144,:5144:5146
NCCL:API Group,24016501707,4360003,23782463525,13641,StartEnd,2950,2950,1,0,1,5148,,:5148
NCCL:GroupLaunch,24016501707,4360003,23782464430,12593,StartEnd,2950,2950,1,1,0,5150,5148,:5148:5150
NCCL:API Group,24020902670,20095,23782508395,13522,StartEnd,2950,2950,1,0,1,5152,,:5152
NCCL:GroupLaunch,24020902670,20095,23782509317,12482,StartEnd,2950,2950,1,1,0,5154,5152,:5152:5154
NCCL:API Group,24020927213,9792,23782553168,11822,StartEnd,2950,2950,1,0,1,5156,,:5156
NCCL:GroupLaunch,24020927213,9792,23782554155,10740,StartEnd,2950,2950,1,1,0,5158,5156,:5156:5158
NCCL:API Group,24020941837,1111833,23782598819,13974,StartEnd,2950,2950,1,0,1,5160,,:5160
NCCL:GroupLaunch,24020941837,1111833,23782600359,12315,StartEnd,2950,2950,1,1,0,5162,5160,:5160:5162
NCCL:API Group,24022067078,1106776,23782644285,11933,StartEnd,2950,2950,1,0,1,5164,,:5164
NCCL:GroupLaunch,24022067078,1106776,23782645131,10962,StartEnd,2950,2950,1,1,0,5166,5164,:5164:5166
NCCL:API Group,24023187198,1112953,23782687646,12188,StartEnd,2950,2950,1,0,1,5168,,:5168
NCCL:GroupLaunch,24023187198,1112953,23782688497,11106,StartEnd,2950,2950,1,1,0,5170,5168,:5168:5170
NCCL:API Group,24024312503,1112184,23782731665,13114,StartEnd,2950,2950,1,0,1,5172,,:5172
NCCL:GroupLaunch,24024312503,1112184,23782732492,12164,StartEnd,2950,2950,1,1,0,5174,5172,:5172:5174
NCCL:API Group,24025437135,4359651,23782778068,13883,StartEnd,2950,2950,1,0,1,5176,,:5176
NCCL:GroupLaunch,24025437135,4359651,23782779039,12822,StartEnd,2950,2950,1,1,0,5178,5176,:5176:5178
NCCL:API Group,24029838161,4380995,23782823475,12604,StartEnd,2950,2950,1,0,1,5180,,:5180
NCCL:GroupLaunch,24029838161,4380995,23782824384,11593,StartEnd,2950,2950,1,1,0,5182,5180,:5180:5182
NCCL:API Group,24034259636,4375330,23782867055,13226,StartEnd,2950,2950,1,0,1,5184,,:5184
NCCL:GroupLaunch,24034259636,4375330,23782867925,12264,StartEnd,2950,2950,1,1,0,5186,5184,:5184:5186
NCCL:API Group,24038676054,14784,23782911551,13913,StartEnd,2950,2950,1,0,1,5188,,:5188
NCCL:GroupLaunch,24038676054,14784,23782913853,11516,StartEnd,2950,2950,1,1,0,5190,5188,:5188:5190
NCCL:API Group,24038694806,10144,23782957166,12733,StartEnd,2950,2950,1,0,1,5192,,:5192
NCCL:GroupLaunch,24038694806,10144,23782958191,11621,StartEnd,2950,2950,1,1,0,5194,5192,:5192:5194
NCCL:API Group,24038709078,1111704,23783003762,14558,StartEnd,2950,2950,1,0,1,5196,,:5196
NCCL:GroupLaunch,24038709078,1111704,23783005179,13014,StartEnd,2950,2950,1,1,0,5198,5196,:5196:5198
NCCL:API Group,24039835278,1108025,23783051485,11988,StartEnd,2950,2950,1,0,1,5200,,:5200
NCCL:GroupLaunch,24039835278,1108025,23783052404,10976,StartEnd,2950,2950,1,1,0,5202,5200,:5200:5202
NCCL:API Group,24040956487,1109464,23783095338,12388,StartEnd,2950,2950,1,0,1,5204,,:5204
NCCL:GroupLaunch,24040956487,1109464,23783096224,10987,StartEnd,2950,2950,1,1,0,5206,5204,:5204:5206
NCCL:API Group,24042081119,1108313,23783139852,13338,StartEnd,2950,2950,1,0,1,5208,,:5208
NCCL:GroupLaunch,24042081119,1108313,23783140899,12168,StartEnd,2950,2950,1,1,0,5210,5208,:5208:5210
NCCL:API Group,24043202296,4359139,23783186817,12113,StartEnd,2950,2950,1,0,1,5212,,:5212
NCCL:GroupLaunch,24043202296,4359139,23783187985,10847,StartEnd,2950,2950,1,1,0,5214,5212,:5212:5214
NCCL:API Group,24047601274,4374723,23783230007,11556,StartEnd,2950,2950,1,0,1,5216,,:5216
NCCL:GroupLaunch,24047601274,4374723,23783230809,10638,StartEnd,2950,2950,1,1,0,5218,5216,:5216:5218
NCCL:API Group,24052016637,4391683,23783271944,16240,StartEnd,2950,2950,1,0,1,5220,,:5220
NCCL:GroupLaunch,24052016637,4391683,23783272823,14836,StartEnd,2950,2950,1,1,0,5222,5220,:5220:5222
NCCL:API Group,24056448799,27744,23783320323,12100,StartEnd,2950,2950,1,0,1,5224,,:5224
NCCL:GroupLaunch,24056448799,27744,23783321185,11118,StartEnd,2950,2950,1,1,0,5226,5224,:5224:5226
NCCL:API Group,24056481471,9280,23783364693,12101,StartEnd,2950,2950,1,0,1,5228,,:5228
NCCL:GroupLaunch,24056481471,9280,23783365696,11003,StartEnd,2950,2950,1,1,0,5230,5228,:5228:5230
NCCL:API Group,24056493631,1111609,23783410442,13836,StartEnd,2950,2950,1,0,1,5232,,:5232
NCCL:GroupLaunch,24056493631,1111609,23783411510,12680,StartEnd,2950,2950,1,1,0,5234,5232,:5232:5234
NCCL:API Group,24057616856,1112664,23783454286,12034,StartEnd,2950,2950,1,0,1,5236,,:5236
NCCL:GroupLaunch,24057616856,1112664,23783455157,11060,StartEnd,2950,2950,1,1,0,5238,5236,:5236:5238
NCCL:API Group,24058743536,1108537,23783498205,21965,StartEnd,2950,2950,1,0,1,5240,,:5240
NCCL:GroupLaunch,24058743536,1108537,23783499037,21034,StartEnd,2950,2950,1,1,0,5242,5240,:5240:5242
NCCL:API Group,24059864713,1109848,23783553373,13220,StartEnd,2950,2950,1,0,1,5244,,:5244
NCCL:GroupLaunch,24059864713,1109848,23783554697,11799,StartEnd,2950,2950,1,1,0,5246,5244,:5244:5246
NCCL:API Group,24060986881,4380003,23783600341,12814,StartEnd,2950,2950,1,0,1,5248,,:5248
NCCL:GroupLaunch,24060986881,4380003,23783601677,11390,StartEnd,2950,2950,1,1,0,5250,5248,:5248:5250
NCCL:API Group,24065408420,4380483,23783644928,12744,StartEnd,2950,2950,1,0,1,5252,,:5252
NCCL:GroupLaunch,24065408420,4380483,23783645851,11724,StartEnd,2950,2950,1,1,0,5254,5252,:5252:5254
NCCL:API Group,24069830343,4369570,23783689561,13510,StartEnd,2950,2950,1,0,1,5256,,:5256
NCCL:GroupLaunch,24069830343,4369570,23783691686,11265,StartEnd,2950,2950,1,1,0,5258,5256,:5256:5258
NCCL:API Group,24074240553,15744,23783735019,11566,StartEnd,2950,2950,1,0,1,5260,,:5260
NCCL:GroupLaunch,24074240553,15744,23783735885,10580,StartEnd,2950,2950,1,1,0,5262,5260,:5260:5262
NCCL:API Group,24074260937,10656,23783778170,11726,StartEnd,2950,2950,1,0,1,5264,,:5264
NCCL:GroupLaunch,24074260937,10656,23783779103,10706,StartEnd,2950,2950,1,1,0,5266,5264,:5264:5266
NCCL:API Group,24074275209,1107929,23783823686,12391,StartEnd,2950,2950,1,0,1,5268,,:5268
NCCL:GroupLaunch,24074275209,1107929,23783824612,11372,StartEnd,2950,2950,1,1,0,5270,5268,:5268:5270
NCCL:API Group,24075397761,1106041,23783866788,12551,StartEnd,2950,2950,1,0,1,5272,,:5272
NCCL:GroupLaunch,24075397761,1106041,23783867608,11477,StartEnd,2950,2950,1,1,0,5274,5272,:5272:5274
NCCL:API Group,24076516890,1111769,23783910958,11955,StartEnd,2950,2950,1,0,1,5276,,:5276
NCCL:GroupLaunch,24076516890,1111769,23783911856,10923,StartEnd,2950,2950,1,1,0,5278,5276,:5276:5278
NCCL:API Group,24077641107,1103576,23783955769,13037,StartEnd,2950,2950,1,0,1,5280,,:5280
NCCL:GroupLaunch,24077641107,1103576,23783957112,11573,StartEnd,2950,2950,1,1,0,5282,5280,:5280:5282
NCCL:API Group,24078756171,4362499,23784002183,13187,StartEnd,2950,2950,1,0,1,5284,,:5284
NCCL:GroupLaunch,24078756171,4362499,23784003766,11479,StartEnd,2950,2950,1,1,0,5286,5284,:5284:5286
NCCL:API Group,24083159630,4366275,23784046484,13312,StartEnd,2950,2950,1,0,1,5288,,:5288
NCCL:GroupLaunch,24083159630,4366275,23784047306,12401,StartEnd,2950,2950,1,1,0,5290,5288,:5288:5290
NCCL:API Group,24087564753,4357795,23784091889,12042,StartEnd,2950,2950,1,0,1,5292,,:5292
NCCL:GroupLaunch,24087564753,4357795,23784092805,10737,StartEnd,2950,2950,1,1,0,5294,5292,:5292:5294
NCCL:API Group,24091963731,19808,23784136527,11749,StartEnd,2950,2950,1,0,1,5296,,:5296
NCCL:GroupLaunch,24091963731,19808,23784137349,10810,StartEnd,2950,2950,1,1,0,5298,5296,:5296:5298
NCCL:API Group,24091988243,9344,23784180689,11926,StartEnd,2950,2950,1,0,1,5300,,:5300
NCCL:GroupLaunch,24091988243,9344,23784181717,10758,StartEnd,2950,2950,1,1,0,5302,5300,:5300:5302
NCCL:API Group,24092000819,1111833,23784228349,14093,StartEnd,2950,2950,1,0,1,5304,,:5304
NCCL:GroupLaunch,24092000819,1111833,23784229194,13134,StartEnd,2950,2950,1,1,0,5306,5304,:5304:5306
NCCL:API Group,24093124012,1114232,23784273905,21542,StartEnd,2950,2950,1,0,1,5308,,:5308
NCCL:GroupLaunch,24093124012,1114232,23784274761,20147,StartEnd,2950,2950,1,1,0,5310,5308,:5308:5310
NCCL:API Group,24094250308,1112153,23784329111,12522,StartEnd,2950,2950,1,0,1,5312,,:5312
NCCL:GroupLaunch,24094250308,1112153,23784329974,11539,StartEnd,2950,2950,1,1,0,5314,5312,:5312:5314
NCCL:API Group,24095373533,1113336,23784376056,13247,StartEnd,2950,2950,1,0,1,5316,,:5316
NCCL:GroupLaunch,24095373533,1113336,23784377659,11546,StartEnd,2950,2950,1,1,0,5318,5316,:5316:5318
NCCL:API Group,24096498165,4385987,23784423284,12822,StartEnd,2950,2950,1,0,1,5320,,:5320
NCCL:GroupLaunch,24096498165,4385987,23784424356,11658,StartEnd,2950,2950,1,1,0,5322,5320,:5320:5322
NCCL:API Group,24100925816,4368771,23784467415,14860,StartEnd,2950,2950,1,0,1,5324,,:5324
NCCL:GroupLaunch,24100925816,4368771,23784468361,13338,StartEnd,2950,2950,1,1,0,5326,5324,:5324:5326
NCCL:API Group,24105335002,4374851,23784514510,12227,StartEnd,2950,2950,1,0,1,5328,,:5328
NCCL:GroupLaunch,24105335002,4374851,23784515403,11104,StartEnd,2950,2950,1,1,0,5330,5328,:5328:5330
NCCL:API Group,24109750397,29344,23784558091,11947,StartEnd,2950,2950,1,0,1,5332,,:5332
NCCL:GroupLaunch,24109750397,29344,23784559102,10810,StartEnd,2950,2950,1,1,0,5334,5332,:5332:5334
NCCL:API Group,24109783517,10432,23784602854,12529,StartEnd,2950,2950,1,0,1,5336,,:5336
NCCL:GroupLaunch,24109783517,10432,23784603847,11418,StartEnd,2950,2950,1,1,0,5338,5336,:5336:5338
NCCL:API Group,24109797725,1110200,23784651068,13916,StartEnd,2950,2950,1,0,1,5340,,:5340
NCCL:GroupLaunch,24109797725,1110200,23784652014,12874,StartEnd,2950,2950,1,1,0,5342,5340,:5340:5342
NCCL:API Group,24110922933,1109177,23784698158,12802,StartEnd,2950,2950,1,0,1,5344,,:5344
NCCL:GroupLaunch,24110922933,1109177,23784699117,11514,StartEnd,2950,2950,1,1,0,5346,5344,:5344:5346
NCCL:API Group,24112046190,1111800,23784744815,15292,StartEnd,2950,2950,1,0,1,5348,,:5348
NCCL:GroupLaunch,24112046190,1111800,23784746009,14002,StartEnd,2950,2950,1,1,0,5350,5348,:5348:5350
NCCL:API Group,24113170822,1102905,23784793045,12714,StartEnd,2950,2950,1,0,1,5352,,:5352
NCCL:GroupLaunch,24113170822,1102905,23784794565,11077,StartEnd,2950,2950,1,1,0,5354,5352,:5352:5354
NCCL:API Group,24114285855,4350499,23784839413,12323,StartEnd,2950,2950,1,0,1,5356,,:5356
NCCL:GroupLaunch,24114285855,4350499,23784840575,11037,StartEnd,2950,2950,1,1,0,5358,5356,:5356:5358
NCCL:API Group,24118676642,4367971,23784882507,15172,StartEnd,2950,2950,1,0,1,5360,,:5360
NCCL:GroupLaunch,24118676642,4367971,23784884659,12637,StartEnd,2950,2950,1,1,0,5362,5360,:5360:5362
NCCL:API Group,24123085860,4358339,23784929497,12077,StartEnd,2950,2950,1,0,1,5364,,:5364
NCCL:GroupLaunch,24123085860,4358339,23784930417,11058,StartEnd,2950,2950,1,1,0,5366,5364,:5364:5366
NCCL:API Group,24127485223,30912,23784973566,13704,StartEnd,2950,2950,1,0,1,5368,,:5368
NCCL:GroupLaunch,24127485223,30912,23784974657,12511,StartEnd,2950,2950,1,1,0,5370,5368,:5368:5370
NCCL:API Group,24127519975,10624,23785018759,13822,StartEnd,2950,2950,1,0,1,5372,,:5372
NCCL:GroupLaunch,24127519975,10624,23785020268,12216,StartEnd,2950,2950,1,1,0,5374,5372,:5372:5374
NCCL:API Group,24127534183,1109656,23785066637,12333,StartEnd,2950,2950,1,0,1,5376,,:5376
NCCL:GroupLaunch,24127534183,1109656,23785067518,11364,StartEnd,2950,2950,1,1,0,5378,5376,:5376:5378
NCCL:API Group,24128656383,1104217,23785110543,12693,StartEnd,2950,2950,1,0,1,5380,,:5380
NCCL:GroupLaunch,24128656383,1104217,23785111479,11394,StartEnd,2950,2950,1,1,0,5382,5380,:5380:5382
NCCL:API Group,24129773848,1111544,23785155223,13825,StartEnd,2950,2950,1,0,1,5384,,:5384
NCCL:GroupLaunch,24129773848,1111544,23785156534,12257,StartEnd,2950,2950,1,1,0,5386,5384,:5384:5386
NCCL:API Group,24130899120,1106905,23785201767,13755,StartEnd,2950,2950,1,0,1,5388,,:5388
NCCL:GroupLaunch,24130899120,1106905,23785202859,12566,StartEnd,2950,2950,1,1,0,5390,5388,:5388:5390
NCCL:API Group,24132017225,4384067,23785248892,14034,StartEnd,2950,2950,1,0,1,5392,,:5392
NCCL:GroupLaunch,24132017225,4384067,23785250347,12480,StartEnd,2950,2950,1,1,0,5394,5392,:5392:5394
NCCL:API Group,24136442828,4370722,23785294016,13411,StartEnd,2950,2950,1,0,1,5396,,:5396
NCCL:GroupLaunch,24136442828,4370722,23785295324,12016,StartEnd,2950,2950,1,1,0,5398,5396,:5396:5398
NCCL:API Group,24140854478,4362307,23785338923,11802,StartEnd,2950,2950,1,0,1,5400,,:5400
NCCL:GroupLaunch,24140854478,4362307,23785339814,10814,StartEnd,2950,2950,1,1,0,5402,5400,:5400:5402
NCCL:API Group,24145257553,12192,23785381683,12295,StartEnd,2950,2950,1,0,1,5404,,:5404
NCCL:GroupLaunch,24145257553,12192,23785382572,11164,StartEnd,2950,2950,1,1,0,5406,5404,:5404:5406
NCCL:API Group,24145273873,9504,23785426433,13299,StartEnd,2950,2950,1,0,1,5408,,:5408
NCCL:GroupLaunch,24145273873,9504,23785427366,12243,StartEnd,2950,2950,1,1,0,5410,5408,:5408:5410
NCCL:API Group,24145288113,1107864,23785472832,12184,StartEnd,2950,2950,1,0,1,5412,,:5412
NCCL:GroupLaunch,24145288113,1107864,23785473873,11046,StartEnd,2950,2950,1,1,0,5414,5412,:5412:5414
NCCL:API Group,24146409641,1112729,23785516693,12172,StartEnd,2950,2950,1,0,1,5416,,:5416
NCCL:GroupLaunch,24146409641,1112729,23785517577,11130,StartEnd,2950,2950,1,1,0,5418,5416,:5416:5418
NCCL:API Group,24147534946,1109624,23785560245,13606,StartEnd,2950,2950,1,0,1,5420,,:5420
NCCL:GroupLaunch,24147534946,1109624,23785561243,12420,StartEnd,2950,2950,1,1,0,5422,5420,:5420:5422
NCCL:API Group,24148657114,1109593,23785605064,13184,StartEnd,2950,2950,1,0,1,5424,,:5424
NCCL:GroupLaunch,24148657114,1109593,23785606449,11709,StartEnd,2950,2950,1,1,0,5426,5424,:5424:5426
NCCL:API Group,24149778291,4359971,23785650314,18699,StartEnd,2950,2950,1,0,1,5428,,:5428
NCCL:GroupLaunch,24149778291,4359971,23785654359,14535,StartEnd,2950,2950,1,1,0,5430,5428,:5428:5430
NCCL:API Group,24154179702,4384802,23785701391,15027,StartEnd,2950,2950,1,0,1,5432,,:5432
NCCL:GroupLaunch,24154179702,4384802,23785702275,13821,StartEnd,2950,2950,1,1,0,5434,5432,:5432:5434
NCCL:API Group,24158605304,4387523,23785751786,13520,StartEnd,2950,2950,1,0,1,5436,,:5436
NCCL:GroupLaunch,24158605304,4387523,23785753022,11983,StartEnd,2950,2950,1,1,0,5438,5436,:5436:5438
NCCL:API Group,24163032955,30367,23785797926,12915,StartEnd,2950,2950,1,0,1,5440,,:5440
NCCL:GroupLaunch,24163032955,30367,23785799598,11125,StartEnd,2950,2950,1,1,0,5442,5440,:5440:5442
NCCL:API Group,24163067706,10656,23785842371,14699,StartEnd,2950,2950,1,0,1,5444,,:5444
NCCL:GroupLaunch,24163067706,10656,23785843210,13742,StartEnd,2950,2950,1,1,0,5446,5444,:5444:5446
NCCL:API Group,24163082330,1110489,23785890581,12118,StartEnd,2950,2950,1,0,1,5448,,:5448
NCCL:GroupLaunch,24163082330,1110489,23785891447,11160,StartEnd,2950,2950,1,1,0,5450,5448,:5448:5450
NCCL:API Group,24164205523,1118424,23785934316,12011,StartEnd,2950,2950,1,0,1,5452,,:5452
NCCL:GroupLaunch,24164205523,1118424,23785935154,11089,StartEnd,2950,2950,1,1,0,5454,5452,:5452:5454
NCCL:API Group,24165337963,1109305,23785978509,12437,StartEnd,2950,2950,1,0,1,5456,,:5456
NCCL:GroupLaunch,24165337963,1109305,23785979456,11358,StartEnd,2950,2950,1,1,0,5458,5456,:5456:5458
NCCL:API Group,24166460196,1110009,23786022004,15879,StartEnd,2950,2950,1,0,1,5460,,:5460
NCCL:GroupLaunch,24166460196,1110009,23786023498,14140,StartEnd,2950,2950,1,1,0,5462,5460,:5460:5462
NCCL:API Group,24167581724,4359779,23786069828,12158,StartEnd,2950,2950,1,0,1,5464,,:5464
NCCL:GroupLaunch,24167581724,4359779,23786070685,10994,StartEnd,2950,2950,1,1,0,5466,5464,:5464:5466
NCCL:API Group,24171982751,4368131,23786113460,16943,StartEnd,2950,2950,1,0,1,5468,,:5468
NCCL:GroupLaunch,24171982751,4368131,23786114452,15832,StartEnd,2950,2950,1,1,0,5470,5468,:5468:5470
NCCL:API Group,24176391970,4372963,23786162808,12374,StartEnd,2950,2950,1,0,1,5472,,:5472
NCCL:GroupLaunch,24176391970,4372963,23786164023,11061,StartEnd,2950,2950,1,1,0,5474,5472,:5472:5474
NCCL:API Group,24180803205,31871,23786206482,13313,StartEnd,2950,2950,1,0,1,5476,,:5476
NCCL:GroupLaunch,24180803205,31871,23786207290,12381,StartEnd,2950,2950,1,1,0,5478,5476,:5476:5478
NCCL:API Group,24180838404,9952,23786252687,12530,StartEnd,2950,2950,1,0,1,5480,,:5480
NCCL:GroupLaunch,24180838404,9952,23786253490,11286,StartEnd,2950,2950,1,1,0,5482,5480,:5480:5482
NCCL:API Group,24180852612,1110521,23786299252,12227,StartEnd,2950,2950,1,0,1,5484,,:5484
NCCL:GroupLaunch,24180852612,1110521,23786300187,11206,StartEnd,2950,2950,1,1,0,5486,5484,:5484:5486
NCCL:API Group,24181975805,1110488,23786343582,12940,StartEnd,2950,2950,1,0,1,5488,,:5488
NCCL:GroupLaunch,24181975805,1110488,23786345293,11100,StartEnd,2950,2950,1,1,0,5490,5488,:5488:5490
NCCL:API Group,24183098005,1110361,23786389750,12048,StartEnd,2950,2950,1,0,1,5492,,:5492
NCCL:GroupLaunch,24183098005,1110361,23786390748,10927,StartEnd,2950,2950,1,1,0,5494,5492,:5492:5494
NCCL:API Group,24184219566,1107448,23786432291,15236,StartEnd,2950,2950,1,0,1,5496,,:5496
NCCL:GroupLaunch,24184219566,1107448,23786434450,12584,StartEnd,2950,2950,1,1,0,5498,5496,:5496:5498
NCCL:API Group,24185339718,4359043,23786479524,12557,StartEnd,2950,2950,1,0,1,5500,,:5500
NCCL:GroupLaunch,24185339718,4359043,23786480449,11515,StartEnd,2950,2950,1,1,0,5502,5500,:5500:5502
NCCL:API Group,24189739721,4370147,23786524485,12117,StartEnd,2950,2950,1,0,1,5504,,:5504
NCCL:GroupLaunch,24189739721,4370147,23786525426,11080,StartEnd,2950,2950,1,1,0,5506,5504,:5504:5506
NCCL:API Group,24194150988,4381603,23786567229,11716,StartEnd,2950,2950,1,0,1,5508,,:5508
NCCL:GroupLaunch,24194150988,4381603,23786568250,10612,StartEnd,2950,2950,1,1,0,5510,5508,:5508:5510
NCCL:API Group,24198572878,30272,23786609048,11977,StartEnd,2950,2950,1,0,1,5512,,:5512
NCCL:GroupLaunch,24198572878,30272,23786609924,10995,StartEnd,2950,2950,1,1,0,5514,5512,:5512:5514
NCCL:API Group,24198607662,9152,23786652201,12168,StartEnd,2950,2950,1,0,1,5516,,:5516
NCCL:GroupLaunch,24198607662,9152,23786653110,11136,StartEnd,2950,2950,1,1,0,5518,5516,:5516:5518
NCCL:API Group,24198619790,1107833,23786697851,12169,StartEnd,2950,2950,1,0,1,5520,,:5520
NCCL:GroupLaunch,24198619790,1107833,23786698779,11144,StartEnd,2950,2950,1,1,0,5522,5520,:5520:5522
NCCL:API Group,24199741991,1108408,23786740587,12098,StartEnd,2950,2950,1,0,1,5524,,:5524
NCCL:GroupLaunch,24199741991,1108408,23786741666,10931,StartEnd,2950,2950,1,1,0,5526,5524,:5524:5526
NCCL:API Group,24200865599,1103321,23786783898,13218,StartEnd,2950,2950,1,0,1,5528,,:5528
NCCL:GroupLaunch,24200865599,1103321,23786784870,12151,StartEnd,2950,2950,1,1,0,5530,5528,:5528:5530
NCCL:API Group,24201981656,1112312,23786829428,12634,StartEnd,2950,2950,1,0,1,5532,,:5532
NCCL:GroupLaunch,24201981656,1112312,23786830345,11366,StartEnd,2950,2950,1,1,0,5534,5532,:5532:5534
NCCL:API Group,24203108944,4359491,23786876732,11797,StartEnd,2950,2950,1,0,1,5536,,:5536
NCCL:GroupLaunch,24203108944,4359491,23786877617,10816,StartEnd,2950,2950,1,1,0,5538,5536,:5536:5538
NCCL:API Group,24207508979,4362051,23786919492,11660,StartEnd,2950,2950,1,0,1,5540,,:5540
NCCL:GroupLaunch,24207508979,4362051,23786920367,10690,StartEnd,2950,2950,1,1,0,5542,5540,:5540:5542
NCCL:API Group,24211911414,4391266,23786960906,12934,StartEnd,2950,2950,1,0,1,5544,,:5544
NCCL:GroupLaunch,24211911414,4391266,23786961885,11816,StartEnd,2950,2950,1,1,0,5546,5544,:5544:5546
NCCL:API Group,24216343192,31584,23787005120,13562,StartEnd,2950,2950,1,0,1,5548,,:5548
NCCL:GroupLaunch,24216343192,31584,23787006038,12384,StartEnd,2950,2950,1,1,0,5550,5548,:5548:5550
NCCL:API Group,24216377912,10400,23787049591,12306,StartEnd,2950,2950,1,0,1,5552,,:5552
NCCL:GroupLaunch,24216377912,10400,23787050474,11014,StartEnd,2950,2950,1,1,0,5554,5552,:5552:5554
NCCL:API Group,24216392120,1110136,23787094511,12008,StartEnd,2950,2950,1,0,1,5556,,:5556
NCCL:GroupLaunch,24216392120,1110136,23787095358,11071,StartEnd,2950,2950,1,1,0,5558,5556,:5556:5558
NCCL:API Group,24217515728,1104729,23787136708,15189,StartEnd,2950,2950,1,0,1,5560,,:5560
NCCL:GroupLaunch,24217515728,1104729,23787137815,13957,StartEnd,2950,2950,1,1,0,5562,5560,:5560:5562
NCCL:API Group,24218631785,1106777,23787182839,14236,StartEnd,2950,2950,1,0,1,5564,,:5564
NCCL:GroupLaunch,24218631785,1106777,23787185159,11795,StartEnd,2950,2950,1,1,0,5566,5564,:5564:5566
NCCL:API Group,24219750881,1104601,23787228778,12084,StartEnd,2950,2950,1,0,1,5568,,:5568
NCCL:GroupLaunch,24219750881,1104601,23787229615,11150,StartEnd,2950,2950,1,1,0,5570,5568,:5568:5570
NCCL:API Group,24220866970,4364579,23787356620,14625,StartEnd,2950,2950,1,0,1,5572,,:5572
NCCL:GroupLaunch,24220866970,4364579,23787357695,13463,StartEnd,2950,2950,1,1,0,5574,5572,:5572:5574
NCCL:API Group,24225272477,4378339,23787407252,12688,StartEnd,2950,2950,1,0,1,5576,,:5576
NCCL:GroupLaunch,24225272477,4378339,23787408770,11041,StartEnd,2950,2950,1,1,0,5578,5576,:5576:5578
NCCL:API Group,24229690911,4368291,23787451561,13012,StartEnd,2950,2950,1,0,1,5580,,:5580
NCCL:GroupLaunch,24229690911,4368291,23787452753,11731,StartEnd,2950,2950,1,1,0,5582,5580,:5580:5582
NCCL:API Group,24234100130,26432,23787496977,13153,StartEnd,2950,2950,1,0,1,5584,,:5584
NCCL:GroupLaunch,24234100130,26432,23787497934,12072,StartEnd,2950,2950,1,1,0,5586,5584,:5584:5586
NCCL:API Group,24234130786,9792,23787541789,12890,StartEnd,2950,2950,1,0,1,5588,,:5588
NCCL:GroupLaunch,24234130786,9792,23787542691,11746,StartEnd,2950,2950,1,1,0,5590,5588,:5588:5590
NCCL:API Group,24234145410,1105368,23787591241,12813,StartEnd,2950,2950,1,0,1,5592,,:5592
NCCL:GroupLaunch,24234145410,1105368,23787592681,11275,StartEnd,2950,2950,1,1,0,5594,5592,:5592:5594
NCCL:API Group,24235263482,1112313,23787636654,14944,StartEnd,2950,2950,1,0,1,5596,,:5596
NCCL:GroupLaunch,24235263482,1112313,23787637978,13524,StartEnd,2950,2950,1,1,0,5598,5596,:5596:5598
NCCL:API Group,24236388755,1106424,23787682282,13121,StartEnd,2950,2950,1,0,1,5600,,:5600
NCCL:GroupLaunch,24236388755,1106424,23787683226,12077,StartEnd,2950,2950,1,1,0,5602,5600,:5600:5602
NCCL:API Group,24237506859,1114585,23787725888,12458,StartEnd,2950,2950,1,0,1,5604,,:5604
NCCL:GroupLaunch,24237506859,1114585,23787726738,11219,StartEnd,2950,2950,1,1,0,5606,5604,:5604:5606
NCCL:API Group,24238636612,4354979,23787771666,13445,StartEnd,2950,2950,1,0,1,5608,,:5608
NCCL:GroupLaunch,24238636612,4354979,23787772645,12366,StartEnd,2950,2950,1,1,0,5610,5608,:5608:5610
NCCL:API Group,24243033575,4369155,23787816522,12062,StartEnd,2950,2950,1,0,1,5612,,:5612
NCCL:GroupLaunch,24243033575,4369155,23787817490,10978,StartEnd,2950,2950,1,1,0,5614,5612,:5612:5614
NCCL:API Group,24247442761,4387683,23787862651,12754,StartEnd,2950,2950,1,0,1,5616,,:5616
NCCL:GroupLaunch,24247442761,4387683,23787863681,11626,StartEnd,2950,2950,1,1,0,5618,5616,:5616:5618
NCCL:API Group,24251872460,27520,23787906546,14417,StartEnd,2950,2950,1,0,1,5620,,:5620
NCCL:GroupLaunch,24251872460,27520,23787907463,13262,StartEnd,2950,2950,1,1,0,5622,5620,:5620:5622
NCCL:API Group,24251903500,9504,23787952222,13609,StartEnd,2950,2950,1,0,1,5624,,:5624
NCCL:GroupLaunch,24251903500,9504,23787953131,12604,StartEnd,2950,2950,1,1,0,5626,5624,:5624:5626
NCCL:API Group,24251917740,1104568,23788003825,13233,StartEnd,2950,2950,1,0,1,5628,,:5628
NCCL:GroupLaunch,24251917740,1104568,23788005194,11746,StartEnd,2950,2950,1,1,0,5630,5628,:5628:5630
NCCL:API Group,24253036804,1109785,23788050197,17357,StartEnd,2950,2950,1,0,1,5632,,:5632
NCCL:GroupLaunch,24253036804,1109785,23788053213,14206,StartEnd,2950,2950,1,1,0,5634,5632,:5632:5634
NCCL:API Group,24254159069,1103640,23788101915,12585,StartEnd,2950,2950,1,0,1,5636,,:5636
NCCL:GroupLaunch,24254159069,1103640,23788102804,11607,StartEnd,2950,2950,1,1,0,5638,5636,:5636:5638
NCCL:API Group,24255276501,1110169,23788149356,12453,StartEnd,2950,2950,1,0,1,5640,,:5640
NCCL:GroupLaunch,24255276501,1110169,23788150285,10849,StartEnd,2950,2950,1,1,0,5642,5640,:5640:5642
NCCL:API Group,24256399726,4372515,23788194683,13775,StartEnd,2950,2950,1,0,1,5644,,:5644
NCCL:GroupLaunch,24256399726,4372515,23788195610,12757,StartEnd,2950,2950,1,1,0,5646,5644,:5644:5646
NCCL:API Group,24260809968,4357827,23788242576,12721,StartEnd,2950,2950,1,0,1,5648,,:5648
NCCL:GroupLaunch,24260809968,4357827,23788244091,11111,StartEnd,2950,2950,1,1,0,5650,5648,:5648:5650
NCCL:API Group,24265207923,4368451,23788290651,12059,StartEnd,2950,2950,1,0,1,5652,,:5652
NCCL:GroupLaunch,24265207923,4368451,23788291489,11133,StartEnd,2950,2950,1,1,0,5654,5652,:5652:5654
NCCL:API Group,24269617558,29920,23788334683,13017,StartEnd,2950,2950,1,0,1,5656,,:5656
NCCL:GroupLaunch,24269617558,29920,23788335622,11605,StartEnd,2950,2950,1,1,0,5658,5656,:5656:5658
NCCL:API Group,24269652310,11008,23788379694,11826,StartEnd,2950,2950,1,0,1,5660,,:5660
NCCL:GroupLaunch,24269652310,11008,23788380623,10785,StartEnd,2950,2950,1,1,0,5662,5660,:5660:5662
NCCL:API Group,24269666486,1113272,23788427725,13542,StartEnd,2950,2950,1,0,1,5664,,:5664
NCCL:GroupLaunch,24269666486,1113272,23788428781,12364,StartEnd,2950,2950,1,1,0,5666,5664,:5664:5666
NCCL:API Group,24270793806,1109081,23788476647,12966,StartEnd,2950,2950,1,0,1,5668,,:5668
NCCL:GroupLaunch,24270793806,1109081,23788477616,11877,StartEnd,2950,2950,1,1,0,5670,5668,:5668:5670
NCCL:API Group,24271914343,1107480,23788522260,12924,StartEnd,2950,2950,1,0,1,5672,,:5672
NCCL:GroupLaunch,24271914343,1107480,23788523154,11712,StartEnd,2950,2950,1,1,0,5674,5672,:5672:5674
NCCL:API Group,24273034495,1106297,23788567716,12434,StartEnd,2950,2950,1,0,1,5676,,:5676
NCCL:GroupLaunch,24273034495,1106297,23788568612,11305,StartEnd,2950,2950,1,1,0,5678,5676,:5676:5678
NCCL:API Group,24274153592,4369507,23788616671,12979,StartEnd,2950,2950,1,0,1,5680,,:5680
NCCL:GroupLaunch,24274153592,4369507,23788617991,11557,StartEnd,2950,2950,1,1,0,5682,5680,:5680:5682
NCCL:API Group,24278562842,4364387,23788662070,12416,StartEnd,2950,2950,1,0,1,5684,,:5684
NCCL:GroupLaunch,24278562842,4364387,23788663374,10997,StartEnd,2950,2950,1,1,0,5686,5684,:5684:5686
NCCL:API Group,24282968349,4379075,23788711016,14760,StartEnd,2950,2950,1,0,1,5688,,:5688
NCCL:GroupLaunch,24282968349,4379075,23788711879,13805,StartEnd,2950,2950,1,1,0,5690,5688,:5688:5690
NCCL:API Group,24287387840,27200,23788764808,12289,StartEnd,2950,2950,1,0,1,5692,,:5692
NCCL:GroupLaunch,24287387840,27200,23788765744,11139,StartEnd,2950,2950,1,1,0,5694,5692,:5692:5694
NCCL:API Group,24287418463,10496,23788813193,12216,StartEnd,2950,2950,1,0,1,5696,,:5696
NCCL:GroupLaunch,24287418463,10496,23788814211,11073,StartEnd,2950,2950,1,1,0,5698,5696,:5696:5698
NCCL:API Group,24287432671,1120953,23788859970,25952,StartEnd,2950,2950,1,0,1,5700,,:5700
NCCL:GroupLaunch,24287432671,1120953,23788872778,12787,StartEnd,2950,2950,1,1,0,5702,5700,:5700:5702
NCCL:API Group,24288568568,1102968,23788923562,14513,StartEnd,2950,2950,1,0,1,5704,,:5704
NCCL:GroupLaunch,24288568568,1102968,23788925279,12445,StartEnd,2950,2950,1,1,0,5706,5704,:5704:5706
NCCL:API Group,24289686672,1108089,23788971010,14636,StartEnd,2950,2950,1,0,1,5708,,:5708
NCCL:GroupLaunch,24289686672,1108089,23788972497,12449,StartEnd,2950,2950,1,1,0,5710,5708,:5708:5710
NCCL:API Group,24290805769,1106617,23789017206,13461,StartEnd,2950,2950,1,0,1,5712,,:5712
NCCL:GroupLaunch,24290805769,1106617,23789018865,11452,StartEnd,2950,2950,1,1,0,5714,5712,:5712:5714
NCCL:API Group,24291925954,4362498,23789068281,14149,StartEnd,2950,2950,1,0,1,5716,,:5716
NCCL:GroupLaunch,24291925954,4362498,23789070175,11853,StartEnd,2950,2950,1,1,0,5718,5716,:5716:5718
NCCL:API Group,24296329412,4367139,23789116169,14583,StartEnd,2950,2950,1,0,1,5720,,:5720
NCCL:GroupLaunch,24296329412,4367139,23789118339,12097,StartEnd,2950,2950,1,1,0,5722,5720,:5720:5722
NCCL:API Group,24300738663,4359075,23789163129,13575,StartEnd,2950,2950,1,0,1,5724,,:5724
NCCL:GroupLaunch,24300738663,4359075,23789164852,11473,StartEnd,2950,2950,1,1,0,5726,5724,:5724:5726
NCCL:API Group,24305138602,21663,23789209848,13746,StartEnd,2950,2950,1,0,1,5728,,:5728
NCCL:GroupLaunch,24305138602,21663,23789211484,11341,StartEnd,2950,2950,1,1,0,5730,5728,:5728:5730
NCCL:API Group,24305163145,9856,23789259734,15026,StartEnd,2950,2950,1,0,1,5732,,:5732
NCCL:GroupLaunch,24305163145,9856,23789262818,11540,StartEnd,2950,2950,1,1,0,5734,5732,:5732:5734
NCCL:API Group,24305177769,1103193,23789309083,14435,StartEnd,2950,2950,1,0,1,5736,,:5736
NCCL:GroupLaunch,24305177769,1103193,23789311204,11996,StartEnd,2950,2950,1,1,0,5738,5736,:5736:5738
NCCL:API Group,24306293826,1116441,23789359098,13935,StartEnd,2950,2950,1,0,1,5740,,:5740
NCCL:GroupLaunch,24306293826,1116441,23789360820,11902,StartEnd,2950,2950,1,1,0,5742,5740,:5740:5742
NCCL:API Group,24307423130,1104537,23789405973,14243,StartEnd,2950,2950,1,0,1,5744,,:5744
NCCL:GroupLaunch,24307423130,1104537,23789407576,11987,StartEnd,2950,2950,1,1,0,5746,5744,:5744:5746
NCCL:API Group,24308541267,1108441,23789451237,13158,StartEnd,2950,2950,1,0,1,5748,,:5748
NCCL:GroupLaunch,24308541267,1108441,23789452781,11499,StartEnd,2950,2950,1,1,0,5750,5748,:5748:5750
NCCL:API Group,24309662860,4356579,23789498812,15416,StartEnd,2950,2950,1,0,1,5752,,:5752
NCCL:GroupLaunch,24309662860,4356579,23789500493,13337,StartEnd,2950,2950,1,1,0,5754,5752,:5752:5754
NCCL:API Group,24314060782,4361667,23789549385,14583,StartEnd,2950,2950,1,0,1,5756,,:5756
NCCL:GroupLaunch,24314060782,4361667,23789551411,12213,StartEnd,2950,2950,1,1,0,5758,5756,:5756:5758
NCCL:API Group,24318462801,4389187,23789595794,15990,StartEnd,2950,2950,1,0,1,5760,,:5760
NCCL:GroupLaunch,24318462801,4389187,23789597446,13745,StartEnd,2950,2950,1,1,0,5762,5760,:5760:5762
NCCL:API Group,24322892532,29343,23789644585,15566,StartEnd,2950,2950,1,0,1,5764,,:5764
NCCL:GroupLaunch,24322892532,29343,23789645906,13622,StartEnd,2950,2950,1,1,0,5766,5764,:5764:5766
NCCL:API Group,24322925619,9696,23789694430,14575,StartEnd,2950,2950,1,0,1,5768,,:5768
NCCL:GroupLaunch,24322925619,9696,23789696482,11998,StartEnd,2950,2950,1,1,0,5770,5768,:5768:5770
NCCL:API Group,24322939859,1109657,23789748861,15173,StartEnd,2950,2950,1,0,1,5772,,:5772
NCCL:GroupLaunch,24322939859,1109657,23789750746,13114,StartEnd,2950,2950,1,1,0,5774,5772,:5772:5774
NCCL:API Group,24324063020,1116728,23789796574,12663,StartEnd,2950,2950,1,0,1,5776,,:5776
NCCL:GroupLaunch,24324063020,1116728,23789797577,11440,StartEnd,2950,2950,1,1,0,5778,5776,:5776:5778
NCCL:API Group,24325193444,1108473,23789840249,11863,StartEnd,2950,2950,1,0,1,5780,,:5780
NCCL:GroupLaunch,24325193444,1108473,23789841209,10612,StartEnd,2950,2950,1,1,0,5782,5780,:5780:5782
NCCL:API Group,24326315005,1106680,23789883628,14254,StartEnd,2950,2950,1,0,1,5784,,:5784
NCCL:GroupLaunch,24326315005,1106680,23789884643,13041,StartEnd,2950,2950,1,1,0,5786,5784,:5784:5786
NCCL:API Group,24327435157,4360579,23789935716,12841,StartEnd,2950,2950,1,0,1,5788,,:5788
NCCL:GroupLaunch,24327435157,4360579,23789937372,11010,StartEnd,2950,2950,1,1,0,5790,5788,:5788:5790
NCCL:API Group,24331836152,4365603,23789988180,15979,StartEnd,2950,2950,1,0,1,5792,,:5792
NCCL:GroupLaunch,24331836152,4365603,23789989757,14306,StartEnd,2950,2950,1,1,0,5794,5792,:5792:5794
NCCL:API Group,24336242331,4380963,23790042740,16400,StartEnd,2950,2950,1,0,1,5796,,:5796
NCCL:GroupLaunch,24336242331,4380963,23790043694,15194,StartEnd,2950,2950,1,1,0,5798,5796,:5796:5798
NCCL:API Group,24340665277,29632,23790093147,11917,StartEnd,2950,2950,1,0,1,5800,,:5800
NCCL:GroupLaunch,24340665277,29632,23790094030,10830,StartEnd,2950,2950,1,1,0,5802,5800,:5800:5802
NCCL:API Group,24340699005,9312,23790139192,11758,StartEnd,2950,2950,1,0,1,5804,,:5804
NCCL:GroupLaunch,24340699005,9312,23790140155,10707,StartEnd,2950,2950,1,1,0,5806,5804,:5804:5806
NCCL:API Group,24340711133,1106649,23790184639,14301,StartEnd,2950,2950,1,0,1,5808,,:5808
NCCL:GroupLaunch,24340711133,1106649,23790186250,12579,StartEnd,2950,2950,1,1,0,5810,5808,:5808:5810
NCCL:API Group,24341831254,1111768,23790230230,12068,StartEnd,2950,2950,1,0,1,5812,,:5812
NCCL:GroupLaunch,24341831254,1111768,23790231084,11020,StartEnd,2950,2950,1,1,0,5814,5812,:5812:5814
NCCL:API Group,24342956942,1104921,23790273037,13929,StartEnd,2950,2950,1,0,1,5816,,:5816
NCCL:GroupLaunch,24342956942,1104921,23790273874,12644,StartEnd,2950,2950,1,1,0,5818,5816,:5816:5818
NCCL:API Group,24344072999,1113848,23790319403,13260,StartEnd,2950,2950,1,0,1,5820,,:5820
NCCL:GroupLaunch,24344072999,1113848,23790320368,12176,StartEnd,2950,2950,1,1,0,5822,5820,:5820:5822
NCCL:API Group,24345198239,4357923,23790368228,12727,StartEnd,2950,2950,1,0,1,5824,,:5824
NCCL:GroupLaunch,24345198239,4357923,23790369224,11635,StartEnd,2950,2950,1,1,0,5826,5824,:5824:5826
NCCL:API Group,24349597250,4399651,23790410677,11796,StartEnd,2950,2950,1,0,1,5828,,:5828
NCCL:GroupLaunch,24349597250,4399651,23790411633,10749,StartEnd,2950,2950,1,1,0,5830,5828,:5828:5830
NCCL:API Group,24354037572,4400099,23790454697,15877,StartEnd,2950,2950,1,0,1,5832,,:5832
NCCL:GroupLaunch,24354037572,4400099,23790455563,14636,StartEnd,2950,2950,1,1,0,5834,5832,:5832:5834
NCCL:API Group,24358477511,30336,23790504473,12021,StartEnd,2950,2950,1,0,1,5836,,:5836
NCCL:GroupLaunch,24358477511,30336,23790505367,11036,StartEnd,2950,2950,1,1,0,5838,5836,:5836:5838
NCCL:API Group,24358512263,9280,23790546533,11563,StartEnd,2950,2950,1,0,1,5840,,:5840
NCCL:GroupLaunch,24358512263,9280,23790547574,10431,StartEnd,2950,2950,1,1,0,5842,5840,:5840:5842
NCCL:API Group,24358524423,9760,23790591135,14254,StartEnd,2950,2950,1,0,1,5844,,:5844
NCCL:GroupLaunch,24358524423,9760,23790592328,12971,StartEnd,2950,2950,1,1,0,5846,5844,:5844:5846
NCCL:API Group,24358539079,4263267,23790636193,12873,StartEnd,2950,2950,1,0,1,5848,,:5848
NCCL:GroupLaunch,24358539079,4263267,23790637068,11781,StartEnd,2950,2950,1,1,0,5850,5848,:5848:5850
NCCL:API Group,24621638353,660923,24621569627,87390,StartEnd,2950,2950,1,0,1,5852,,:5852
NCCL:GroupLaunch,24621638353,660923,24621591203,65444,StartEnd,2950,2950,1,1,0,5854,5852,:5852:5854
NCCL:API Group,25087581270,10962231,25087519311,77052,StartEnd,2950,2950,1,0,1,5856,,:5856
NCCL:GroupLaunch,25087581270,10962231,25087527982,68126,StartEnd,2950,2950,1,1,0,5858,5856,:5856:5858
NCCL:API Group,25098581741,1112281,25087742149,23746,StartEnd,2950,2950,1,0,1,5860,,:5860
NCCL:GroupLaunch,25098581741,1112281,25087744645,20886,StartEnd,2950,2950,1,1,0,5862,5860,:5860:5862
NCCL:API Group,25099706086,1110232,25087823277,23554,StartEnd,2950,2950,1,0,1,5864,,:5864
NCCL:GroupLaunch,25099706086,1110232,25087826193,20233,StartEnd,2950,2950,1,1,0,5866,5864,:5864:5866
NCCL:API Group,25100827326,1107385,25087895306,18332,StartEnd,2950,2950,1,0,1,5868,,:5868
NCCL:GroupLaunch,25100827326,1107385,25087897974,15403,StartEnd,2950,2950,1,1,0,5870,5868,:5868:5870
NCCL:API Group,25101947607,1113368,25087955351,17243,StartEnd,2950,2950,1,0,1,5872,,:5872
NCCL:GroupLaunch,25101947607,1113368,25087956983,15382,StartEnd,2950,2950,1,1,0,5874,5872,:5872:5874
NCCL:API Group,25103073263,4353955,25088015909,18869,StartEnd,2950,2950,1,0,1,5876,,:5876
NCCL:GroupLaunch,25103073263,4353955,25088017185,14887,StartEnd,2950,2950,1,1,0,5878,5876,:5876:5878
NCCL:API Group,25107466098,4380099,25088072313,14913,StartEnd,2950,2950,1,0,1,5880,,:5880
NCCL:GroupLaunch,25107466098,4380099,25088073425,13332,StartEnd,2950,2950,1,1,0,5882,5880,:5880:5882
NCCL:API Group,25111885589,4371074,25088123685,13603,StartEnd,2950,2950,1,0,1,5884,,:5884
NCCL:GroupLaunch,25111885589,4371074,25088125482,11667,StartEnd,2950,2950,1,1,0,5886,5884,:5884:5886
NCCL:API Group,25116296887,12832,25088173458,15623,StartEnd,2950,2950,1,0,1,5888,,:5888
NCCL:GroupLaunch,25116296887,12832,25088175222,13756,StartEnd,2950,2950,1,1,0,5890,5888,:5888:5890
NCCL:API Group,25116313623,11456,25088223614,13757,StartEnd,2950,2950,1,0,1,5892,,:5892
NCCL:GroupLaunch,25116313623,11456,25088225016,12262,StartEnd,2950,2950,1,1,0,5894,5892,:5892:5894
NCCL:API Group,25116329911,1110169,25088291881,16195,StartEnd,2950,2950,1,0,1,5896,,:5896
NCCL:GroupLaunch,25116329911,1110169,25088293145,14538,StartEnd,2950,2950,1,1,0,5898,5896,:5896:5898
NCCL:API Group,25117453071,1110201,25088340691,15323,StartEnd,2950,2950,1,0,1,5900,,:5900
NCCL:GroupLaunch,25117453071,1110201,25088343336,12563,StartEnd,2950,2950,1,1,0,5902,5900,:5900:5902
NCCL:API Group,25118575304,1128249,25088387834,12665,StartEnd,2950,2950,1,0,1,5904,,:5904
NCCL:GroupLaunch,25118575304,1128249,25088389239,11162,StartEnd,2950,2950,1,1,0,5906,5904,:5904:5906
NCCL:API Group,25119715264,1109017,25088430383,13653,StartEnd,2950,2950,1,0,1,5908,,:5908
NCCL:GroupLaunch,25119715264,1109017,25088431678,12277,StartEnd,2950,2950,1,1,0,5910,5908,:5908:5910
NCCL:API Group,25120837497,4384707,25088475662,13559,StartEnd,2950,2950,1,0,1,5912,,:5912
NCCL:GroupLaunch,25120837497,4384707,25088476609,12513,StartEnd,2950,2950,1,1,0,5914,5912,:5912:5914
NCCL:API Group,25125263068,4378402,25088521985,12652,StartEnd,2950,2950,1,0,1,5916,,:5916
NCCL:GroupLaunch,25125263068,4378402,25088522907,11481,StartEnd,2950,2950,1,1,0,5918,5916,:5916:5918
NCCL:API Group,25129683550,4372483,25088566920,12374,StartEnd,2950,2950,1,0,1,5920,,:5920
NCCL:GroupLaunch,25129683550,4372483,25088568180,11024,StartEnd,2950,2950,1,1,0,5922,5920,:5920:5922
NCCL:API Group,25134097281,11936,25088610525,14699,StartEnd,2950,2950,1,0,1,5924,,:5924
NCCL:GroupLaunch,25134097281,11936,25088612421,12709,StartEnd,2950,2950,1,1,0,5926,5924,:5924:5926
NCCL:API Group,25134113569,10944,25088659022,13504,StartEnd,2950,2950,1,0,1,5928,,:5928
NCCL:GroupLaunch,25134113569,10944,25088660237,12166,StartEnd,2950,2950,1,1,0,5930,5928,:5928:5930
NCCL:API Group,25134127809,1116536,25088704967,14236,StartEnd,2950,2950,1,0,1,5932,,:5932
NCCL:GroupLaunch,25134127809,1116536,25088705888,13057,StartEnd,2950,2950,1,1,0,5934,5932,:5932:5934
NCCL:API Group,25135258169,1116857,25088750383,13824,StartEnd,2950,2950,1,0,1,5936,,:5936
NCCL:GroupLaunch,25135258169,1116857,25088751311,12804,StartEnd,2950,2950,1,1,0,5938,5936,:5936:5938
NCCL:API Group,25136389970,1112056,25088794959,14178,StartEnd,2950,2950,1,0,1,5940,,:5940
NCCL:GroupLaunch,25136389970,1112056,25088796321,11325,StartEnd,2950,2950,1,1,0,5942,5940,:5940:5942
NCCL:API Group,25137514218,1111577,25088840524,20161,StartEnd,2950,2950,1,0,1,5944,,:5944
NCCL:GroupLaunch,25137514218,1111577,25088841688,18840,StartEnd,2950,2950,1,1,0,5946,5944,:5944:5946
NCCL:API Group,25138637443,4370947,25088894596,16168,StartEnd,2950,2950,1,0,1,5948,,:5948
NCCL:GroupLaunch,25138637443,4370947,25088896579,13935,StartEnd,2950,2950,1,1,0,5950,5948,:5948:5950
NCCL:API Group,25143048709,4411651,25088941025,12317,StartEnd,2950,2950,1,0,1,5952,,:5952
NCCL:GroupLaunch,25143048709,4411651,25088941995,11045,StartEnd,2950,2950,1,1,0,5954,5952,:5952:5954
NCCL:API Group,25147501352,4418530,25088983446,12569,StartEnd,2950,2950,1,0,1,5956,,:5956
NCCL:GroupLaunch,25147501352,4418530,25088984646,11242,StartEnd,2950,2950,1,1,0,5958,5956,:5956:5958
NCCL:API Group,25151965866,17952,25089026069,13079,StartEnd,2950,2950,1,0,1,5960,,:5960
NCCL:GroupLaunch,25151965866,17952,25089027130,11924,StartEnd,2950,2950,1,1,0,5962,5960,:5960:5962
NCCL:API Group,25151988298,9568,25089069979,12897,StartEnd,2950,2950,1,0,1,5964,,:5964
NCCL:GroupLaunch,25151988298,9568,25089070916,11836,StartEnd,2950,2950,1,1,0,5966,5964,:5964:5966
NCCL:API Group,25152002538,1116600,25089115925,15061,StartEnd,2950,2950,1,0,1,5968,,:5968
NCCL:GroupLaunch,25152002538,1116600,25089118763,11819,StartEnd,2950,2950,1,1,0,5970,5968,:5968:5970
NCCL:API Group,25153134306,1113145,25089163124,14103,StartEnd,2950,2950,1,0,1,5972,,:5972
NCCL:GroupLaunch,25153134306,1113145,25089163994,13143,StartEnd,2950,2950,1,1,0,5974,5972,:5972:5974
NCCL:API Group,25154259579,1111576,25089208050,12536,StartEnd,2950,2950,1,0,1,5976,,:5976
NCCL:GroupLaunch,25154259579,1111576,25089209537,10924,StartEnd,2950,2950,1,1,0,5978,5976,:5976:5978
NCCL:API Group,25155383827,1115449,25089252606,13122,StartEnd,2950,2950,1,0,1,5980,,:5980
NCCL:GroupLaunch,25155383827,1115449,25089254059,11581,StartEnd,2950,2950,1,1,0,5982,5980,:5980:5982
NCCL:API Group,25156512172,4375683,25089297991,16104,StartEnd,2950,2950,1,0,1,5984,,:5984
NCCL:GroupLaunch,25156512172,4375683,25089298961,14712,StartEnd,2950,2950,1,1,0,5986,5984,:5984:5986
NCCL:API Group,25160927950,4380643,25089345116,12506,StartEnd,2950,2950,1,0,1,5988,,:5988
NCCL:GroupLaunch,25160927950,4380643,25089346063,11440,StartEnd,2950,2950,1,1,0,5990,5988,:5988:5990
NCCL:API Group,25165350481,4373155,25089388585,12481,StartEnd,2950,2950,1,0,1,5992,,:5992
NCCL:GroupLaunch,25165350481,4373155,25089389744,11201,StartEnd,2950,2950,1,1,0,5994,5992,:5992:5994
NCCL:API Group,25169763764,26239,25089431806,13591,StartEnd,2950,2950,1,0,1,5996,,:5996
NCCL:GroupLaunch,25169763764,26239,25089433552,11725,StartEnd,2950,2950,1,1,0,5998,5996,:5996:5998
NCCL:API Group,25169794419,9280,25089476494,14478,StartEnd,2950,2950,1,0,1,6000,,:6000
NCCL:GroupLaunch,25169794419,9280,25089477464,13404,StartEnd,2950,2950,1,1,0,6002,6000,:6000:6002
NCCL:API Group,25169807027,1107641,25089523590,15288,StartEnd,2950,2950,1,0,1,6004,,:6004
NCCL:GroupLaunch,25169807027,1107641,25089524441,11012,StartEnd,2950,2950,1,1,0,6006,6004,:6004:6006
NCCL:API Group,25170929164,1113976,25089571212,12934,StartEnd,2950,2950,1,0,1,6008,,:6008
NCCL:GroupLaunch,25170929164,1113976,25089572441,11616,StartEnd,2950,2950,1,1,0,6010,6008,:6008:6010
NCCL:API Group,25172054436,1106297,25089616498,12210,StartEnd,2950,2950,1,0,1,6012,,:6012
NCCL:GroupLaunch,25172054436,1106297,25089617762,10811,StartEnd,2950,2950,1,1,0,6014,6012,:6012:6014
NCCL:API Group,25173172541,1112985,25089659696,12219,StartEnd,2950,2950,1,0,1,6016,,:6016
NCCL:GroupLaunch,25173172541,1112985,25089660745,11029,StartEnd,2950,2950,1,1,0,6018,6016,:6016:6018
NCCL:API Group,25174298197,4369507,25089705591,13226,StartEnd,2950,2950,1,0,1,6020,,:6020
NCCL:GroupLaunch,25174298197,4369507,25089706498,12025,StartEnd,2950,2950,1,1,0,6022,6020,:6020:6022
NCCL:API Group,25178709464,4368099,25089753775,14283,StartEnd,2950,2950,1,0,1,6024,,:6024
NCCL:GroupLaunch,25178709464,4368099,25089754695,13236,StartEnd,2950,2950,1,1,0,6026,6024,:6024:6026
NCCL:API Group,25183118683,4412738,25089799744,13207,StartEnd,2950,2950,1,0,1,6028,,:6028
NCCL:GroupLaunch,25183118683,4412738,25089801139,11722,StartEnd,2950,2950,1,1,0,6030,6028,:6028:6030
NCCL:API Group,25187572957,23840,25089845454,13181,StartEnd,2950,2950,1,0,1,6032,,:6032
NCCL:GroupLaunch,25187572957,23840,25089846615,11931,StartEnd,2950,2950,1,1,0,6034,6032,:6032:6034
NCCL:API Group,25187599933,11744,25089889388,15018,StartEnd,2950,2950,1,0,1,6036,,:6036
NCCL:GroupLaunch,25187599933,11744,25089891984,12126,StartEnd,2950,2950,1,1,0,6038,6036,:6036:6038
NCCL:API Group,25187616189,1116312,25089937766,12532,StartEnd,2950,2950,1,0,1,6040,,:6040
NCCL:GroupLaunch,25187616189,1116312,25089938691,11198,StartEnd,2950,2950,1,1,0,6042,6040,:6040:6042
NCCL:API Group,25188745525,1108697,25089984936,12678,StartEnd,2950,2950,1,0,1,6044,,:6044
NCCL:GroupLaunch,25188745525,1108697,25089986157,11372,StartEnd,2950,2950,1,1,0,6046,6044,:6044:6046
NCCL:API Group,25189867726,1115192,25090028409,12068,StartEnd,2950,2950,1,0,1,6048,,:6048
NCCL:GroupLaunch,25189867726,1115192,25090029520,10864,StartEnd,2950,2950,1,1,0,6050,6048,:6048:6050
NCCL:API Group,25190995462,1114329,25090071586,12945,StartEnd,2950,2950,1,0,1,6052,,:6052
NCCL:GroupLaunch,25190995462,1114329,25090073255,11149,StartEnd,2950,2950,1,1,0,6054,6052,:6052:6054
NCCL:API Group,25192121727,4372419,25090118034,12646,StartEnd,2950,2950,1,0,1,6056,,:6056
NCCL:GroupLaunch,25192121727,4372419,25090119347,11238,StartEnd,2950,2950,1,1,0,6058,6056,:6056:6058
NCCL:API Group,25196535042,4375714,25090161233,12334,StartEnd,2950,2950,1,0,1,6060,,:6060
NCCL:GroupLaunch,25196535042,4375714,25090162383,11096,StartEnd,2950,2950,1,1,0,6062,6060,:6060:6062
NCCL:API Group,25200950404,4400067,25090203360,13688,StartEnd,2950,2950,1,0,1,6064,,:6064
NCCL:GroupLaunch,25200950404,4400067,25090204290,12586,StartEnd,2950,2950,1,1,0,6066,6064,:6064:6066
NCCL:API Group,25205391751,29439,25090248520,15733,StartEnd,2950,2950,1,0,1,6068,,:6068
NCCL:GroupLaunch,25205391751,29439,25090249492,12886,StartEnd,2950,2950,1,1,0,6070,6068,:6068:6070
NCCL:API Group,25205424454,10336,25090294586,12629,StartEnd,2950,2950,1,0,1,6072,,:6072
NCCL:GroupLaunch,25205424454,10336,25090295625,11498,StartEnd,2950,2950,1,1,0,6074,6072,:6072:6074
NCCL:API Group,25205438694,1115225,25090345440,13165,StartEnd,2950,2950,1,0,1,6076,,:6076
NCCL:GroupLaunch,25205438694,1115225,25090346574,11939,StartEnd,2950,2950,1,1,0,6078,6076,:6076:6078
NCCL:API Group,25206567007,1113976,25090392913,13129,StartEnd,2950,2950,1,0,1,6080,,:6080
NCCL:GroupLaunch,25206567007,1113976,25090394017,11932,StartEnd,2950,2950,1,1,0,6082,6080,:6080:6082
NCCL:API Group,25207694711,1110329,25090436372,11957,StartEnd,2950,2950,1,0,1,6084,,:6084
NCCL:GroupLaunch,25207694711,1110329,25090437288,10801,StartEnd,2950,2950,1,1,0,6086,6084,:6084:6086
NCCL:API Group,25208818960,1112440,25090478628,13356,StartEnd,2950,2950,1,0,1,6088,,:6088
NCCL:GroupLaunch,25208818960,1112440,25090479736,12128,StartEnd,2950,2950,1,1,0,6090,6088,:6088:6090
NCCL:API Group,25209944232,4371939,25090524353,12547,StartEnd,2950,2950,1,0,1,6092,,:6092
NCCL:GroupLaunch,25209944232,4371939,25090525567,11242,StartEnd,2950,2950,1,1,0,6094,6092,:6092:6094
NCCL:API Group,25214359627,4386627,25090566299,12183,StartEnd,2950,2950,1,0,1,6096,,:6096
NCCL:GroupLaunch,25214359627,4386627,25090567221,11168,StartEnd,2950,2950,1,1,0,6098,6096,:6096:6098
NCCL:API Group,25218787662,4380322,25090607476,13899,StartEnd,2950,2950,1,0,1,6100,,:6100
NCCL:GroupLaunch,25218787662,4380322,25090608373,12798,StartEnd,2950,2950,1,1,0,6102,6100,:6100:6102
NCCL:API Group,25223211216,16416,25090651916,15296,StartEnd,2950,2950,1,0,1,6104,,:6104
NCCL:GroupLaunch,25223211216,16416,25090654343,12776,StartEnd,2950,2950,1,1,0,6106,6104,:6104:6106
NCCL:API Group,25223231600,9472,25090700151,13105,StartEnd,2950,2950,1,0,1,6108,,:6108
NCCL:GroupLaunch,25223231600,9472,25090701707,11451,StartEnd,2950,2950,1,1,0,6110,6108,:6108:6110
NCCL:API Group,25223245840,1109465,25090746359,14230,StartEnd,2950,2950,1,0,1,6112,,:6112
NCCL:GroupLaunch,25223245840,1109465,25090747330,13156,StartEnd,2950,2950,1,1,0,6114,6112,:6112:6114
NCCL:API Group,25224369416,1114585,25090791645,12953,StartEnd,2950,2950,1,0,1,6116,,:6116
NCCL:GroupLaunch,25224369416,1114585,25090792505,11791,StartEnd,2950,2950,1,1,0,6118,6116,:6116:6118
NCCL:API Group,25225495745,1109401,25090835001,12353,StartEnd,2950,2950,1,0,1,6120,,:6120
NCCL:GroupLaunch,25225495745,1109401,25090835905,11140,StartEnd,2950,2950,1,1,0,6122,6120,:6120:6122
NCCL:API Group,25226616890,1113848,25090877917,13589,StartEnd,2950,2950,1,0,1,6124,,:6124
NCCL:GroupLaunch,25226616890,1113848,25090878936,12483,StartEnd,2950,2950,1,1,0,6126,6124,:6124:6126
NCCL:API Group,25227743186,4364419,25090922859,12681,StartEnd,2950,2950,1,0,1,6128,,:6128
NCCL:GroupLaunch,25227743186,4364419,25090924280,11168,StartEnd,2950,2950,1,1,0,6130,6128,:6128:6130
NCCL:API Group,25232148693,4403714,25090965276,13858,StartEnd,2950,2950,1,0,1,6132,,:6132
NCCL:GroupLaunch,25232148693,4403714,25090966172,11154,StartEnd,2950,2950,1,1,0,6134,6132,:6132:6134
NCCL:API Group,25236592727,4391587,25091009604,14401,StartEnd,2950,2950,1,0,1,6136,,:6136
NCCL:GroupLaunch,25236592727,4391587,25091010516,13396,StartEnd,2950,2950,1,1,0,6138,6136,:6136:6138
NCCL:API Group,25241025498,31775,25091056353,11846,StartEnd,2950,2950,1,0,1,6140,,:6140
NCCL:GroupLaunch,25241025498,31775,25091057322,10763,StartEnd,2950,2950,1,1,0,6142,6140,:6140:6142
NCCL:API Group,25241060249,10368,25091097991,12762,StartEnd,2950,2950,1,0,1,6144,,:6144
NCCL:GroupLaunch,25241060249,10368,25091099807,10851,StartEnd,2950,2950,1,1,0,6146,6144,:6144:6146
NCCL:API Group,25241074905,1113241,25091142522,16056,StartEnd,2950,2950,1,0,1,6148,,:6148
NCCL:GroupLaunch,25241074905,1113241,25091143544,14936,StartEnd,2950,2950,1,1,0,6150,6148,:6148:6150
NCCL:API Group,25242200114,1116984,25091190141,13320,StartEnd,2950,2950,1,0,1,6152,,:6152
NCCL:GroupLaunch,25242200114,1116984,25091191081,11956,StartEnd,2950,2950,1,1,0,6154,6152,:6152:6154
NCCL:API Group,25243328458,1111033,25091233457,12553,StartEnd,2950,2950,1,0,1,6156,,:6156
NCCL:GroupLaunch,25243328458,1111033,25091234342,11571,StartEnd,2950,2950,1,1,0,6158,6156,:6156:6158
NCCL:API Group,25244450659,1114585,25091278671,13930,StartEnd,2950,2950,1,0,1,6160,,:6160
NCCL:GroupLaunch,25244450659,1114585,25091279593,12890,StartEnd,2950,2950,1,1,0,6162,6160,:6160:6162
NCCL:API Group,25245578363,4382915,25091325052,12661,StartEnd,2950,2950,1,0,1,6164,,:6164
NCCL:GroupLaunch,25245578363,4382915,25091326372,11223,StartEnd,2950,2950,1,1,0,6166,6164,:6164:6166
NCCL:API Group,25250001918,4387715,25091368281,12737,StartEnd,2950,2950,1,0,1,6168,,:6168
NCCL:GroupLaunch,25250001918,4387715,25091369183,11713,StartEnd,2950,2950,1,1,0,6170,6168,:6168:6170
NCCL:API Group,25254429569,4368035,25091412437,15852,StartEnd,2950,2950,1,0,1,6172,,:6172
NCCL:GroupLaunch,25254429569,4368035,25091414854,13314,StartEnd,2950,2950,1,1,0,6174,6172,:6172:6174
NCCL:API Group,25258836739,25664,25091458704,11694,StartEnd,2950,2950,1,0,1,6176,,:6176
NCCL:GroupLaunch,25258836739,25664,25091459590,10714,StartEnd,2950,2950,1,1,0,6178,6176,:6176:6178
NCCL:API Group,25258865763,11552,25091500129,12714,StartEnd,2950,2950,1,0,1,6180,,:6180
NCCL:GroupLaunch,25258865763,11552,25091501493,11261,StartEnd,2950,2950,1,1,0,6182,6180,:6180:6182
NCCL:API Group,25258882019,1111641,25091545930,14594,StartEnd,2950,2950,1,0,1,6184,,:6184
NCCL:GroupLaunch,25258882019,1111641,25091547063,13367,StartEnd,2950,2950,1,1,0,6186,6184,:6184:6186
NCCL:API Group,25260005211,1108601,25091590736,12384,StartEnd,2950,2950,1,0,1,6188,,:6188
NCCL:GroupLaunch,25260005211,1108601,25091591645,11239,StartEnd,2950,2950,1,1,0,6190,6188,:6188:6190
NCCL:API Group,25261127412,1111257,25091633059,11874,StartEnd,2950,2950,1,0,1,6192,,:6192
NCCL:GroupLaunch,25261127412,1111257,25091633928,10912,StartEnd,2950,2950,1,1,0,6194,6192,:6192:6194
NCCL:API Group,25262251021,1111960,25091677524,14715,StartEnd,2950,2950,1,0,1,6196,,:6196
NCCL:GroupLaunch,25262251021,1111960,25091678857,11713,StartEnd,2950,2950,1,1,0,6198,6196,:6196:6198
NCCL:API Group,25263375269,4369283,25091723770,12727,StartEnd,2950,2950,1,0,1,6200,,:6200
NCCL:GroupLaunch,25263375269,4369283,25091725262,11115,StartEnd,2950,2950,1,1,0,6202,6200,:6200:6202
NCCL:API Group,25267784488,4385507,25091769456,14623,StartEnd,2950,2950,1,0,1,6204,,:6204
NCCL:GroupLaunch,25267784488,4385507,25091770393,13561,StartEnd,2950,2950,1,1,0,6206,6204,:6204:6206
NCCL:API Group,25272211114,4389891,25091815869,12104,StartEnd,2950,2950,1,0,1,6208,,:6208
NCCL:GroupLaunch,25272211114,4389891,25091816797,10755,StartEnd,2950,2950,1,1,0,6210,6208,:6208:6210
NCCL:API Group,25276641197,26176,25091858333,11975,StartEnd,2950,2950,1,0,1,6212,,:6212
NCCL:GroupLaunch,25276641197,26176,25091859313,10906,StartEnd,2950,2950,1,1,0,6214,6212,:6212:6214
NCCL:API Group,25276671885,9152,25091900045,12732,StartEnd,2950,2950,1,0,1,6216,,:6216
NCCL:GroupLaunch,25276671885,9152,25091901673,11011,StartEnd,2950,2950,1,1,0,6218,6216,:6216:6218
NCCL:API Group,25276684045,1113048,25091945696,13441,StartEnd,2950,2950,1,0,1,6220,,:6220
NCCL:GroupLaunch,25276684045,1113048,25091946582,12458,StartEnd,2950,2950,1,1,0,6222,6220,:6220:6222
NCCL:API Group,25277810309,1107993,25091989576,13686,StartEnd,2950,2950,1,0,1,6224,,:6224
NCCL:GroupLaunch,25277810309,1107993,25091990444,12434,StartEnd,2950,2950,1,1,0,6226,6224,:6224:6226
NCCL:API Group,25278929822,1121496,25092033258,12406,StartEnd,2950,2950,1,0,1,6228,,:6228
NCCL:GroupLaunch,25278929822,1121496,25092034100,11474,StartEnd,2950,2950,1,1,0,6230,6228,:6228:6230
NCCL:API Group,25280063286,1107737,25092076838,12703,StartEnd,2950,2950,1,0,1,6232,,:6232
NCCL:GroupLaunch,25280063286,1107737,25092078425,11020,StartEnd,2950,2950,1,1,0,6234,6232,:6232:6234
NCCL:API Group,25281183439,4380195,25092122561,12731,StartEnd,2950,2950,1,0,1,6236,,:6236
NCCL:GroupLaunch,25281183439,4380195,25092123847,11352,StartEnd,2950,2950,1,1,0,6238,6236,:6236:6238
NCCL:API Group,25285607025,4369891,25092165815,14513,StartEnd,2950,2950,1,0,1,6240,,:6240
NCCL:GroupLaunch,25285607025,4369891,25092168178,11724,StartEnd,2950,2950,1,1,0,6242,6240,:6240:6242
NCCL:API Group,25290018676,4395843,25092212463,12295,StartEnd,2950,2950,1,0,1,6244,,:6244
NCCL:GroupLaunch,25290018676,4395843,25092213402,11138,StartEnd,2950,2950,1,1,0,6246,6244,:6244:6246
NCCL:API Group,25294454518,33024,25092254318,12727,StartEnd,2950,2950,1,0,1,6248,,:6248
NCCL:GroupLaunch,25294454518,33024,25092255656,11290,StartEnd,2950,2950,1,1,0,6250,6248,:6248:6250
NCCL:API Group,25294491286,9280,25092297020,11978,StartEnd,2950,2950,1,0,1,6252,,:6252
NCCL:GroupLaunch,25294491286,9280,25092298108,10771,StartEnd,2950,2950,1,1,0,6254,6252,:6252:6254
NCCL:API Group,25294503478,1120569,25092341555,12758,StartEnd,2950,2950,1,0,1,6256,,:6256
NCCL:GroupLaunch,25294503478,1120569,25092342468,11751,StartEnd,2950,2950,1,1,0,6258,6256,:6256:6258
NCCL:API Group,25295637327,1109304,25092384442,13594,StartEnd,2950,2950,1,0,1,6260,,:6260
NCCL:GroupLaunch,25295637327,1109304,25092385337,10978,StartEnd,2950,2950,1,1,0,6262,6260,:6260:6262
NCCL:API Group,25296759495,1117305,25092427646,13697,StartEnd,2950,2950,1,0,1,6264,,:6264
NCCL:GroupLaunch,25296759495,1117305,25092428525,12721,StartEnd,2950,2950,1,1,0,6266,6264,:6264:6266
NCCL:API Group,25297888864,1108568,25092474095,12800,StartEnd,2950,2950,1,0,1,6268,,:6268
NCCL:GroupLaunch,25297888864,1108568,25092475667,11139,StartEnd,2950,2950,1,1,0,6270,6268,:6268:6270
NCCL:API Group,25299009016,4380419,25092517742,14264,StartEnd,2950,2950,1,0,1,6272,,:6272
NCCL:GroupLaunch,25299009016,4380419,25092518786,13098,StartEnd,2950,2950,1,1,0,6274,6272,:6272:6274
NCCL:API Group,25303430939,4370435,25092561884,12572,StartEnd,2950,2950,1,0,1,6276,,:6276
NCCL:GroupLaunch,25303430939,4370435,25092562802,11376,StartEnd,2950,2950,1,1,0,6278,6276,:6276:6278
NCCL:API Group,25307842173,4388483,25092605609,11903,StartEnd,2950,2950,1,0,1,6280,,:6280
NCCL:GroupLaunch,25307842173,4388483,25092606516,10909,StartEnd,2950,2950,1,1,0,6282,6280,:6280:6282
NCCL:API Group,25312272896,24320,25092647029,11884,StartEnd,2950,2950,1,0,1,6284,,:6284
NCCL:GroupLaunch,25312272896,24320,25092648044,10781,StartEnd,2950,2950,1,1,0,6286,6284,:6284:6286
NCCL:API Group,25312301504,9216,25092688091,12649,StartEnd,2950,2950,1,0,1,6288,,:6288
NCCL:GroupLaunch,25312301504,9216,25092689172,11426,StartEnd,2950,2950,1,1,0,6290,6288,:6288:6290
NCCL:API Group,25312314112,1111992,25092732004,12852,StartEnd,2950,2950,1,0,1,6292,,:6292
NCCL:GroupLaunch,25312314112,1111992,25092732998,11767,StartEnd,2950,2950,1,1,0,6294,6292,:6292:6294
NCCL:API Group,25313440344,1110841,25092774574,12413,StartEnd,2950,2950,1,0,1,6296,,:6296
NCCL:GroupLaunch,25313440344,1110841,25092775502,11038,StartEnd,2950,2950,1,1,0,6298,6296,:6296:6298
NCCL:API Group,25314563601,1123352,25092818996,12954,StartEnd,2950,2950,1,0,1,6300,,:6300
NCCL:GroupLaunch,25314563601,1123352,25092820120,11741,StartEnd,2950,2950,1,1,0,6302,6300,:6300:6302
NCCL:API Group,25315698057,1112665,25092861375,13922,StartEnd,2950,2950,1,0,1,6304,,:6304
NCCL:GroupLaunch,25315698057,1112665,25092863083,12098,StartEnd,2950,2950,1,1,0,6306,6304,:6304:6306
NCCL:API Group,25316823714,4368227,25092905671,15092,StartEnd,2950,2950,1,0,1,6308,,:6308
NCCL:GroupLaunch,25316823714,4368227,25092908368,12306,StartEnd,2950,2950,1,1,0,6310,6308,:6308:6310
NCCL:API Group,25321232964,4366915,25092951055,13716,StartEnd,2950,2950,1,0,1,6312,,:6312
NCCL:GroupLaunch,25321232964,4366915,25092951980,12639,StartEnd,2950,2950,1,1,0,6314,6312,:6312:6314
NCCL:API Group,25325640103,4375171,25092995585,11421,StartEnd,2950,2950,1,0,1,6316,,:6316
NCCL:GroupLaunch,25325640103,4375171,25092996507,10410,StartEnd,2950,2950,1,1,0,6318,6316,:6316:6318
NCCL:API Group,25330055466,30623,25093036008,12110,StartEnd,2950,2950,1,0,1,6320,,:6320
NCCL:GroupLaunch,25330055466,30623,25093037242,10755,StartEnd,2950,2950,1,1,0,6322,6320,:6320:6322
NCCL:API Group,25330090633,9344,25093077840,14407,StartEnd,2950,2950,1,0,1,6324,,:6324
NCCL:GroupLaunch,25330090633,9344,25093078893,11878,StartEnd,2950,2950,1,1,0,6326,6324,:6324:6326
NCCL:API Group,25330104841,1112313,25093123158,11630,StartEnd,2950,2950,1,0,1,6328,,:6328
NCCL:GroupLaunch,25330104841,1112313,25093124081,10617,StartEnd,2950,2950,1,1,0,6330,6328,:6328:6330
NCCL:API Group,25331230082,1116088,25093166026,12143,StartEnd,2950,2950,1,0,1,6332,,:6332
NCCL:GroupLaunch,25331230082,1116088,25093166908,11000,StartEnd,2950,2950,1,1,0,6334,6332,:6332:6334
NCCL:API Group,25332358426,1114169,25093208091,13743,StartEnd,2950,2950,1,0,1,6336,,:6336
NCCL:GroupLaunch,25332358426,1114169,25093209412,12327,StartEnd,2950,2950,1,1,0,6338,6336,:6336:6338
NCCL:API Group,25333484083,1115832,25093251640,11725,StartEnd,2950,2950,1,0,1,6340,,:6340
NCCL:GroupLaunch,25333484083,1115832,25093252596,10681,StartEnd,2950,2950,1,1,0,6342,6340,:6340:6342
NCCL:API Group,25334612459,4372387,25093294282,15086,StartEnd,2950,2950,1,0,1,6344,,:6344
NCCL:GroupLaunch,25334612459,4372387,25093296808,12469,StartEnd,2950,2950,1,1,0,6346,6344,:6344:6346
NCCL:API Group,25339025742,4379075,25093338974,13104,StartEnd,2950,2950,1,0,1,6348,,:6348
NCCL:GroupLaunch,25339025742,4379075,25093339851,12132,StartEnd,2950,2950,1,1,0,6350,6348,:6348:6350
NCCL:API Group,25343445201,4390146,25093382168,11816,StartEnd,2950,2950,1,0,1,6352,,:6352
NCCL:GroupLaunch,25343445201,4390146,25093383035,10827,StartEnd,2950,2950,1,1,0,6354,6352,:6352:6354
NCCL:API Group,25347874291,22496,25093423340,12321,StartEnd,2950,2950,1,0,1,6356,,:6356
NCCL:GroupLaunch,25347874291,22496,25093424907,10666,StartEnd,2950,2950,1,1,0,6358,6356,:6356:6358
NCCL:API Group,25347900851,9152,25093464913,12724,StartEnd,2950,2950,1,0,1,6360,,:6360
NCCL:GroupLaunch,25347900851,9152,25093465934,11604,StartEnd,2950,2950,1,1,0,6362,6360,:6360:6362
NCCL:API Group,25347913011,1111512,25093510096,12012,StartEnd,2950,2950,1,0,1,6364,,:6364
NCCL:GroupLaunch,25347913011,1111512,25093511069,10953,StartEnd,2950,2950,1,1,0,6366,6364,:6364:6366
NCCL:API Group,25349037259,1106969,25093552506,11770,StartEnd,2950,2950,1,0,1,6368,,:6368
NCCL:GroupLaunch,25349037259,1106969,25093553452,10736,StartEnd,2950,2950,1,1,0,6370,6368,:6368:6370
NCCL:API Group,25350156772,1112889,25093593371,12940,StartEnd,2950,2950,1,0,1,6372,,:6372
NCCL:GroupLaunch,25350156772,1112889,25093594286,11935,StartEnd,2950,2950,1,1,0,6374,6372,:6372:6374
NCCL:API Group,25351280988,1109049,25093635758,14393,StartEnd,2950,2950,1,0,1,6376,,:6376
NCCL:GroupLaunch,25351280988,1109049,25093637451,12606,StartEnd,2950,2950,1,1,0,6378,6376,:6376:6378
NCCL:API Group,25352402165,4369827,25093681567,12819,StartEnd,2950,2950,1,0,1,6380,,:6380
NCCL:GroupLaunch,25352402165,4369827,25093682417,11846,StartEnd,2950,2950,1,1,0,6382,6380,:6380:6382
NCCL:API Group,25356813432,4375939,25093723550,15284,StartEnd,2950,2950,1,0,1,6384,,:6384
NCCL:GroupLaunch,25356813432,4375939,25093724429,14113,StartEnd,2950,2950,1,1,0,6386,6384,:6384:6386
NCCL:API Group,25361231258,4393155,25093772884,15684,StartEnd,2950,2950,1,0,1,6388,,:6388
NCCL:GroupLaunch,25361231258,4393155,25093774247,12427,StartEnd,2950,2950,1,1,0,6390,6388,:6388:6390
NCCL:API Group,25365667101,27456,25093819338,13358,StartEnd,2950,2950,1,0,1,6392,,:6392
NCCL:GroupLaunch,25365667101,27456,25093821684,10919,StartEnd,2950,2950,1,1,0,6394,6392,:6392:6394
NCCL:API Group,25365697725,9152,25093866476,13639,StartEnd,2950,2950,1,0,1,6396,,:6396
NCCL:GroupLaunch,25365697725,9152,25093867584,12445,StartEnd,2950,2950,1,1,0,6398,6396,:6396:6398
NCCL:API Group,25365709917,1113528,25093912325,12896,StartEnd,2950,2950,1,0,1,6400,,:6400
NCCL:GroupLaunch,25365709917,1113528,25093913252,11564,StartEnd,2950,2950,1,1,0,6402,6400,:6400:6402
NCCL:API Group,25366837589,1107769,25093955859,12030,StartEnd,2950,2950,1,0,1,6404,,:6404
NCCL:GroupLaunch,25366837589,1107769,25093956767,11005,StartEnd,2950,2950,1,1,0,6406,6404,:6404:6406
NCCL:API Group,25367959790,1111256,25093999294,11870,StartEnd,2950,2950,1,0,1,6408,,:6408
NCCL:GroupLaunch,25367959790,1111256,25094000238,10806,StartEnd,2950,2950,1,1,0,6410,6408,:6408:6410
NCCL:API Group,25369083014,1114329,25094040777,13531,StartEnd,2950,2950,1,0,1,6412,,:6412
NCCL:GroupLaunch,25369083014,1114329,25094043411,10777,StartEnd,2950,2950,1,1,0,6414,6412,:6412:6414
NCCL:API Group,25370209311,4373922,25094085096,11964,StartEnd,2950,2950,1,0,1,6416,,:6416
NCCL:GroupLaunch,25370209311,4373922,25094086021,10951,StartEnd,2950,2950,1,1,0,6418,6416,:6416:6418
NCCL:API Group,25374625057,4385123,25094127640,14135,StartEnd,2950,2950,1,0,1,6420,,:6420
NCCL:GroupLaunch,25374625057,4385123,25094128585,12969,StartEnd,2950,2950,1,1,0,6422,6420,:6420:6422
NCCL:API Group,25379050660,4378275,25094172681,12004,StartEnd,2950,2950,1,0,1,6424,,:6424
NCCL:GroupLaunch,25379050660,4378275,25094173643,10915,StartEnd,2950,2950,1,1,0,6426,6424,:6424:6426
NCCL:API Group,25383470118,14624,25094216281,11990,StartEnd,2950,2950,1,0,1,6428,,:6428
NCCL:GroupLaunch,25383470118,14624,25094217282,10903,StartEnd,2950,2950,1,1,0,6430,6428,:6428:6430
NCCL:API Group,25383488486,9408,25094259647,12831,StartEnd,2950,2950,1,0,1,6432,,:6432
NCCL:GroupLaunch,25383488486,9408,25094260565,11789,StartEnd,2950,2950,1,1,0,6434,6432,:6432:6434
NCCL:API Group,25383501094,1111225,25094304910,12510,StartEnd,2950,2950,1,0,1,6436,,:6436
NCCL:GroupLaunch,25383501094,1111225,25094305778,11398,StartEnd,2950,2950,1,1,0,6438,6436,:6436:6438
NCCL:API Group,25384626303,1113976,25094348415,12339,StartEnd,2950,2950,1,0,1,6440,,:6440
NCCL:GroupLaunch,25384626303,1113976,25094349282,11377,StartEnd,2950,2950,1,1,0,6442,6440,:6440:6442
NCCL:API Group,25385751607,1109913,25094392502,14693,StartEnd,2950,2950,1,0,1,6444,,:6444
NCCL:GroupLaunch,25385751607,1109913,25094393519,13585,StartEnd,2950,2950,1,1,0,6446,6444,:6444:6446
NCCL:API Group,25386873776,1112632,25094438341,12614,StartEnd,2950,2950,1,0,1,6448,,:6448
NCCL:GroupLaunch,25386873776,1112632,25094439368,11492,StartEnd,2950,2950,1,1,0,6450,6448,:6448:6450
NCCL:API Group,25387999464,4363939,25094482081,13892,StartEnd,2950,2950,1,0,1,6452,,:6452
NCCL:GroupLaunch,25387999464,4363939,25094482938,10857,StartEnd,2950,2950,1,1,0,6454,6452,:6452:6454
NCCL:API Group,25392404555,4367459,25094527307,12141,StartEnd,2950,2950,1,0,1,6456,,:6456
NCCL:GroupLaunch,25392404555,4367459,25094528229,11129,StartEnd,2950,2950,1,1,0,6458,6456,:6456:6458
NCCL:API Group,25396813774,4374019,25094571576,14609,StartEnd,2950,2950,1,0,1,6460,,:6460
NCCL:GroupLaunch,25396813774,4374019,25094572687,13401,StartEnd,2950,2950,1,1,0,6462,6460,:6460:6462
NCCL:API Group,25401229136,29248,25094616855,12599,StartEnd,2950,2950,1,0,1,6464,,:6464
NCCL:GroupLaunch,25401229136,29248,25094617802,11565,StartEnd,2950,2950,1,1,0,6466,6464,:6464:6466
NCCL:API Group,25401262256,9184,25094660940,12408,StartEnd,2950,2950,1,0,1,6468,,:6468
NCCL:GroupLaunch,25401262256,9184,25094661858,11391,StartEnd,2950,2950,1,1,0,6470,6468,:6468:6470
NCCL:API Group,25401276464,1114457,25094704161,11988,StartEnd,2950,2950,1,0,1,6472,,:6472
NCCL:GroupLaunch,25401276464,1114457,25094705041,10987,StartEnd,2950,2950,1,1,0,6474,6472,:6472:6474
NCCL:API Group,25402404776,1111737,25094746064,12563,StartEnd,2950,2950,1,0,1,6476,,:6476
NCCL:GroupLaunch,25402404776,1111737,25094747557,10945,StartEnd,2950,2950,1,1,0,6478,6476,:6476:6478
NCCL:API Group,25403530049,1109433,25094789333,13736,StartEnd,2950,2950,1,0,1,6480,,:6480
NCCL:GroupLaunch,25403530049,1109433,25094791936,11032,StartEnd,2950,2950,1,1,0,6482,6480,:6480:6482
NCCL:API Group,25404651610,1109272,25094833527,11820,StartEnd,2950,2950,1,0,1,6484,,:6484
NCCL:GroupLaunch,25404651610,1109272,25094834537,10723,StartEnd,2950,2950,1,1,0,6486,6484,:6484:6486
NCCL:API Group,25405773810,4387363,25094876386,12054,StartEnd,2950,2950,1,0,1,6488,,:6488
NCCL:GroupLaunch,25405773810,4387363,25094877270,11066,StartEnd,2950,2950,1,1,0,6490,6488,:6488:6490
NCCL:API Group,25410201461,4381698,25094921143,12232,StartEnd,2950,2950,1,0,1,6492,,:6492
NCCL:GroupLaunch,25410201461,4381698,25094922122,11008,StartEnd,2950,2950,1,1,0,6494,6492,:6492:6494
NCCL:API Group,25414622967,4370051,25094963521,11882,StartEnd,2950,2950,1,0,1,6496,,:6496
NCCL:GroupLaunch,25414622967,4370051,25094964422,10868,StartEnd,2950,2950,1,1,0,6498,6496,:6496:6498
NCCL:API Group,25419034650,17632,25095005943,12931,StartEnd,2950,2950,1,0,1,6500,,:6500
NCCL:GroupLaunch,25419034650,17632,25095006950,11824,StartEnd,2950,2950,1,1,0,6502,6500,:6500:6502
NCCL:API Group,25419057082,9664,25095048511,13561,StartEnd,2950,2950,1,0,1,6504,,:6504
NCCL:GroupLaunch,25419057082,9664,25095049881,12078,StartEnd,2950,2950,1,1,0,6506,6504,:6504:6506
NCCL:API Group,25419071322,1105816,25095094006,11992,StartEnd,2950,2950,1,0,1,6508,,:6508
NCCL:GroupLaunch,25419071322,1105816,25095095037,10866,StartEnd,2950,2950,1,1,0,6510,6508,:6508:6510
NCCL:API Group,25420188402,1114617,25095136078,14375,StartEnd,2950,2950,1,0,1,6512,,:6512
NCCL:GroupLaunch,25420188402,1114617,25095136964,13365,StartEnd,2950,2950,1,1,0,6514,6512,:6512:6514
NCCL:API Group,25421316075,1108344,25095180943,13630,StartEnd,2950,2950,1,0,1,6516,,:6516
NCCL:GroupLaunch,25421316075,1108344,25095181859,11050,StartEnd,2950,2950,1,1,0,6518,6516,:6516:6518
NCCL:API Group,25422436227,1109497,25095224716,11596,StartEnd,2950,2950,1,0,1,6520,,:6520
NCCL:GroupLaunch,25422436227,1109497,25095225682,10507,StartEnd,2950,2950,1,1,0,6522,6520,:6520:6522
NCCL:API Group,25423557404,4365539,25095278725,18183,StartEnd,2950,2950,1,0,1,6524,,:6524
NCCL:GroupLaunch,25423557404,4365539,25095280323,16425,StartEnd,2950,2950,1,1,0,6526,6524,:6524:6526
NCCL:API Group,25427964574,4383139,25095327859,12500,StartEnd,2950,2950,1,0,1,6528,,:6528
NCCL:GroupLaunch,25427964574,4383139,25095328841,11432,StartEnd,2950,2950,1,1,0,6530,6528,:6528:6530
NCCL:API Group,25432390593,4401571,25095370409,12315,StartEnd,2950,2950,1,0,1,6532,,:6532
NCCL:GroupLaunch,25432390593,4401571,25095371658,10972,StartEnd,2950,2950,1,1,0,6534,6532,:6532:6534
NCCL:API Group,25436832548,27167,25095413431,13179,StartEnd,2950,2950,1,0,1,6536,,:6536
NCCL:GroupLaunch,25436832548,27167,25095414355,12008,StartEnd,2950,2950,1,1,0,6538,6536,:6536:6538
NCCL:API Group,25436863203,9184,25095456463,11937,StartEnd,2950,2950,1,0,1,6540,,:6540
NCCL:GroupLaunch,25436863203,9184,25095457379,10902,StartEnd,2950,2950,1,1,0,6542,6540,:6540:6542
NCCL:API Group,25436875395,1112729,25095499701,13763,StartEnd,2950,2950,1,0,1,6544,,:6544
NCCL:GroupLaunch,25436875395,1112729,25095500646,12724,StartEnd,2950,2950,1,1,0,6546,6544,:6544:6546
NCCL:API Group,25437999996,1114808,25095542830,14750,StartEnd,2950,2950,1,0,1,6548,,:6548
NCCL:GroupLaunch,25437999996,1114808,25095545261,12221,StartEnd,2950,2950,1,1,0,6550,6548,:6548:6550
NCCL:API Group,25439127316,1113081,25095587520,12880,StartEnd,2950,2950,1,0,1,6552,,:6552
NCCL:GroupLaunch,25439127316,1113081,25095588427,11852,StartEnd,2950,2950,1,1,0,6554,6552,:6552:6554
NCCL:API Group,25440252589,1110904,25095632896,12274,StartEnd,2950,2950,1,0,1,6556,,:6556
NCCL:GroupLaunch,25440252589,1110904,25095633822,11131,StartEnd,2950,2950,1,1,0,6558,6556,:6556:6558
NCCL:API Group,25441374789,4374371,25095676741,13370,StartEnd,2950,2950,1,0,1,6560,,:6560
NCCL:GroupLaunch,25441374789,4374371,25095677629,12393,StartEnd,2950,2950,1,1,0,6562,6560,:6560:6562
NCCL:API Group,25445790568,4389603,25095720000,12314,StartEnd,2950,2950,1,0,1,6564,,:6564
NCCL:GroupLaunch,25445790568,4389603,25095721181,11039,StartEnd,2950,2950,1,1,0,6566,6564,:6564:6566
NCCL:API Group,25450220234,4375587,25095762261,12478,StartEnd,2950,2950,1,0,1,6568,,:6568
NCCL:GroupLaunch,25450220234,4375587,25095763183,11460,StartEnd,2950,2950,1,1,0,6570,6568,:6568:6570
NCCL:API Group,25454635597,31616,25095804770,12989,StartEnd,2950,2950,1,0,1,6572,,:6572
NCCL:GroupLaunch,25454635597,31616,25095805642,12001,StartEnd,2950,2950,1,1,0,6574,6572,:6572:6574
NCCL:API Group,25454670349,9408,25095848146,11620,StartEnd,2950,2950,1,0,1,6576,,:6576
NCCL:GroupLaunch,25454670349,9408,25095849038,10640,StartEnd,2950,2950,1,1,0,6578,6576,:6576:6578
NCCL:API Group,25454682957,1107640,25095890122,27074,StartEnd,2950,2950,1,0,1,6580,,:6580
NCCL:GroupLaunch,25454682957,1107640,25095891761,24212,StartEnd,2950,2950,1,1,0,6582,6580,:6580:6582
NCCL:API Group,25455804069,1118457,25095948478,15977,StartEnd,2950,2950,1,0,1,6584,,:6584
NCCL:GroupLaunch,25455804069,1118457,25095949715,14617,StartEnd,2950,2950,1,1,0,6586,6584,:6584:6586
NCCL:API Group,25456934462,1111448,25095998100,13049,StartEnd,2950,2950,1,0,1,6588,,:6588
NCCL:GroupLaunch,25456934462,1111448,25095999008,11731,StartEnd,2950,2950,1,1,0,6590,6588,:6588:6590
NCCL:API Group,25458057686,1112505,25096042220,12257,StartEnd,2950,2950,1,0,1,6592,,:6592
NCCL:GroupLaunch,25458057686,1112505,25096043101,11130,StartEnd,2950,2950,1,1,0,6594,6592,:6592:6594
NCCL:API Group,25459183343,4359075,25096087203,14791,StartEnd,2950,2950,1,0,1,6596,,:6596
NCCL:GroupLaunch,25459183343,4359075,25096088564,13307,StartEnd,2950,2950,1,1,0,6598,6596,:6596:6598
NCCL:API Group,25463582322,4383266,25096132727,13056,StartEnd,2950,2950,1,0,1,6600,,:6600
NCCL:GroupLaunch,25463582322,4383266,25096134001,11693,StartEnd,2950,2950,1,1,0,6602,6600,:6600:6602
NCCL:API Group,25468005876,4387075,25096176370,12263,StartEnd,2950,2950,1,0,1,6604,,:6604
NCCL:GroupLaunch,25468005876,4387075,25096177285,11217,StartEnd,2950,2950,1,1,0,6606,6604,:6604:6606
NCCL:API Group,25472433527,28032,25096220008,12545,StartEnd,2950,2950,1,0,1,6608,,:6608
NCCL:GroupLaunch,25472433527,28032,25096220939,11267,StartEnd,2950,2950,1,1,0,6610,6608,:6608:6610
NCCL:API Group,25472466647,9279,25096262413,11988,StartEnd,2950,2950,1,0,1,6612,,:6612
NCCL:GroupLaunch,25472466647,9279,25096263366,10918,StartEnd,2950,2950,1,1,0,6614,6612,:6612:6614
NCCL:API Group,25472480854,1112377,25096305897,14091,StartEnd,2950,2950,1,0,1,6616,,:6616
NCCL:GroupLaunch,25472480854,1112377,25096308806,11094,StartEnd,2950,2950,1,1,0,6618,6616,:6616:6618
NCCL:API Group,25473607119,1112793,25096353676,12280,StartEnd,2950,2950,1,0,1,6620,,:6620
NCCL:GroupLaunch,25473607119,1112793,25096354649,11215,StartEnd,2950,2950,1,1,0,6622,6620,:6620:6622
NCCL:API Group,25474734439,1129209,25096396008,17790,StartEnd,2950,2950,1,0,1,6624,,:6624
NCCL:GroupLaunch,25474734439,1129209,25096396890,16709,StartEnd,2950,2950,1,1,0,6626,6624,:6624:6626
NCCL:API Group,25475876480,1111800,25096444454,12021,StartEnd,2950,2950,1,0,1,6628,,:6628
NCCL:GroupLaunch,25475876480,1111800,25096445346,11007,StartEnd,2950,2950,1,1,0,6630,6628,:6628:6630
NCCL:API Group,25477000728,4364131,25096489856,12655,StartEnd,2950,2950,1,0,1,6632,,:6632
NCCL:GroupLaunch,25477000728,4364131,25096490851,11531,StartEnd,2950,2950,1,1,0,6634,6632,:6632:6634
NCCL:API Group,25481404827,4383299,25096532610,12341,StartEnd,2950,2950,1,0,1,6636,,:6636
NCCL:GroupLaunch,25481404827,4383299,25096533896,10931,StartEnd,2950,2950,1,1,0,6638,6636,:6636:6638
NCCL:API Group,25485829406,4401346,25096575156,11918,StartEnd,2950,2950,1,0,1,6640,,:6640
NCCL:GroupLaunch,25485829406,4401346,25096576033,10952,StartEnd,2950,2950,1,1,0,6642,6640,:6640:6642
NCCL:API Group,25490269728,30720,25096616959,13967,StartEnd,2950,2950,1,0,1,6644,,:6644
NCCL:GroupLaunch,25490269728,30720,25096617878,11073,StartEnd,2950,2950,1,1,0,6646,6644,:6644:6646
NCCL:API Group,25490304512,9216,25096661206,13588,StartEnd,2950,2950,1,0,1,6648,,:6648
NCCL:GroupLaunch,25490304512,9216,25096662270,12437,StartEnd,2950,2950,1,1,0,6650,6648,:6648:6650
NCCL:API Group,25490316672,1113144,25096708395,11935,StartEnd,2950,2950,1,0,1,6652,,:6652
NCCL:GroupLaunch,25490316672,1113144,25096709375,10862,StartEnd,2950,2950,1,1,0,6654,6652,:6652:6654
NCCL:API Group,25491443960,1107065,25096751715,12293,StartEnd,2950,2950,1,0,1,6656,,:6656
NCCL:GroupLaunch,25491443960,1107065,25096752701,11222,StartEnd,2950,2950,1,1,0,6658,6656,:6656:6658
NCCL:API Group,25492562481,1112249,25096793942,12786,StartEnd,2950,2950,1,0,1,6660,,:6660
NCCL:GroupLaunch,25492562481,1112249,25096794803,11580,StartEnd,2950,2950,1,1,0,6662,6660,:6660:6662
NCCL:API Group,25493687721,1106457,25096836998,11924,StartEnd,2950,2950,1,0,1,6664,,:6664
NCCL:GroupLaunch,25493687721,1106457,25096837840,10994,StartEnd,2950,2950,1,1,0,6666,6664,:6664:6666
NCCL:API Group,25494808898,4367459,25096881556,12084,StartEnd,2950,2950,1,0,1,6668,,:6668
NCCL:GroupLaunch,25494808898,4367459,25096882443,11104,StartEnd,2950,2950,1,1,0,6670,6668,:6668:6670
NCCL:API Group,25499216069,4382147,25096923310,12257,StartEnd,2950,2950,1,0,1,6672,,:6672
NCCL:GroupLaunch,25499216069,4382147,25096924451,11027,StartEnd,2950,2950,1,1,0,6674,6672,:6672:6674
NCCL:API Group,25503640039,4374979,25096965282,11530,StartEnd,2950,2950,1,0,1,6676,,:6676
NCCL:GroupLaunch,25503640039,4374979,25096966166,10548,StartEnd,2950,2950,1,1,0,6678,6676,:6676:6678
NCCL:API Group,25508055370,21312,25097007670,11834,StartEnd,2950,2950,1,0,1,6680,,:6680
NCCL:GroupLaunch,25508055370,21312,25097008642,10635,StartEnd,2950,2950,1,1,0,6682,6680,:6680:6682
NCCL:API Group,25508079882,11104,25097051934,13892,StartEnd,2950,2950,1,0,1,6684,,:6684
NCCL:GroupLaunch,25508079882,11104,25097054995,10738,StartEnd,2950,2950,1,1,0,6686,6684,:6684:6686
NCCL:API Group,25508094122,1108408,25097098436,12573,StartEnd,2950,2950,1,0,1,6688,,:6688
NCCL:GroupLaunch,25508094122,1108408,25097099739,11154,StartEnd,2950,2950,1,1,0,6690,6688,:6688:6690
NCCL:API Group,25509216674,1110265,25097143280,12647,StartEnd,2950,2950,1,0,1,6692,,:6692
NCCL:GroupLaunch,25509216674,1110265,25097144164,11670,StartEnd,2950,2950,1,1,0,6694,6692,:6692:6694
NCCL:API Group,25510339931,1106232,25097186111,12071,StartEnd,2950,2950,1,0,1,6696,,:6696
NCCL:GroupLaunch,25510339931,1106232,25097186979,10903,StartEnd,2950,2950,1,1,0,6698,6696,:6696:6698
NCCL:API Group,25511458003,1112825,25097231072,13726,StartEnd,2950,2950,1,0,1,6700,,:6700
NCCL:GroupLaunch,25511458003,1112825,25097232110,12593,StartEnd,2950,2950,1,1,0,6702,6700,:6700:6702
NCCL:API Group,25512585324,4360099,25097278253,13176,StartEnd,2950,2950,1,0,1,6704,,:6704
NCCL:GroupLaunch,25512585324,4360099,25097279603,11733,StartEnd,2950,2950,1,1,0,6706,6704,:6704:6706
NCCL:API Group,25516986734,4380867,25097321309,14441,StartEnd,2950,2950,1,0,1,6708,,:6708
NCCL:GroupLaunch,25516986734,4380867,25097322707,11428,StartEnd,2950,2950,1,1,0,6710,6708,:6708:6710
NCCL:API Group,25521408241,4400803,25097365344,12826,StartEnd,2950,2950,1,0,1,6712,,:6712
NCCL:GroupLaunch,25521408241,4400803,25097366235,11845,StartEnd,2950,2950,1,1,0,6714,6712,:6712:6714
NCCL:API Group,25525850228,26847,25097411142,13458,StartEnd,2950,2950,1,0,1,6716,,:6716
NCCL:GroupLaunch,25525850228,26847,25097412068,12432,StartEnd,2950,2950,1,1,0,6718,6716,:6716:6718
NCCL:API Group,25525880883,9312,25097456478,12722,StartEnd,2950,2950,1,0,1,6720,,:6720
NCCL:GroupLaunch,25525880883,9312,25097457816,11264,StartEnd,2950,2950,1,1,0,6722,6720,:6720:6722
NCCL:API Group,25525893491,1112601,25097501301,13919,StartEnd,2950,2950,1,0,1,6724,,:6724
NCCL:GroupLaunch,25525893491,1112601,25097502771,12328,StartEnd,2950,2950,1,1,0,6726,6724,:6724:6726
NCCL:API Group,25527017708,1110136,25097546002,12600,StartEnd,2950,2950,1,0,1,6728,,:6728
NCCL:GroupLaunch,25527017708,1110136,25097546945,11538,StartEnd,2950,2950,1,1,0,6730,6728,:6728:6730
NCCL:API Group,25528139876,1116665,25097587799,12366,StartEnd,2950,2950,1,0,1,6732,,:6732
NCCL:GroupLaunch,25528139876,1116665,25097588740,11328,StartEnd,2950,2950,1,1,0,6734,6732,:6732:6734
NCCL:API Group,25529268221,1113240,25097630482,12788,StartEnd,2950,2950,1,0,1,6736,,:6736
NCCL:GroupLaunch,25529268221,1113240,25097631344,11811,StartEnd,2950,2950,1,1,0,6738,6736,:6736:6738
NCCL:API Group,25530392853,4380899,25097674146,13600,StartEnd,2950,2950,1,0,1,6740,,:6740
NCCL:GroupLaunch,25530392853,4380899,25097676022,11632,StartEnd,2950,2950,1,1,0,6742,6740,:6740:6742
NCCL:API Group,25534815384,4432514,25097717491,12356,StartEnd,2950,2950,1,0,1,6744,,:6744
NCCL:GroupLaunch,25534815384,4432514,25097718471,11262,StartEnd,2950,2950,1,1,0,6746,6744,:6744:6746
NCCL:API Group,25539288090,4387139,25097767187,14183,StartEnd,2950,2950,1,0,1,6748,,:6748
NCCL:GroupLaunch,25539288090,4387139,25097768150,12880,StartEnd,2950,2950,1,1,0,6750,6748,:6748:6750
NCCL:API Group,25543715741,29728,25097813683,13660,StartEnd,2950,2950,1,0,1,6752,,:6752
NCCL:GroupLaunch,25543715741,29728,25097816228,10885,StartEnd,2950,2950,1,1,0,6754,6752,:6752:6754
NCCL:API Group,25543748860,11520,25097858405,12131,StartEnd,2950,2950,1,0,1,6756,,:6756
NCCL:GroupLaunch,25543748860,11520,25097859595,10845,StartEnd,2950,2950,1,1,0,6758,6756,:6756:6758
NCCL:API Group,25543765116,1112601,25097913140,15181,StartEnd,2950,2950,1,0,1,6760,,:6760
NCCL:GroupLaunch,25543765116,1112601,25097914508,13694,StartEnd,2950,2950,1,1,0,6762,6760,:6760:6762
NCCL:API Group,25544889333,1108665,25097959498,12792,StartEnd,2950,2950,1,0,1,6764,,:6764
NCCL:GroupLaunch,25544889333,1108665,25097960388,11801,StartEnd,2950,2950,1,1,0,6766,6764,:6764:6766
NCCL:API Group,25546012557,1109849,25098002719,11925,StartEnd,2950,2950,1,0,1,6768,,:6768
NCCL:GroupLaunch,25546012557,1109849,25098003542,10876,StartEnd,2950,2950,1,1,0,6770,6768,:6768:6770
NCCL:API Group,25547135142,1106425,25098044372,16255,StartEnd,2950,2950,1,0,1,6772,,:6772
NCCL:GroupLaunch,25547135142,1106425,25098045371,13315,StartEnd,2950,2950,1,1,0,6774,6772,:6772:6774
NCCL:API Group,25548254271,4361507,25098092973,12787,StartEnd,2950,2950,1,0,1,6776,,:6776
NCCL:GroupLaunch,25548254271,4361507,25098094617,11050,StartEnd,2950,2950,1,1,0,6778,6776,:6776:6778
NCCL:API Group,25552659393,4380547,25098137477,12921,StartEnd,2950,2950,1,0,1,6780,,:6780
NCCL:GroupLaunch,25552659393,4380547,25098138337,11936,StartEnd,2950,2950,1,1,0,6782,6780,:6780:6782
NCCL:API Group,25557080900,4398883,25098180699,18903,StartEnd,2950,2950,1,0,1,6784,,:6784
NCCL:GroupLaunch,25557080900,4398883,25098181578,17793,StartEnd,2950,2950,1,1,0,6786,6784,:6784:6786
NCCL:API Group,25561521254,28704,25098231737,11566,StartEnd,2950,2950,1,0,1,6788,,:6788
NCCL:GroupLaunch,25561521254,28704,25098232682,10497,StartEnd,2950,2950,1,1,0,6790,6788,:6788:6790
NCCL:API Group,25561553958,9184,25098273295,12477,StartEnd,2950,2950,1,0,1,6792,,:6792
NCCL:GroupLaunch,25561553958,9184,25098275004,10678,StartEnd,2950,2950,1,1,0,6794,6792,:6792:6794
NCCL:API Group,25561566118,1112313,25098381454,14780,StartEnd,2950,2950,1,0,1,6796,,:6796
NCCL:GroupLaunch,25561566118,1112313,25098382666,13446,StartEnd,2950,2950,1,1,0,6798,6796,:6796:6798
NCCL:API Group,25562693407,1112568,25098427524,12521,StartEnd,2950,2950,1,0,1,6800,,:6800
NCCL:GroupLaunch,25562693407,1112568,25098428480,11446,StartEnd,2950,2950,1,1,0,6802,6800,:6800:6802
NCCL:API Group,25563819095,1113241,25098470000,11850,StartEnd,2950,2950,1,0,1,6804,,:6804
NCCL:GroupLaunch,25563819095,1113241,25098470899,10738,StartEnd,2950,2950,1,1,0,6806,6804,:6804:6806
NCCL:API Group,25564947408,1110968,25098512166,11833,StartEnd,2950,2950,1,0,1,6808,,:6808
NCCL:GroupLaunch,25564947408,1110968,25098513234,10644,StartEnd,2950,2950,1,1,0,6810,6808,:6808:6810
NCCL:API Group,25566070600,4379107,25098557035,11711,StartEnd,2950,2950,1,0,1,6812,,:6812
NCCL:GroupLaunch,25566070600,4379107,25098558028,10607,StartEnd,2950,2950,1,1,0,6814,6812,:6812:6814
NCCL:API Group,25570490091,4364067,25098598282,17345,StartEnd,2950,2950,1,0,1,6816,,:6816
NCCL:GroupLaunch,25570490091,4364067,25098599346,16192,StartEnd,2950,2950,1,1,0,6818,6816,:6816:6818
NCCL:API Group,25574895629,4382339,25098646924,14095,StartEnd,2950,2950,1,0,1,6820,,:6820
NCCL:GroupLaunch,25574895629,4382339,25098647885,12699,StartEnd,2950,2950,1,1,0,6822,6820,:6820:6822
NCCL:API Group,25579319152,26976,25098691180,13505,StartEnd,2950,2950,1,0,1,6824,,:6824
NCCL:GroupLaunch,25579319152,26976,25098692625,11584,StartEnd,2950,2950,1,1,0,6826,6824,:6824:6826
NCCL:API Group,25579349808,9216,25098734105,14449,StartEnd,2950,2950,1,0,1,6828,,:6828
NCCL:GroupLaunch,25579349808,9216,25098736519,11662,StartEnd,2950,2950,1,1,0,6830,6828,:6828:6830
NCCL:API Group,25579362000,1112024,25098781313,14045,StartEnd,2950,2950,1,0,1,6832,,:6832
NCCL:GroupLaunch,25579362000,1112024,25098783252,11651,StartEnd,2950,2950,1,1,0,6834,6832,:6832:6834
NCCL:API Group,25580486600,1109753,25098825002,15327,StartEnd,2950,2950,1,0,1,6836,,:6836
NCCL:GroupLaunch,25580486600,1109753,25098826406,11562,StartEnd,2950,2950,1,1,0,6838,6836,:6836:6838
NCCL:API Group,25581607777,1109624,25098870018,13389,StartEnd,2950,2950,1,0,1,6840,,:6840
NCCL:GroupLaunch,25581607777,1109624,25098871663,11251,StartEnd,2950,2950,1,1,0,6842,6840,:6840:6842
NCCL:API Group,25582729977,1112665,25098916295,13806,StartEnd,2950,2950,1,0,1,6844,,:6844
NCCL:GroupLaunch,25582729977,1112665,25098918227,11536,StartEnd,2950,2950,1,1,0,6846,6844,:6844:6846
NCCL:API Group,25583855250,4365699,25098961381,14012,StartEnd,2950,2950,1,0,1,6848,,:6848
NCCL:GroupLaunch,25583855250,4365699,25098962927,12088,StartEnd,2950,2950,1,1,0,6850,6848,:6848:6850
NCCL:API Group,25588262836,4385667,25099005933,16214,StartEnd,2950,2950,1,0,1,6852,,:6852
NCCL:GroupLaunch,25588262836,4385667,25099007477,14363,StartEnd,2950,2950,1,1,0,6854,6852,:6852:6854
NCCL:API Group,25592688407,4376867,25099053483,13918,StartEnd,2950,2950,1,0,1,6856,,:6856
NCCL:GroupLaunch,25592688407,4376867,25099055097,11837,StartEnd,2950,2950,1,1,0,6858,6856,:6856:6858
NCCL:API Group,25597105818,29151,25099097460,14255,StartEnd,2950,2950,1,0,1,6860,,:6860
NCCL:GroupLaunch,25597105818,29151,25099099146,12192,StartEnd,2950,2950,1,1,0,6862,6860,:6860:6862
NCCL:API Group,25597138521,9376,25099141472,13244,StartEnd,2950,2950,1,0,1,6864,,:6864
NCCL:GroupLaunch,25597138521,9376,25099142867,11483,StartEnd,2950,2950,1,1,0,6866,6864,:6864:6866
NCCL:API Group,25597151129,1109305,25099187349,13328,StartEnd,2950,2950,1,0,1,6868,,:6868
NCCL:GroupLaunch,25597151129,1109305,25099188839,11516,StartEnd,2950,2950,1,1,0,6870,6868,:6868:6870
NCCL:API Group,25598274290,1118552,25099229810,13592,StartEnd,2950,2950,1,0,1,6872,,:6872
NCCL:GroupLaunch,25598274290,1118552,25099231307,11775,StartEnd,2950,2950,1,1,0,6874,6872,:6872:6874
NCCL:API Group,25599404682,1111641,25099275787,13120,StartEnd,2950,2950,1,0,1,6876,,:6876
NCCL:GroupLaunch,25599404682,1111641,25099277374,11209,StartEnd,2950,2950,1,1,0,6878,6876,:6876:6878
NCCL:API Group,25600527907,1108601,25099320293,14010,StartEnd,2950,2950,1,0,1,6880,,:6880
NCCL:GroupLaunch,25600527907,1108601,25099322606,11379,StartEnd,2950,2950,1,1,0,6882,6880,:6880:6882
NCCL:API Group,25601648443,4372579,25099365619,13476,StartEnd,2950,2950,1,0,1,6884,,:6884
NCCL:GroupLaunch,25601648443,4372579,25099367232,11478,StartEnd,2950,2950,1,1,0,6886,6884,:6884:6886
NCCL:API Group,25606062782,4359619,25099408745,21032,StartEnd,2950,2950,1,0,1,6888,,:6888
NCCL:GroupLaunch,25606062782,4359619,25099417673,11763,StartEnd,2950,2950,1,1,0,6890,6888,:6888:6890
NCCL:API Group,25610463809,4371875,25099461599,13838,StartEnd,2950,2950,1,0,1,6892,,:6892
NCCL:GroupLaunch,25610463809,4371875,25099463350,11587,StartEnd,2950,2950,1,1,0,6894,6892,:6892:6894
NCCL:API Group,25614877123,33728,25099505776,13220,StartEnd,2950,2950,1,0,1,6896,,:6896
NCCL:GroupLaunch,25614877123,33728,25099507371,11288,StartEnd,2950,2950,1,1,0,6898,6896,:6896:6898
NCCL:API Group,25614914339,11008,25099548631,16347,StartEnd,2950,2950,1,0,1,6900,,:6900
NCCL:GroupLaunch,25614914339,11008,25099551007,11625,StartEnd,2950,2950,1,1,0,6902,6900,:6900:6902
NCCL:API Group,25614928547,1113049,25099597757,11973,StartEnd,2950,2950,1,0,1,6904,,:6904
NCCL:GroupLaunch,25614928547,1113049,25099598630,10977,StartEnd,2950,2950,1,1,0,6906,6904,:6904:6906
NCCL:API Group,25616054812,1107320,25099641001,12597,StartEnd,2950,2950,1,0,1,6908,,:6908
NCCL:GroupLaunch,25616054812,1107320,25099641895,11344,StartEnd,2950,2950,1,1,0,6910,6908,:6908:6910
NCCL:API Group,25617173940,1112665,25099684450,12930,StartEnd,2950,2950,1,0,1,6912,,:6912
NCCL:GroupLaunch,25617173940,1112665,25099685403,11855,StartEnd,2950,2950,1,1,0,6914,6912,:6912:6914
NCCL:API Group,25618298573,1108888,25099727327,12165,StartEnd,2950,2950,1,0,1,6916,,:6916
NCCL:GroupLaunch,25618298573,1108888,25099728556,10843,StartEnd,2950,2950,1,1,0,6918,6916,:6916:6918
NCCL:API Group,25619419749,4367779,25099770488,14048,StartEnd,2950,2950,1,0,1,6920,,:6920
NCCL:GroupLaunch,25619419749,4367779,25099773414,11000,StartEnd,2950,2950,1,1,0,6922,6920,:6920:6922
NCCL:API Group,25623828968,4397827,25099814050,13548,StartEnd,2950,2950,1,0,1,6924,,:6924
NCCL:GroupLaunch,25623828968,4397827,25099814897,12430,StartEnd,2950,2950,1,1,0,6926,6924,:6924:6926
NCCL:API Group,25628264810,4392035,25099857832,11608,StartEnd,2950,2950,1,0,1,6928,,:6928
NCCL:GroupLaunch,25628264810,4392035,25099858678,10673,StartEnd,2950,2950,1,1,0,6930,6928,:6928:6930
NCCL:API Group,25632696973,29632,25099899355,11922,StartEnd,2950,2950,1,0,1,6932,,:6932
NCCL:GroupLaunch,25632696973,29632,25099900580,10570,StartEnd,2950,2950,1,1,0,6934,6932,:6932:6934
NCCL:API Group,25632729677,11008,25099940995,13098,StartEnd,2950,2950,1,0,1,6936,,:6936
NCCL:GroupLaunch,25632729677,11008,25099941959,12013,StartEnd,2950,2950,1,1,0,6938,6936,:6936:6938
NCCL:API Group,25632743853,1114520,25099988020,15989,StartEnd,2950,2950,1,0,1,6940,,:6940
NCCL:GroupLaunch,25632743853,1114520,25099988928,14914,StartEnd,2950,2950,1,1,0,6942,6940,:6940:6942
NCCL:API Group,25633873221,1118777,25100041512,13930,StartEnd,2950,2950,1,0,1,6944,,:6944
NCCL:GroupLaunch,25633873221,1118777,25100042596,12687,StartEnd,2950,2950,1,1,0,6946,6944,:6944:6946
NCCL:API Group,25635006046,1112888,25100088107,13390,StartEnd,2950,2950,1,0,1,6948,,:6948
NCCL:GroupLaunch,25635006046,1112888,25100089049,12356,StartEnd,2950,2950,1,1,0,6950,6948,:6948:6950
NCCL:API Group,25636133366,1103481,25100131772,14285,StartEnd,2950,2950,1,0,1,6952,,:6952
NCCL:GroupLaunch,25636133366,1103481,25100133116,12818,StartEnd,2950,2950,1,1,0,6954,6952,:6952:6954
NCCL:API Group,25637249423,4368707,25100177417,12677,StartEnd,2950,2950,1,0,1,6956,,:6956
NCCL:GroupLaunch,25637249423,4368707,25100178564,11405,StartEnd,2950,2950,1,1,0,6958,6956,:6956:6958
NCCL:API Group,25641659665,4377667,25100219183,14050,StartEnd,2950,2950,1,0,1,6960,,:6960
NCCL:GroupLaunch,25641659665,4377667,25100220068,12954,StartEnd,2950,2950,1,1,0,6962,6960,:6960:6962
NCCL:API Group,25646077460,4373475,25100262918,13082,StartEnd,2950,2950,1,0,1,6964,,:6964
NCCL:GroupLaunch,25646077460,4373475,25100263819,10473,StartEnd,2950,2950,1,1,0,6966,6964,:6964:6966
NCCL:API Group,25650492855,26751,25100305819,11849,StartEnd,2950,2950,1,0,1,6968,,:6968
NCCL:GroupLaunch,25650492855,26751,25100306824,10752,StartEnd,2950,2950,1,1,0,6970,6968,:6968:6970
NCCL:API Group,25650523478,9280,25100348476,13321,StartEnd,2950,2950,1,0,1,6972,,:6972
NCCL:GroupLaunch,25650523478,9280,25100349504,12190,StartEnd,2950,2950,1,1,0,6974,6972,:6972:6974
NCCL:API Group,25650535670,1109689,25100393070,12399,StartEnd,2950,2950,1,0,1,6976,,:6976
NCCL:GroupLaunch,25650535670,1109689,25100393944,11433,StartEnd,2950,2950,1,1,0,6978,6976,:6976:6978
NCCL:API Group,25651658223,1114776,25100434122,12737,StartEnd,2950,2950,1,0,1,6980,,:6980
NCCL:GroupLaunch,25651658223,1114776,25100435059,11434,StartEnd,2950,2950,1,1,0,6982,6980,:6980:6982
NCCL:API Group,25652785543,1111577,25100477013,15138,StartEnd,2950,2950,1,0,1,6984,,:6984
NCCL:GroupLaunch,25652785543,1111577,25100478672,13382,StartEnd,2950,2950,1,1,0,6986,6984,:6984:6986
NCCL:API Group,25653909792,1111321,25100521831,15231,StartEnd,2950,2950,1,0,1,6988,,:6988
NCCL:GroupLaunch,25653909792,1111321,25100525970,11003,StartEnd,2950,2950,1,1,0,6990,6988,:6988:6990
NCCL:API Group,25655033016,4365443,25100567684,12241,StartEnd,2950,2950,1,0,1,6992,,:6992
NCCL:GroupLaunch,25655033016,4365443,25100568569,11158,StartEnd,2950,2950,1,1,0,6994,6992,:6992:6994
NCCL:API Group,25659436475,4411491,25100608592,13038,StartEnd,2950,2950,1,0,1,6996,,:6996
NCCL:GroupLaunch,25659436475,4411491,25100609449,12058,StartEnd,2950,2950,1,1,0,6998,6996,:6996:6998
NCCL:API Group,25663888702,4381570,25100651691,11746,StartEnd,2950,2950,1,0,1,7000,,:7000
NCCL:GroupLaunch,25663888702,4381570,25100652708,10634,StartEnd,2950,2950,1,1,0,7002,7000,:7000:7002
NCCL:API Group,25668312288,19904,25100694728,11965,StartEnd,2950,2950,1,0,1,7004,,:7004
NCCL:GroupLaunch,25668312288,19904,25100695710,10896,StartEnd,2950,2950,1,1,0,7006,7004,:7004:7006
NCCL:API Group,25668336768,9376,25100736015,13093,StartEnd,2950,2950,1,0,1,7008,,:7008
NCCL:GroupLaunch,25668336768,9376,25100736917,12094,StartEnd,2950,2950,1,1,0,7010,7008,:7008:7010
NCCL:API Group,25668349376,11552,25100780308,11785,StartEnd,2950,2950,1,0,1,7012,,:7012
NCCL:GroupLaunch,25668349376,11552,25100781216,10760,StartEnd,2950,2950,1,1,0,7014,7012,:7012:7014
NCCL:API Group,25668365632,4273891,25100822207,11901,StartEnd,2950,2950,1,0,1,7016,,:7016
NCCL:GroupLaunch,25668365632,4273891,25100823232,10780,StartEnd,2950,2950,1,1,0,7018,7016,:7016:7018
