Start (ns),End (ns),Duration (ns),DurChild (ns),DurNonChild (ns),Name,PID,TID,Lvl,NumChild,RangeId,ParentId,RangeStack,NameTree
21072018,1720544626,1699472608,1330249601,369223007,:measurement,9492,9492,0,2,9,,:9,:measurement
22129149,254448948,232319799,75643179,156676620,:fsdp_forward,9492,9492,1,678,10,9,:9:10,--:fsdp_forward
22660016,23151884,491868,0,491868,:fsdp:forward:all_gather:token_embeddings,9492,9492,2,0,11,10,:9:10:11,----:fsdp:forward:all_gather:token_embeddings
23165302,23255334,90032,0,90032,:fsdp:forward:wait_weights:token_embeddings,9492,9492,2,0,12,10,:9:10:12,----:fsdp:forward:wait_weights:token_embeddings
23308574,23470030,161456,0,161456,:fsdp:forward:all_gather:layers.0.attn.q_proj,9492,9492,2,0,13,10,:9:10:13,----:fsdp:forward:all_gather:layers.0.attn.q_proj
23477331,23553818,76487,0,76487,:fsdp:forward:compute:token_embeddings,9492,9492,2,0,14,10,:9:10:14,----:fsdp:forward:compute:token_embeddings
23847486,23895096,47610,0,47610,:fsdp:forward:wait_weights:layers.0.attn.q_proj,9492,9492,2,0,15,10,:9:10:15,----:fsdp:forward:wait_weights:layers.0.attn.q_proj
23928366,24078610,150244,0,150244,:fsdp:forward:all_gather:layers.0.attn.k_proj,9492,9492,2,0,16,10,:9:10:16,----:fsdp:forward:all_gather:layers.0.attn.k_proj
24087795,24208030,120235,0,120235,:fsdp:forward:compute:layers.0.attn.q_proj,9492,9492,2,0,17,10,:9:10:17,----:fsdp:forward:compute:layers.0.attn.q_proj
24260637,24306913,46276,0,46276,:fsdp:forward:wait_weights:layers.0.attn.k_proj,9492,9492,2,0,18,10,:9:10:18,----:fsdp:forward:wait_weights:layers.0.attn.k_proj
24338152,24474760,136608,0,136608,:fsdp:forward:all_gather:layers.0.attn.v_proj,9492,9492,2,0,19,10,:9:10:19,----:fsdp:forward:all_gather:layers.0.attn.v_proj
24483470,24532722,49252,0,49252,:fsdp:forward:compute:layers.0.attn.k_proj,9492,9492,2,0,20,10,:9:10:20,----:fsdp:forward:compute:layers.0.attn.k_proj
24574131,24613846,39715,0,39715,:fsdp:forward:wait_weights:layers.0.attn.v_proj,9492,9492,2,0,21,10,:9:10:21,----:fsdp:forward:wait_weights:layers.0.attn.v_proj
24642096,24770876,128780,0,128780,:fsdp:forward:all_gather:layers.0.attn.output_proj,9492,9492,2,0,22,10,:9:10:22,----:fsdp:forward:all_gather:layers.0.attn.output_proj
24779107,24819653,40546,0,40546,:fsdp:forward:compute:layers.0.attn.v_proj,9492,9492,2,0,23,10,:9:10:23,----:fsdp:forward:compute:layers.0.attn.v_proj
25841427,25894746,53319,0,53319,:fsdp:forward:wait_weights:layers.0.attn.output_proj,9492,9492,2,0,24,10,:9:10:24,----:fsdp:forward:wait_weights:layers.0.attn.output_proj
25935770,26119893,184123,0,184123,:fsdp:forward:all_gather:layers.0.ffn.w1,9492,9492,2,0,25,10,:9:10:25,----:fsdp:forward:all_gather:layers.0.ffn.w1
26130644,26179896,49252,0,49252,:fsdp:forward:compute:layers.0.attn.output_proj,9492,9492,2,0,26,10,:9:10:26,----:fsdp:forward:compute:layers.0.attn.output_proj
26392002,26438383,46381,0,46381,:fsdp:forward:wait_weights:layers.0.ffn.w1,9492,9492,2,0,27,10,:9:10:27,----:fsdp:forward:wait_weights:layers.0.ffn.w1
26470401,26626118,155717,0,155717,:fsdp:forward:all_gather:layers.0.ffn.w3,9492,9492,2,0,28,10,:9:10:28,----:fsdp:forward:all_gather:layers.0.ffn.w3
26634933,26701755,66822,0,66822,:fsdp:forward:compute:layers.0.ffn.w1,9492,9492,2,0,29,10,:9:10:29,----:fsdp:forward:compute:layers.0.ffn.w1
26789302,26829127,39825,0,39825,:fsdp:forward:wait_weights:layers.0.ffn.w3,9492,9492,2,0,30,10,:9:10:30,----:fsdp:forward:wait_weights:layers.0.ffn.w3
26857646,26996958,139312,0,139312,:fsdp:forward:all_gather:layers.0.ffn.w2,9492,9492,2,0,31,10,:9:10:31,----:fsdp:forward:all_gather:layers.0.ffn.w2
27004812,27057679,52867,0,52867,:fsdp:forward:compute:layers.0.ffn.w3,9492,9492,2,0,32,10,:9:10:32,----:fsdp:forward:compute:layers.0.ffn.w3
27117696,27154451,36755,0,36755,:fsdp:forward:wait_weights:layers.0.ffn.w2,9492,9492,2,0,33,10,:9:10:33,----:fsdp:forward:wait_weights:layers.0.ffn.w2
27182748,27310369,127621,0,127621,:fsdp:forward:all_gather:layers.1.attn.q_proj,9492,9492,2,0,34,10,:9:10:34,----:fsdp:forward:all_gather:layers.1.attn.q_proj
27317720,27363382,45662,0,45662,:fsdp:forward:compute:layers.0.ffn.w2,9492,9492,2,0,35,10,:9:10:35,----:fsdp:forward:compute:layers.0.ffn.w2
27553614,27591834,38220,0,38220,:fsdp:forward:wait_weights:layers.1.attn.q_proj,9492,9492,2,0,36,10,:9:10:36,----:fsdp:forward:wait_weights:layers.1.attn.q_proj
27620337,27762928,142591,0,142591,:fsdp:forward:all_gather:layers.1.attn.k_proj,9492,9492,2,0,37,10,:9:10:37,----:fsdp:forward:all_gather:layers.1.attn.k_proj
27770447,27814515,44068,0,44068,:fsdp:forward:compute:layers.1.attn.q_proj,9492,9492,2,0,38,10,:9:10:38,----:fsdp:forward:compute:layers.1.attn.q_proj
27853279,27889672,36393,0,36393,:fsdp:forward:wait_weights:layers.1.attn.k_proj,9492,9492,2,0,39,10,:9:10:39,----:fsdp:forward:wait_weights:layers.1.attn.k_proj
27917069,28043348,126279,0,126279,:fsdp:forward:all_gather:layers.1.attn.v_proj,9492,9492,2,0,40,10,:9:10:40,----:fsdp:forward:all_gather:layers.1.attn.v_proj
28051521,28088968,37447,0,37447,:fsdp:forward:compute:layers.1.attn.k_proj,9492,9492,2,0,41,10,:9:10:41,----:fsdp:forward:compute:layers.1.attn.k_proj
28126641,28161081,34440,0,34440,:fsdp:forward:wait_weights:layers.1.attn.v_proj,9492,9492,2,0,42,10,:9:10:42,----:fsdp:forward:wait_weights:layers.1.attn.v_proj
28187149,28302764,115615,0,115615,:fsdp:forward:all_gather:layers.1.attn.output_proj,9492,9492,2,0,43,10,:9:10:43,----:fsdp:forward:all_gather:layers.1.attn.output_proj
28310204,28345946,35742,0,35742,:fsdp:forward:compute:layers.1.attn.v_proj,9492,9492,2,0,44,10,:9:10:44,----:fsdp:forward:compute:layers.1.attn.v_proj
28573373,1720596441,1692023068,1323108980,368914088,:measurement,9491,9491,0,2,690,,:690,:measurement
29155473,29205160,49687,0,49687,:fsdp:forward:wait_weights:layers.1.attn.output_proj,9492,9492,2,0,45,10,:9:10:45,----:fsdp:forward:wait_weights:layers.1.attn.output_proj
29243810,29421543,177733,0,177733,:fsdp:forward:all_gather:layers.1.ffn.w1,9492,9492,2,0,46,10,:9:10:46,----:fsdp:forward:all_gather:layers.1.ffn.w1
29431939,29478813,46874,0,46874,:fsdp:forward:compute:layers.1.attn.output_proj,9492,9492,2,0,47,10,:9:10:47,----:fsdp:forward:compute:layers.1.attn.output_proj
29631297,254416532,224785235,78952270,145832965,:fsdp_forward,9491,9491,1,678,691,690,:690:691,--:fsdp_forward
29674777,29717064,42287,0,42287,:fsdp:forward:wait_weights:layers.1.ffn.w1,9492,9492,2,0,48,10,:9:10:48,----:fsdp:forward:wait_weights:layers.1.ffn.w1
29748750,29901791,153041,0,153041,:fsdp:forward:all_gather:layers.1.ffn.w3,9492,9492,2,0,49,10,:9:10:49,----:fsdp:forward:all_gather:layers.1.ffn.w3
29910452,29966615,56163,0,56163,:fsdp:forward:compute:layers.1.ffn.w1,9492,9492,2,0,50,10,:9:10:50,----:fsdp:forward:compute:layers.1.ffn.w1
30047236,30084566,37330,0,37330,:fsdp:forward:wait_weights:layers.1.ffn.w3,9492,9492,2,0,51,10,:9:10:51,----:fsdp:forward:wait_weights:layers.1.ffn.w3
30115881,30246060,130179,0,130179,:fsdp:forward:all_gather:layers.1.ffn.w2,9492,9492,2,0,52,10,:9:10:52,----:fsdp:forward:all_gather:layers.1.ffn.w2
30133430,30577578,444148,0,444148,:fsdp:forward:all_gather:token_embeddings,9491,9491,2,0,692,691,:690:691:692,----:fsdp:forward:all_gather:token_embeddings
30253694,30303761,50067,0,50067,:fsdp:forward:compute:layers.1.ffn.w3,9492,9492,2,0,53,10,:9:10:53,----:fsdp:forward:compute:layers.1.ffn.w3
30360564,30396851,36287,0,36287,:fsdp:forward:wait_weights:layers.1.ffn.w2,9492,9492,2,0,54,10,:9:10:54,----:fsdp:forward:wait_weights:layers.1.ffn.w2
30425857,30567406,141549,0,141549,:fsdp:forward:all_gather:layers.2.attn.q_proj,9492,9492,2,0,55,10,:9:10:55,----:fsdp:forward:all_gather:layers.2.attn.q_proj
30576654,30623729,47075,0,47075,:fsdp:forward:compute:layers.1.ffn.w2,9492,9492,2,0,56,10,:9:10:56,----:fsdp:forward:compute:layers.1.ffn.w2
30592897,30676202,83305,0,83305,:fsdp:forward:wait_weights:token_embeddings,9491,9491,2,0,693,691,:690:691:693,----:fsdp:forward:wait_weights:token_embeddings
30734658,30910139,175481,0,175481,:fsdp:forward:all_gather:layers.0.attn.q_proj,9491,9491,2,0,694,691,:690:691:694,----:fsdp:forward:all_gather:layers.0.attn.q_proj
30825409,30870244,44835,0,44835,:fsdp:forward:wait_weights:layers.2.attn.q_proj,9492,9492,2,0,57,10,:9:10:57,----:fsdp:forward:wait_weights:layers.2.attn.q_proj
30902092,31047603,145511,0,145511,:fsdp:forward:all_gather:layers.2.attn.k_proj,9492,9492,2,0,58,10,:9:10:58,----:fsdp:forward:all_gather:layers.2.attn.k_proj
30919043,30987504,68461,0,68461,:fsdp:forward:compute:token_embeddings,9491,9491,2,0,695,691,:690:691:695,----:fsdp:forward:compute:token_embeddings
31055895,31098290,42395,0,42395,:fsdp:forward:compute:layers.2.attn.q_proj,9492,9492,2,0,59,10,:9:10:59,----:fsdp:forward:compute:layers.2.attn.q_proj
31140072,31182526,42454,0,42454,:fsdp:forward:wait_weights:layers.2.attn.k_proj,9492,9492,2,0,60,10,:9:10:60,----:fsdp:forward:wait_weights:layers.2.attn.k_proj
31211203,31340444,129241,0,129241,:fsdp:forward:all_gather:layers.2.attn.v_proj,9492,9492,2,0,61,10,:9:10:61,----:fsdp:forward:all_gather:layers.2.attn.v_proj
31275830,31324271,48441,0,48441,:fsdp:forward:wait_weights:layers.0.attn.q_proj,9491,9491,2,0,696,691,:690:691:696,----:fsdp:forward:wait_weights:layers.0.attn.q_proj
31350701,31388188,37487,0,37487,:fsdp:forward:compute:layers.2.attn.k_proj,9492,9492,2,0,62,10,:9:10:62,----:fsdp:forward:compute:layers.2.attn.k_proj
31358968,31509296,150328,0,150328,:fsdp:forward:all_gather:layers.0.attn.k_proj,9491,9491,2,0,697,691,:690:691:697,----:fsdp:forward:all_gather:layers.0.attn.k_proj
31429394,31466513,37119,0,37119,:fsdp:forward:wait_weights:layers.2.attn.v_proj,9492,9492,2,0,63,10,:9:10:63,----:fsdp:forward:wait_weights:layers.2.attn.v_proj
31495647,31621189,125542,0,125542,:fsdp:forward:all_gather:layers.2.attn.output_proj,9492,9492,2,0,64,10,:9:10:64,----:fsdp:forward:all_gather:layers.2.attn.output_proj
31519208,31619177,99969,0,99969,:fsdp:forward:compute:layers.0.attn.q_proj,9491,9491,2,0,698,691,:690:691:698,----:fsdp:forward:compute:layers.0.attn.q_proj
31629096,31665702,36606,0,36606,:fsdp:forward:compute:layers.2.attn.v_proj,9492,9492,2,0,65,10,:9:10:65,----:fsdp:forward:compute:layers.2.attn.v_proj
31668307,31713901,45594,0,45594,:fsdp:forward:wait_weights:layers.0.attn.k_proj,9491,9491,2,0,699,691,:690:691:699,----:fsdp:forward:wait_weights:layers.0.attn.k_proj
31746885,31889412,142527,0,142527,:fsdp:forward:all_gather:layers.0.attn.v_proj,9491,9491,2,0,700,691,:690:691:700,----:fsdp:forward:all_gather:layers.0.attn.v_proj
31898444,31947647,49203,0,49203,:fsdp:forward:compute:layers.0.attn.k_proj,9491,9491,2,0,701,691,:690:691:701,----:fsdp:forward:compute:layers.0.attn.k_proj
31988396,32027869,39473,0,39473,:fsdp:forward:wait_weights:layers.0.attn.v_proj,9491,9491,2,0,702,691,:690:691:702,----:fsdp:forward:wait_weights:layers.0.attn.v_proj
32056843,32185361,128518,0,128518,:fsdp:forward:all_gather:layers.0.attn.output_proj,9491,9491,2,0,703,691,:690:691:703,----:fsdp:forward:all_gather:layers.0.attn.output_proj
32193038,32233224,40186,0,40186,:fsdp:forward:compute:layers.0.attn.v_proj,9491,9491,2,0,704,691,:690:691:704,----:fsdp:forward:compute:layers.0.attn.v_proj
32479690,32529204,49514,0,49514,:fsdp:forward:wait_weights:layers.2.attn.output_proj,9492,9492,2,0,66,10,:9:10:66,----:fsdp:forward:wait_weights:layers.2.attn.output_proj
32567309,32732408,165099,0,165099,:fsdp:forward:all_gather:layers.2.ffn.w1,9492,9492,2,0,67,10,:9:10:67,----:fsdp:forward:all_gather:layers.2.ffn.w1
32741266,32784797,43531,0,43531,:fsdp:forward:compute:layers.2.attn.output_proj,9492,9492,2,0,68,10,:9:10:68,----:fsdp:forward:compute:layers.2.attn.output_proj
32975845,33017456,41611,0,41611,:fsdp:forward:wait_weights:layers.2.ffn.w1,9492,9492,2,0,69,10,:9:10:69,----:fsdp:forward:wait_weights:layers.2.ffn.w1
33047654,33186402,138748,0,138748,:fsdp:forward:all_gather:layers.2.ffn.w3,9492,9492,2,0,70,10,:9:10:70,----:fsdp:forward:all_gather:layers.2.ffn.w3
33194523,33247842,53319,0,53319,:fsdp:forward:compute:layers.2.ffn.w1,9492,9492,2,0,71,10,:9:10:71,----:fsdp:forward:compute:layers.2.ffn.w1
33218564,33269864,51300,0,51300,:fsdp:forward:wait_weights:layers.0.attn.output_proj,9491,9491,2,0,705,691,:690:691:705,----:fsdp:forward:wait_weights:layers.0.attn.output_proj
33311044,33499413,188369,0,188369,:fsdp:forward:all_gather:layers.0.ffn.w1,9491,9491,2,0,706,691,:690:691:706,----:fsdp:forward:all_gather:layers.0.ffn.w1
33327716,33365178,37462,0,37462,:fsdp:forward:wait_weights:layers.2.ffn.w3,9492,9492,2,0,72,10,:9:10:72,----:fsdp:forward:wait_weights:layers.2.ffn.w3
33394118,33522754,128636,0,128636,:fsdp:forward:all_gather:layers.2.ffn.w2,9492,9492,2,0,73,10,:9:10:73,----:fsdp:forward:all_gather:layers.2.ffn.w2
33509938,33560492,50554,0,50554,:fsdp:forward:compute:layers.0.attn.output_proj,9491,9491,2,0,707,691,:690:691:707,----:fsdp:forward:compute:layers.0.attn.output_proj
33530262,33575038,44776,0,44776,:fsdp:forward:compute:layers.2.ffn.w3,9492,9492,2,0,74,10,:9:10:74,----:fsdp:forward:compute:layers.2.ffn.w3
33634678,33669687,35009,0,35009,:fsdp:forward:wait_weights:layers.2.ffn.w2,9492,9492,2,0,75,10,:9:10:75,----:fsdp:forward:wait_weights:layers.2.ffn.w2
33697795,33827609,129814,0,129814,:fsdp:forward:all_gather:layers.3.attn.q_proj,9492,9492,2,0,76,10,:9:10:76,----:fsdp:forward:all_gather:layers.3.attn.q_proj
33767254,33814991,47737,0,47737,:fsdp:forward:wait_weights:layers.0.ffn.w1,9491,9491,2,0,708,691,:690:691:708,----:fsdp:forward:wait_weights:layers.0.ffn.w1
33835631,33878867,43236,0,43236,:fsdp:forward:compute:layers.2.ffn.w2,9492,9492,2,0,77,10,:9:10:77,----:fsdp:forward:compute:layers.2.ffn.w2
33846835,34002320,155485,0,155485,:fsdp:forward:all_gather:layers.0.ffn.w3,9491,9491,2,0,709,691,:690:691:709,----:fsdp:forward:all_gather:layers.0.ffn.w3
34010573,34073953,63380,0,63380,:fsdp:forward:compute:layers.0.ffn.w1,9491,9491,2,0,710,691,:690:691:710,----:fsdp:forward:compute:layers.0.ffn.w1
34067306,34108298,40992,0,40992,:fsdp:forward:wait_weights:layers.3.attn.q_proj,9492,9492,2,0,78,10,:9:10:78,----:fsdp:forward:wait_weights:layers.3.attn.q_proj
34137652,34275369,137717,0,137717,:fsdp:forward:all_gather:layers.3.attn.k_proj,9492,9492,2,0,79,10,:9:10:79,----:fsdp:forward:all_gather:layers.3.attn.k_proj
34156757,34195489,38732,0,38732,:fsdp:forward:wait_weights:layers.0.ffn.w3,9491,9491,2,0,711,691,:690:691:711,----:fsdp:forward:wait_weights:layers.0.ffn.w3
34224760,34362086,137326,0,137326,:fsdp:forward:all_gather:layers.0.ffn.w2,9491,9491,2,0,712,691,:690:691:712,----:fsdp:forward:all_gather:layers.0.ffn.w2
34283215,34324692,41477,0,41477,:fsdp:forward:compute:layers.3.attn.q_proj,9492,9492,2,0,80,10,:9:10:80,----:fsdp:forward:compute:layers.3.attn.q_proj
34363539,34398961,35422,0,35422,:fsdp:forward:wait_weights:layers.3.attn.k_proj,9492,9492,2,0,81,10,:9:10:81,----:fsdp:forward:wait_weights:layers.3.attn.k_proj
34370140,34423169,53029,0,53029,:fsdp:forward:compute:layers.0.ffn.w3,9491,9491,2,0,713,691,:690:691:713,----:fsdp:forward:compute:layers.0.ffn.w3
34425688,34549874,124186,0,124186,:fsdp:forward:all_gather:layers.3.attn.v_proj,9492,9492,2,0,82,10,:9:10:82,----:fsdp:forward:all_gather:layers.3.attn.v_proj
34481733,34519259,37526,0,37526,:fsdp:forward:wait_weights:layers.0.ffn.w2,9491,9491,2,0,714,691,:690:691:714,----:fsdp:forward:wait_weights:layers.0.ffn.w2
34555517,34683876,128359,0,128359,:fsdp:forward:all_gather:layers.1.attn.q_proj,9491,9491,2,0,715,691,:690:691:715,----:fsdp:forward:all_gather:layers.1.attn.q_proj
34558317,34595664,37347,0,37347,:fsdp:forward:compute:layers.3.attn.k_proj,9492,9492,2,0,83,10,:9:10:83,----:fsdp:forward:compute:layers.3.attn.k_proj
34634735,34670348,35613,0,35613,:fsdp:forward:wait_weights:layers.3.attn.v_proj,9492,9492,2,0,84,10,:9:10:84,----:fsdp:forward:wait_weights:layers.3.attn.v_proj
34691689,34736982,45293,0,45293,:fsdp:forward:compute:layers.0.ffn.w2,9491,9491,2,0,716,691,:690:691:716,----:fsdp:forward:compute:layers.0.ffn.w2
34696774,34823638,126864,0,126864,:fsdp:forward:all_gather:layers.3.attn.output_proj,9492,9492,2,0,85,10,:9:10:85,----:fsdp:forward:all_gather:layers.3.attn.output_proj
34831509,34869473,37964,0,37964,:fsdp:forward:compute:layers.3.attn.v_proj,9492,9492,2,0,86,10,:9:10:86,----:fsdp:forward:compute:layers.3.attn.v_proj
34925704,34966588,40884,0,40884,:fsdp:forward:wait_weights:layers.1.attn.q_proj,9491,9491,2,0,717,691,:690:691:717,----:fsdp:forward:wait_weights:layers.1.attn.q_proj
34997090,35140842,143752,0,143752,:fsdp:forward:all_gather:layers.1.attn.k_proj,9491,9491,2,0,718,691,:690:691:718,----:fsdp:forward:all_gather:layers.1.attn.k_proj
35151566,35213127,61561,0,61561,:fsdp:forward:compute:layers.1.attn.q_proj,9491,9491,2,0,719,691,:690:691:719,----:fsdp:forward:compute:layers.1.attn.q_proj
35264861,35310417,45556,0,45556,:fsdp:forward:wait_weights:layers.1.attn.k_proj,9491,9491,2,0,720,691,:690:691:720,----:fsdp:forward:wait_weights:layers.1.attn.k_proj
35341601,35483164,141563,0,141563,:fsdp:forward:all_gather:layers.1.attn.v_proj,9491,9491,2,0,721,691,:690:691:721,----:fsdp:forward:all_gather:layers.1.attn.v_proj
35491459,35536644,45185,0,45185,:fsdp:forward:compute:layers.1.attn.k_proj,9491,9491,2,0,722,691,:690:691:722,----:fsdp:forward:compute:layers.1.attn.k_proj
35574331,35611946,37615,0,37615,:fsdp:forward:wait_weights:layers.1.attn.v_proj,9491,9491,2,0,723,691,:690:691:723,----:fsdp:forward:wait_weights:layers.1.attn.v_proj
35638732,35757046,118314,0,118314,:fsdp:forward:all_gather:layers.1.attn.output_proj,9491,9491,2,0,724,691,:690:691:724,----:fsdp:forward:all_gather:layers.1.attn.output_proj
35657134,35702469,45335,0,45335,:fsdp:forward:wait_weights:layers.3.attn.output_proj,9492,9492,2,0,87,10,:9:10:87,----:fsdp:forward:wait_weights:layers.3.attn.output_proj
35739160,35910093,170933,0,170933,:fsdp:forward:all_gather:layers.3.ffn.w1,9492,9492,2,0,88,10,:9:10:88,----:fsdp:forward:all_gather:layers.3.ffn.w1
35764709,35802884,38175,0,38175,:fsdp:forward:compute:layers.1.attn.v_proj,9491,9491,2,0,725,691,:690:691:725,----:fsdp:forward:compute:layers.1.attn.v_proj
35918875,35962531,43656,0,43656,:fsdp:forward:compute:layers.3.attn.output_proj,9492,9492,2,0,89,10,:9:10:89,----:fsdp:forward:compute:layers.3.attn.output_proj
36155653,36194997,39344,0,39344,:fsdp:forward:wait_weights:layers.3.ffn.w1,9492,9492,2,0,90,10,:9:10:90,----:fsdp:forward:wait_weights:layers.3.ffn.w1
36226537,36371740,145203,0,145203,:fsdp:forward:all_gather:layers.3.ffn.w3,9492,9492,2,0,91,10,:9:10:91,----:fsdp:forward:all_gather:layers.3.ffn.w3
36380352,36435573,55221,0,55221,:fsdp:forward:compute:layers.3.ffn.w1,9492,9492,2,0,92,10,:9:10:92,----:fsdp:forward:compute:layers.3.ffn.w1
36512852,36549397,36545,0,36545,:fsdp:forward:wait_weights:layers.3.ffn.w3,9492,9492,2,0,93,10,:9:10:93,----:fsdp:forward:wait_weights:layers.3.ffn.w3
36577028,36714955,137927,0,137927,:fsdp:forward:all_gather:layers.3.ffn.w2,9492,9492,2,0,94,10,:9:10:94,----:fsdp:forward:all_gather:layers.3.ffn.w2
36620465,36670817,50352,0,50352,:fsdp:forward:wait_weights:layers.1.attn.output_proj,9491,9491,2,0,726,691,:690:691:726,----:fsdp:forward:wait_weights:layers.1.attn.output_proj
36710087,36893519,183432,0,183432,:fsdp:forward:all_gather:layers.1.ffn.w1,9491,9491,2,0,727,691,:690:691:727,----:fsdp:forward:all_gather:layers.1.ffn.w1
36722414,36773424,51010,0,51010,:fsdp:forward:compute:layers.3.ffn.w3,9492,9492,2,0,95,10,:9:10:95,----:fsdp:forward:compute:layers.3.ffn.w3
36831865,36867729,35864,0,35864,:fsdp:forward:wait_weights:layers.3.ffn.w2,9492,9492,2,0,96,10,:9:10:96,----:fsdp:forward:wait_weights:layers.3.ffn.w2
36895681,37017813,122132,0,122132,:fsdp:forward:all_gather:layers.4.attn.q_proj,9492,9492,2,0,97,10,:9:10:97,----:fsdp:forward:all_gather:layers.4.attn.q_proj
36904279,36952115,47836,0,47836,:fsdp:forward:compute:layers.1.attn.output_proj,9491,9491,2,0,728,691,:690:691:728,----:fsdp:forward:compute:layers.1.attn.output_proj
37025984,37069049,43065,0,43065,:fsdp:forward:compute:layers.3.ffn.w2,9492,9492,2,0,98,10,:9:10:98,----:fsdp:forward:compute:layers.3.ffn.w2
37148592,37192568,43976,0,43976,:fsdp:forward:wait_weights:layers.1.ffn.w1,9491,9491,2,0,729,691,:690:691:729,----:fsdp:forward:wait_weights:layers.1.ffn.w1
37225118,37380268,155150,0,155150,:fsdp:forward:all_gather:layers.1.ffn.w3,9491,9491,2,0,730,691,:690:691:730,----:fsdp:forward:all_gather:layers.1.ffn.w3
37250768,37287533,36765,0,36765,:fsdp:forward:wait_weights:layers.4.attn.q_proj,9492,9492,2,0,99,10,:9:10:99,----:fsdp:forward:wait_weights:layers.4.attn.q_proj
37315415,37451577,136162,0,136162,:fsdp:forward:all_gather:layers.4.attn.k_proj,9492,9492,2,0,100,10,:9:10:100,----:fsdp:forward:all_gather:layers.4.attn.k_proj
37389560,37445413,55853,0,55853,:fsdp:forward:compute:layers.1.ffn.w1,9491,9491,2,0,731,691,:690:691:731,----:fsdp:forward:compute:layers.1.ffn.w1
37459659,37500681,41022,0,41022,:fsdp:forward:compute:layers.4.attn.q_proj,9492,9492,2,0,101,10,:9:10:101,----:fsdp:forward:compute:layers.4.attn.q_proj
37521869,37559090,37221,0,37221,:fsdp:forward:wait_weights:layers.1.ffn.w3,9491,9491,2,0,732,691,:690:691:732,----:fsdp:forward:wait_weights:layers.1.ffn.w3
37536324,37572406,36082,0,36082,:fsdp:forward:wait_weights:layers.4.attn.k_proj,9492,9492,2,0,102,10,:9:10:102,----:fsdp:forward:wait_weights:layers.4.attn.k_proj
37591103,37727887,136784,0,136784,:fsdp:forward:all_gather:layers.1.ffn.w2,9491,9491,2,0,733,691,:690:691:733,----:fsdp:forward:all_gather:layers.1.ffn.w2
37600315,37718376,118061,0,118061,:fsdp:forward:all_gather:layers.4.attn.v_proj,9492,9492,2,0,103,10,:9:10:103,----:fsdp:forward:all_gather:layers.4.attn.v_proj
37726253,37762809,36556,0,36556,:fsdp:forward:compute:layers.4.attn.k_proj,9492,9492,2,0,104,10,:9:10:104,----:fsdp:forward:compute:layers.4.attn.k_proj
37736599,37787531,50932,0,50932,:fsdp:forward:compute:layers.1.ffn.w3,9491,9491,2,0,734,691,:690:691:734,----:fsdp:forward:compute:layers.1.ffn.w3
37794732,37827869,33137,0,33137,:fsdp:forward:wait_weights:layers.4.attn.v_proj,9492,9492,2,0,105,10,:9:10:105,----:fsdp:forward:wait_weights:layers.4.attn.v_proj
37843041,37879982,36941,0,36941,:fsdp:forward:wait_weights:layers.1.ffn.w2,9491,9491,2,0,735,691,:690:691:735,----:fsdp:forward:wait_weights:layers.1.ffn.w2
37853091,37961901,108810,0,108810,:fsdp:forward:all_gather:layers.4.attn.output_proj,9492,9492,2,0,106,10,:9:10:106,----:fsdp:forward:all_gather:layers.4.attn.output_proj
37908600,38039162,130562,0,130562,:fsdp:forward:all_gather:layers.2.attn.q_proj,9491,9491,2,0,736,691,:690:691:736,----:fsdp:forward:all_gather:layers.2.attn.q_proj
37968497,38002376,33879,0,33879,:fsdp:forward:compute:layers.4.attn.v_proj,9492,9492,2,0,107,10,:9:10:107,----:fsdp:forward:compute:layers.4.attn.v_proj
38047673,38090274,42601,0,42601,:fsdp:forward:compute:layers.1.ffn.w2,9491,9491,2,0,737,691,:690:691:737,----:fsdp:forward:compute:layers.1.ffn.w2
38274045,38311880,37835,0,37835,:fsdp:forward:wait_weights:layers.2.attn.q_proj,9491,9491,2,0,738,691,:690:691:738,----:fsdp:forward:wait_weights:layers.2.attn.q_proj
38341432,38476159,134727,0,134727,:fsdp:forward:all_gather:layers.2.attn.k_proj,9491,9491,2,0,739,691,:690:691:739,----:fsdp:forward:all_gather:layers.2.attn.k_proj
38483979,38524973,40994,0,40994,:fsdp:forward:compute:layers.2.attn.q_proj,9491,9491,2,0,740,691,:690:691:740,----:fsdp:forward:compute:layers.2.attn.q_proj
38569918,38615267,45349,0,45349,:fsdp:forward:wait_weights:layers.2.attn.k_proj,9491,9491,2,0,741,691,:690:691:741,----:fsdp:forward:wait_weights:layers.2.attn.k_proj
38645813,38776913,131100,0,131100,:fsdp:forward:all_gather:layers.2.attn.v_proj,9491,9491,2,0,742,691,:690:691:742,----:fsdp:forward:all_gather:layers.2.attn.v_proj
38786367,38825885,39518,0,39518,:fsdp:forward:compute:layers.2.attn.k_proj,9491,9491,2,0,743,691,:690:691:743,----:fsdp:forward:compute:layers.2.attn.k_proj
38804688,38853894,49206,0,49206,:fsdp:forward:wait_weights:layers.4.attn.output_proj,9492,9492,2,0,108,10,:9:10:108,----:fsdp:forward:wait_weights:layers.4.attn.output_proj
38862041,38898015,35974,0,35974,:fsdp:forward:wait_weights:layers.2.attn.v_proj,9491,9491,2,0,744,691,:690:691:744,----:fsdp:forward:wait_weights:layers.2.attn.v_proj
38893620,39081970,188350,0,188350,:fsdp:forward:all_gather:layers.4.ffn.w1,9492,9492,2,0,109,10,:9:10:109,----:fsdp:forward:all_gather:layers.4.ffn.w1
38925291,39054876,129585,0,129585,:fsdp:forward:all_gather:layers.2.attn.output_proj,9491,9491,2,0,745,691,:690:691:745,----:fsdp:forward:all_gather:layers.2.attn.output_proj
39062640,39098785,36145,0,36145,:fsdp:forward:compute:layers.2.attn.v_proj,9491,9491,2,0,746,691,:690:691:746,----:fsdp:forward:compute:layers.2.attn.v_proj
39092926,39138568,45642,0,45642,:fsdp:forward:compute:layers.4.attn.output_proj,9492,9492,2,0,110,10,:9:10:110,----:fsdp:forward:compute:layers.4.attn.output_proj
39339810,39383201,43391,0,43391,:fsdp:forward:wait_weights:layers.4.ffn.w1,9492,9492,2,0,111,10,:9:10:111,----:fsdp:forward:wait_weights:layers.4.ffn.w1
39414782,39563344,148562,0,148562,:fsdp:forward:all_gather:layers.4.ffn.w3,9492,9492,2,0,112,10,:9:10:112,----:fsdp:forward:all_gather:layers.4.ffn.w3
39573199,39628820,55621,0,55621,:fsdp:forward:compute:layers.4.ffn.w1,9492,9492,2,0,113,10,:9:10:113,----:fsdp:forward:compute:layers.4.ffn.w1
39708661,39752754,44093,0,44093,:fsdp:forward:wait_weights:layers.4.ffn.w3,9492,9492,2,0,114,10,:9:10:114,----:fsdp:forward:wait_weights:layers.4.ffn.w3
39781358,39920248,138890,0,138890,:fsdp:forward:all_gather:layers.4.ffn.w2,9492,9492,2,0,115,10,:9:10:115,----:fsdp:forward:all_gather:layers.4.ffn.w2
39904369,39953792,49423,0,49423,:fsdp:forward:wait_weights:layers.2.attn.output_proj,9491,9491,2,0,747,691,:690:691:747,----:fsdp:forward:wait_weights:layers.2.attn.output_proj
39928892,39978515,49623,0,49623,:fsdp:forward:compute:layers.4.ffn.w3,9492,9492,2,0,116,10,:9:10:116,----:fsdp:forward:compute:layers.4.ffn.w3
39994925,40178589,183664,0,183664,:fsdp:forward:all_gather:layers.2.ffn.w1,9491,9491,2,0,748,691,:690:691:748,----:fsdp:forward:all_gather:layers.2.ffn.w1
40037476,40073829,36353,0,36353,:fsdp:forward:wait_weights:layers.4.ffn.w2,9492,9492,2,0,117,10,:9:10:117,----:fsdp:forward:wait_weights:layers.4.ffn.w2
40102060,40234670,132610,0,132610,:fsdp:forward:all_gather:layers.5.attn.q_proj,9492,9492,2,0,118,10,:9:10:118,----:fsdp:forward:all_gather:layers.5.attn.q_proj
40189176,40236417,47241,0,47241,:fsdp:forward:compute:layers.2.attn.output_proj,9491,9491,2,0,749,691,:690:691:749,----:fsdp:forward:compute:layers.2.attn.output_proj
40242070,40286456,44386,0,44386,:fsdp:forward:compute:layers.4.ffn.w2,9492,9492,2,0,119,10,:9:10:119,----:fsdp:forward:compute:layers.4.ffn.w2
40434732,40478620,43888,0,43888,:fsdp:forward:wait_weights:layers.2.ffn.w1,9491,9491,2,0,750,691,:690:691:750,----:fsdp:forward:wait_weights:layers.2.ffn.w1
40469880,40511158,41278,0,41278,:fsdp:forward:wait_weights:layers.5.attn.q_proj,9492,9492,2,0,120,10,:9:10:120,----:fsdp:forward:wait_weights:layers.5.attn.q_proj
40509906,40658051,148145,0,148145,:fsdp:forward:all_gather:layers.2.ffn.w3,9491,9491,2,0,751,691,:690:691:751,----:fsdp:forward:all_gather:layers.2.ffn.w3
40541087,40682380,141293,0,141293,:fsdp:forward:all_gather:layers.5.attn.k_proj,9492,9492,2,0,121,10,:9:10:121,----:fsdp:forward:all_gather:layers.5.attn.k_proj
40666543,40720857,54314,0,54314,:fsdp:forward:compute:layers.2.ffn.w1,9491,9491,2,0,752,691,:690:691:752,----:fsdp:forward:compute:layers.2.ffn.w1
40691134,40735528,44394,0,44394,:fsdp:forward:compute:layers.5.attn.q_proj,9492,9492,2,0,122,10,:9:10:122,----:fsdp:forward:compute:layers.5.attn.q_proj
40777217,40815338,38121,0,38121,:fsdp:forward:wait_weights:layers.5.attn.k_proj,9492,9492,2,0,123,10,:9:10:123,----:fsdp:forward:wait_weights:layers.5.attn.k_proj
40796281,40834673,38392,0,38392,:fsdp:forward:wait_weights:layers.2.ffn.w3,9491,9491,2,0,753,691,:690:691:753,----:fsdp:forward:wait_weights:layers.2.ffn.w3
40842666,40967222,124556,0,124556,:fsdp:forward:all_gather:layers.5.attn.v_proj,9492,9492,2,0,124,10,:9:10:124,----:fsdp:forward:all_gather:layers.5.attn.v_proj
40863009,40992966,129957,0,129957,:fsdp:forward:all_gather:layers.2.ffn.w2,9491,9491,2,0,754,691,:690:691:754,----:fsdp:forward:all_gather:layers.2.ffn.w2
40974935,41012044,37109,0,37109,:fsdp:forward:compute:layers.5.attn.k_proj,9492,9492,2,0,125,10,:9:10:125,----:fsdp:forward:compute:layers.5.attn.k_proj
41000942,41048572,47630,0,47630,:fsdp:forward:compute:layers.2.ffn.w3,9491,9491,2,0,755,691,:690:691:755,----:fsdp:forward:compute:layers.2.ffn.w3
41048433,41083942,35509,0,35509,:fsdp:forward:wait_weights:layers.5.attn.v_proj,9492,9492,2,0,126,10,:9:10:126,----:fsdp:forward:wait_weights:layers.5.attn.v_proj
41103360,41139182,35822,0,35822,:fsdp:forward:wait_weights:layers.2.ffn.w2,9491,9491,2,0,756,691,:690:691:756,----:fsdp:forward:wait_weights:layers.2.ffn.w2
41109300,41224108,114808,0,114808,:fsdp:forward:all_gather:layers.5.attn.output_proj,9492,9492,2,0,127,10,:9:10:127,----:fsdp:forward:all_gather:layers.5.attn.output_proj
41168368,41305048,136680,0,136680,:fsdp:forward:all_gather:layers.3.attn.q_proj,9491,9491,2,0,757,691,:690:691:757,----:fsdp:forward:all_gather:layers.3.attn.q_proj
41231454,41266754,35300,0,35300,:fsdp:forward:compute:layers.5.attn.v_proj,9492,9492,2,0,128,10,:9:10:128,----:fsdp:forward:compute:layers.5.attn.v_proj
41312995,41357529,44534,0,44534,:fsdp:forward:compute:layers.2.ffn.w2,9491,9491,2,0,758,691,:690:691:758,----:fsdp:forward:compute:layers.2.ffn.w2
41544000,41588270,44270,0,44270,:fsdp:forward:wait_weights:layers.3.attn.q_proj,9491,9491,2,0,759,691,:690:691:759,----:fsdp:forward:wait_weights:layers.3.attn.q_proj
41619608,41764031,144423,0,144423,:fsdp:forward:all_gather:layers.3.attn.k_proj,9491,9491,2,0,760,691,:690:691:760,----:fsdp:forward:all_gather:layers.3.attn.k_proj
41772571,41817490,44919,0,44919,:fsdp:forward:compute:layers.3.attn.q_proj,9491,9491,2,0,761,691,:690:691:761,----:fsdp:forward:compute:layers.3.attn.q_proj
41858346,41896154,37808,0,37808,:fsdp:forward:wait_weights:layers.3.attn.k_proj,9491,9491,2,0,762,691,:690:691:762,----:fsdp:forward:wait_weights:layers.3.attn.k_proj
41925030,42048532,123502,0,123502,:fsdp:forward:all_gather:layers.3.attn.v_proj,9491,9491,2,0,763,691,:690:691:763,----:fsdp:forward:all_gather:layers.3.attn.v_proj
42050633,42104533,53900,0,53900,:fsdp:forward:wait_weights:layers.5.attn.output_proj,9492,9492,2,0,129,10,:9:10:129,----:fsdp:forward:wait_weights:layers.5.attn.output_proj
42057172,42094635,37463,0,37463,:fsdp:forward:compute:layers.3.attn.k_proj,9491,9491,2,0,764,691,:690:691:764,----:fsdp:forward:compute:layers.3.attn.k_proj
42130829,42165304,34475,0,34475,:fsdp:forward:wait_weights:layers.3.attn.v_proj,9491,9491,2,0,765,691,:690:691:765,----:fsdp:forward:wait_weights:layers.3.attn.v_proj
42144242,42317982,173740,0,173740,:fsdp:forward:all_gather:layers.5.ffn.w1,9492,9492,2,0,130,10,:9:10:130,----:fsdp:forward:all_gather:layers.5.ffn.w1
42191856,42310989,119133,0,119133,:fsdp:forward:all_gather:layers.3.attn.output_proj,9491,9491,2,0,766,691,:690:691:766,----:fsdp:forward:all_gather:layers.3.attn.output_proj
42318836,42353726,34890,0,34890,:fsdp:forward:compute:layers.3.attn.v_proj,9491,9491,2,0,767,691,:690:691:767,----:fsdp:forward:compute:layers.3.attn.v_proj
42329127,42375698,46571,0,46571,:fsdp:forward:compute:layers.5.attn.output_proj,9492,9492,2,0,131,10,:9:10:131,----:fsdp:forward:compute:layers.5.attn.output_proj
42580144,42622303,42159,0,42159,:fsdp:forward:wait_weights:layers.5.ffn.w1,9492,9492,2,0,132,10,:9:10:132,----:fsdp:forward:wait_weights:layers.5.ffn.w1
42653746,42811808,158062,0,158062,:fsdp:forward:all_gather:layers.5.ffn.w3,9492,9492,2,0,133,10,:9:10:133,----:fsdp:forward:all_gather:layers.5.ffn.w3
42820399,42876856,56457,0,56457,:fsdp:forward:compute:layers.5.ffn.w1,9492,9492,2,0,134,10,:9:10:134,----:fsdp:forward:compute:layers.5.ffn.w1
42959595,42996686,37091,0,37091,:fsdp:forward:wait_weights:layers.5.ffn.w3,9492,9492,2,0,135,10,:9:10:135,----:fsdp:forward:wait_weights:layers.5.ffn.w3
43025007,44419665,1394658,0,1394658,:fsdp:forward:all_gather:layers.5.ffn.w2,9492,9492,2,0,136,10,:9:10:136,----:fsdp:forward:all_gather:layers.5.ffn.w2
43160499,43213116,52617,0,52617,:fsdp:forward:wait_weights:layers.3.attn.output_proj,9491,9491,2,0,768,691,:690:691:768,----:fsdp:forward:wait_weights:layers.3.attn.output_proj
43254236,44243244,989008,0,989008,:fsdp:forward:all_gather:layers.3.ffn.w1,9491,9491,2,0,769,691,:690:691:769,----:fsdp:forward:all_gather:layers.3.ffn.w1
44255474,44310282,54808,0,54808,:fsdp:forward:compute:layers.3.attn.output_proj,9491,9491,2,0,770,691,:690:691:770,----:fsdp:forward:compute:layers.3.attn.output_proj
44428695,44483543,54848,0,54848,:fsdp:forward:compute:layers.5.ffn.w3,9492,9492,2,0,137,10,:9:10:137,----:fsdp:forward:compute:layers.5.ffn.w3
44515326,44559965,44639,0,44639,:fsdp:forward:wait_weights:layers.3.ffn.w1,9491,9491,2,0,771,691,:690:691:771,----:fsdp:forward:wait_weights:layers.3.ffn.w1
44549583,44588125,38542,0,38542,:fsdp:forward:wait_weights:layers.5.ffn.w2,9492,9492,2,0,138,10,:9:10:138,----:fsdp:forward:wait_weights:layers.5.ffn.w2
44593867,44750488,156621,0,156621,:fsdp:forward:all_gather:layers.3.ffn.w3,9491,9491,2,0,772,691,:690:691:772,----:fsdp:forward:all_gather:layers.3.ffn.w3
44618062,44760416,142354,0,142354,:fsdp:forward:all_gather:layers.6.attn.q_proj,9492,9492,2,0,139,10,:9:10:139,----:fsdp:forward:all_gather:layers.6.attn.q_proj
44759064,44834995,75931,0,75931,:fsdp:forward:compute:layers.3.ffn.w1,9491,9491,2,0,773,691,:690:691:773,----:fsdp:forward:compute:layers.3.ffn.w1
44771219,44836778,65559,0,65559,:fsdp:forward:compute:layers.5.ffn.w2,9492,9492,2,0,140,10,:9:10:140,----:fsdp:forward:compute:layers.5.ffn.w2
44942882,44997887,55005,0,55005,:fsdp:forward:wait_weights:layers.3.ffn.w3,9491,9491,2,0,774,691,:690:691:774,----:fsdp:forward:wait_weights:layers.3.ffn.w3
45039981,45235399,195418,0,195418,:fsdp:forward:all_gather:layers.3.ffn.w2,9491,9491,2,0,775,691,:690:691:775,----:fsdp:forward:all_gather:layers.3.ffn.w2
45097970,45154151,56181,0,56181,:fsdp:forward:wait_weights:layers.6.attn.q_proj,9492,9492,2,0,141,10,:9:10:141,----:fsdp:forward:wait_weights:layers.6.attn.q_proj
45197417,45399412,201995,0,201995,:fsdp:forward:all_gather:layers.6.attn.k_proj,9492,9492,2,0,142,10,:9:10:142,----:fsdp:forward:all_gather:layers.6.attn.k_proj
45247745,45316482,68737,0,68737,:fsdp:forward:compute:layers.3.ffn.w3,9491,9491,2,0,776,691,:690:691:776,----:fsdp:forward:compute:layers.3.ffn.w3
45394677,45447967,53290,0,53290,:fsdp:forward:wait_weights:layers.3.ffn.w2,9491,9491,2,0,777,691,:690:691:777,----:fsdp:forward:wait_weights:layers.3.ffn.w2
45410896,45469697,58801,0,58801,:fsdp:forward:compute:layers.6.attn.q_proj,9492,9492,2,0,143,10,:9:10:143,----:fsdp:forward:compute:layers.6.attn.q_proj
45490326,45670767,180441,0,180441,:fsdp:forward:all_gather:layers.4.attn.q_proj,9491,9491,2,0,778,691,:690:691:778,----:fsdp:forward:all_gather:layers.4.attn.q_proj
45526429,45579982,53553,0,53553,:fsdp:forward:wait_weights:layers.6.attn.k_proj,9492,9492,2,0,144,10,:9:10:144,----:fsdp:forward:wait_weights:layers.6.attn.k_proj
45620708,45800296,179588,0,179588,:fsdp:forward:all_gather:layers.6.attn.v_proj,9492,9492,2,0,145,10,:9:10:145,----:fsdp:forward:all_gather:layers.6.attn.v_proj
45681739,45742517,60778,0,60778,:fsdp:forward:compute:layers.3.ffn.w2,9491,9491,2,0,779,691,:690:691:779,----:fsdp:forward:compute:layers.3.ffn.w2
45811471,45866467,54996,0,54996,:fsdp:forward:compute:layers.6.attn.k_proj,9492,9492,2,0,146,10,:9:10:146,----:fsdp:forward:compute:layers.6.attn.k_proj
45919954,45973952,53998,0,53998,:fsdp:forward:wait_weights:layers.6.attn.v_proj,9492,9492,2,0,147,10,:9:10:147,----:fsdp:forward:wait_weights:layers.6.attn.v_proj
45991182,46044820,53638,0,53638,:fsdp:forward:wait_weights:layers.4.attn.q_proj,9491,9491,2,0,780,691,:690:691:780,----:fsdp:forward:wait_weights:layers.4.attn.q_proj
46014843,46191941,177098,0,177098,:fsdp:forward:all_gather:layers.6.attn.output_proj,9492,9492,2,0,148,10,:9:10:148,----:fsdp:forward:all_gather:layers.6.attn.output_proj
46087317,46294074,206757,0,206757,:fsdp:forward:all_gather:layers.4.attn.k_proj,9491,9491,2,0,781,691,:690:691:781,----:fsdp:forward:all_gather:layers.4.attn.k_proj
46203134,46253283,50149,0,50149,:fsdp:forward:compute:layers.6.attn.v_proj,9492,9492,2,0,149,10,:9:10:149,----:fsdp:forward:compute:layers.6.attn.v_proj
46307747,46368632,60885,0,60885,:fsdp:forward:compute:layers.4.attn.q_proj,9491,9491,2,0,782,691,:690:691:782,----:fsdp:forward:compute:layers.4.attn.q_proj
46426420,46483797,57377,0,57377,:fsdp:forward:wait_weights:layers.4.attn.k_proj,9491,9491,2,0,783,691,:690:691:783,----:fsdp:forward:wait_weights:layers.4.attn.k_proj
46529179,46720145,190966,0,190966,:fsdp:forward:all_gather:layers.4.attn.v_proj,9491,9491,2,0,784,691,:690:691:784,----:fsdp:forward:all_gather:layers.4.attn.v_proj
46731581,46787449,55868,0,55868,:fsdp:forward:compute:layers.4.attn.k_proj,9491,9491,2,0,785,691,:690:691:785,----:fsdp:forward:compute:layers.4.attn.k_proj
46841026,46893343,52317,0,52317,:fsdp:forward:wait_weights:layers.4.attn.v_proj,9491,9491,2,0,786,691,:690:691:786,----:fsdp:forward:wait_weights:layers.4.attn.v_proj
46933277,47102333,169056,0,169056,:fsdp:forward:all_gather:layers.4.attn.output_proj,9491,9491,2,0,787,691,:690:691:787,----:fsdp:forward:all_gather:layers.4.attn.output_proj
47112982,47162951,49969,0,49969,:fsdp:forward:compute:layers.4.attn.v_proj,9491,9491,2,0,788,691,:690:691:788,----:fsdp:forward:compute:layers.4.attn.v_proj
47358467,47425286,66819,0,66819,:fsdp:forward:wait_weights:layers.6.attn.output_proj,9492,9492,2,0,150,10,:9:10:150,----:fsdp:forward:wait_weights:layers.6.attn.output_proj
47479175,47704840,225665,0,225665,:fsdp:forward:all_gather:layers.6.ffn.w1,9492,9492,2,0,151,10,:9:10:151,----:fsdp:forward:all_gather:layers.6.ffn.w1
47718277,47776832,58555,0,58555,:fsdp:forward:compute:layers.6.attn.output_proj,9492,9492,2,0,152,10,:9:10:152,----:fsdp:forward:compute:layers.6.attn.output_proj
48044759,48104238,59479,0,59479,:fsdp:forward:wait_weights:layers.6.ffn.w1,9492,9492,2,0,153,10,:9:10:153,----:fsdp:forward:wait_weights:layers.6.ffn.w1
48152917,48356221,203304,0,203304,:fsdp:forward:all_gather:layers.6.ffn.w3,9492,9492,2,0,154,10,:9:10:154,----:fsdp:forward:all_gather:layers.6.ffn.w3
48264810,48335689,70879,0,70879,:fsdp:forward:wait_weights:layers.4.attn.output_proj,9491,9491,2,0,789,691,:690:691:789,----:fsdp:forward:wait_weights:layers.4.attn.output_proj
48369046,48447216,78170,0,78170,:fsdp:forward:compute:layers.6.ffn.w1,9492,9492,2,0,155,10,:9:10:155,----:fsdp:forward:compute:layers.6.ffn.w1
48392476,48638286,245810,0,245810,:fsdp:forward:all_gather:layers.4.ffn.w1,9491,9491,2,0,790,691,:690:691:790,----:fsdp:forward:all_gather:layers.4.ffn.w1
48559641,48612820,53179,0,53179,:fsdp:forward:wait_weights:layers.6.ffn.w3,9492,9492,2,0,156,10,:9:10:156,----:fsdp:forward:wait_weights:layers.6.ffn.w3
48653350,48717896,64546,0,64546,:fsdp:forward:compute:layers.4.attn.output_proj,9491,9491,2,0,791,691,:690:691:791,----:fsdp:forward:compute:layers.4.attn.output_proj
48654394,48842727,188333,0,188333,:fsdp:forward:all_gather:layers.6.ffn.w2,9492,9492,2,0,157,10,:9:10:157,----:fsdp:forward:all_gather:layers.6.ffn.w2
48853892,48919063,65171,0,65171,:fsdp:forward:compute:layers.6.ffn.w3,9492,9492,2,0,158,10,:9:10:158,----:fsdp:forward:compute:layers.6.ffn.w3
48990227,49051351,61124,0,61124,:fsdp:forward:wait_weights:layers.4.ffn.w1,9491,9491,2,0,792,691,:690:691:792,----:fsdp:forward:wait_weights:layers.4.ffn.w1
48999467,49050262,50795,0,50795,:fsdp:forward:wait_weights:layers.6.ffn.w2,9492,9492,2,0,159,10,:9:10:159,----:fsdp:forward:wait_weights:layers.6.ffn.w2
49091438,49272698,181260,0,181260,:fsdp:forward:all_gather:layers.7.attn.q_proj,9492,9492,2,0,160,10,:9:10:160,----:fsdp:forward:all_gather:layers.7.attn.q_proj
49097017,49300359,203342,0,203342,:fsdp:forward:all_gather:layers.4.ffn.w3,9491,9491,2,0,793,691,:690:691:793,----:fsdp:forward:all_gather:layers.4.ffn.w3
49284662,49344402,59740,0,59740,:fsdp:forward:compute:layers.6.ffn.w2,9492,9492,2,0,161,10,:9:10:161,----:fsdp:forward:compute:layers.6.ffn.w2
49315181,49390418,75237,0,75237,:fsdp:forward:compute:layers.4.ffn.w1,9491,9491,2,0,794,691,:690:691:794,----:fsdp:forward:compute:layers.4.ffn.w1
49495702,49548689,52987,0,52987,:fsdp:forward:wait_weights:layers.4.ffn.w3,9491,9491,2,0,795,691,:690:691:795,----:fsdp:forward:wait_weights:layers.4.ffn.w3
49589663,49777907,188244,0,188244,:fsdp:forward:all_gather:layers.4.ffn.w2,9491,9491,2,0,796,691,:690:691:796,----:fsdp:forward:all_gather:layers.4.ffn.w2
49596336,49652379,56043,0,56043,:fsdp:forward:wait_weights:layers.7.attn.q_proj,9492,9492,2,0,162,10,:9:10:162,----:fsdp:forward:wait_weights:layers.7.attn.q_proj
49698534,49884908,186374,0,186374,:fsdp:forward:all_gather:layers.7.attn.k_proj,9492,9492,2,0,163,10,:9:10:163,----:fsdp:forward:all_gather:layers.7.attn.k_proj
49790686,49856016,65330,0,65330,:fsdp:forward:compute:layers.4.ffn.w3,9491,9491,2,0,797,691,:690:691:797,----:fsdp:forward:compute:layers.4.ffn.w3
49899135,49957433,58298,0,58298,:fsdp:forward:compute:layers.7.attn.q_proj,9492,9492,2,0,164,10,:9:10:164,----:fsdp:forward:compute:layers.7.attn.q_proj
49934899,49987052,52153,0,52153,:fsdp:forward:wait_weights:layers.4.ffn.w2,9491,9491,2,0,798,691,:690:691:798,----:fsdp:forward:wait_weights:layers.4.ffn.w2
50011979,50062947,50968,0,50968,:fsdp:forward:wait_weights:layers.7.attn.k_proj,9492,9492,2,0,165,10,:9:10:165,----:fsdp:forward:wait_weights:layers.7.attn.k_proj
50029035,50205646,176611,0,176611,:fsdp:forward:all_gather:layers.5.attn.q_proj,9491,9491,2,0,799,691,:690:691:799,----:fsdp:forward:all_gather:layers.5.attn.q_proj
50102701,50272300,169599,0,169599,:fsdp:forward:all_gather:layers.7.attn.v_proj,9492,9492,2,0,166,10,:9:10:166,----:fsdp:forward:all_gather:layers.7.attn.v_proj
50215633,50275207,59574,0,59574,:fsdp:forward:compute:layers.4.ffn.w2,9491,9491,2,0,800,691,:690:691:800,----:fsdp:forward:compute:layers.4.ffn.w2
50283379,50333579,50200,0,50200,:fsdp:forward:compute:layers.7.attn.k_proj,9492,9492,2,0,167,10,:9:10:167,----:fsdp:forward:compute:layers.7.attn.k_proj
50382680,50430992,48312,0,48312,:fsdp:forward:wait_weights:layers.7.attn.v_proj,9492,9492,2,0,168,10,:9:10:168,----:fsdp:forward:wait_weights:layers.7.attn.v_proj
50468234,50649472,181238,0,181238,:fsdp:forward:all_gather:layers.7.attn.output_proj,9492,9492,2,0,169,10,:9:10:169,----:fsdp:forward:all_gather:layers.7.attn.output_proj
50533032,50603370,70338,0,70338,:fsdp:forward:wait_weights:layers.5.attn.q_proj,9491,9491,2,0,801,691,:690:691:801,----:fsdp:forward:wait_weights:layers.5.attn.q_proj
50648864,50852840,203976,0,203976,:fsdp:forward:all_gather:layers.5.attn.k_proj,9491,9491,2,0,802,691,:690:691:802,----:fsdp:forward:all_gather:layers.5.attn.k_proj
50661095,50712168,51073,0,51073,:fsdp:forward:compute:layers.7.attn.v_proj,9492,9492,2,0,170,10,:9:10:170,----:fsdp:forward:compute:layers.7.attn.v_proj
50865977,50930612,64635,0,64635,:fsdp:forward:compute:layers.5.attn.q_proj,9491,9491,2,0,803,691,:690:691:803,----:fsdp:forward:compute:layers.5.attn.q_proj
50990183,51046028,55845,0,55845,:fsdp:forward:wait_weights:layers.5.attn.k_proj,9491,9491,2,0,804,691,:690:691:804,----:fsdp:forward:wait_weights:layers.5.attn.k_proj
51090073,51277738,187665,0,187665,:fsdp:forward:all_gather:layers.5.attn.v_proj,9491,9491,2,0,805,691,:690:691:805,----:fsdp:forward:all_gather:layers.5.attn.v_proj
51289384,51343168,53784,0,53784,:fsdp:forward:compute:layers.5.attn.k_proj,9491,9491,2,0,806,691,:690:691:806,----:fsdp:forward:compute:layers.5.attn.k_proj
51401223,51455866,54643,0,54643,:fsdp:forward:wait_weights:layers.5.attn.v_proj,9491,9491,2,0,807,691,:690:691:807,----:fsdp:forward:wait_weights:layers.5.attn.v_proj
51495305,51665994,170689,0,170689,:fsdp:forward:all_gather:layers.5.attn.output_proj,9491,9491,2,0,808,691,:690:691:808,----:fsdp:forward:all_gather:layers.5.attn.output_proj
51677105,51728721,51616,0,51616,:fsdp:forward:compute:layers.5.attn.v_proj,9491,9491,2,0,809,691,:690:691:809,----:fsdp:forward:compute:layers.5.attn.v_proj
51807514,51882870,75356,0,75356,:fsdp:forward:wait_weights:layers.7.attn.output_proj,9492,9492,2,0,171,10,:9:10:171,----:fsdp:forward:wait_weights:layers.7.attn.output_proj
51938664,52176750,238086,0,238086,:fsdp:forward:all_gather:layers.7.ffn.w1,9492,9492,2,0,172,10,:9:10:172,----:fsdp:forward:all_gather:layers.7.ffn.w1
52192620,52256497,63877,0,63877,:fsdp:forward:compute:layers.7.attn.output_proj,9492,9492,2,0,173,10,:9:10:173,----:fsdp:forward:compute:layers.7.attn.output_proj
52531398,52590854,59456,0,59456,:fsdp:forward:wait_weights:layers.7.ffn.w1,9492,9492,2,0,174,10,:9:10:174,----:fsdp:forward:wait_weights:layers.7.ffn.w1
52637874,52843427,205553,0,205553,:fsdp:forward:all_gather:layers.7.ffn.w3,9492,9492,2,0,175,10,:9:10:175,----:fsdp:forward:all_gather:layers.7.ffn.w3
52827308,52902327,75019,0,75019,:fsdp:forward:wait_weights:layers.5.attn.output_proj,9491,9491,2,0,810,691,:690:691:810,----:fsdp:forward:wait_weights:layers.5.attn.output_proj
52858246,52933223,74977,0,74977,:fsdp:forward:compute:layers.7.ffn.w1,9492,9492,2,0,176,10,:9:10:176,----:fsdp:forward:compute:layers.7.ffn.w1
52959285,53198632,239347,0,239347,:fsdp:forward:all_gather:layers.5.ffn.w1,9491,9491,2,0,811,691,:690:691:811,----:fsdp:forward:all_gather:layers.5.ffn.w1
53047896,53102461,54565,0,54565,:fsdp:forward:wait_weights:layers.7.ffn.w3,9492,9492,2,0,177,10,:9:10:177,----:fsdp:forward:wait_weights:layers.7.ffn.w3
53144407,53332878,188471,0,188471,:fsdp:forward:all_gather:layers.7.ffn.w2,9492,9492,2,0,178,10,:9:10:178,----:fsdp:forward:all_gather:layers.7.ffn.w2
53214519,53278133,63614,0,63614,:fsdp:forward:compute:layers.5.attn.output_proj,9491,9491,2,0,812,691,:690:691:812,----:fsdp:forward:compute:layers.5.attn.output_proj
53345693,53411654,65961,0,65961,:fsdp:forward:compute:layers.7.ffn.w3,9492,9492,2,0,179,10,:9:10:179,----:fsdp:forward:compute:layers.7.ffn.w3
53496981,53550172,53191,0,53191,:fsdp:forward:wait_weights:layers.7.ffn.w2,9492,9492,2,0,180,10,:9:10:180,----:fsdp:forward:wait_weights:layers.7.ffn.w2
53553118,53614003,60885,0,60885,:fsdp:forward:wait_weights:layers.5.ffn.w1,9491,9491,2,0,813,691,:690:691:813,----:fsdp:forward:wait_weights:layers.5.ffn.w1
53592461,53782073,189612,0,189612,:fsdp:forward:all_gather:layers.8.attn.q_proj,9492,9492,2,0,181,10,:9:10:181,----:fsdp:forward:all_gather:layers.8.attn.q_proj
53660235,53867004,206769,0,206769,:fsdp:forward:all_gather:layers.5.ffn.w3,9491,9491,2,0,814,691,:690:691:814,----:fsdp:forward:all_gather:layers.5.ffn.w3
53794133,53857956,63823,0,63823,:fsdp:forward:compute:layers.7.ffn.w2,9492,9492,2,0,182,10,:9:10:182,----:fsdp:forward:compute:layers.7.ffn.w2
53880402,53953417,73015,0,73015,:fsdp:forward:compute:layers.5.ffn.w1,9491,9491,2,0,815,691,:690:691:815,----:fsdp:forward:compute:layers.5.ffn.w1
54062232,54116160,53928,0,53928,:fsdp:forward:wait_weights:layers.5.ffn.w3,9491,9491,2,0,816,691,:690:691:816,----:fsdp:forward:wait_weights:layers.5.ffn.w3
54125018,54182909,57891,0,57891,:fsdp:forward:wait_weights:layers.8.attn.q_proj,9492,9492,2,0,183,10,:9:10:183,----:fsdp:forward:wait_weights:layers.8.attn.q_proj
54158760,54342876,184116,0,184116,:fsdp:forward:all_gather:layers.5.ffn.w2,9491,9491,2,0,817,691,:690:691:817,----:fsdp:forward:all_gather:layers.5.ffn.w2
54229676,54435486,205810,0,205810,:fsdp:forward:all_gather:layers.8.attn.k_proj,9492,9492,2,0,184,10,:9:10:184,----:fsdp:forward:all_gather:layers.8.attn.k_proj
54354971,54419624,64653,0,64653,:fsdp:forward:compute:layers.5.ffn.w3,9491,9491,2,0,818,691,:690:691:818,----:fsdp:forward:compute:layers.5.ffn.w3
54449277,54511645,62368,0,62368,:fsdp:forward:compute:layers.8.attn.q_proj,9492,9492,2,0,185,10,:9:10:185,----:fsdp:forward:compute:layers.8.attn.q_proj
54501051,54560984,59933,0,59933,:fsdp:forward:wait_weights:layers.5.ffn.w2,9491,9491,2,0,819,691,:690:691:819,----:fsdp:forward:wait_weights:layers.5.ffn.w2
54578821,54634901,56080,0,56080,:fsdp:forward:wait_weights:layers.8.attn.k_proj,9492,9492,2,0,186,10,:9:10:186,----:fsdp:forward:wait_weights:layers.8.attn.k_proj
54603598,54783704,180106,0,180106,:fsdp:forward:all_gather:layers.6.attn.q_proj,9491,9491,2,0,820,691,:690:691:820,----:fsdp:forward:all_gather:layers.6.attn.q_proj
54677552,54856819,179267,0,179267,:fsdp:forward:all_gather:layers.8.attn.v_proj,9492,9492,2,0,187,10,:9:10:187,----:fsdp:forward:all_gather:layers.8.attn.v_proj
54794795,54856816,62021,0,62021,:fsdp:forward:compute:layers.5.ffn.w2,9491,9491,2,0,821,691,:690:691:821,----:fsdp:forward:compute:layers.5.ffn.w2
54868469,54925028,56559,0,56559,:fsdp:forward:compute:layers.8.attn.k_proj,9492,9492,2,0,188,10,:9:10:188,----:fsdp:forward:compute:layers.8.attn.k_proj
54976928,55027691,50763,0,50763,:fsdp:forward:wait_weights:layers.8.attn.v_proj,9492,9492,2,0,189,10,:9:10:189,----:fsdp:forward:wait_weights:layers.8.attn.v_proj
55065754,55228444,162690,0,162690,:fsdp:forward:all_gather:layers.8.attn.output_proj,9492,9492,2,0,190,10,:9:10:190,----:fsdp:forward:all_gather:layers.8.attn.output_proj
55106823,55162204,55381,0,55381,:fsdp:forward:wait_weights:layers.6.attn.q_proj,9491,9491,2,0,822,691,:690:691:822,----:fsdp:forward:wait_weights:layers.6.attn.q_proj
55206957,55410857,203900,0,203900,:fsdp:forward:all_gather:layers.6.attn.k_proj,9491,9491,2,0,823,691,:690:691:823,----:fsdp:forward:all_gather:layers.6.attn.k_proj
55239728,55290215,50487,0,50487,:fsdp:forward:compute:layers.8.attn.v_proj,9492,9492,2,0,191,10,:9:10:191,----:fsdp:forward:compute:layers.8.attn.v_proj
55423822,55485138,61316,0,61316,:fsdp:forward:compute:layers.6.attn.q_proj,9491,9491,2,0,824,691,:690:691:824,----:fsdp:forward:compute:layers.6.attn.q_proj
55548491,55607382,58891,0,58891,:fsdp:forward:wait_weights:layers.6.attn.k_proj,9491,9491,2,0,825,691,:690:691:825,----:fsdp:forward:wait_weights:layers.6.attn.k_proj
55650493,55827811,177318,0,177318,:fsdp:forward:all_gather:layers.6.attn.v_proj,9491,9491,2,0,826,691,:690:691:826,----:fsdp:forward:all_gather:layers.6.attn.v_proj
55839416,55894491,55075,0,55075,:fsdp:forward:compute:layers.6.attn.k_proj,9491,9491,2,0,827,691,:690:691:827,----:fsdp:forward:compute:layers.6.attn.k_proj
55945685,55996871,51186,0,51186,:fsdp:forward:wait_weights:layers.6.attn.v_proj,9491,9491,2,0,828,691,:690:691:828,----:fsdp:forward:wait_weights:layers.6.attn.v_proj
56036604,56212701,176097,0,176097,:fsdp:forward:all_gather:layers.6.attn.output_proj,9491,9491,2,0,829,691,:690:691:829,----:fsdp:forward:all_gather:layers.6.attn.output_proj
56223178,56273062,49884,0,49884,:fsdp:forward:compute:layers.6.attn.v_proj,9491,9491,2,0,830,691,:690:691:830,----:fsdp:forward:compute:layers.6.attn.v_proj
56377125,56446750,69625,0,69625,:fsdp:forward:wait_weights:layers.8.attn.output_proj,9492,9492,2,0,192,10,:9:10:192,----:fsdp:forward:wait_weights:layers.8.attn.output_proj
56502408,56752617,250209,0,250209,:fsdp:forward:all_gather:layers.8.ffn.w1,9492,9492,2,0,193,10,:9:10:193,----:fsdp:forward:all_gather:layers.8.ffn.w1
56768498,56832278,63780,0,63780,:fsdp:forward:compute:layers.8.attn.output_proj,9492,9492,2,0,194,10,:9:10:194,----:fsdp:forward:compute:layers.8.attn.output_proj
57106085,57163057,56972,0,56972,:fsdp:forward:wait_weights:layers.8.ffn.w1,9492,9492,2,0,195,10,:9:10:195,----:fsdp:forward:wait_weights:layers.8.ffn.w1
57207607,57436220,228613,0,228613,:fsdp:forward:all_gather:layers.8.ffn.w3,9492,9492,2,0,196,10,:9:10:196,----:fsdp:forward:all_gather:layers.8.ffn.w3
57371051,57441745,70694,0,70694,:fsdp:forward:wait_weights:layers.6.attn.output_proj,9491,9491,2,0,831,691,:690:691:831,----:fsdp:forward:wait_weights:layers.6.attn.output_proj
57449175,57526701,77526,0,77526,:fsdp:forward:compute:layers.8.ffn.w1,9492,9492,2,0,197,10,:9:10:197,----:fsdp:forward:compute:layers.8.ffn.w1
57497346,57740174,242828,0,242828,:fsdp:forward:all_gather:layers.6.ffn.w1,9491,9491,2,0,832,691,:690:691:832,----:fsdp:forward:all_gather:layers.6.ffn.w1
57637485,57691898,54413,0,54413,:fsdp:forward:wait_weights:layers.8.ffn.w3,9492,9492,2,0,198,10,:9:10:198,----:fsdp:forward:wait_weights:layers.8.ffn.w3
57733655,57914107,180452,0,180452,:fsdp:forward:all_gather:layers.8.ffn.w2,9492,9492,2,0,199,10,:9:10:199,----:fsdp:forward:all_gather:layers.8.ffn.w2
57755515,57819124,63609,0,63609,:fsdp:forward:compute:layers.6.attn.output_proj,9491,9491,2,0,833,691,:690:691:833,----:fsdp:forward:compute:layers.6.attn.output_proj
57926867,57992709,65842,0,65842,:fsdp:forward:compute:layers.8.ffn.w3,9492,9492,2,0,200,10,:9:10:200,----:fsdp:forward:compute:layers.8.ffn.w3
58074091,58124781,50690,0,50690,:fsdp:forward:wait_weights:layers.8.ffn.w2,9492,9492,2,0,201,10,:9:10:201,----:fsdp:forward:wait_weights:layers.8.ffn.w2
58088581,58147879,59298,0,59298,:fsdp:forward:wait_weights:layers.6.ffn.w1,9491,9491,2,0,834,691,:690:691:834,----:fsdp:forward:wait_weights:layers.6.ffn.w1
58166603,58340582,173979,0,173979,:fsdp:forward:all_gather:layers.9.attn.q_proj,9492,9492,2,0,202,10,:9:10:202,----:fsdp:forward:all_gather:layers.9.attn.q_proj
58196398,58396978,200580,0,200580,:fsdp:forward:all_gather:layers.6.ffn.w3,9491,9491,2,0,835,691,:690:691:835,----:fsdp:forward:all_gather:layers.6.ffn.w3
58352189,58412991,60802,0,60802,:fsdp:forward:compute:layers.8.ffn.w2,9492,9492,2,0,203,10,:9:10:203,----:fsdp:forward:compute:layers.8.ffn.w2
58409182,58484994,75812,0,75812,:fsdp:forward:compute:layers.6.ffn.w1,9491,9491,2,0,836,691,:690:691:836,----:fsdp:forward:compute:layers.6.ffn.w1
58602209,58656799,54590,0,54590,:fsdp:forward:wait_weights:layers.6.ffn.w3,9491,9491,2,0,837,691,:690:691:837,----:fsdp:forward:wait_weights:layers.6.ffn.w3
58675883,58729868,53985,0,53985,:fsdp:forward:wait_weights:layers.9.attn.q_proj,9492,9492,2,0,204,10,:9:10:204,----:fsdp:forward:wait_weights:layers.9.attn.q_proj
58699385,58887270,187885,0,187885,:fsdp:forward:all_gather:layers.6.ffn.w2,9491,9491,2,0,838,691,:690:691:838,----:fsdp:forward:all_gather:layers.6.ffn.w2
58776109,58967812,191703,0,191703,:fsdp:forward:all_gather:layers.9.attn.k_proj,9492,9492,2,0,205,10,:9:10:205,----:fsdp:forward:all_gather:layers.9.attn.k_proj
58898979,58963648,64669,0,64669,:fsdp:forward:compute:layers.6.ffn.w3,9491,9491,2,0,839,691,:690:691:839,----:fsdp:forward:compute:layers.6.ffn.w3
58979786,59041824,62038,0,62038,:fsdp:forward:compute:layers.9.attn.q_proj,9492,9492,2,0,206,10,:9:10:206,----:fsdp:forward:compute:layers.9.attn.q_proj
59043928,59095236,51308,0,51308,:fsdp:forward:wait_weights:layers.6.ffn.w2,9491,9491,2,0,840,691,:690:691:840,----:fsdp:forward:wait_weights:layers.6.ffn.w2
59095894,59147164,51270,0,51270,:fsdp:forward:wait_weights:layers.9.attn.k_proj,9492,9492,2,0,207,10,:9:10:207,----:fsdp:forward:wait_weights:layers.9.attn.k_proj
59137859,59318991,181132,0,181132,:fsdp:forward:all_gather:layers.7.attn.q_proj,9491,9491,2,0,841,691,:690:691:841,----:fsdp:forward:all_gather:layers.7.attn.q_proj
59186553,59353096,166543,0,166543,:fsdp:forward:all_gather:layers.9.attn.v_proj,9492,9492,2,0,208,10,:9:10:208,----:fsdp:forward:all_gather:layers.9.attn.v_proj
59330805,59390986,60181,0,60181,:fsdp:forward:compute:layers.6.ffn.w2,9491,9491,2,0,842,691,:690:691:842,----:fsdp:forward:compute:layers.6.ffn.w2
59363303,59412951,49648,0,49648,:fsdp:forward:compute:layers.9.attn.k_proj,9492,9492,2,0,209,10,:9:10:209,----:fsdp:forward:compute:layers.9.attn.k_proj
59459948,59507463,47515,0,47515,:fsdp:forward:wait_weights:layers.9.attn.v_proj,9492,9492,2,0,210,10,:9:10:210,----:fsdp:forward:wait_weights:layers.9.attn.v_proj
59545253,59705585,160332,0,160332,:fsdp:forward:all_gather:layers.9.attn.output_proj,9492,9492,2,0,211,10,:9:10:211,----:fsdp:forward:all_gather:layers.9.attn.output_proj
59639868,59696865,56997,0,56997,:fsdp:forward:wait_weights:layers.7.attn.q_proj,9491,9491,2,0,843,691,:690:691:843,----:fsdp:forward:wait_weights:layers.7.attn.q_proj
59716689,59766043,49354,0,49354,:fsdp:forward:compute:layers.9.attn.v_proj,9492,9492,2,0,212,10,:9:10:212,----:fsdp:forward:compute:layers.9.attn.v_proj
59742623,59934058,191435,0,191435,:fsdp:forward:all_gather:layers.7.attn.k_proj,9491,9491,2,0,844,691,:690:691:844,----:fsdp:forward:all_gather:layers.7.attn.k_proj
59947383,60004851,57468,0,57468,:fsdp:forward:compute:layers.7.attn.q_proj,9491,9491,2,0,845,691,:690:691:845,----:fsdp:forward:compute:layers.7.attn.q_proj
60057003,60110497,53494,0,53494,:fsdp:forward:wait_weights:layers.7.attn.k_proj,9491,9491,2,0,846,691,:690:691:846,----:fsdp:forward:wait_weights:layers.7.attn.k_proj
60151823,60315017,163194,0,163194,:fsdp:forward:all_gather:layers.7.attn.v_proj,9491,9491,2,0,847,691,:690:691:847,----:fsdp:forward:all_gather:layers.7.attn.v_proj
60325097,60374558,49461,0,49461,:fsdp:forward:compute:layers.7.attn.k_proj,9491,9491,2,0,848,691,:690:691:848,----:fsdp:forward:compute:layers.7.attn.k_proj
60422774,60473588,50814,0,50814,:fsdp:forward:wait_weights:layers.7.attn.v_proj,9491,9491,2,0,849,691,:690:691:849,----:fsdp:forward:wait_weights:layers.7.attn.v_proj
60512714,60685807,173093,0,173093,:fsdp:forward:all_gather:layers.7.attn.output_proj,9491,9491,2,0,850,691,:690:691:850,----:fsdp:forward:all_gather:layers.7.attn.output_proj
60698199,60746643,48444,0,48444,:fsdp:forward:compute:layers.7.attn.v_proj,9491,9491,2,0,851,691,:690:691:851,----:fsdp:forward:compute:layers.7.attn.v_proj
60837149,60908844,71695,0,71695,:fsdp:forward:wait_weights:layers.9.attn.output_proj,9492,9492,2,0,213,10,:9:10:213,----:fsdp:forward:wait_weights:layers.9.attn.output_proj
60963156,61180323,217167,0,217167,:fsdp:forward:all_gather:layers.9.ffn.w1,9492,9492,2,0,214,10,:9:10:214,----:fsdp:forward:all_gather:layers.9.ffn.w1
61197011,61256762,59751,0,59751,:fsdp:forward:compute:layers.9.attn.output_proj,9492,9492,2,0,215,10,:9:10:215,----:fsdp:forward:compute:layers.9.attn.output_proj
61521749,61579004,57255,0,57255,:fsdp:forward:wait_weights:layers.9.ffn.w1,9492,9492,2,0,216,10,:9:10:216,----:fsdp:forward:wait_weights:layers.9.ffn.w1
61622494,61810620,188126,0,188126,:fsdp:forward:all_gather:layers.9.ffn.w3,9492,9492,2,0,217,10,:9:10:217,----:fsdp:forward:all_gather:layers.9.ffn.w3
61817623,61887145,69522,0,69522,:fsdp:forward:wait_weights:layers.7.attn.output_proj,9491,9491,2,0,852,691,:690:691:852,----:fsdp:forward:wait_weights:layers.7.attn.output_proj
61821526,61891945,70419,0,70419,:fsdp:forward:compute:layers.9.ffn.w1,9492,9492,2,0,218,10,:9:10:218,----:fsdp:forward:compute:layers.9.ffn.w1
61937399,62167755,230356,0,230356,:fsdp:forward:all_gather:layers.7.ffn.w1,9491,9491,2,0,853,691,:690:691:853,----:fsdp:forward:all_gather:layers.7.ffn.w1
62002408,62055402,52994,0,52994,:fsdp:forward:wait_weights:layers.9.ffn.w3,9492,9492,2,0,219,10,:9:10:219,----:fsdp:forward:wait_weights:layers.9.ffn.w3
62097442,62269679,172237,0,172237,:fsdp:forward:all_gather:layers.9.ffn.w2,9492,9492,2,0,220,10,:9:10:220,----:fsdp:forward:all_gather:layers.9.ffn.w2
62181186,62240733,59547,0,59547,:fsdp:forward:compute:layers.7.attn.output_proj,9491,9491,2,0,854,691,:690:691:854,----:fsdp:forward:compute:layers.7.attn.output_proj
62281411,62343945,62534,0,62534,:fsdp:forward:compute:layers.9.ffn.w3,9492,9492,2,0,221,10,:9:10:221,----:fsdp:forward:compute:layers.9.ffn.w3
62425121,62478936,53815,0,53815,:fsdp:forward:wait_weights:layers.9.ffn.w2,9492,9492,2,0,222,10,:9:10:222,----:fsdp:forward:wait_weights:layers.9.ffn.w2
62500288,62568526,68238,0,68238,:fsdp:forward:wait_weights:layers.7.ffn.w1,9491,9491,2,0,855,691,:690:691:855,----:fsdp:forward:wait_weights:layers.7.ffn.w1
62521873,62711322,189449,0,189449,:fsdp:forward:all_gather:layers.10.attn.q_proj,9492,9492,2,0,223,10,:9:10:223,----:fsdp:forward:all_gather:layers.10.attn.q_proj
62612845,62804380,191535,0,191535,:fsdp:forward:all_gather:layers.7.ffn.w3,9491,9491,2,0,856,691,:690:691:856,----:fsdp:forward:all_gather:layers.7.ffn.w3
62723564,62795791,72227,0,72227,:fsdp:forward:compute:layers.9.ffn.w2,9492,9492,2,0,224,10,:9:10:224,----:fsdp:forward:compute:layers.9.ffn.w2
62817436,62887604,70168,0,70168,:fsdp:forward:compute:layers.7.ffn.w1,9491,9491,2,0,857,691,:690:691:857,----:fsdp:forward:compute:layers.7.ffn.w1
62989010,63041173,52163,0,52163,:fsdp:forward:wait_weights:layers.7.ffn.w3,9491,9491,2,0,858,691,:690:691:858,----:fsdp:forward:wait_weights:layers.7.ffn.w3
63060745,63116577,55832,0,55832,:fsdp:forward:wait_weights:layers.10.attn.q_proj,9492,9492,2,0,225,10,:9:10:225,----:fsdp:forward:wait_weights:layers.10.attn.q_proj
63080105,63269345,189240,0,189240,:fsdp:forward:all_gather:layers.7.ffn.w2,9491,9491,2,0,859,691,:690:691:859,----:fsdp:forward:all_gather:layers.7.ffn.w2
63161849,63350490,188641,0,188641,:fsdp:forward:all_gather:layers.10.attn.k_proj,9492,9492,2,0,226,10,:9:10:226,----:fsdp:forward:all_gather:layers.10.attn.k_proj
63281881,63347486,65605,0,65605,:fsdp:forward:compute:layers.7.ffn.w3,9491,9491,2,0,860,691,:690:691:860,----:fsdp:forward:compute:layers.7.ffn.w3
63362952,63420942,57990,0,57990,:fsdp:forward:compute:layers.10.attn.q_proj,9492,9492,2,0,227,10,:9:10:227,----:fsdp:forward:compute:layers.10.attn.q_proj
63431291,63485997,54706,0,54706,:fsdp:forward:wait_weights:layers.7.ffn.w2,9491,9491,2,0,861,691,:690:691:861,----:fsdp:forward:wait_weights:layers.7.ffn.w2
63475904,63529124,53220,0,53220,:fsdp:forward:wait_weights:layers.10.attn.k_proj,9492,9492,2,0,228,10,:9:10:228,----:fsdp:forward:wait_weights:layers.10.attn.k_proj
63529887,63712648,182761,0,182761,:fsdp:forward:all_gather:layers.8.attn.q_proj,9491,9491,2,0,862,691,:690:691:862,----:fsdp:forward:all_gather:layers.8.attn.q_proj
63569628,63742780,173152,0,173152,:fsdp:forward:all_gather:layers.10.attn.v_proj,9492,9492,2,0,229,10,:9:10:229,----:fsdp:forward:all_gather:layers.10.attn.v_proj
63724817,63786442,61625,0,61625,:fsdp:forward:compute:layers.7.ffn.w2,9491,9491,2,0,863,691,:690:691:863,----:fsdp:forward:compute:layers.7.ffn.w2
63754698,63806472,51774,0,51774,:fsdp:forward:compute:layers.10.attn.k_proj,9492,9492,2,0,230,10,:9:10:230,----:fsdp:forward:compute:layers.10.attn.k_proj
63860106,63909114,49008,0,49008,:fsdp:forward:wait_weights:layers.10.attn.v_proj,9492,9492,2,0,231,10,:9:10:231,----:fsdp:forward:wait_weights:layers.10.attn.v_proj
63945961,64105673,159712,0,159712,:fsdp:forward:all_gather:layers.10.attn.output_proj,9492,9492,2,0,232,10,:9:10:232,----:fsdp:forward:all_gather:layers.10.attn.output_proj
64047513,64102957,55444,0,55444,:fsdp:forward:wait_weights:layers.8.attn.q_proj,9491,9491,2,0,864,691,:690:691:864,----:fsdp:forward:wait_weights:layers.8.attn.q_proj
64116187,64163091,46904,0,46904,:fsdp:forward:compute:layers.10.attn.v_proj,9492,9492,2,0,233,10,:9:10:233,----:fsdp:forward:compute:layers.10.attn.v_proj
64148771,64333634,184863,0,184863,:fsdp:forward:all_gather:layers.8.attn.k_proj,9491,9491,2,0,865,691,:690:691:865,----:fsdp:forward:all_gather:layers.8.attn.k_proj
64345368,64403338,57970,0,57970,:fsdp:forward:compute:layers.8.attn.q_proj,9491,9491,2,0,866,691,:690:691:866,----:fsdp:forward:compute:layers.8.attn.q_proj
64454977,64505820,50843,0,50843,:fsdp:forward:wait_weights:layers.8.attn.k_proj,9491,9491,2,0,867,691,:690:691:867,----:fsdp:forward:wait_weights:layers.8.attn.k_proj
64544624,64708323,163699,0,163699,:fsdp:forward:all_gather:layers.8.attn.v_proj,9491,9491,2,0,868,691,:690:691:868,----:fsdp:forward:all_gather:layers.8.attn.v_proj
64719534,64770798,51264,0,51264,:fsdp:forward:compute:layers.8.attn.k_proj,9491,9491,2,0,869,691,:690:691:869,----:fsdp:forward:compute:layers.8.attn.k_proj
64817593,64865720,48127,0,48127,:fsdp:forward:wait_weights:layers.8.attn.v_proj,9491,9491,2,0,870,691,:690:691:870,----:fsdp:forward:wait_weights:layers.8.attn.v_proj
64902464,65054310,151846,0,151846,:fsdp:forward:all_gather:layers.8.attn.output_proj,9491,9491,2,0,871,691,:690:691:871,----:fsdp:forward:all_gather:layers.8.attn.output_proj
65065213,65111593,46380,0,46380,:fsdp:forward:compute:layers.8.attn.v_proj,9491,9491,2,0,872,691,:690:691:872,----:fsdp:forward:compute:layers.8.attn.v_proj
65244598,65313763,69165,0,69165,:fsdp:forward:wait_weights:layers.10.attn.output_proj,9492,9492,2,0,234,10,:9:10:234,----:fsdp:forward:wait_weights:layers.10.attn.output_proj
65367898,65605223,237325,0,237325,:fsdp:forward:all_gather:layers.10.ffn.w1,9492,9492,2,0,235,10,:9:10:235,----:fsdp:forward:all_gather:layers.10.ffn.w1
65621906,65685397,63491,0,63491,:fsdp:forward:compute:layers.10.attn.output_proj,9492,9492,2,0,236,10,:9:10:236,----:fsdp:forward:compute:layers.10.attn.output_proj
65956431,66015199,58768,0,58768,:fsdp:forward:wait_weights:layers.10.ffn.w1,9492,9492,2,0,237,10,:9:10:237,----:fsdp:forward:wait_weights:layers.10.ffn.w1
66059859,66261870,202011,0,202011,:fsdp:forward:all_gather:layers.10.ffn.w3,9492,9492,2,0,238,10,:9:10:238,----:fsdp:forward:all_gather:layers.10.ffn.w3
66191971,66264310,72339,0,72339,:fsdp:forward:wait_weights:layers.8.attn.output_proj,9491,9491,2,0,873,691,:690:691:873,----:fsdp:forward:wait_weights:layers.8.attn.output_proj
66275346,66351407,76061,0,76061,:fsdp:forward:compute:layers.10.ffn.w1,9492,9492,2,0,239,10,:9:10:239,----:fsdp:forward:compute:layers.10.ffn.w1
66319341,66570480,251139,0,251139,:fsdp:forward:all_gather:layers.8.ffn.w1,9491,9491,2,0,874,691,:690:691:874,----:fsdp:forward:all_gather:layers.8.ffn.w1
66462404,66516309,53905,0,53905,:fsdp:forward:wait_weights:layers.10.ffn.w3,9492,9492,2,0,240,10,:9:10:240,----:fsdp:forward:wait_weights:layers.10.ffn.w3
66568042,66754065,186023,0,186023,:fsdp:forward:all_gather:layers.10.ffn.w2,9492,9492,2,0,241,10,:9:10:241,----:fsdp:forward:all_gather:layers.10.ffn.w2
66586158,66652510,66352,0,66352,:fsdp:forward:compute:layers.8.attn.output_proj,9491,9491,2,0,875,691,:690:691:875,----:fsdp:forward:compute:layers.8.attn.output_proj
66766657,66832538,65881,0,65881,:fsdp:forward:compute:layers.10.ffn.w3,9492,9492,2,0,242,10,:9:10:242,----:fsdp:forward:compute:layers.10.ffn.w3
66914813,66967566,52753,0,52753,:fsdp:forward:wait_weights:layers.10.ffn.w2,9492,9492,2,0,243,10,:9:10:243,----:fsdp:forward:wait_weights:layers.10.ffn.w2
66923461,66983125,59664,0,59664,:fsdp:forward:wait_weights:layers.8.ffn.w1,9491,9491,2,0,876,691,:690:691:876,----:fsdp:forward:wait_weights:layers.8.ffn.w1
67009487,67188345,178858,0,178858,:fsdp:forward:all_gather:layers.11.attn.q_proj,9492,9492,2,0,244,10,:9:10:244,----:fsdp:forward:all_gather:layers.11.attn.q_proj
67028729,67264455,235726,0,235726,:fsdp:forward:all_gather:layers.8.ffn.w3,9491,9491,2,0,877,691,:690:691:877,----:fsdp:forward:all_gather:layers.8.ffn.w3
67200343,67260548,60205,0,60205,:fsdp:forward:compute:layers.10.ffn.w2,9492,9492,2,0,245,10,:9:10:245,----:fsdp:forward:compute:layers.10.ffn.w2
67278765,67356211,77446,0,77446,:fsdp:forward:compute:layers.8.ffn.w1,9491,9491,2,0,878,691,:690:691:878,----:fsdp:forward:compute:layers.8.ffn.w1
67466029,67522402,56373,0,56373,:fsdp:forward:wait_weights:layers.8.ffn.w3,9491,9491,2,0,879,691,:690:691:879,----:fsdp:forward:wait_weights:layers.8.ffn.w3
67514031,67568552,54521,0,54521,:fsdp:forward:wait_weights:layers.11.attn.q_proj,9492,9492,2,0,246,10,:9:10:246,----:fsdp:forward:wait_weights:layers.11.attn.q_proj
67564524,67755011,190487,0,190487,:fsdp:forward:all_gather:layers.8.ffn.w2,9491,9491,2,0,880,691,:690:691:880,----:fsdp:forward:all_gather:layers.8.ffn.w2
67611109,67800737,189628,0,189628,:fsdp:forward:all_gather:layers.11.attn.k_proj,9492,9492,2,0,247,10,:9:10:247,----:fsdp:forward:all_gather:layers.11.attn.k_proj
67767812,67834222,66410,0,66410,:fsdp:forward:compute:layers.8.ffn.w3,9491,9491,2,0,881,691,:690:691:881,----:fsdp:forward:compute:layers.8.ffn.w3
67812996,67871901,58905,0,58905,:fsdp:forward:compute:layers.11.attn.q_proj,9492,9492,2,0,248,10,:9:10:248,----:fsdp:forward:compute:layers.11.attn.q_proj
67913461,67965455,51994,0,51994,:fsdp:forward:wait_weights:layers.8.ffn.w2,9491,9491,2,0,882,691,:690:691:882,----:fsdp:forward:wait_weights:layers.8.ffn.w2
67928023,67979992,51969,0,51969,:fsdp:forward:wait_weights:layers.11.attn.k_proj,9492,9492,2,0,249,10,:9:10:249,----:fsdp:forward:wait_weights:layers.11.attn.k_proj
68007035,68186331,179296,0,179296,:fsdp:forward:all_gather:layers.9.attn.q_proj,9491,9491,2,0,883,691,:690:691:883,----:fsdp:forward:all_gather:layers.9.attn.q_proj
68021429,68210350,188921,0,188921,:fsdp:forward:all_gather:layers.11.attn.v_proj,9492,9492,2,0,250,10,:9:10:250,----:fsdp:forward:all_gather:layers.11.attn.v_proj
68197521,68257300,59779,0,59779,:fsdp:forward:compute:layers.8.ffn.w2,9491,9491,2,0,884,691,:690:691:884,----:fsdp:forward:compute:layers.8.ffn.w2
68223124,68277831,54707,0,54707,:fsdp:forward:compute:layers.11.attn.k_proj,9492,9492,2,0,251,10,:9:10:251,----:fsdp:forward:compute:layers.11.attn.k_proj
68334005,68389821,55816,0,55816,:fsdp:forward:wait_weights:layers.11.attn.v_proj,9492,9492,2,0,252,10,:9:10:252,----:fsdp:forward:wait_weights:layers.11.attn.v_proj
68429744,68595991,166247,0,166247,:fsdp:forward:all_gather:layers.11.attn.output_proj,9492,9492,2,0,253,10,:9:10:253,----:fsdp:forward:all_gather:layers.11.attn.output_proj
68509539,68563410,53871,0,53871,:fsdp:forward:wait_weights:layers.9.attn.q_proj,9491,9491,2,0,885,691,:690:691:885,----:fsdp:forward:wait_weights:layers.9.attn.q_proj
68606499,68656815,50316,0,50316,:fsdp:forward:compute:layers.11.attn.v_proj,9492,9492,2,0,254,10,:9:10:254,----:fsdp:forward:compute:layers.11.attn.v_proj
68610174,68799530,189356,0,189356,:fsdp:forward:all_gather:layers.9.attn.k_proj,9491,9491,2,0,886,691,:690:691:886,----:fsdp:forward:all_gather:layers.9.attn.k_proj
68813750,68875539,61789,0,61789,:fsdp:forward:compute:layers.9.attn.q_proj,9491,9491,2,0,887,691,:690:691:887,----:fsdp:forward:compute:layers.9.attn.q_proj
68935473,68992027,56554,0,56554,:fsdp:forward:wait_weights:layers.9.attn.k_proj,9491,9491,2,0,888,691,:690:691:888,----:fsdp:forward:wait_weights:layers.9.attn.k_proj
69036415,69212157,175742,0,175742,:fsdp:forward:all_gather:layers.9.attn.v_proj,9491,9491,2,0,889,691,:690:691:889,----:fsdp:forward:all_gather:layers.9.attn.v_proj
69224052,69275899,51847,0,51847,:fsdp:forward:compute:layers.9.attn.k_proj,9491,9491,2,0,890,691,:690:691:890,----:fsdp:forward:compute:layers.9.attn.k_proj
69330363,69381605,51242,0,51242,:fsdp:forward:wait_weights:layers.9.attn.v_proj,9491,9491,2,0,891,691,:690:691:891,----:fsdp:forward:wait_weights:layers.9.attn.v_proj
69420230,69584015,163785,0,163785,:fsdp:forward:all_gather:layers.9.attn.output_proj,9491,9491,2,0,892,691,:690:691:892,----:fsdp:forward:all_gather:layers.9.attn.output_proj
69594735,69643830,49095,0,49095,:fsdp:forward:compute:layers.9.attn.v_proj,9491,9491,2,0,893,691,:690:691:893,----:fsdp:forward:compute:layers.9.attn.v_proj
69738581,69812256,73675,0,73675,:fsdp:forward:wait_weights:layers.11.attn.output_proj,9492,9492,2,0,255,10,:9:10:255,----:fsdp:forward:wait_weights:layers.11.attn.output_proj
69868512,70100849,232337,0,232337,:fsdp:forward:all_gather:layers.11.ffn.w1,9492,9492,2,0,256,10,:9:10:256,----:fsdp:forward:all_gather:layers.11.ffn.w1
70118241,70181417,63176,0,63176,:fsdp:forward:compute:layers.11.attn.output_proj,9492,9492,2,0,257,10,:9:10:257,----:fsdp:forward:compute:layers.11.attn.output_proj
70453725,70510846,57121,0,57121,:fsdp:forward:wait_weights:layers.11.ffn.w1,9492,9492,2,0,258,10,:9:10:258,----:fsdp:forward:wait_weights:layers.11.ffn.w1
70564475,70760937,196462,0,196462,:fsdp:forward:all_gather:layers.11.ffn.w3,9492,9492,2,0,259,10,:9:10:259,----:fsdp:forward:all_gather:layers.11.ffn.w3
70734205,70807812,73607,0,73607,:fsdp:forward:wait_weights:layers.9.attn.output_proj,9491,9491,2,0,894,691,:690:691:894,----:fsdp:forward:wait_weights:layers.9.attn.output_proj
70773745,70847949,74204,0,74204,:fsdp:forward:compute:layers.11.ffn.w1,9492,9492,2,0,260,10,:9:10:260,----:fsdp:forward:compute:layers.11.ffn.w1
70860361,71091043,230682,0,230682,:fsdp:forward:all_gather:layers.9.ffn.w1,9491,9491,2,0,895,691,:690:691:895,----:fsdp:forward:all_gather:layers.9.ffn.w1
70959378,71011085,51707,0,51707,:fsdp:forward:wait_weights:layers.11.ffn.w3,9492,9492,2,0,261,10,:9:10:261,----:fsdp:forward:wait_weights:layers.11.ffn.w3
71051119,71229823,178704,0,178704,:fsdp:forward:all_gather:layers.11.ffn.w2,9492,9492,2,0,262,10,:9:10:262,----:fsdp:forward:all_gather:layers.11.ffn.w2
71108397,71172832,64435,0,64435,:fsdp:forward:compute:layers.9.attn.output_proj,9491,9491,2,0,896,691,:690:691:896,----:fsdp:forward:compute:layers.9.attn.output_proj
71241218,71304286,63068,0,63068,:fsdp:forward:compute:layers.11.ffn.w3,9492,9492,2,0,263,10,:9:10:263,----:fsdp:forward:compute:layers.11.ffn.w3
71383047,71434740,51693,0,51693,:fsdp:forward:wait_weights:layers.11.ffn.w2,9492,9492,2,0,264,10,:9:10:264,----:fsdp:forward:wait_weights:layers.11.ffn.w2
71441178,71500946,59768,0,59768,:fsdp:forward:wait_weights:layers.9.ffn.w1,9491,9491,2,0,897,691,:690:691:897,----:fsdp:forward:wait_weights:layers.9.ffn.w1
71474824,71643071,168247,0,168247,:fsdp:forward:all_gather:layers.12.attn.q_proj,9492,9492,2,0,265,10,:9:10:265,----:fsdp:forward:all_gather:layers.12.attn.q_proj
71545533,71747561,202028,0,202028,:fsdp:forward:all_gather:layers.9.ffn.w3,9491,9491,2,0,898,691,:690:691:898,----:fsdp:forward:all_gather:layers.9.ffn.w3
71654929,71713015,58086,0,58086,:fsdp:forward:compute:layers.11.ffn.w2,9492,9492,2,0,266,10,:9:10:266,----:fsdp:forward:compute:layers.11.ffn.w2
71760695,71834021,73326,0,73326,:fsdp:forward:compute:layers.9.ffn.w1,9491,9491,2,0,899,691,:690:691:899,----:fsdp:forward:compute:layers.9.ffn.w1
71946894,72000394,53500,0,53500,:fsdp:forward:wait_weights:layers.9.ffn.w3,9491,9491,2,0,900,691,:690:691:900,----:fsdp:forward:wait_weights:layers.9.ffn.w3
71968857,72024114,55257,0,55257,:fsdp:forward:wait_weights:layers.12.attn.q_proj,9492,9492,2,0,267,10,:9:10:267,----:fsdp:forward:wait_weights:layers.12.attn.q_proj
72043395,72239387,195992,0,195992,:fsdp:forward:all_gather:layers.9.ffn.w2,9491,9491,2,0,901,691,:690:691:901,----:fsdp:forward:all_gather:layers.9.ffn.w2
72065719,72265377,199658,0,199658,:fsdp:forward:all_gather:layers.12.attn.k_proj,9492,9492,2,0,268,10,:9:10:268,----:fsdp:forward:all_gather:layers.12.attn.k_proj
72252244,72316446,64202,0,64202,:fsdp:forward:compute:layers.9.ffn.w3,9491,9491,2,0,902,691,:690:691:902,----:fsdp:forward:compute:layers.9.ffn.w3
72276870,72337603,60733,0,60733,:fsdp:forward:compute:layers.12.attn.q_proj,9492,9492,2,0,269,10,:9:10:269,----:fsdp:forward:compute:layers.12.attn.q_proj
72392762,72445312,52550,0,52550,:fsdp:forward:wait_weights:layers.9.ffn.w2,9491,9491,2,0,903,691,:690:691:903,----:fsdp:forward:wait_weights:layers.9.ffn.w2
72393561,72445411,51850,0,51850,:fsdp:forward:wait_weights:layers.12.attn.k_proj,9492,9492,2,0,270,10,:9:10:270,----:fsdp:forward:wait_weights:layers.12.attn.k_proj
72485414,72659289,173875,0,173875,:fsdp:forward:all_gather:layers.12.attn.v_proj,9492,9492,2,0,271,10,:9:10:271,----:fsdp:forward:all_gather:layers.12.attn.v_proj
72486557,72661690,175133,0,175133,:fsdp:forward:all_gather:layers.10.attn.q_proj,9491,9491,2,0,904,691,:690:691:904,----:fsdp:forward:all_gather:layers.10.attn.q_proj
72670280,72721604,51324,0,51324,:fsdp:forward:compute:layers.12.attn.k_proj,9492,9492,2,0,272,10,:9:10:272,----:fsdp:forward:compute:layers.12.attn.k_proj
72673141,72737741,64600,0,64600,:fsdp:forward:compute:layers.9.ffn.w2,9491,9491,2,0,905,691,:690:691:905,----:fsdp:forward:compute:layers.9.ffn.w2
72771896,72823740,51844,0,51844,:fsdp:forward:wait_weights:layers.12.attn.v_proj,9492,9492,2,0,273,10,:9:10:273,----:fsdp:forward:wait_weights:layers.12.attn.v_proj
72861072,73017190,156118,0,156118,:fsdp:forward:all_gather:layers.12.attn.output_proj,9492,9492,2,0,274,10,:9:10:274,----:fsdp:forward:all_gather:layers.12.attn.output_proj
72993420,73046947,53527,0,53527,:fsdp:forward:wait_weights:layers.10.attn.q_proj,9491,9491,2,0,906,691,:690:691:906,----:fsdp:forward:wait_weights:layers.10.attn.q_proj
73027550,73074958,47408,0,47408,:fsdp:forward:compute:layers.12.attn.v_proj,9492,9492,2,0,275,10,:9:10:275,----:fsdp:forward:compute:layers.12.attn.v_proj
73089638,73275568,185930,0,185930,:fsdp:forward:all_gather:layers.10.attn.k_proj,9491,9491,2,0,907,691,:690:691:907,----:fsdp:forward:all_gather:layers.10.attn.k_proj
73287154,73344195,57041,0,57041,:fsdp:forward:compute:layers.10.attn.q_proj,9491,9491,2,0,908,691,:690:691:908,----:fsdp:forward:compute:layers.10.attn.q_proj
73394923,73445535,50612,0,50612,:fsdp:forward:wait_weights:layers.10.attn.k_proj,9491,9491,2,0,909,691,:690:691:909,----:fsdp:forward:wait_weights:layers.10.attn.k_proj
73485057,73649610,164553,0,164553,:fsdp:forward:all_gather:layers.10.attn.v_proj,9491,9491,2,0,910,691,:690:691:910,----:fsdp:forward:all_gather:layers.10.attn.v_proj
73660415,73711000,50585,0,50585,:fsdp:forward:compute:layers.10.attn.k_proj,9491,9491,2,0,911,691,:690:691:911,----:fsdp:forward:compute:layers.10.attn.k_proj
73763977,73814743,50766,0,50766,:fsdp:forward:wait_weights:layers.10.attn.v_proj,9491,9491,2,0,912,691,:690:691:912,----:fsdp:forward:wait_weights:layers.10.attn.v_proj
73852079,74008015,155936,0,155936,:fsdp:forward:all_gather:layers.10.attn.output_proj,9491,9491,2,0,913,691,:690:691:913,----:fsdp:forward:all_gather:layers.10.attn.output_proj
74018796,74067202,48406,0,48406,:fsdp:forward:compute:layers.10.attn.v_proj,9491,9491,2,0,914,691,:690:691:914,----:fsdp:forward:compute:layers.10.attn.v_proj
74166687,74237244,70557,0,70557,:fsdp:forward:wait_weights:layers.12.attn.output_proj,9492,9492,2,0,276,10,:9:10:276,----:fsdp:forward:wait_weights:layers.12.attn.output_proj
74293162,74559260,266098,0,266098,:fsdp:forward:all_gather:layers.12.ffn.w1,9492,9492,2,0,277,10,:9:10:277,----:fsdp:forward:all_gather:layers.12.ffn.w1
74576411,74642590,66179,0,66179,:fsdp:forward:compute:layers.12.attn.output_proj,9492,9492,2,0,278,10,:9:10:278,----:fsdp:forward:compute:layers.12.attn.output_proj
74921290,74980872,59582,0,59582,:fsdp:forward:wait_weights:layers.12.ffn.w1,9492,9492,2,0,279,10,:9:10:279,----:fsdp:forward:wait_weights:layers.12.ffn.w1
75027140,75240495,213355,0,213355,:fsdp:forward:all_gather:layers.12.ffn.w3,9492,9492,2,0,280,10,:9:10:280,----:fsdp:forward:all_gather:layers.12.ffn.w3
75163001,75234700,71699,0,71699,:fsdp:forward:wait_weights:layers.10.attn.output_proj,9491,9491,2,0,915,691,:690:691:915,----:fsdp:forward:wait_weights:layers.10.attn.output_proj
75254252,75328635,74383,0,74383,:fsdp:forward:compute:layers.12.ffn.w1,9492,9492,2,0,281,10,:9:10:281,----:fsdp:forward:compute:layers.12.ffn.w1
75289632,75525499,235867,0,235867,:fsdp:forward:all_gather:layers.10.ffn.w1,9491,9491,2,0,916,691,:690:691:916,----:fsdp:forward:all_gather:layers.10.ffn.w1
75440219,75495414,55195,0,55195,:fsdp:forward:wait_weights:layers.12.ffn.w3,9492,9492,2,0,282,10,:9:10:282,----:fsdp:forward:wait_weights:layers.12.ffn.w3
75537710,75724563,186853,0,186853,:fsdp:forward:all_gather:layers.12.ffn.w2,9492,9492,2,0,283,10,:9:10:283,----:fsdp:forward:all_gather:layers.12.ffn.w2
75540699,75604234,63535,0,63535,:fsdp:forward:compute:layers.10.attn.output_proj,9491,9491,2,0,917,691,:690:691:917,----:fsdp:forward:compute:layers.10.attn.output_proj
75737537,75803462,65925,0,65925,:fsdp:forward:compute:layers.12.ffn.w3,9492,9492,2,0,284,10,:9:10:284,----:fsdp:forward:compute:layers.12.ffn.w3
75871940,75931044,59104,0,59104,:fsdp:forward:wait_weights:layers.10.ffn.w1,9491,9491,2,0,918,691,:690:691:918,----:fsdp:forward:wait_weights:layers.10.ffn.w1
75883990,75935674,51684,0,51684,:fsdp:forward:wait_weights:layers.12.ffn.w2,9492,9492,2,0,285,10,:9:10:285,----:fsdp:forward:wait_weights:layers.12.ffn.w2
75975697,76180614,204917,0,204917,:fsdp:forward:all_gather:layers.10.ffn.w3,9491,9491,2,0,919,691,:690:691:919,----:fsdp:forward:all_gather:layers.10.ffn.w3
75977057,76150906,173849,0,173849,:fsdp:forward:all_gather:layers.13.attn.q_proj,9492,9492,2,0,286,10,:9:10:286,----:fsdp:forward:all_gather:layers.13.attn.q_proj
76162672,76223769,61097,0,61097,:fsdp:forward:compute:layers.12.ffn.w2,9492,9492,2,0,287,10,:9:10:287,----:fsdp:forward:compute:layers.12.ffn.w2
76193301,76268042,74741,0,74741,:fsdp:forward:compute:layers.10.ffn.w1,9491,9491,2,0,920,691,:690:691:920,----:fsdp:forward:compute:layers.10.ffn.w1
76382725,76438758,56033,0,56033,:fsdp:forward:wait_weights:layers.10.ffn.w3,9491,9491,2,0,921,691,:690:691:921,----:fsdp:forward:wait_weights:layers.10.ffn.w3
76478333,76533521,55188,0,55188,:fsdp:forward:wait_weights:layers.13.attn.q_proj,9492,9492,2,0,288,10,:9:10:288,----:fsdp:forward:wait_weights:layers.13.attn.q_proj
76480879,76669194,188315,0,188315,:fsdp:forward:all_gather:layers.10.ffn.w2,9491,9491,2,0,922,691,:690:691:922,----:fsdp:forward:all_gather:layers.10.ffn.w2
76578022,76769565,191543,0,191543,:fsdp:forward:all_gather:layers.13.attn.k_proj,9492,9492,2,0,289,10,:9:10:289,----:fsdp:forward:all_gather:layers.13.attn.k_proj
76680984,76749906,68922,0,68922,:fsdp:forward:compute:layers.10.ffn.w3,9491,9491,2,0,923,691,:690:691:923,----:fsdp:forward:compute:layers.10.ffn.w3
76782624,76842765,60141,0,60141,:fsdp:forward:compute:layers.13.attn.q_proj,9492,9492,2,0,290,10,:9:10:290,----:fsdp:forward:compute:layers.13.attn.q_proj
76828636,76880273,51637,0,51637,:fsdp:forward:wait_weights:layers.10.ffn.w2,9491,9491,2,0,924,691,:690:691:924,----:fsdp:forward:wait_weights:layers.10.ffn.w2
76902259,76954694,52435,0,52435,:fsdp:forward:wait_weights:layers.13.attn.k_proj,9492,9492,2,0,291,10,:9:10:291,----:fsdp:forward:wait_weights:layers.13.attn.k_proj
76921402,77111772,190370,0,190370,:fsdp:forward:all_gather:layers.11.attn.q_proj,9491,9491,2,0,925,691,:690:691:925,----:fsdp:forward:all_gather:layers.11.attn.q_proj
76994516,77161380,166864,0,166864,:fsdp:forward:all_gather:layers.13.attn.v_proj,9492,9492,2,0,292,10,:9:10:292,----:fsdp:forward:all_gather:layers.13.attn.v_proj
77123587,77184940,61353,0,61353,:fsdp:forward:compute:layers.10.ffn.w2,9491,9491,2,0,926,691,:690:691:926,----:fsdp:forward:compute:layers.10.ffn.w2
77173870,77223796,49926,0,49926,:fsdp:forward:compute:layers.13.attn.k_proj,9492,9492,2,0,293,10,:9:10:293,----:fsdp:forward:compute:layers.13.attn.k_proj
77281745,77331828,50083,0,50083,:fsdp:forward:wait_weights:layers.13.attn.v_proj,9492,9492,2,0,294,10,:9:10:294,----:fsdp:forward:wait_weights:layers.13.attn.v_proj
77370213,77526286,156073,0,156073,:fsdp:forward:all_gather:layers.13.attn.output_proj,9492,9492,2,0,295,10,:9:10:295,----:fsdp:forward:all_gather:layers.13.attn.output_proj
77440411,77498413,58002,0,58002,:fsdp:forward:wait_weights:layers.11.attn.q_proj,9491,9491,2,0,927,691,:690:691:927,----:fsdp:forward:wait_weights:layers.11.attn.q_proj
77537936,77586040,48104,0,48104,:fsdp:forward:compute:layers.13.attn.v_proj,9492,9492,2,0,296,10,:9:10:296,----:fsdp:forward:compute:layers.13.attn.v_proj
77542111,77729413,187302,0,187302,:fsdp:forward:all_gather:layers.11.attn.k_proj,9491,9491,2,0,928,691,:690:691:928,----:fsdp:forward:all_gather:layers.11.attn.k_proj
77740106,77798982,58876,0,58876,:fsdp:forward:compute:layers.11.attn.q_proj,9491,9491,2,0,929,691,:690:691:929,----:fsdp:forward:compute:layers.11.attn.q_proj
77851290,77902673,51383,0,51383,:fsdp:forward:wait_weights:layers.11.attn.k_proj,9491,9491,2,0,930,691,:690:691:930,----:fsdp:forward:wait_weights:layers.11.attn.k_proj
77941151,78105336,164185,0,164185,:fsdp:forward:all_gather:layers.11.attn.v_proj,9491,9491,2,0,931,691,:690:691:931,----:fsdp:forward:all_gather:layers.11.attn.v_proj
78116154,78165525,49371,0,49371,:fsdp:forward:compute:layers.11.attn.k_proj,9491,9491,2,0,932,691,:690:691:932,----:fsdp:forward:compute:layers.11.attn.k_proj
78212771,78269571,56800,0,56800,:fsdp:forward:wait_weights:layers.11.attn.v_proj,9491,9491,2,0,933,691,:690:691:933,----:fsdp:forward:wait_weights:layers.11.attn.v_proj
78307704,78473299,165595,0,165595,:fsdp:forward:all_gather:layers.11.attn.output_proj,9491,9491,2,0,934,691,:690:691:934,----:fsdp:forward:all_gather:layers.11.attn.output_proj
78483943,78535517,51574,0,51574,:fsdp:forward:compute:layers.11.attn.v_proj,9491,9491,2,0,935,691,:690:691:935,----:fsdp:forward:compute:layers.11.attn.v_proj
78693791,78765690,71899,0,71899,:fsdp:forward:wait_weights:layers.13.attn.output_proj,9492,9492,2,0,297,10,:9:10:297,----:fsdp:forward:wait_weights:layers.13.attn.output_proj
78820946,79060595,239649,0,239649,:fsdp:forward:all_gather:layers.13.ffn.w1,9492,9492,2,0,298,10,:9:10:298,----:fsdp:forward:all_gather:layers.13.ffn.w1
79076589,79141875,65286,0,65286,:fsdp:forward:compute:layers.13.attn.output_proj,9492,9492,2,0,299,10,:9:10:299,----:fsdp:forward:compute:layers.13.attn.output_proj
79419620,79480316,60696,0,60696,:fsdp:forward:wait_weights:layers.13.ffn.w1,9492,9492,2,0,300,10,:9:10:300,----:fsdp:forward:wait_weights:layers.13.ffn.w1
79526120,79739337,213217,0,213217,:fsdp:forward:all_gather:layers.13.ffn.w3,9492,9492,2,0,301,10,:9:10:301,----:fsdp:forward:all_gather:layers.13.ffn.w3
79645613,79710884,65271,0,65271,:fsdp:forward:wait_weights:layers.11.attn.output_proj,9491,9491,2,0,936,691,:690:691:936,----:fsdp:forward:wait_weights:layers.11.attn.output_proj
79753063,79828314,75251,0,75251,:fsdp:forward:compute:layers.13.ffn.w1,9492,9492,2,0,302,10,:9:10:302,----:fsdp:forward:compute:layers.13.ffn.w1
79768387,80003043,234656,0,234656,:fsdp:forward:all_gather:layers.11.ffn.w1,9491,9491,2,0,937,691,:690:691:937,----:fsdp:forward:all_gather:layers.11.ffn.w1
79939218,79994600,55382,0,55382,:fsdp:forward:wait_weights:layers.13.ffn.w3,9492,9492,2,0,303,10,:9:10:303,----:fsdp:forward:wait_weights:layers.13.ffn.w3
80018008,80082939,64931,0,64931,:fsdp:forward:compute:layers.11.attn.output_proj,9491,9491,2,0,938,691,:690:691:938,----:fsdp:forward:compute:layers.11.attn.output_proj
80038706,80218298,179592,0,179592,:fsdp:forward:all_gather:layers.13.ffn.w2,9492,9492,2,0,304,10,:9:10:304,----:fsdp:forward:all_gather:layers.13.ffn.w2
80230706,80293877,63171,0,63171,:fsdp:forward:compute:layers.13.ffn.w3,9492,9492,2,0,305,10,:9:10:305,----:fsdp:forward:compute:layers.13.ffn.w3
80355005,80415128,60123,0,60123,:fsdp:forward:wait_weights:layers.11.ffn.w1,9491,9491,2,0,939,691,:690:691:939,----:fsdp:forward:wait_weights:layers.11.ffn.w1
80374127,80425918,51791,0,51791,:fsdp:forward:wait_weights:layers.13.ffn.w2,9492,9492,2,0,306,10,:9:10:306,----:fsdp:forward:wait_weights:layers.13.ffn.w2
80458299,80653551,195252,0,195252,:fsdp:forward:all_gather:layers.11.ffn.w3,9491,9491,2,0,940,691,:690:691:940,----:fsdp:forward:all_gather:layers.11.ffn.w3
80467470,80647977,180507,0,180507,:fsdp:forward:all_gather:layers.14.attn.q_proj,9492,9492,2,0,307,10,:9:10:307,----:fsdp:forward:all_gather:layers.14.attn.q_proj
80660320,80720383,60063,0,60063,:fsdp:forward:compute:layers.13.ffn.w2,9492,9492,2,0,308,10,:9:10:308,----:fsdp:forward:compute:layers.13.ffn.w2
80665540,80739117,73577,0,73577,:fsdp:forward:compute:layers.11.ffn.w1,9491,9491,2,0,941,691,:690:691:941,----:fsdp:forward:compute:layers.11.ffn.w1
80843758,80898636,54878,0,54878,:fsdp:forward:wait_weights:layers.11.ffn.w3,9491,9491,2,0,942,691,:690:691:942,----:fsdp:forward:wait_weights:layers.11.ffn.w3
80938866,81116930,178064,0,178064,:fsdp:forward:all_gather:layers.11.ffn.w2,9491,9491,2,0,943,691,:690:691:943,----:fsdp:forward:all_gather:layers.11.ffn.w2
80980068,81035082,55014,0,55014,:fsdp:forward:wait_weights:layers.14.attn.q_proj,9492,9492,2,0,309,10,:9:10:309,----:fsdp:forward:wait_weights:layers.14.attn.q_proj
81080057,81271598,191541,0,191541,:fsdp:forward:all_gather:layers.14.attn.k_proj,9492,9492,2,0,310,10,:9:10:310,----:fsdp:forward:all_gather:layers.14.attn.k_proj
81127460,81190870,63410,0,63410,:fsdp:forward:compute:layers.11.ffn.w3,9491,9491,2,0,944,691,:690:691:944,----:fsdp:forward:compute:layers.11.ffn.w3
81266265,81318127,51862,0,51862,:fsdp:forward:wait_weights:layers.11.ffn.w2,9491,9491,2,0,945,691,:690:691:945,----:fsdp:forward:wait_weights:layers.11.ffn.w2
81284743,81342230,57487,0,57487,:fsdp:forward:compute:layers.14.attn.q_proj,9492,9492,2,0,311,10,:9:10:311,----:fsdp:forward:compute:layers.14.attn.q_proj
81358082,81531192,173110,0,173110,:fsdp:forward:all_gather:layers.12.attn.q_proj,9491,9491,2,0,946,691,:690:691:946,----:fsdp:forward:all_gather:layers.12.attn.q_proj
81394987,81445281,50294,0,50294,:fsdp:forward:wait_weights:layers.14.attn.k_proj,9492,9492,2,0,312,10,:9:10:312,----:fsdp:forward:wait_weights:layers.14.attn.k_proj
81485066,81646922,161856,0,161856,:fsdp:forward:all_gather:layers.14.attn.v_proj,9492,9492,2,0,313,10,:9:10:313,----:fsdp:forward:all_gather:layers.14.attn.v_proj
81543335,81601812,58477,0,58477,:fsdp:forward:compute:layers.11.ffn.w2,9491,9491,2,0,947,691,:690:691:947,----:fsdp:forward:compute:layers.11.ffn.w2
81658491,81707614,49123,0,49123,:fsdp:forward:compute:layers.14.attn.k_proj,9492,9492,2,0,314,10,:9:10:314,----:fsdp:forward:compute:layers.14.attn.k_proj
81755150,81802060,46910,0,46910,:fsdp:forward:wait_weights:layers.14.attn.v_proj,9492,9492,2,0,315,10,:9:10:315,----:fsdp:forward:wait_weights:layers.14.attn.v_proj
81838610,82145262,306652,0,306652,:fsdp:forward:all_gather:layers.14.attn.output_proj,9492,9492,2,0,316,10,:9:10:316,----:fsdp:forward:all_gather:layers.14.attn.output_proj
81853950,81909357,55407,0,55407,:fsdp:forward:wait_weights:layers.12.attn.q_proj,9491,9491,2,0,948,691,:690:691:948,----:fsdp:forward:wait_weights:layers.12.attn.q_proj
81952014,82141068,189054,0,189054,:fsdp:forward:all_gather:layers.12.attn.k_proj,9491,9491,2,0,949,691,:690:691:949,----:fsdp:forward:all_gather:layers.12.attn.k_proj
82152277,82208979,56702,0,56702,:fsdp:forward:compute:layers.12.attn.q_proj,9491,9491,2,0,950,691,:690:691:950,----:fsdp:forward:compute:layers.12.attn.q_proj
82161102,82219726,58624,0,58624,:fsdp:forward:compute:layers.14.attn.v_proj,9492,9492,2,0,317,10,:9:10:317,----:fsdp:forward:compute:layers.14.attn.v_proj
82259026,82310854,51828,0,51828,:fsdp:forward:wait_weights:layers.12.attn.k_proj,9491,9491,2,0,951,691,:690:691:951,----:fsdp:forward:wait_weights:layers.12.attn.k_proj
82348419,82511628,163209,0,163209,:fsdp:forward:all_gather:layers.12.attn.v_proj,9491,9491,2,0,952,691,:690:691:952,----:fsdp:forward:all_gather:layers.12.attn.v_proj
82522245,82578877,56632,0,56632,:fsdp:forward:compute:layers.12.attn.k_proj,9491,9491,2,0,953,691,:690:691:953,----:fsdp:forward:compute:layers.12.attn.k_proj
82627967,82678523,50556,0,50556,:fsdp:forward:wait_weights:layers.12.attn.v_proj,9491,9491,2,0,954,691,:690:691:954,----:fsdp:forward:wait_weights:layers.12.attn.v_proj
82715764,82871703,155939,0,155939,:fsdp:forward:all_gather:layers.12.attn.output_proj,9491,9491,2,0,955,691,:690:691:955,----:fsdp:forward:all_gather:layers.12.attn.output_proj
82882505,82929324,46819,0,46819,:fsdp:forward:compute:layers.12.attn.v_proj,9491,9491,2,0,956,691,:690:691:956,----:fsdp:forward:compute:layers.12.attn.v_proj
83332484,83402879,70395,0,70395,:fsdp:forward:wait_weights:layers.14.attn.output_proj,9492,9492,2,0,318,10,:9:10:318,----:fsdp:forward:wait_weights:layers.14.attn.output_proj
83463499,83684821,221322,0,221322,:fsdp:forward:all_gather:layers.14.ffn.w1,9492,9492,2,0,319,10,:9:10:319,----:fsdp:forward:all_gather:layers.14.ffn.w1
83698843,83758766,59923,0,59923,:fsdp:forward:compute:layers.14.attn.output_proj,9492,9492,2,0,320,10,:9:10:320,----:fsdp:forward:compute:layers.14.attn.output_proj
84018539,84087990,69451,0,69451,:fsdp:forward:wait_weights:layers.12.attn.output_proj,9491,9491,2,0,957,691,:690:691:957,----:fsdp:forward:wait_weights:layers.12.attn.output_proj
84027154,84086269,59115,0,59115,:fsdp:forward:wait_weights:layers.14.ffn.w1,9492,9492,2,0,321,10,:9:10:321,----:fsdp:forward:wait_weights:layers.14.ffn.w1
84130422,84327462,197040,0,197040,:fsdp:forward:all_gather:layers.14.ffn.w3,9492,9492,2,0,322,10,:9:10:322,----:fsdp:forward:all_gather:layers.14.ffn.w3
84142519,84390082,247563,0,247563,:fsdp:forward:all_gather:layers.12.ffn.w1,9491,9491,2,0,958,691,:690:691:958,----:fsdp:forward:all_gather:layers.12.ffn.w1
84339649,84410475,70826,0,70826,:fsdp:forward:compute:layers.14.ffn.w1,9492,9492,2,0,323,10,:9:10:323,----:fsdp:forward:compute:layers.14.ffn.w1
84405800,84470616,64816,0,64816,:fsdp:forward:compute:layers.12.attn.output_proj,9491,9491,2,0,959,691,:690:691:959,----:fsdp:forward:compute:layers.12.attn.output_proj
84519093,84572663,53570,0,53570,:fsdp:forward:wait_weights:layers.14.ffn.w3,9492,9492,2,0,324,10,:9:10:324,----:fsdp:forward:wait_weights:layers.14.ffn.w3
84612338,84794682,182344,0,182344,:fsdp:forward:all_gather:layers.14.ffn.w2,9492,9492,2,0,325,10,:9:10:325,----:fsdp:forward:all_gather:layers.14.ffn.w2
84742433,84807535,65102,0,65102,:fsdp:forward:wait_weights:layers.12.ffn.w1,9491,9491,2,0,960,691,:690:691:960,----:fsdp:forward:wait_weights:layers.12.ffn.w1
84807352,84877136,69784,0,69784,:fsdp:forward:compute:layers.14.ffn.w3,9492,9492,2,0,326,10,:9:10:326,----:fsdp:forward:compute:layers.14.ffn.w3
84854376,85062403,208027,0,208027,:fsdp:forward:all_gather:layers.12.ffn.w3,9491,9491,2,0,961,691,:690:691:961,----:fsdp:forward:all_gather:layers.12.ffn.w3
84959517,85013352,53835,0,53835,:fsdp:forward:wait_weights:layers.14.ffn.w2,9492,9492,2,0,327,10,:9:10:327,----:fsdp:forward:wait_weights:layers.14.ffn.w2
85057595,85240870,183275,0,183275,:fsdp:forward:all_gather:layers.15.attn.q_proj,9492,9492,2,0,328,10,:9:10:328,----:fsdp:forward:all_gather:layers.15.attn.q_proj
85076149,85149875,73726,0,73726,:fsdp:forward:compute:layers.12.ffn.w1,9491,9491,2,0,962,691,:690:691:962,----:fsdp:forward:compute:layers.12.ffn.w1
85252782,85316011,63229,0,63229,:fsdp:forward:compute:layers.14.ffn.w2,9492,9492,2,0,329,10,:9:10:329,----:fsdp:forward:compute:layers.14.ffn.w2
85259952,85316025,56073,0,56073,:fsdp:forward:wait_weights:layers.12.ffn.w3,9491,9491,2,0,963,691,:690:691:963,----:fsdp:forward:wait_weights:layers.12.ffn.w3
85359158,85541510,182352,0,182352,:fsdp:forward:all_gather:layers.12.ffn.w2,9491,9491,2,0,964,691,:690:691:964,----:fsdp:forward:all_gather:layers.12.ffn.w2
85553093,85618296,65203,0,65203,:fsdp:forward:compute:layers.12.ffn.w3,9491,9491,2,0,965,691,:690:691:965,----:fsdp:forward:compute:layers.12.ffn.w3
85576405,85632093,55688,0,55688,:fsdp:forward:wait_weights:layers.15.attn.q_proj,9492,9492,2,0,330,10,:9:10:330,----:fsdp:forward:wait_weights:layers.15.attn.q_proj
85676959,85863792,186833,0,186833,:fsdp:forward:all_gather:layers.15.attn.k_proj,9492,9492,2,0,331,10,:9:10:331,----:fsdp:forward:all_gather:layers.15.attn.k_proj
85695474,85747660,52186,0,52186,:fsdp:forward:wait_weights:layers.12.ffn.w2,9491,9491,2,0,966,691,:690:691:966,----:fsdp:forward:wait_weights:layers.12.ffn.w2
85789841,85965969,176128,0,176128,:fsdp:forward:all_gather:layers.13.attn.q_proj,9491,9491,2,0,967,691,:690:691:967,----:fsdp:forward:all_gather:layers.13.attn.q_proj
85875552,85934159,58607,0,58607,:fsdp:forward:compute:layers.15.attn.q_proj,9492,9492,2,0,332,10,:9:10:332,----:fsdp:forward:compute:layers.15.attn.q_proj
85978352,86038086,59734,0,59734,:fsdp:forward:compute:layers.12.ffn.w2,9491,9491,2,0,968,691,:690:691:968,----:fsdp:forward:compute:layers.12.ffn.w2
85986763,86037576,50813,0,50813,:fsdp:forward:wait_weights:layers.15.attn.k_proj,9492,9492,2,0,333,10,:9:10:333,----:fsdp:forward:wait_weights:layers.15.attn.k_proj
86077928,86246140,168212,0,168212,:fsdp:forward:all_gather:layers.15.attn.v_proj,9492,9492,2,0,334,10,:9:10:334,----:fsdp:forward:all_gather:layers.15.attn.v_proj
86256262,86306612,50350,0,50350,:fsdp:forward:compute:layers.15.attn.k_proj,9492,9492,2,0,335,10,:9:10:335,----:fsdp:forward:compute:layers.15.attn.k_proj
86293576,86349957,56381,0,56381,:fsdp:forward:wait_weights:layers.13.attn.q_proj,9491,9491,2,0,969,691,:690:691:969,----:fsdp:forward:wait_weights:layers.13.attn.q_proj
86355237,86404911,49674,0,49674,:fsdp:forward:wait_weights:layers.15.attn.v_proj,9492,9492,2,0,336,10,:9:10:336,----:fsdp:forward:wait_weights:layers.15.attn.v_proj
86395946,86606084,210138,0,210138,:fsdp:forward:all_gather:layers.13.attn.k_proj,9491,9491,2,0,970,691,:690:691:970,----:fsdp:forward:all_gather:layers.13.attn.k_proj
86441141,86603784,162643,0,162643,:fsdp:forward:all_gather:layers.15.attn.output_proj,9492,9492,2,0,337,10,:9:10:337,----:fsdp:forward:all_gather:layers.15.attn.output_proj
86613901,86662277,48376,0,48376,:fsdp:forward:compute:layers.15.attn.v_proj,9492,9492,2,0,338,10,:9:10:338,----:fsdp:forward:compute:layers.15.attn.v_proj
86619532,86683116,63584,0,63584,:fsdp:forward:compute:layers.13.attn.q_proj,9491,9491,2,0,971,691,:690:691:971,----:fsdp:forward:compute:layers.13.attn.q_proj
86742103,86796051,53948,0,53948,:fsdp:forward:wait_weights:layers.13.attn.k_proj,9491,9491,2,0,972,691,:690:691:972,----:fsdp:forward:wait_weights:layers.13.attn.k_proj
86838423,87028464,190041,0,190041,:fsdp:forward:all_gather:layers.13.attn.v_proj,9491,9491,2,0,973,691,:690:691:973,----:fsdp:forward:all_gather:layers.13.attn.v_proj
87040549,87094888,54339,0,54339,:fsdp:forward:compute:layers.13.attn.k_proj,9491,9491,2,0,974,691,:690:691:974,----:fsdp:forward:compute:layers.13.attn.k_proj
87145502,87198328,52826,0,52826,:fsdp:forward:wait_weights:layers.13.attn.v_proj,9491,9491,2,0,975,691,:690:691:975,----:fsdp:forward:wait_weights:layers.13.attn.v_proj
87235819,87402328,166509,0,166509,:fsdp:forward:all_gather:layers.13.attn.output_proj,9491,9491,2,0,976,691,:690:691:976,----:fsdp:forward:all_gather:layers.13.attn.output_proj
87413116,87462485,49369,0,49369,:fsdp:forward:compute:layers.13.attn.v_proj,9491,9491,2,0,977,691,:690:691:977,----:fsdp:forward:compute:layers.13.attn.v_proj
87745842,87814747,68905,0,68905,:fsdp:forward:wait_weights:layers.15.attn.output_proj,9492,9492,2,0,339,10,:9:10:339,----:fsdp:forward:wait_weights:layers.15.attn.output_proj
87870492,88116233,245741,0,245741,:fsdp:forward:all_gather:layers.15.ffn.w1,9492,9492,2,0,340,10,:9:10:340,----:fsdp:forward:all_gather:layers.15.ffn.w1
88133074,88197352,64278,0,64278,:fsdp:forward:compute:layers.15.attn.output_proj,9492,9492,2,0,341,10,:9:10:341,----:fsdp:forward:compute:layers.15.attn.output_proj
88465706,88525096,59390,0,59390,:fsdp:forward:wait_weights:layers.15.ffn.w1,9492,9492,2,0,342,10,:9:10:342,----:fsdp:forward:wait_weights:layers.15.ffn.w1
88542091,88613560,71469,0,71469,:fsdp:forward:wait_weights:layers.13.attn.output_proj,9491,9491,2,0,978,691,:690:691:978,----:fsdp:forward:wait_weights:layers.13.attn.output_proj
88570554,88771684,201130,0,201130,:fsdp:forward:all_gather:layers.15.ffn.w3,9492,9492,2,0,343,10,:9:10:343,----:fsdp:forward:all_gather:layers.15.ffn.w3
88669332,88903403,234071,0,234071,:fsdp:forward:all_gather:layers.13.ffn.w1,9491,9491,2,0,979,691,:690:691:979,----:fsdp:forward:all_gather:layers.13.ffn.w1
88785228,88858109,72881,0,72881,:fsdp:forward:compute:layers.15.ffn.w1,9492,9492,2,0,344,10,:9:10:344,----:fsdp:forward:compute:layers.15.ffn.w1
88917970,88982153,64183,0,64183,:fsdp:forward:compute:layers.13.attn.output_proj,9491,9491,2,0,980,691,:690:691:980,----:fsdp:forward:compute:layers.13.attn.output_proj
89252007,89312399,60392,0,60392,:fsdp:forward:wait_weights:layers.13.ffn.w1,9491,9491,2,0,981,691,:690:691:981,----:fsdp:forward:wait_weights:layers.13.ffn.w1
89357063,89555703,198640,0,198640,:fsdp:forward:all_gather:layers.13.ffn.w3,9491,9491,2,0,982,691,:690:691:982,----:fsdp:forward:all_gather:layers.13.ffn.w3
89435866,89723140,287274,0,287274,:fsdp:forward:wait_weights:layers.15.ffn.w3,9492,9492,2,0,345,10,:9:10:345,----:fsdp:forward:wait_weights:layers.15.ffn.w3
89568489,89641175,72686,0,72686,:fsdp:forward:compute:layers.13.ffn.w1,9491,9491,2,0,983,691,:690:691:983,----:fsdp:forward:compute:layers.13.ffn.w1
89749769,89803922,54153,0,54153,:fsdp:forward:wait_weights:layers.13.ffn.w3,9491,9491,2,0,984,691,:690:691:984,----:fsdp:forward:wait_weights:layers.13.ffn.w3
89784537,90022487,237950,0,237950,:fsdp:forward:all_gather:layers.15.ffn.w2,9492,9492,2,0,346,10,:9:10:346,----:fsdp:forward:all_gather:layers.15.ffn.w2
89845790,90024433,178643,0,178643,:fsdp:forward:all_gather:layers.13.ffn.w2,9491,9491,2,0,985,691,:690:691:985,----:fsdp:forward:all_gather:layers.13.ffn.w2
90036894,90099926,63032,0,63032,:fsdp:forward:compute:layers.13.ffn.w3,9491,9491,2,0,986,691,:690:691:986,----:fsdp:forward:compute:layers.13.ffn.w3
90037385,90389061,351676,0,351676,:fsdp:forward:compute:layers.15.ffn.w3,9492,9492,2,0,347,10,:9:10:347,----:fsdp:forward:compute:layers.15.ffn.w3
90178668,90231145,52477,0,52477,:fsdp:forward:wait_weights:layers.13.ffn.w2,9491,9491,2,0,987,691,:690:691:987,----:fsdp:forward:wait_weights:layers.13.ffn.w2
90272273,90464220,191947,0,191947,:fsdp:forward:all_gather:layers.14.attn.q_proj,9491,9491,2,0,988,691,:690:691:988,----:fsdp:forward:all_gather:layers.14.attn.q_proj
90475925,90535621,59696,0,59696,:fsdp:forward:compute:layers.13.ffn.w2,9491,9491,2,0,989,691,:690:691:989,----:fsdp:forward:compute:layers.13.ffn.w2
90503223,90795374,292151,0,292151,:fsdp:forward:wait_weights:layers.15.ffn.w2,9492,9492,2,0,348,10,:9:10:348,----:fsdp:forward:wait_weights:layers.15.ffn.w2
90807698,90865368,57670,0,57670,:fsdp:forward:wait_weights:layers.14.attn.q_proj,9491,9491,2,0,990,691,:690:691:990,----:fsdp:forward:wait_weights:layers.14.attn.q_proj
90858801,91106167,247366,0,247366,:fsdp:forward:all_gather:layers.16.attn.q_proj,9492,9492,2,0,349,10,:9:10:349,----:fsdp:forward:all_gather:layers.16.attn.q_proj
90911675,91110836,199161,0,199161,:fsdp:forward:all_gather:layers.14.attn.k_proj,9491,9491,2,0,991,691,:690:691:991,----:fsdp:forward:all_gather:layers.14.attn.k_proj
91122124,91211195,89071,0,89071,:fsdp:forward:compute:layers.15.ffn.w2,9492,9492,2,0,350,10,:9:10:350,----:fsdp:forward:compute:layers.15.ffn.w2
91123823,91185682,61859,0,61859,:fsdp:forward:compute:layers.14.attn.q_proj,9491,9491,2,0,992,691,:690:691:992,----:fsdp:forward:compute:layers.14.attn.q_proj
91241729,91295184,53455,0,53455,:fsdp:forward:wait_weights:layers.14.attn.k_proj,9491,9491,2,0,993,691,:690:691:993,----:fsdp:forward:wait_weights:layers.14.attn.k_proj
91335955,91512014,176059,0,176059,:fsdp:forward:all_gather:layers.14.attn.v_proj,9491,9491,2,0,994,691,:690:691:994,----:fsdp:forward:all_gather:layers.14.attn.v_proj
91508647,91571988,63341,0,63341,:fsdp:forward:wait_weights:layers.16.attn.q_proj,9492,9492,2,0,351,10,:9:10:351,----:fsdp:forward:wait_weights:layers.16.attn.q_proj
91523336,91577307,53971,0,53971,:fsdp:forward:compute:layers.14.attn.k_proj,9491,9491,2,0,995,691,:690:691:995,----:fsdp:forward:compute:layers.14.attn.k_proj
91619387,91825951,206564,0,206564,:fsdp:forward:all_gather:layers.16.attn.k_proj,9492,9492,2,0,352,10,:9:10:352,----:fsdp:forward:all_gather:layers.16.attn.k_proj
91627505,91677652,50147,0,50147,:fsdp:forward:wait_weights:layers.14.attn.v_proj,9491,9491,2,0,996,691,:690:691:996,----:fsdp:forward:wait_weights:layers.14.attn.v_proj
91715926,92029288,313362,0,313362,:fsdp:forward:all_gather:layers.14.attn.output_proj,9491,9491,2,0,997,691,:690:691:997,----:fsdp:forward:all_gather:layers.14.attn.output_proj
91838580,91905049,66469,0,66469,:fsdp:forward:compute:layers.16.attn.q_proj,9492,9492,2,0,353,10,:9:10:353,----:fsdp:forward:compute:layers.16.attn.q_proj
91964469,92020837,56368,0,56368,:fsdp:forward:wait_weights:layers.16.attn.k_proj,9492,9492,2,0,354,10,:9:10:354,----:fsdp:forward:wait_weights:layers.16.attn.k_proj
92043465,92100296,56831,0,56831,:fsdp:forward:compute:layers.14.attn.v_proj,9491,9491,2,0,998,691,:690:691:998,----:fsdp:forward:compute:layers.14.attn.v_proj
92062060,92236089,174029,0,174029,:fsdp:forward:all_gather:layers.16.attn.v_proj,9492,9492,2,0,355,10,:9:10:355,----:fsdp:forward:all_gather:layers.16.attn.v_proj
92249394,92303690,54296,0,54296,:fsdp:forward:compute:layers.16.attn.k_proj,9492,9492,2,0,356,10,:9:10:356,----:fsdp:forward:compute:layers.16.attn.k_proj
92356531,92407545,51014,0,51014,:fsdp:forward:wait_weights:layers.16.attn.v_proj,9492,9492,2,0,357,10,:9:10:357,----:fsdp:forward:wait_weights:layers.16.attn.v_proj
92446613,92607018,160405,0,160405,:fsdp:forward:all_gather:layers.16.attn.output_proj,9492,9492,2,0,358,10,:9:10:358,----:fsdp:forward:all_gather:layers.16.attn.output_proj
92617870,92666281,48411,0,48411,:fsdp:forward:compute:layers.16.attn.v_proj,9492,9492,2,0,359,10,:9:10:359,----:fsdp:forward:compute:layers.16.attn.v_proj
93197565,93269351,71786,0,71786,:fsdp:forward:wait_weights:layers.14.attn.output_proj,9491,9491,2,0,999,691,:690:691:999,----:fsdp:forward:wait_weights:layers.14.attn.output_proj
93325526,93561971,236445,0,236445,:fsdp:forward:all_gather:layers.14.ffn.w1,9491,9491,2,0,1000,691,:690:691:1000,----:fsdp:forward:all_gather:layers.14.ffn.w1
93577238,93640251,63013,0,63013,:fsdp:forward:compute:layers.14.attn.output_proj,9491,9491,2,0,1001,691,:690:691:1001,----:fsdp:forward:compute:layers.14.attn.output_proj
93910169,93969555,59386,0,59386,:fsdp:forward:wait_weights:layers.14.ffn.w1,9491,9491,2,0,1002,691,:690:691:1002,----:fsdp:forward:wait_weights:layers.14.ffn.w1
94015963,94215424,199461,0,199461,:fsdp:forward:all_gather:layers.14.ffn.w3,9491,9491,2,0,1003,691,:690:691:1003,----:fsdp:forward:all_gather:layers.14.ffn.w3
94227765,94299477,71712,0,71712,:fsdp:forward:compute:layers.14.ffn.w1,9491,9491,2,0,1004,691,:690:691:1004,----:fsdp:forward:compute:layers.14.ffn.w1
94407369,94461652,54283,0,54283,:fsdp:forward:wait_weights:layers.14.ffn.w3,9491,9491,2,0,1005,691,:690:691:1005,----:fsdp:forward:wait_weights:layers.14.ffn.w3
94502528,94696702,194174,0,194174,:fsdp:forward:all_gather:layers.14.ffn.w2,9491,9491,2,0,1006,691,:690:691:1006,----:fsdp:forward:all_gather:layers.14.ffn.w2
94706810,94789800,82990,0,82990,:fsdp:forward:wait_weights:layers.16.attn.output_proj,9492,9492,2,0,360,10,:9:10:360,----:fsdp:forward:wait_weights:layers.16.attn.output_proj
94709596,94781550,71954,0,71954,:fsdp:forward:compute:layers.14.ffn.w3,9491,9491,2,0,1007,691,:690:691:1007,----:fsdp:forward:compute:layers.14.ffn.w3
94850480,95101964,251484,0,251484,:fsdp:forward:all_gather:layers.16.ffn.w1,9492,9492,2,0,361,10,:9:10:361,----:fsdp:forward:all_gather:layers.16.ffn.w1
94861549,94914693,53144,0,53144,:fsdp:forward:wait_weights:layers.14.ffn.w2,9491,9491,2,0,1008,691,:690:691:1008,----:fsdp:forward:wait_weights:layers.14.ffn.w2
94958926,95134653,175727,0,175727,:fsdp:forward:all_gather:layers.15.attn.q_proj,9491,9491,2,0,1009,691,:690:691:1009,----:fsdp:forward:all_gather:layers.15.attn.q_proj
95117996,95187775,69779,0,69779,:fsdp:forward:compute:layers.16.attn.output_proj,9492,9492,2,0,362,10,:9:10:362,----:fsdp:forward:compute:layers.16.attn.output_proj
95146560,95206272,59712,0,59712,:fsdp:forward:compute:layers.14.ffn.w2,9491,9491,2,0,1010,691,:690:691:1010,----:fsdp:forward:compute:layers.14.ffn.w2
95462232,95515920,53688,0,53688,:fsdp:forward:wait_weights:layers.15.attn.q_proj,9491,9491,2,0,1011,691,:690:691:1011,----:fsdp:forward:wait_weights:layers.15.attn.q_proj
95470484,95531799,61315,0,61315,:fsdp:forward:wait_weights:layers.16.ffn.w1,9492,9492,2,0,363,10,:9:10:363,----:fsdp:forward:wait_weights:layers.16.ffn.w1
95559462,95741302,181840,0,181840,:fsdp:forward:all_gather:layers.15.attn.k_proj,9491,9491,2,0,1012,691,:690:691:1012,----:fsdp:forward:all_gather:layers.15.attn.k_proj
95577601,95791586,213985,0,213985,:fsdp:forward:all_gather:layers.16.ffn.w3,9492,9492,2,0,364,10,:9:10:364,----:fsdp:forward:all_gather:layers.16.ffn.w3
95752907,95807256,54349,0,54349,:fsdp:forward:compute:layers.15.attn.q_proj,9491,9491,2,0,1013,691,:690:691:1013,----:fsdp:forward:compute:layers.15.attn.q_proj
95805218,95882328,77110,0,77110,:fsdp:forward:compute:layers.16.ffn.w1,9492,9492,2,0,365,10,:9:10:365,----:fsdp:forward:compute:layers.16.ffn.w1
95858559,95910435,51876,0,51876,:fsdp:forward:wait_weights:layers.15.attn.k_proj,9491,9491,2,0,1014,691,:690:691:1014,----:fsdp:forward:wait_weights:layers.15.attn.k_proj
95950137,96119769,169632,0,169632,:fsdp:forward:all_gather:layers.15.attn.v_proj,9491,9491,2,0,1015,691,:690:691:1015,----:fsdp:forward:all_gather:layers.15.attn.v_proj
95995859,96374572,378713,0,378713,:fsdp:forward:wait_weights:layers.16.ffn.w3,9492,9492,2,0,366,10,:9:10:366,----:fsdp:forward:wait_weights:layers.16.ffn.w3
96130857,96180550,49693,0,49693,:fsdp:forward:compute:layers.15.attn.k_proj,9491,9491,2,0,1016,691,:690:691:1016,----:fsdp:forward:compute:layers.15.attn.k_proj
96229386,96278929,49543,0,49543,:fsdp:forward:wait_weights:layers.15.attn.v_proj,9491,9491,2,0,1017,691,:690:691:1017,----:fsdp:forward:wait_weights:layers.15.attn.v_proj
96315631,96479298,163667,0,163667,:fsdp:forward:all_gather:layers.15.attn.output_proj,9491,9491,2,0,1018,691,:690:691:1018,----:fsdp:forward:all_gather:layers.15.attn.output_proj
96434857,96675975,241118,0,241118,:fsdp:forward:all_gather:layers.16.ffn.w2,9492,9492,2,0,367,10,:9:10:367,----:fsdp:forward:all_gather:layers.16.ffn.w2
96491001,96540105,49104,0,49104,:fsdp:forward:compute:layers.15.attn.v_proj,9491,9491,2,0,1019,691,:690:691:1019,----:fsdp:forward:compute:layers.15.attn.v_proj
96691573,97023154,331581,0,331581,:fsdp:forward:compute:layers.16.ffn.w3,9492,9492,2,0,368,10,:9:10:368,----:fsdp:forward:compute:layers.16.ffn.w3
97137130,97419852,282722,0,282722,:fsdp:forward:wait_weights:layers.16.ffn.w2,9492,9492,2,0,369,10,:9:10:369,----:fsdp:forward:wait_weights:layers.16.ffn.w2
97480071,97715997,235926,0,235926,:fsdp:forward:all_gather:layers.17.attn.q_proj,9492,9492,2,0,370,10,:9:10:370,----:fsdp:forward:all_gather:layers.17.attn.q_proj
97633208,97704129,70921,0,70921,:fsdp:forward:wait_weights:layers.15.attn.output_proj,9491,9491,2,0,1020,691,:690:691:1020,----:fsdp:forward:wait_weights:layers.15.attn.output_proj
97731001,97819423,88422,0,88422,:fsdp:forward:compute:layers.16.ffn.w2,9492,9492,2,0,371,10,:9:10:371,----:fsdp:forward:compute:layers.16.ffn.w2
97759117,97990363,231246,0,231246,:fsdp:forward:all_gather:layers.15.ffn.w1,9491,9491,2,0,1021,691,:690:691:1021,----:fsdp:forward:all_gather:layers.15.ffn.w1
98004156,98065704,61548,0,61548,:fsdp:forward:compute:layers.15.attn.output_proj,9491,9491,2,0,1022,691,:690:691:1022,----:fsdp:forward:compute:layers.15.attn.output_proj
98104365,98166103,61738,0,61738,:fsdp:forward:wait_weights:layers.17.attn.q_proj,9492,9492,2,0,372,10,:9:10:372,----:fsdp:forward:wait_weights:layers.17.attn.q_proj
98214606,98428743,214137,0,214137,:fsdp:forward:all_gather:layers.17.attn.k_proj,9492,9492,2,0,373,10,:9:10:373,----:fsdp:forward:all_gather:layers.17.attn.k_proj
98331772,98390415,58643,0,58643,:fsdp:forward:wait_weights:layers.15.ffn.w1,9491,9491,2,0,1023,691,:690:691:1023,----:fsdp:forward:wait_weights:layers.15.ffn.w1
98437130,98640611,203481,0,203481,:fsdp:forward:all_gather:layers.15.ffn.w3,9491,9491,2,0,1024,691,:690:691:1024,----:fsdp:forward:all_gather:layers.15.ffn.w3
98441656,98509961,68305,0,68305,:fsdp:forward:compute:layers.17.attn.q_proj,9492,9492,2,0,374,10,:9:10:374,----:fsdp:forward:compute:layers.17.attn.q_proj
98578969,98636971,58002,0,58002,:fsdp:forward:wait_weights:layers.17.attn.k_proj,9492,9492,2,0,375,10,:9:10:375,----:fsdp:forward:wait_weights:layers.17.attn.k_proj
98652405,98723722,71317,0,71317,:fsdp:forward:compute:layers.15.ffn.w1,9491,9491,2,0,1025,691,:690:691:1025,----:fsdp:forward:compute:layers.15.ffn.w1
98681213,98862597,181384,0,181384,:fsdp:forward:all_gather:layers.17.attn.v_proj,9492,9492,2,0,376,10,:9:10:376,----:fsdp:forward:all_gather:layers.17.attn.v_proj
98873737,98930203,56466,0,56466,:fsdp:forward:compute:layers.17.attn.k_proj,9492,9492,2,0,377,10,:9:10:377,----:fsdp:forward:compute:layers.17.attn.k_proj
98983986,99035647,51661,0,51661,:fsdp:forward:wait_weights:layers.17.attn.v_proj,9492,9492,2,0,378,10,:9:10:378,----:fsdp:forward:wait_weights:layers.17.attn.v_proj
99074930,99240258,165328,0,165328,:fsdp:forward:all_gather:layers.17.attn.output_proj,9492,9492,2,0,379,10,:9:10:379,----:fsdp:forward:all_gather:layers.17.attn.output_proj
99227712,99532278,304566,0,304566,:fsdp:forward:wait_weights:layers.15.ffn.w3,9491,9491,2,0,1026,691,:690:691:1026,----:fsdp:forward:wait_weights:layers.15.ffn.w3
99250554,99300768,50214,0,50214,:fsdp:forward:compute:layers.17.attn.v_proj,9492,9492,2,0,380,10,:9:10:380,----:fsdp:forward:compute:layers.17.attn.v_proj
99597381,99843492,246111,0,246111,:fsdp:forward:all_gather:layers.15.ffn.w2,9491,9491,2,0,1027,691,:690:691:1027,----:fsdp:forward:all_gather:layers.15.ffn.w2
99859604,100338137,478533,0,478533,:fsdp:forward:compute:layers.15.ffn.w3,9491,9491,2,0,1028,691,:690:691:1028,----:fsdp:forward:compute:layers.15.ffn.w3
100460439,100740801,280362,0,280362,:fsdp:forward:wait_weights:layers.15.ffn.w2,9491,9491,2,0,1029,691,:690:691:1029,----:fsdp:forward:wait_weights:layers.15.ffn.w2
100803100,101041361,238261,0,238261,:fsdp:forward:all_gather:layers.16.attn.q_proj,9491,9491,2,0,1030,691,:690:691:1030,----:fsdp:forward:all_gather:layers.16.attn.q_proj
101056129,101144296,88167,0,88167,:fsdp:forward:compute:layers.15.ffn.w2,9491,9491,2,0,1031,691,:690:691:1031,----:fsdp:forward:compute:layers.15.ffn.w2
101328810,101406796,77986,0,77986,:fsdp:forward:wait_weights:layers.17.attn.output_proj,9492,9492,2,0,381,10,:9:10:381,----:fsdp:forward:wait_weights:layers.17.attn.output_proj
101439958,101503768,63810,0,63810,:fsdp:forward:wait_weights:layers.16.attn.q_proj,9491,9491,2,0,1032,691,:690:691:1032,----:fsdp:forward:wait_weights:layers.16.attn.q_proj
101470328,101714564,244236,0,244236,:fsdp:forward:all_gather:layers.17.ffn.w1,9492,9492,2,0,382,10,:9:10:382,----:fsdp:forward:all_gather:layers.17.ffn.w1
101551568,101767853,216285,0,216285,:fsdp:forward:all_gather:layers.16.attn.k_proj,9491,9491,2,0,1033,691,:690:691:1033,----:fsdp:forward:all_gather:layers.16.attn.k_proj
101731703,101801188,69485,0,69485,:fsdp:forward:compute:layers.17.attn.output_proj,9492,9492,2,0,383,10,:9:10:383,----:fsdp:forward:compute:layers.17.attn.output_proj
101780565,101848373,67808,0,67808,:fsdp:forward:compute:layers.16.attn.q_proj,9491,9491,2,0,1034,691,:690:691:1034,----:fsdp:forward:compute:layers.16.attn.q_proj
101906108,101961371,55263,0,55263,:fsdp:forward:wait_weights:layers.16.attn.k_proj,9491,9491,2,0,1035,691,:690:691:1035,----:fsdp:forward:wait_weights:layers.16.attn.k_proj
102003486,102185099,181613,0,181613,:fsdp:forward:all_gather:layers.16.attn.v_proj,9491,9491,2,0,1036,691,:690:691:1036,----:fsdp:forward:all_gather:layers.16.attn.v_proj
102083142,102144598,61456,0,61456,:fsdp:forward:wait_weights:layers.17.ffn.w1,9492,9492,2,0,384,10,:9:10:384,----:fsdp:forward:wait_weights:layers.17.ffn.w1
102189890,102388850,198960,0,198960,:fsdp:forward:all_gather:layers.17.ffn.w3,9492,9492,2,0,385,10,:9:10:385,----:fsdp:forward:all_gather:layers.17.ffn.w3
102197551,102252141,54590,0,54590,:fsdp:forward:compute:layers.16.attn.k_proj,9491,9491,2,0,1037,691,:690:691:1037,----:fsdp:forward:compute:layers.16.attn.k_proj
102304173,102356270,52097,0,52097,:fsdp:forward:wait_weights:layers.16.attn.v_proj,9491,9491,2,0,1038,691,:690:691:1038,----:fsdp:forward:wait_weights:layers.16.attn.v_proj
102395020,102567965,172945,0,172945,:fsdp:forward:all_gather:layers.16.attn.output_proj,9491,9491,2,0,1039,691,:690:691:1039,----:fsdp:forward:all_gather:layers.16.attn.output_proj
102402513,102477899,75386,0,75386,:fsdp:forward:compute:layers.17.ffn.w1,9492,9492,2,0,386,10,:9:10:386,----:fsdp:forward:compute:layers.17.ffn.w1
102579450,102630241,50791,0,50791,:fsdp:forward:compute:layers.16.attn.v_proj,9491,9491,2,0,1040,691,:690:691:1040,----:fsdp:forward:compute:layers.16.attn.v_proj
102602226,102958907,356681,0,356681,:fsdp:forward:wait_weights:layers.17.ffn.w3,9492,9492,2,0,387,10,:9:10:387,----:fsdp:forward:wait_weights:layers.17.ffn.w3
103015773,103211558,195785,0,195785,:fsdp:forward:all_gather:layers.17.ffn.w2,9492,9492,2,0,388,10,:9:10:388,----:fsdp:forward:all_gather:layers.17.ffn.w2
103220783,103567997,347214,0,347214,:fsdp:forward:compute:layers.17.ffn.w3,9492,9492,2,0,389,10,:9:10:389,----:fsdp:forward:compute:layers.17.ffn.w3
103657583,103960224,302641,0,302641,:fsdp:forward:wait_weights:layers.17.ffn.w2,9492,9492,2,0,390,10,:9:10:390,----:fsdp:forward:wait_weights:layers.17.ffn.w2
104004999,104195343,190344,0,190344,:fsdp:forward:all_gather:layers.18.attn.q_proj,9492,9492,2,0,391,10,:9:10:391,----:fsdp:forward:all_gather:layers.18.attn.q_proj
104205769,104270906,65137,0,65137,:fsdp:forward:compute:layers.17.ffn.w2,9492,9492,2,0,392,10,:9:10:392,----:fsdp:forward:compute:layers.17.ffn.w2
104475779,104518829,43050,0,43050,:fsdp:forward:wait_weights:layers.18.attn.q_proj,9492,9492,2,0,393,10,:9:10:393,----:fsdp:forward:wait_weights:layers.18.attn.q_proj
104551145,104694612,143467,0,143467,:fsdp:forward:all_gather:layers.18.attn.k_proj,9492,9492,2,0,394,10,:9:10:394,----:fsdp:forward:all_gather:layers.18.attn.k_proj
104702888,104750454,47566,0,47566,:fsdp:forward:compute:layers.18.attn.q_proj,9492,9492,2,0,395,10,:9:10:395,----:fsdp:forward:compute:layers.18.attn.q_proj
104776401,104857993,81592,0,81592,:fsdp:forward:wait_weights:layers.16.attn.output_proj,9491,9491,2,0,1041,691,:690:691:1041,----:fsdp:forward:wait_weights:layers.16.attn.output_proj
104791495,104829187,37692,0,37692,:fsdp:forward:wait_weights:layers.18.attn.k_proj,9492,9492,2,0,396,10,:9:10:396,----:fsdp:forward:wait_weights:layers.18.attn.k_proj
104857373,104984325,126952,0,126952,:fsdp:forward:all_gather:layers.18.attn.v_proj,9492,9492,2,0,397,10,:9:10:397,----:fsdp:forward:all_gather:layers.18.attn.v_proj
104919002,105175139,256137,0,256137,:fsdp:forward:all_gather:layers.16.ffn.w1,9491,9491,2,0,1042,691,:690:691:1042,----:fsdp:forward:all_gather:layers.16.ffn.w1
104991650,105030880,39230,0,39230,:fsdp:forward:compute:layers.18.attn.k_proj,9492,9492,2,0,398,10,:9:10:398,----:fsdp:forward:compute:layers.18.attn.k_proj
105069410,105105800,36390,0,36390,:fsdp:forward:wait_weights:layers.18.attn.v_proj,9492,9492,2,0,399,10,:9:10:399,----:fsdp:forward:wait_weights:layers.18.attn.v_proj
105133109,105258832,125723,0,125723,:fsdp:forward:all_gather:layers.18.attn.output_proj,9492,9492,2,0,400,10,:9:10:400,----:fsdp:forward:all_gather:layers.18.attn.output_proj
105191341,105261241,69900,0,69900,:fsdp:forward:compute:layers.16.attn.output_proj,9491,9491,2,0,1043,691,:690:691:1043,----:fsdp:forward:compute:layers.16.attn.output_proj
105266924,105303978,37054,0,37054,:fsdp:forward:compute:layers.18.attn.v_proj,9492,9492,2,0,401,10,:9:10:401,----:fsdp:forward:compute:layers.18.attn.v_proj
105536836,105598509,61673,0,61673,:fsdp:forward:wait_weights:layers.16.ffn.w1,9491,9491,2,0,1044,691,:690:691:1044,----:fsdp:forward:wait_weights:layers.16.ffn.w1
105644558,105873465,228907,0,228907,:fsdp:forward:all_gather:layers.16.ffn.w3,9491,9491,2,0,1045,691,:690:691:1045,----:fsdp:forward:all_gather:layers.16.ffn.w3
105887647,105966250,78603,0,78603,:fsdp:forward:compute:layers.16.ffn.w1,9491,9491,2,0,1046,691,:690:691:1046,----:fsdp:forward:compute:layers.16.ffn.w1
106076065,106461159,385094,0,385094,:fsdp:forward:wait_weights:layers.16.ffn.w3,9491,9491,2,0,1047,691,:690:691:1047,----:fsdp:forward:wait_weights:layers.16.ffn.w3
106522582,106770474,247892,0,247892,:fsdp:forward:all_gather:layers.16.ffn.w2,9491,9491,2,0,1048,691,:690:691:1048,----:fsdp:forward:all_gather:layers.16.ffn.w2
106784983,107142463,357480,0,357480,:fsdp:forward:compute:layers.16.ffn.w3,9491,9491,2,0,1049,691,:690:691:1049,----:fsdp:forward:compute:layers.16.ffn.w3
106900281,106961388,61107,0,61107,:fsdp:forward:wait_weights:layers.18.attn.output_proj,9492,9492,2,0,402,10,:9:10:402,----:fsdp:forward:wait_weights:layers.18.attn.output_proj
107009086,107190035,180949,0,180949,:fsdp:forward:all_gather:layers.18.ffn.w1,9492,9492,2,0,403,10,:9:10:403,----:fsdp:forward:all_gather:layers.18.ffn.w1
107201104,107254975,53871,0,53871,:fsdp:forward:compute:layers.18.attn.output_proj,9492,9492,2,0,404,10,:9:10:404,----:fsdp:forward:compute:layers.18.attn.output_proj
107262635,107548579,285944,0,285944,:fsdp:forward:wait_weights:layers.16.ffn.w2,9491,9491,2,0,1050,691,:690:691:1050,----:fsdp:forward:wait_weights:layers.16.ffn.w2
107459603,107502601,42998,0,42998,:fsdp:forward:wait_weights:layers.18.ffn.w1,9492,9492,2,0,405,10,:9:10:405,----:fsdp:forward:wait_weights:layers.18.ffn.w1
107534258,107677755,143497,0,143497,:fsdp:forward:all_gather:layers.18.ffn.w3,9492,9492,2,0,406,10,:9:10:406,----:fsdp:forward:all_gather:layers.18.ffn.w3
107611061,107857371,246310,0,246310,:fsdp:forward:all_gather:layers.17.attn.q_proj,9491,9491,2,0,1051,691,:690:691:1051,----:fsdp:forward:all_gather:layers.17.attn.q_proj
107687100,107743670,56570,0,56570,:fsdp:forward:compute:layers.18.ffn.w1,9492,9492,2,0,407,10,:9:10:407,----:fsdp:forward:compute:layers.18.ffn.w1
107821622,108082912,261290,0,261290,:fsdp:forward:wait_weights:layers.18.ffn.w3,9492,9492,2,0,408,10,:9:10:408,----:fsdp:forward:wait_weights:layers.18.ffn.w3
107872899,107960928,88029,0,88029,:fsdp:forward:compute:layers.16.ffn.w2,9491,9491,2,0,1052,691,:690:691:1052,----:fsdp:forward:compute:layers.16.ffn.w2
108123921,108290303,166382,0,166382,:fsdp:forward:all_gather:layers.18.ffn.w2,9492,9492,2,0,409,10,:9:10:409,----:fsdp:forward:all_gather:layers.18.ffn.w2
108248274,108311886,63612,0,63612,:fsdp:forward:wait_weights:layers.17.attn.q_proj,9491,9491,2,0,1053,691,:690:691:1053,----:fsdp:forward:wait_weights:layers.17.attn.q_proj
108299727,108546424,246697,0,246697,:fsdp:forward:compute:layers.18.ffn.w3,9492,9492,2,0,410,10,:9:10:410,----:fsdp:forward:compute:layers.18.ffn.w3
108360316,108575742,215426,0,215426,:fsdp:forward:all_gather:layers.17.attn.k_proj,9491,9491,2,0,1054,691,:690:691:1054,----:fsdp:forward:all_gather:layers.17.attn.k_proj
108588392,108655455,67063,0,67063,:fsdp:forward:compute:layers.17.attn.q_proj,9491,9491,2,0,1055,691,:690:691:1055,----:fsdp:forward:compute:layers.17.attn.q_proj
108628237,108833956,205719,0,205719,:fsdp:forward:wait_weights:layers.18.ffn.w2,9492,9492,2,0,411,10,:9:10:411,----:fsdp:forward:wait_weights:layers.18.ffn.w2
108713299,108769735,56436,0,56436,:fsdp:forward:wait_weights:layers.17.attn.k_proj,9491,9491,2,0,1056,691,:690:691:1056,----:fsdp:forward:wait_weights:layers.17.attn.k_proj
108813877,108993496,179619,0,179619,:fsdp:forward:all_gather:layers.17.attn.v_proj,9491,9491,2,0,1057,691,:690:691:1057,----:fsdp:forward:all_gather:layers.17.attn.v_proj
108876414,109044547,168133,0,168133,:fsdp:forward:all_gather:layers.19.attn.q_proj,9492,9492,2,0,412,10,:9:10:412,----:fsdp:forward:all_gather:layers.19.attn.q_proj
109005239,109059380,54141,0,54141,:fsdp:forward:compute:layers.17.attn.k_proj,9491,9491,2,0,1058,691,:690:691:1058,----:fsdp:forward:compute:layers.17.attn.k_proj
109054408,109116145,61737,0,61737,:fsdp:forward:compute:layers.18.ffn.w2,9492,9492,2,0,413,10,:9:10:413,----:fsdp:forward:compute:layers.18.ffn.w2
109111767,109163902,52135,0,52135,:fsdp:forward:wait_weights:layers.17.attn.v_proj,9491,9491,2,0,1059,691,:690:691:1059,----:fsdp:forward:wait_weights:layers.17.attn.v_proj
109203145,109376946,173801,0,173801,:fsdp:forward:all_gather:layers.17.attn.output_proj,9491,9491,2,0,1060,691,:690:691:1060,----:fsdp:forward:all_gather:layers.17.attn.output_proj
109316649,109359610,42961,0,42961,:fsdp:forward:wait_weights:layers.19.attn.q_proj,9492,9492,2,0,414,10,:9:10:414,----:fsdp:forward:wait_weights:layers.19.attn.q_proj
109388756,109439090,50334,0,50334,:fsdp:forward:compute:layers.17.attn.v_proj,9491,9491,2,0,1061,691,:690:691:1061,----:fsdp:forward:compute:layers.17.attn.v_proj
109392535,109543604,151069,0,151069,:fsdp:forward:all_gather:layers.19.attn.k_proj,9492,9492,2,0,415,10,:9:10:415,----:fsdp:forward:all_gather:layers.19.attn.k_proj
109552038,109604546,52508,0,52508,:fsdp:forward:compute:layers.19.attn.q_proj,9492,9492,2,0,416,10,:9:10:416,----:fsdp:forward:compute:layers.19.attn.q_proj
109646979,109687606,40627,0,40627,:fsdp:forward:wait_weights:layers.19.attn.k_proj,9492,9492,2,0,417,10,:9:10:417,----:fsdp:forward:wait_weights:layers.19.attn.k_proj
109717213,109847122,129909,0,129909,:fsdp:forward:all_gather:layers.19.attn.v_proj,9492,9492,2,0,418,10,:9:10:418,----:fsdp:forward:all_gather:layers.19.attn.v_proj
109855349,109895956,40607,0,40607,:fsdp:forward:compute:layers.19.attn.k_proj,9492,9492,2,0,419,10,:9:10:419,----:fsdp:forward:compute:layers.19.attn.k_proj
109934179,109970127,35948,0,35948,:fsdp:forward:wait_weights:layers.19.attn.v_proj,9492,9492,2,0,420,10,:9:10:420,----:fsdp:forward:wait_weights:layers.19.attn.v_proj
109997648,110120509,122861,0,122861,:fsdp:forward:all_gather:layers.19.attn.output_proj,9492,9492,2,0,421,10,:9:10:421,----:fsdp:forward:all_gather:layers.19.attn.output_proj
110127482,110163883,36401,0,36401,:fsdp:forward:compute:layers.19.attn.v_proj,9492,9492,2,0,422,10,:9:10:422,----:fsdp:forward:compute:layers.19.attn.v_proj
111466875,111527996,61121,0,61121,:fsdp:forward:wait_weights:layers.17.attn.output_proj,9491,9491,2,0,1062,691,:690:691:1062,----:fsdp:forward:wait_weights:layers.17.attn.output_proj
111574883,111756843,181960,0,181960,:fsdp:forward:all_gather:layers.17.ffn.w1,9491,9491,2,0,1063,691,:690:691:1063,----:fsdp:forward:all_gather:layers.17.ffn.w1
111733888,111794217,60329,0,60329,:fsdp:forward:wait_weights:layers.19.attn.output_proj,9492,9492,2,0,423,10,:9:10:423,----:fsdp:forward:wait_weights:layers.19.attn.output_proj
111768552,111821082,52530,0,52530,:fsdp:forward:compute:layers.17.attn.output_proj,9491,9491,2,0,1064,691,:690:691:1064,----:fsdp:forward:compute:layers.17.attn.output_proj
111841812,112020560,178748,0,178748,:fsdp:forward:all_gather:layers.19.ffn.w1,9492,9492,2,0,424,10,:9:10:424,----:fsdp:forward:all_gather:layers.19.ffn.w1
112021097,112065020,43923,0,43923,:fsdp:forward:wait_weights:layers.17.ffn.w1,9491,9491,2,0,1065,691,:690:691:1065,----:fsdp:forward:wait_weights:layers.17.ffn.w1
112032016,112083127,51111,0,51111,:fsdp:forward:compute:layers.19.attn.output_proj,9492,9492,2,0,425,10,:9:10:425,----:fsdp:forward:compute:layers.19.attn.output_proj
112096765,112243774,147009,0,147009,:fsdp:forward:all_gather:layers.17.ffn.w3,9491,9491,2,0,1066,691,:690:691:1066,----:fsdp:forward:all_gather:layers.17.ffn.w3
112253099,112310931,57832,0,57832,:fsdp:forward:compute:layers.17.ffn.w1,9491,9491,2,0,1067,691,:690:691:1067,----:fsdp:forward:compute:layers.17.ffn.w1
112285745,112328708,42963,0,42963,:fsdp:forward:wait_weights:layers.19.ffn.w1,9492,9492,2,0,426,10,:9:10:426,----:fsdp:forward:wait_weights:layers.19.ffn.w1
112360562,112503048,142486,0,142486,:fsdp:forward:all_gather:layers.19.ffn.w3,9492,9492,2,0,427,10,:9:10:427,----:fsdp:forward:all_gather:layers.19.ffn.w3
112386698,112636727,250029,0,250029,:fsdp:forward:wait_weights:layers.17.ffn.w3,9491,9491,2,0,1068,691,:690:691:1068,----:fsdp:forward:wait_weights:layers.17.ffn.w3
112511707,112568660,56953,0,56953,:fsdp:forward:compute:layers.19.ffn.w1,9492,9492,2,0,428,10,:9:10:428,----:fsdp:forward:compute:layers.19.ffn.w1
112648733,112924888,276155,0,276155,:fsdp:forward:wait_weights:layers.19.ffn.w3,9492,9492,2,0,429,10,:9:10:429,----:fsdp:forward:wait_weights:layers.19.ffn.w3
112677324,112854563,177239,0,177239,:fsdp:forward:all_gather:layers.17.ffn.w2,9491,9491,2,0,1069,691,:690:691:1069,----:fsdp:forward:all_gather:layers.17.ffn.w2
112864557,113116920,252363,0,252363,:fsdp:forward:compute:layers.17.ffn.w3,9491,9491,2,0,1070,691,:690:691:1070,----:fsdp:forward:compute:layers.17.ffn.w3
112967737,113133368,165631,0,165631,:fsdp:forward:all_gather:layers.19.ffn.w2,9492,9492,2,0,430,10,:9:10:430,----:fsdp:forward:all_gather:layers.19.ffn.w2
113143304,113453522,310218,0,310218,:fsdp:forward:compute:layers.19.ffn.w3,9492,9492,2,0,431,10,:9:10:431,----:fsdp:forward:compute:layers.19.ffn.w3
113204877,113477169,272292,0,272292,:fsdp:forward:wait_weights:layers.17.ffn.w2,9491,9491,2,0,1071,691,:690:691:1071,----:fsdp:forward:wait_weights:layers.17.ffn.w2
113523338,113723969,200631,0,200631,:fsdp:forward:all_gather:layers.18.attn.q_proj,9491,9491,2,0,1072,691,:690:691:1072,----:fsdp:forward:all_gather:layers.18.attn.q_proj
113542087,113755076,212989,0,212989,:fsdp:forward:wait_weights:layers.19.ffn.w2,9492,9492,2,0,432,10,:9:10:432,----:fsdp:forward:wait_weights:layers.19.ffn.w2
113735299,113802436,67137,0,67137,:fsdp:forward:compute:layers.17.ffn.w2,9491,9491,2,0,1073,691,:690:691:1073,----:fsdp:forward:compute:layers.17.ffn.w2
113798883,113973139,174256,0,174256,:fsdp:forward:all_gather:layers.20.attn.q_proj,9492,9492,2,0,433,10,:9:10:433,----:fsdp:forward:all_gather:layers.20.attn.q_proj
113983884,114050115,66231,0,66231,:fsdp:forward:compute:layers.19.ffn.w2,9492,9492,2,0,434,10,:9:10:434,----:fsdp:forward:compute:layers.19.ffn.w2
114010647,114055675,45028,0,45028,:fsdp:forward:wait_weights:layers.18.attn.q_proj,9491,9491,2,0,1074,691,:690:691:1074,----:fsdp:forward:wait_weights:layers.18.attn.q_proj
114089684,114239833,150149,0,150149,:fsdp:forward:all_gather:layers.18.attn.k_proj,9491,9491,2,0,1075,691,:690:691:1075,----:fsdp:forward:all_gather:layers.18.attn.k_proj
114248432,114298948,50516,0,50516,:fsdp:forward:compute:layers.18.attn.q_proj,9491,9491,2,0,1076,691,:690:691:1076,----:fsdp:forward:compute:layers.18.attn.q_proj
114257037,114301291,44254,0,44254,:fsdp:forward:wait_weights:layers.20.attn.q_proj,9492,9492,2,0,435,10,:9:10:435,----:fsdp:forward:wait_weights:layers.20.attn.q_proj
114334912,114480317,145405,0,145405,:fsdp:forward:all_gather:layers.20.attn.k_proj,9492,9492,2,0,436,10,:9:10:436,----:fsdp:forward:all_gather:layers.20.attn.k_proj
114339582,114379997,40415,0,40415,:fsdp:forward:wait_weights:layers.18.attn.k_proj,9491,9491,2,0,1077,691,:690:691:1077,----:fsdp:forward:wait_weights:layers.18.attn.k_proj
114409722,114533176,123454,0,123454,:fsdp:forward:all_gather:layers.18.attn.v_proj,9491,9491,2,0,1078,691,:690:691:1078,----:fsdp:forward:all_gather:layers.18.attn.v_proj
114488906,114547536,58630,0,58630,:fsdp:forward:compute:layers.20.attn.q_proj,9492,9492,2,0,437,10,:9:10:437,----:fsdp:forward:compute:layers.20.attn.q_proj
114551596,114592463,40867,0,40867,:fsdp:forward:compute:layers.18.attn.k_proj,9491,9491,2,0,1079,691,:690:691:1079,----:fsdp:forward:compute:layers.18.attn.k_proj
114598158,114639450,41292,0,41292,:fsdp:forward:wait_weights:layers.20.attn.k_proj,9492,9492,2,0,438,10,:9:10:438,----:fsdp:forward:wait_weights:layers.20.attn.k_proj
114631632,114669435,37803,0,37803,:fsdp:forward:wait_weights:layers.18.attn.v_proj,9491,9491,2,0,1080,691,:690:691:1080,----:fsdp:forward:wait_weights:layers.18.attn.v_proj
114669550,114806771,137221,0,137221,:fsdp:forward:all_gather:layers.20.attn.v_proj,9492,9492,2,0,439,10,:9:10:439,----:fsdp:forward:all_gather:layers.20.attn.v_proj
114696153,114827918,131765,0,131765,:fsdp:forward:all_gather:layers.18.attn.output_proj,9491,9491,2,0,1081,691,:690:691:1081,----:fsdp:forward:all_gather:layers.18.attn.output_proj
114814190,114854968,40778,0,40778,:fsdp:forward:compute:layers.20.attn.k_proj,9492,9492,2,0,440,10,:9:10:440,----:fsdp:forward:compute:layers.20.attn.k_proj
114837008,114875490,38482,0,38482,:fsdp:forward:compute:layers.18.attn.v_proj,9491,9491,2,0,1082,691,:690:691:1082,----:fsdp:forward:compute:layers.18.attn.v_proj
114892010,114928476,36466,0,36466,:fsdp:forward:wait_weights:layers.20.attn.v_proj,9492,9492,2,0,441,10,:9:10:441,----:fsdp:forward:wait_weights:layers.20.attn.v_proj
114954509,115078184,123675,0,123675,:fsdp:forward:all_gather:layers.20.attn.output_proj,9492,9492,2,0,442,10,:9:10:442,----:fsdp:forward:all_gather:layers.20.attn.output_proj
115085644,115121877,36233,0,36233,:fsdp:forward:compute:layers.20.attn.v_proj,9492,9492,2,0,443,10,:9:10:443,----:fsdp:forward:compute:layers.20.attn.v_proj
116510544,116571198,60654,0,60654,:fsdp:forward:wait_weights:layers.18.attn.output_proj,9491,9491,2,0,1083,691,:690:691:1083,----:fsdp:forward:wait_weights:layers.18.attn.output_proj
116616312,116800346,184034,0,184034,:fsdp:forward:all_gather:layers.18.ffn.w1,9491,9491,2,0,1084,691,:690:691:1084,----:fsdp:forward:all_gather:layers.18.ffn.w1
116801658,116866408,64750,0,64750,:fsdp:forward:wait_weights:layers.20.attn.output_proj,9492,9492,2,0,444,10,:9:10:444,----:fsdp:forward:wait_weights:layers.20.attn.output_proj
116811013,116862867,51854,0,51854,:fsdp:forward:compute:layers.18.attn.output_proj,9491,9491,2,0,1085,691,:690:691:1085,----:fsdp:forward:compute:layers.18.attn.output_proj
116913038,117095626,182588,0,182588,:fsdp:forward:all_gather:layers.20.ffn.w1,9492,9492,2,0,445,10,:9:10:445,----:fsdp:forward:all_gather:layers.20.ffn.w1
117060959,117105584,44625,0,44625,:fsdp:forward:wait_weights:layers.18.ffn.w1,9491,9491,2,0,1086,691,:690:691:1086,----:fsdp:forward:wait_weights:layers.18.ffn.w1
117108112,117160528,52416,0,52416,:fsdp:forward:compute:layers.20.attn.output_proj,9492,9492,2,0,446,10,:9:10:446,----:fsdp:forward:compute:layers.20.attn.output_proj
117137533,117287767,150234,0,150234,:fsdp:forward:all_gather:layers.18.ffn.w3,9491,9491,2,0,1087,691,:690:691:1087,----:fsdp:forward:all_gather:layers.18.ffn.w3
117296230,117353804,57574,0,57574,:fsdp:forward:compute:layers.18.ffn.w1,9491,9491,2,0,1088,691,:690:691:1088,----:fsdp:forward:compute:layers.18.ffn.w1
117363588,117412680,49092,0,49092,:fsdp:forward:wait_weights:layers.20.ffn.w1,9492,9492,2,0,447,10,:9:10:447,----:fsdp:forward:wait_weights:layers.20.ffn.w1
117430552,117710393,279841,0,279841,:fsdp:forward:wait_weights:layers.18.ffn.w3,9491,9491,2,0,1089,691,:690:691:1089,----:fsdp:forward:wait_weights:layers.18.ffn.w3
117444968,117593837,148869,0,148869,:fsdp:forward:all_gather:layers.20.ffn.w3,9492,9492,2,0,448,10,:9:10:448,----:fsdp:forward:all_gather:layers.20.ffn.w3
117602969,117660652,57683,0,57683,:fsdp:forward:compute:layers.20.ffn.w1,9492,9492,2,0,449,10,:9:10:449,----:fsdp:forward:compute:layers.20.ffn.w1
117738991,118012804,273813,0,273813,:fsdp:forward:wait_weights:layers.20.ffn.w3,9492,9492,2,0,450,10,:9:10:450,----:fsdp:forward:wait_weights:layers.20.ffn.w3
117751832,117922106,170274,0,170274,:fsdp:forward:all_gather:layers.18.ffn.w2,9491,9491,2,0,1090,691,:690:691:1090,----:fsdp:forward:all_gather:layers.18.ffn.w2
117931681,118186516,254835,0,254835,:fsdp:forward:compute:layers.18.ffn.w3,9491,9491,2,0,1091,691,:690:691:1091,----:fsdp:forward:compute:layers.18.ffn.w3
118054687,118221295,166608,0,166608,:fsdp:forward:all_gather:layers.20.ffn.w2,9492,9492,2,0,451,10,:9:10:451,----:fsdp:forward:all_gather:layers.20.ffn.w2
118231285,118515216,283931,0,283931,:fsdp:forward:compute:layers.20.ffn.w3,9492,9492,2,0,452,10,:9:10:452,----:fsdp:forward:compute:layers.20.ffn.w3
118267715,118531041,263326,0,263326,:fsdp:forward:wait_weights:layers.18.ffn.w2,9491,9491,2,0,1092,691,:690:691:1092,----:fsdp:forward:wait_weights:layers.18.ffn.w2
118581570,118757894,176324,0,176324,:fsdp:forward:all_gather:layers.19.attn.q_proj,9491,9491,2,0,1093,691,:690:691:1093,----:fsdp:forward:all_gather:layers.19.attn.q_proj
118611234,118829512,218278,0,218278,:fsdp:forward:wait_weights:layers.20.ffn.w2,9492,9492,2,0,453,10,:9:10:453,----:fsdp:forward:wait_weights:layers.20.ffn.w2
118768322,118832291,63969,0,63969,:fsdp:forward:compute:layers.18.ffn.w2,9491,9491,2,0,1094,691,:690:691:1094,----:fsdp:forward:compute:layers.18.ffn.w2
118873515,119053540,180025,0,180025,:fsdp:forward:all_gather:layers.21.attn.q_proj,9492,9492,2,0,454,10,:9:10:454,----:fsdp:forward:all_gather:layers.21.attn.q_proj
119031821,119075974,44153,0,44153,:fsdp:forward:wait_weights:layers.19.attn.q_proj,9491,9491,2,0,1095,691,:690:691:1095,----:fsdp:forward:wait_weights:layers.19.attn.q_proj
119064750,119129181,64431,0,64431,:fsdp:forward:compute:layers.20.ffn.w2,9492,9492,2,0,455,10,:9:10:455,----:fsdp:forward:compute:layers.20.ffn.w2
119108538,119251040,142502,0,142502,:fsdp:forward:all_gather:layers.19.attn.k_proj,9491,9491,2,0,1096,691,:690:691:1096,----:fsdp:forward:all_gather:layers.19.attn.k_proj
119259362,119314732,55370,0,55370,:fsdp:forward:compute:layers.19.attn.q_proj,9491,9491,2,0,1097,691,:690:691:1097,----:fsdp:forward:compute:layers.19.attn.q_proj
119335693,119381043,45350,0,45350,:fsdp:forward:wait_weights:layers.21.attn.q_proj,9492,9492,2,0,456,10,:9:10:456,----:fsdp:forward:wait_weights:layers.21.attn.q_proj
119354468,119393158,38690,0,38690,:fsdp:forward:wait_weights:layers.19.attn.k_proj,9491,9491,2,0,1098,691,:690:691:1098,----:fsdp:forward:wait_weights:layers.19.attn.k_proj
119415697,119565208,149511,0,149511,:fsdp:forward:all_gather:layers.21.attn.k_proj,9492,9492,2,0,457,10,:9:10:457,----:fsdp:forward:all_gather:layers.21.attn.k_proj
119422080,119544543,122463,0,122463,:fsdp:forward:all_gather:layers.19.attn.v_proj,9491,9491,2,0,1099,691,:690:691:1099,----:fsdp:forward:all_gather:layers.19.attn.v_proj
119552684,119591028,38344,0,38344,:fsdp:forward:compute:layers.19.attn.k_proj,9491,9491,2,0,1100,691,:690:691:1100,----:fsdp:forward:compute:layers.19.attn.k_proj
119574505,119625615,51110,0,51110,:fsdp:forward:compute:layers.21.attn.q_proj,9492,9492,2,0,458,10,:9:10:458,----:fsdp:forward:compute:layers.21.attn.q_proj
119625763,119661363,35600,0,35600,:fsdp:forward:wait_weights:layers.19.attn.v_proj,9491,9491,2,0,1101,691,:690:691:1101,----:fsdp:forward:wait_weights:layers.19.attn.v_proj
119671531,119711318,39787,0,39787,:fsdp:forward:wait_weights:layers.21.attn.k_proj,9492,9492,2,0,459,10,:9:10:459,----:fsdp:forward:wait_weights:layers.21.attn.k_proj
119687892,119806776,118884,0,118884,:fsdp:forward:all_gather:layers.19.attn.output_proj,9491,9491,2,0,1102,691,:690:691:1102,----:fsdp:forward:all_gather:layers.19.attn.output_proj
119740401,119879518,139117,0,139117,:fsdp:forward:all_gather:layers.21.attn.v_proj,9492,9492,2,0,460,10,:9:10:460,----:fsdp:forward:all_gather:layers.21.attn.v_proj
119814697,119850429,35732,0,35732,:fsdp:forward:compute:layers.19.attn.v_proj,9491,9491,2,0,1103,691,:690:691:1103,----:fsdp:forward:compute:layers.19.attn.v_proj
119887510,119928356,40846,0,40846,:fsdp:forward:compute:layers.21.attn.k_proj,9492,9492,2,0,461,10,:9:10:461,----:fsdp:forward:compute:layers.21.attn.k_proj
119966591,120002970,36379,0,36379,:fsdp:forward:wait_weights:layers.21.attn.v_proj,9492,9492,2,0,462,10,:9:10:462,----:fsdp:forward:wait_weights:layers.21.attn.v_proj
120029833,120151496,121663,0,121663,:fsdp:forward:all_gather:layers.21.attn.output_proj,9492,9492,2,0,463,10,:9:10:463,----:fsdp:forward:all_gather:layers.21.attn.output_proj
120159004,120195053,36049,0,36049,:fsdp:forward:compute:layers.21.attn.v_proj,9492,9492,2,0,464,10,:9:10:464,----:fsdp:forward:compute:layers.21.attn.v_proj
121372927,121431656,58729,0,58729,:fsdp:forward:wait_weights:layers.19.attn.output_proj,9491,9491,2,0,1104,691,:690:691:1104,----:fsdp:forward:wait_weights:layers.19.attn.output_proj
121476690,121656222,179532,0,179532,:fsdp:forward:all_gather:layers.19.ffn.w1,9491,9491,2,0,1105,691,:690:691:1105,----:fsdp:forward:all_gather:layers.19.ffn.w1
121667199,121717464,50265,0,50265,:fsdp:forward:compute:layers.19.attn.output_proj,9491,9491,2,0,1106,691,:690:691:1106,----:fsdp:forward:compute:layers.19.attn.output_proj
121811503,121872703,61200,0,61200,:fsdp:forward:wait_weights:layers.21.attn.output_proj,9492,9492,2,0,465,10,:9:10:465,----:fsdp:forward:wait_weights:layers.21.attn.output_proj
121915662,121958207,42545,0,42545,:fsdp:forward:wait_weights:layers.19.ffn.w1,9491,9491,2,0,1107,691,:690:691:1107,----:fsdp:forward:wait_weights:layers.19.ffn.w1
121918229,122093484,175255,0,175255,:fsdp:forward:all_gather:layers.21.ffn.w1,9492,9492,2,0,466,10,:9:10:466,----:fsdp:forward:all_gather:layers.21.ffn.w1
121989184,122147343,158159,0,158159,:fsdp:forward:all_gather:layers.19.ffn.w3,9491,9491,2,0,1108,691,:690:691:1108,----:fsdp:forward:all_gather:layers.19.ffn.w3
122106105,122157739,51634,0,51634,:fsdp:forward:compute:layers.21.attn.output_proj,9492,9492,2,0,467,10,:9:10:467,----:fsdp:forward:compute:layers.21.attn.output_proj
122156873,122212896,56023,0,56023,:fsdp:forward:compute:layers.19.ffn.w1,9491,9491,2,0,1109,691,:690:691:1109,----:fsdp:forward:compute:layers.19.ffn.w1
122289859,122552393,262534,0,262534,:fsdp:forward:wait_weights:layers.19.ffn.w3,9491,9491,2,0,1110,691,:690:691:1110,----:fsdp:forward:wait_weights:layers.19.ffn.w3
122363860,122406386,42526,0,42526,:fsdp:forward:wait_weights:layers.21.ffn.w1,9492,9492,2,0,468,10,:9:10:468,----:fsdp:forward:wait_weights:layers.21.ffn.w1
122438523,122602657,164134,0,164134,:fsdp:forward:all_gather:layers.21.ffn.w3,9492,9492,2,0,469,10,:9:10:469,----:fsdp:forward:all_gather:layers.21.ffn.w3
122593692,122767190,173498,0,173498,:fsdp:forward:all_gather:layers.19.ffn.w2,9491,9491,2,0,1111,691,:690:691:1111,----:fsdp:forward:all_gather:layers.19.ffn.w2
122611990,122671165,59175,0,59175,:fsdp:forward:compute:layers.21.ffn.w1,9492,9492,2,0,470,10,:9:10:470,----:fsdp:forward:compute:layers.21.ffn.w1
122754838,123085512,330674,0,330674,:fsdp:forward:wait_weights:layers.21.ffn.w3,9492,9492,2,0,471,10,:9:10:471,----:fsdp:forward:wait_weights:layers.21.ffn.w3
122777559,123124413,346854,0,346854,:fsdp:forward:compute:layers.19.ffn.w3,9491,9491,2,0,1112,691,:690:691:1112,----:fsdp:forward:compute:layers.19.ffn.w3
123131754,123314566,182812,0,182812,:fsdp:forward:all_gather:layers.21.ffn.w2,9492,9492,2,0,472,10,:9:10:472,----:fsdp:forward:all_gather:layers.21.ffn.w2
123208535,123415822,207287,0,207287,:fsdp:forward:wait_weights:layers.19.ffn.w2,9491,9491,2,0,1113,691,:690:691:1113,----:fsdp:forward:wait_weights:layers.19.ffn.w2
123325495,123594564,269069,0,269069,:fsdp:forward:compute:layers.21.ffn.w3,9492,9492,2,0,473,10,:9:10:473,----:fsdp:forward:compute:layers.21.ffn.w3
123457682,123629015,171333,0,171333,:fsdp:forward:all_gather:layers.20.attn.q_proj,9491,9491,2,0,1114,691,:690:691:1114,----:fsdp:forward:all_gather:layers.20.attn.q_proj
123639321,123702992,63671,0,63671,:fsdp:forward:compute:layers.19.ffn.w2,9491,9491,2,0,1115,691,:690:691:1115,----:fsdp:forward:compute:layers.19.ffn.w2
123683991,123901230,217239,0,217239,:fsdp:forward:wait_weights:layers.21.ffn.w2,9492,9492,2,0,474,10,:9:10:474,----:fsdp:forward:wait_weights:layers.21.ffn.w2
123906845,123957156,50311,0,50311,:fsdp:forward:wait_weights:layers.20.attn.q_proj,9491,9491,2,0,1116,691,:690:691:1116,----:fsdp:forward:wait_weights:layers.20.attn.q_proj
123945684,124117187,171503,0,171503,:fsdp:forward:all_gather:layers.22.attn.q_proj,9492,9492,2,0,475,10,:9:10:475,----:fsdp:forward:all_gather:layers.22.attn.q_proj
123991261,124149426,158165,0,158165,:fsdp:forward:all_gather:layers.20.attn.k_proj,9491,9491,2,0,1117,691,:690:691:1117,----:fsdp:forward:all_gather:layers.20.attn.k_proj
124127515,124195979,68464,0,68464,:fsdp:forward:compute:layers.21.ffn.w2,9492,9492,2,0,476,10,:9:10:476,----:fsdp:forward:compute:layers.21.ffn.w2
124158704,124210092,51388,0,51388,:fsdp:forward:compute:layers.20.attn.q_proj,9491,9491,2,0,1118,691,:690:691:1118,----:fsdp:forward:compute:layers.20.attn.q_proj
124253229,124294250,41021,0,41021,:fsdp:forward:wait_weights:layers.20.attn.k_proj,9491,9491,2,0,1119,691,:690:691:1119,----:fsdp:forward:wait_weights:layers.20.attn.k_proj
124323463,124448547,125084,0,125084,:fsdp:forward:all_gather:layers.20.attn.v_proj,9491,9491,2,0,1120,691,:690:691:1120,----:fsdp:forward:all_gather:layers.20.attn.v_proj
124403424,124447365,43941,0,43941,:fsdp:forward:wait_weights:layers.22.attn.q_proj,9492,9492,2,0,477,10,:9:10:477,----:fsdp:forward:wait_weights:layers.22.attn.q_proj
124456020,124495159,39139,0,39139,:fsdp:forward:compute:layers.20.attn.k_proj,9491,9491,2,0,1121,691,:690:691:1121,----:fsdp:forward:compute:layers.20.attn.k_proj
124481321,124630683,149362,0,149362,:fsdp:forward:all_gather:layers.22.attn.k_proj,9492,9492,2,0,478,10,:9:10:478,----:fsdp:forward:all_gather:layers.22.attn.k_proj
124530313,124566966,36653,0,36653,:fsdp:forward:wait_weights:layers.20.attn.v_proj,9491,9491,2,0,1122,691,:690:691:1122,----:fsdp:forward:wait_weights:layers.20.attn.v_proj
124592628,124712402,119774,0,119774,:fsdp:forward:all_gather:layers.20.attn.output_proj,9491,9491,2,0,1123,691,:690:691:1123,----:fsdp:forward:all_gather:layers.20.attn.output_proj
124639573,124689848,50275,0,50275,:fsdp:forward:compute:layers.22.attn.q_proj,9492,9492,2,0,479,10,:9:10:479,----:fsdp:forward:compute:layers.22.attn.q_proj
124720010,124755316,35306,0,35306,:fsdp:forward:compute:layers.20.attn.v_proj,9491,9491,2,0,1124,691,:690:691:1124,----:fsdp:forward:compute:layers.20.attn.v_proj
124733065,124774131,41066,0,41066,:fsdp:forward:wait_weights:layers.22.attn.k_proj,9492,9492,2,0,480,10,:9:10:480,----:fsdp:forward:wait_weights:layers.22.attn.k_proj
124804152,124927777,123625,0,123625,:fsdp:forward:all_gather:layers.22.attn.v_proj,9492,9492,2,0,481,10,:9:10:481,----:fsdp:forward:all_gather:layers.22.attn.v_proj
124935258,124974593,39335,0,39335,:fsdp:forward:compute:layers.22.attn.k_proj,9492,9492,2,0,482,10,:9:10:482,----:fsdp:forward:compute:layers.22.attn.k_proj
125012362,125048436,36074,0,36074,:fsdp:forward:wait_weights:layers.22.attn.v_proj,9492,9492,2,0,483,10,:9:10:483,----:fsdp:forward:wait_weights:layers.22.attn.v_proj
125075238,125193922,118684,0,118684,:fsdp:forward:all_gather:layers.22.attn.output_proj,9492,9492,2,0,484,10,:9:10:484,----:fsdp:forward:all_gather:layers.22.attn.output_proj
125200914,125235807,34893,0,34893,:fsdp:forward:compute:layers.22.attn.v_proj,9492,9492,2,0,485,10,:9:10:485,----:fsdp:forward:compute:layers.22.attn.v_proj
126356862,126421010,64148,0,64148,:fsdp:forward:wait_weights:layers.20.attn.output_proj,9491,9491,2,0,1125,691,:690:691:1125,----:fsdp:forward:wait_weights:layers.20.attn.output_proj
126465871,126653383,187512,0,187512,:fsdp:forward:all_gather:layers.20.ffn.w1,9491,9491,2,0,1126,691,:690:691:1126,----:fsdp:forward:all_gather:layers.20.ffn.w1
126665660,126718093,52433,0,52433,:fsdp:forward:compute:layers.20.attn.output_proj,9491,9491,2,0,1127,691,:690:691:1127,----:fsdp:forward:compute:layers.20.attn.output_proj
126850114,126913024,62910,0,62910,:fsdp:forward:wait_weights:layers.22.attn.output_proj,9492,9492,2,0,486,10,:9:10:486,----:fsdp:forward:wait_weights:layers.22.attn.output_proj
126918798,126962978,44180,0,44180,:fsdp:forward:wait_weights:layers.20.ffn.w1,9491,9491,2,0,1128,691,:690:691:1128,----:fsdp:forward:wait_weights:layers.20.ffn.w1
126958479,127135680,177201,0,177201,:fsdp:forward:all_gather:layers.22.ffn.w1,9492,9492,2,0,487,10,:9:10:487,----:fsdp:forward:all_gather:layers.22.ffn.w1
126995575,127140215,144640,0,144640,:fsdp:forward:all_gather:layers.20.ffn.w3,9491,9491,2,0,1129,691,:690:691:1129,----:fsdp:forward:all_gather:layers.20.ffn.w3
127147286,127199176,51890,0,51890,:fsdp:forward:compute:layers.22.attn.output_proj,9492,9492,2,0,488,10,:9:10:488,----:fsdp:forward:compute:layers.22.attn.output_proj
127149376,127206512,57136,0,57136,:fsdp:forward:compute:layers.20.ffn.w1,9491,9491,2,0,1130,691,:690:691:1130,----:fsdp:forward:compute:layers.20.ffn.w1
127283466,127541491,258025,0,258025,:fsdp:forward:wait_weights:layers.20.ffn.w3,9491,9491,2,0,1131,691,:690:691:1131,----:fsdp:forward:wait_weights:layers.20.ffn.w3
127401657,127444890,43233,0,43233,:fsdp:forward:wait_weights:layers.22.ffn.w1,9492,9492,2,0,489,10,:9:10:489,----:fsdp:forward:wait_weights:layers.22.ffn.w1
127477512,127624261,146749,0,146749,:fsdp:forward:all_gather:layers.22.ffn.w3,9492,9492,2,0,490,10,:9:10:490,----:fsdp:forward:all_gather:layers.22.ffn.w3
127583298,127757189,173891,0,173891,:fsdp:forward:all_gather:layers.20.ffn.w2,9491,9491,2,0,1132,691,:690:691:1132,----:fsdp:forward:all_gather:layers.20.ffn.w2
127633745,127695540,61795,0,61795,:fsdp:forward:compute:layers.22.ffn.w1,9492,9492,2,0,491,10,:9:10:491,----:fsdp:forward:compute:layers.22.ffn.w1
127767463,128104828,337365,0,337365,:fsdp:forward:compute:layers.20.ffn.w3,9491,9491,2,0,1133,691,:690:691:1133,----:fsdp:forward:compute:layers.20.ffn.w3
127777203,128099674,322471,0,322471,:fsdp:forward:wait_weights:layers.22.ffn.w3,9492,9492,2,0,492,10,:9:10:492,----:fsdp:forward:wait_weights:layers.22.ffn.w3
128143064,128323962,180898,0,180898,:fsdp:forward:all_gather:layers.22.ffn.w2,9492,9492,2,0,493,10,:9:10:493,----:fsdp:forward:all_gather:layers.22.ffn.w2
128190511,128464908,274397,0,274397,:fsdp:forward:wait_weights:layers.20.ffn.w2,9491,9491,2,0,1134,691,:690:691:1134,----:fsdp:forward:wait_weights:layers.20.ffn.w2
128334649,128607025,272376,0,272376,:fsdp:forward:compute:layers.22.ffn.w3,9492,9492,2,0,494,10,:9:10:494,----:fsdp:forward:compute:layers.22.ffn.w3
128508863,128687818,178955,0,178955,:fsdp:forward:all_gather:layers.21.attn.q_proj,9491,9491,2,0,1135,691,:690:691:1135,----:fsdp:forward:all_gather:layers.21.attn.q_proj
128693925,128911474,217549,0,217549,:fsdp:forward:wait_weights:layers.22.ffn.w2,9492,9492,2,0,495,10,:9:10:495,----:fsdp:forward:wait_weights:layers.22.ffn.w2
128697907,128762889,64982,0,64982,:fsdp:forward:compute:layers.20.ffn.w2,9491,9491,2,0,1136,691,:690:691:1136,----:fsdp:forward:compute:layers.20.ffn.w2
128954573,129132959,178386,0,178386,:fsdp:forward:all_gather:layers.23.attn.q_proj,9492,9492,2,0,496,10,:9:10:496,----:fsdp:forward:all_gather:layers.23.attn.q_proj
128966086,129010764,44678,0,44678,:fsdp:forward:wait_weights:layers.21.attn.q_proj,9491,9491,2,0,1137,691,:690:691:1137,----:fsdp:forward:wait_weights:layers.21.attn.q_proj
129043581,129196205,152624,0,152624,:fsdp:forward:all_gather:layers.21.attn.k_proj,9491,9491,2,0,1138,691,:690:691:1138,----:fsdp:forward:all_gather:layers.21.attn.k_proj
129142851,129208116,65265,0,65265,:fsdp:forward:compute:layers.22.ffn.w2,9492,9492,2,0,497,10,:9:10:497,----:fsdp:forward:compute:layers.22.ffn.w2
129205152,129254855,49703,0,49703,:fsdp:forward:compute:layers.21.attn.q_proj,9491,9491,2,0,1139,691,:690:691:1139,----:fsdp:forward:compute:layers.21.attn.q_proj
129297338,129338180,40842,0,40842,:fsdp:forward:wait_weights:layers.21.attn.k_proj,9491,9491,2,0,1140,691,:690:691:1140,----:fsdp:forward:wait_weights:layers.21.attn.k_proj
129368341,129507289,138948,0,138948,:fsdp:forward:all_gather:layers.21.attn.v_proj,9491,9491,2,0,1141,691,:690:691:1141,----:fsdp:forward:all_gather:layers.21.attn.v_proj
129413659,129457282,43623,0,43623,:fsdp:forward:wait_weights:layers.23.attn.q_proj,9492,9492,2,0,498,10,:9:10:498,----:fsdp:forward:wait_weights:layers.23.attn.q_proj
129490797,129641482,150685,0,150685,:fsdp:forward:all_gather:layers.23.attn.k_proj,9492,9492,2,0,499,10,:9:10:499,----:fsdp:forward:all_gather:layers.23.attn.k_proj
129516153,129557754,41601,0,41601,:fsdp:forward:compute:layers.21.attn.k_proj,9491,9491,2,0,1142,691,:690:691:1142,----:fsdp:forward:compute:layers.21.attn.k_proj
129597468,129635824,38356,0,38356,:fsdp:forward:wait_weights:layers.21.attn.v_proj,9491,9491,2,0,1143,691,:690:691:1143,----:fsdp:forward:wait_weights:layers.21.attn.v_proj
129649840,129700397,50557,0,50557,:fsdp:forward:compute:layers.23.attn.q_proj,9492,9492,2,0,500,10,:9:10:500,----:fsdp:forward:compute:layers.23.attn.q_proj
129663126,129783633,120507,0,120507,:fsdp:forward:all_gather:layers.21.attn.output_proj,9491,9491,2,0,1144,691,:690:691:1144,----:fsdp:forward:all_gather:layers.21.attn.output_proj
129742276,129780108,37832,0,37832,:fsdp:forward:wait_weights:layers.23.attn.k_proj,9492,9492,2,0,501,10,:9:10:501,----:fsdp:forward:wait_weights:layers.23.attn.k_proj
129791209,129827811,36602,0,36602,:fsdp:forward:compute:layers.21.attn.v_proj,9491,9491,2,0,1145,691,:690:691:1145,----:fsdp:forward:compute:layers.21.attn.v_proj
129807891,129936490,128599,0,128599,:fsdp:forward:all_gather:layers.23.attn.v_proj,9492,9492,2,0,502,10,:9:10:502,----:fsdp:forward:all_gather:layers.23.attn.v_proj
129944210,129983973,39763,0,39763,:fsdp:forward:compute:layers.23.attn.k_proj,9492,9492,2,0,503,10,:9:10:503,----:fsdp:forward:compute:layers.23.attn.k_proj
130020714,130055908,35194,0,35194,:fsdp:forward:wait_weights:layers.23.attn.v_proj,9492,9492,2,0,504,10,:9:10:504,----:fsdp:forward:wait_weights:layers.23.attn.v_proj
130083028,130202845,119817,0,119817,:fsdp:forward:all_gather:layers.23.attn.output_proj,9492,9492,2,0,505,10,:9:10:505,----:fsdp:forward:all_gather:layers.23.attn.output_proj
130210594,130246888,36294,0,36294,:fsdp:forward:compute:layers.23.attn.v_proj,9492,9492,2,0,506,10,:9:10:506,----:fsdp:forward:compute:layers.23.attn.v_proj
131317035,131377118,60083,0,60083,:fsdp:forward:wait_weights:layers.21.attn.output_proj,9491,9491,2,0,1146,691,:690:691:1146,----:fsdp:forward:wait_weights:layers.21.attn.output_proj
131421806,131599656,177850,0,177850,:fsdp:forward:all_gather:layers.21.ffn.w1,9491,9491,2,0,1147,691,:690:691:1147,----:fsdp:forward:all_gather:layers.21.ffn.w1
131611781,131666014,54233,0,54233,:fsdp:forward:compute:layers.21.attn.output_proj,9491,9491,2,0,1148,691,:690:691:1148,----:fsdp:forward:compute:layers.21.attn.output_proj
131867493,131912116,44623,0,44623,:fsdp:forward:wait_weights:layers.21.ffn.w1,9491,9491,2,0,1149,691,:690:691:1149,----:fsdp:forward:wait_weights:layers.21.ffn.w1
131943619,132093359,149740,0,149740,:fsdp:forward:all_gather:layers.21.ffn.w3,9491,9491,2,0,1150,691,:690:691:1150,----:fsdp:forward:all_gather:layers.21.ffn.w3
132102705,132159381,56676,0,56676,:fsdp:forward:compute:layers.21.ffn.w1,9491,9491,2,0,1151,691,:690:691:1151,----:fsdp:forward:compute:layers.21.ffn.w1
132238282,132490476,252194,0,252194,:fsdp:forward:wait_weights:layers.21.ffn.w3,9491,9491,2,0,1152,691,:690:691:1152,----:fsdp:forward:wait_weights:layers.21.ffn.w3
132530126,132703359,173233,0,173233,:fsdp:forward:all_gather:layers.21.ffn.w2,9491,9491,2,0,1153,691,:690:691:1153,----:fsdp:forward:all_gather:layers.21.ffn.w2
132713263,132964205,250942,0,250942,:fsdp:forward:compute:layers.21.ffn.w3,9491,9491,2,0,1154,691,:690:691:1154,----:fsdp:forward:compute:layers.21.ffn.w3
133049285,133290193,240908,0,240908,:fsdp:forward:wait_weights:layers.21.ffn.w2,9491,9491,2,0,1155,691,:690:691:1155,----:fsdp:forward:wait_weights:layers.21.ffn.w2
133333161,133511745,178584,0,178584,:fsdp:forward:all_gather:layers.22.attn.q_proj,9491,9491,2,0,1156,691,:690:691:1156,----:fsdp:forward:all_gather:layers.22.attn.q_proj
133522126,133587973,65847,0,65847,:fsdp:forward:compute:layers.21.ffn.w2,9491,9491,2,0,1157,691,:690:691:1157,----:fsdp:forward:compute:layers.21.ffn.w2
133795843,133840650,44807,0,44807,:fsdp:forward:wait_weights:layers.22.attn.q_proj,9491,9491,2,0,1158,691,:690:691:1158,----:fsdp:forward:wait_weights:layers.22.attn.q_proj
133875434,134026223,150789,0,150789,:fsdp:forward:all_gather:layers.22.attn.k_proj,9491,9491,2,0,1159,691,:690:691:1159,----:fsdp:forward:all_gather:layers.22.attn.k_proj
134035065,134088732,53667,0,53667,:fsdp:forward:compute:layers.22.attn.q_proj,9491,9491,2,0,1160,691,:690:691:1160,----:fsdp:forward:compute:layers.22.attn.q_proj
134131659,134171613,39954,0,39954,:fsdp:forward:wait_weights:layers.22.attn.k_proj,9491,9491,2,0,1161,691,:690:691:1161,----:fsdp:forward:wait_weights:layers.22.attn.k_proj
134200199,134324733,124534,0,124534,:fsdp:forward:all_gather:layers.22.attn.v_proj,9491,9491,2,0,1162,691,:690:691:1162,----:fsdp:forward:all_gather:layers.22.attn.v_proj
134332639,134373912,41273,0,41273,:fsdp:forward:compute:layers.22.attn.k_proj,9491,9491,2,0,1163,691,:690:691:1163,----:fsdp:forward:compute:layers.22.attn.k_proj
134410928,134446776,35848,0,35848,:fsdp:forward:wait_weights:layers.22.attn.v_proj,9491,9491,2,0,1164,691,:690:691:1164,----:fsdp:forward:wait_weights:layers.22.attn.v_proj
134473824,134603449,129625,0,129625,:fsdp:forward:all_gather:layers.22.attn.output_proj,9491,9491,2,0,1165,691,:690:691:1165,----:fsdp:forward:all_gather:layers.22.attn.output_proj
134611042,134650806,39764,0,39764,:fsdp:forward:compute:layers.22.attn.v_proj,9491,9491,2,0,1166,691,:690:691:1166,----:fsdp:forward:compute:layers.22.attn.v_proj
136235311,136294839,59528,0,59528,:fsdp:forward:wait_weights:layers.22.attn.output_proj,9491,9491,2,0,1167,691,:690:691:1167,----:fsdp:forward:wait_weights:layers.22.attn.output_proj
136340540,136527818,187278,0,187278,:fsdp:forward:all_gather:layers.22.ffn.w1,9491,9491,2,0,1168,691,:690:691:1168,----:fsdp:forward:all_gather:layers.22.ffn.w1
136442050,136499668,57618,0,57618,:fsdp:forward:wait_weights:layers.23.attn.output_proj,9492,9492,2,0,507,10,:9:10:507,----:fsdp:forward:wait_weights:layers.23.attn.output_proj
136539410,136591351,51941,0,51941,:fsdp:forward:compute:layers.22.attn.output_proj,9491,9491,2,0,1169,691,:690:691:1169,----:fsdp:forward:compute:layers.22.attn.output_proj
136544322,136719780,175458,0,175458,:fsdp:forward:all_gather:layers.23.ffn.w1,9492,9492,2,0,508,10,:9:10:508,----:fsdp:forward:all_gather:layers.23.ffn.w1
136731485,136782207,50722,0,50722,:fsdp:forward:compute:layers.23.attn.output_proj,9492,9492,2,0,509,10,:9:10:509,----:fsdp:forward:compute:layers.23.attn.output_proj
136796230,136840317,44087,0,44087,:fsdp:forward:wait_weights:layers.22.ffn.w1,9491,9491,2,0,1170,691,:690:691:1170,----:fsdp:forward:wait_weights:layers.22.ffn.w1
136872757,137022302,149545,0,149545,:fsdp:forward:all_gather:layers.22.ffn.w3,9491,9491,2,0,1171,691,:690:691:1171,----:fsdp:forward:all_gather:layers.22.ffn.w3
136992047,137036151,44104,0,44104,:fsdp:forward:wait_weights:layers.23.ffn.w1,9492,9492,2,0,510,10,:9:10:510,----:fsdp:forward:wait_weights:layers.23.ffn.w1
137031535,137089038,57503,0,57503,:fsdp:forward:compute:layers.22.ffn.w1,9491,9491,2,0,1172,691,:690:691:1172,----:fsdp:forward:compute:layers.22.ffn.w1
137068477,137224336,155859,0,155859,:fsdp:forward:all_gather:layers.23.ffn.w3,9492,9492,2,0,511,10,:9:10:511,----:fsdp:forward:all_gather:layers.23.ffn.w3
137167947,137433926,265979,0,265979,:fsdp:forward:wait_weights:layers.22.ffn.w3,9491,9491,2,0,1173,691,:690:691:1173,----:fsdp:forward:wait_weights:layers.22.ffn.w3
137233265,137293902,60637,0,60637,:fsdp:forward:compute:layers.23.ffn.w1,9492,9492,2,0,512,10,:9:10:512,----:fsdp:forward:compute:layers.23.ffn.w1
137372973,137628248,255275,0,255275,:fsdp:forward:wait_weights:layers.23.ffn.w3,9492,9492,2,0,513,10,:9:10:513,----:fsdp:forward:wait_weights:layers.23.ffn.w3
137475499,137647290,171791,0,171791,:fsdp:forward:all_gather:layers.22.ffn.w2,9491,9491,2,0,1174,691,:690:691:1174,----:fsdp:forward:all_gather:layers.22.ffn.w2
137657202,137934099,276897,0,276897,:fsdp:forward:compute:layers.22.ffn.w3,9491,9491,2,0,1175,691,:690:691:1175,----:fsdp:forward:compute:layers.22.ffn.w3
137669140,137837500,168360,0,168360,:fsdp:forward:all_gather:layers.23.ffn.w2,9492,9492,2,0,514,10,:9:10:514,----:fsdp:forward:all_gather:layers.23.ffn.w2
137847562,138143630,296068,0,296068,:fsdp:forward:compute:layers.23.ffn.w3,9492,9492,2,0,515,10,:9:10:515,----:fsdp:forward:compute:layers.23.ffn.w3
138019731,138242002,222271,0,222271,:fsdp:forward:wait_weights:layers.22.ffn.w2,9491,9491,2,0,1176,691,:690:691:1176,----:fsdp:forward:wait_weights:layers.22.ffn.w2
138234423,138453269,218846,0,218846,:fsdp:forward:wait_weights:layers.23.ffn.w2,9492,9492,2,0,516,10,:9:10:516,----:fsdp:forward:wait_weights:layers.23.ffn.w2
138285249,138463670,178421,0,178421,:fsdp:forward:all_gather:layers.23.attn.q_proj,9491,9491,2,0,1177,691,:690:691:1177,----:fsdp:forward:all_gather:layers.23.attn.q_proj
138474480,138549413,74933,0,74933,:fsdp:forward:compute:layers.22.ffn.w2,9491,9491,2,0,1178,691,:690:691:1178,----:fsdp:forward:compute:layers.22.ffn.w2
138499086,138695958,196872,0,196872,:fsdp:forward:all_gather:layers.24.attn.q_proj,9492,9492,2,0,517,10,:9:10:517,----:fsdp:forward:all_gather:layers.24.attn.q_proj
138707989,138772979,64990,0,64990,:fsdp:forward:compute:layers.23.ffn.w2,9492,9492,2,0,518,10,:9:10:518,----:fsdp:forward:compute:layers.23.ffn.w2
138760818,138806660,45842,0,45842,:fsdp:forward:wait_weights:layers.23.attn.q_proj,9491,9491,2,0,1179,691,:690:691:1179,----:fsdp:forward:wait_weights:layers.23.attn.q_proj
138841776,138998222,156446,0,156446,:fsdp:forward:all_gather:layers.23.attn.k_proj,9491,9491,2,0,1180,691,:690:691:1180,----:fsdp:forward:all_gather:layers.23.attn.k_proj
138984427,139029165,44738,0,44738,:fsdp:forward:wait_weights:layers.24.attn.q_proj,9492,9492,2,0,519,10,:9:10:519,----:fsdp:forward:wait_weights:layers.24.attn.q_proj
139007382,139058956,51574,0,51574,:fsdp:forward:compute:layers.23.attn.q_proj,9491,9491,2,0,1181,691,:690:691:1181,----:fsdp:forward:compute:layers.23.attn.q_proj
139063329,139218262,154933,0,154933,:fsdp:forward:all_gather:layers.24.attn.k_proj,9492,9492,2,0,520,10,:9:10:520,----:fsdp:forward:all_gather:layers.24.attn.k_proj
139102198,139142029,39831,0,39831,:fsdp:forward:wait_weights:layers.23.attn.k_proj,9491,9491,2,0,1182,691,:690:691:1182,----:fsdp:forward:wait_weights:layers.23.attn.k_proj
139171102,139297271,126169,0,126169,:fsdp:forward:all_gather:layers.23.attn.v_proj,9491,9491,2,0,1183,691,:690:691:1183,----:fsdp:forward:all_gather:layers.23.attn.v_proj
139227521,139277175,49654,0,49654,:fsdp:forward:compute:layers.24.attn.q_proj,9492,9492,2,0,521,10,:9:10:521,----:fsdp:forward:compute:layers.24.attn.q_proj
139305506,139344076,38570,0,38570,:fsdp:forward:compute:layers.23.attn.k_proj,9491,9491,2,0,1184,691,:690:691:1184,----:fsdp:forward:compute:layers.23.attn.k_proj
139318701,139357686,38985,0,38985,:fsdp:forward:wait_weights:layers.24.attn.k_proj,9492,9492,2,0,522,10,:9:10:522,----:fsdp:forward:wait_weights:layers.24.attn.k_proj
139380265,139416503,36238,0,36238,:fsdp:forward:wait_weights:layers.23.attn.v_proj,9491,9491,2,0,1185,691,:690:691:1185,----:fsdp:forward:wait_weights:layers.23.attn.v_proj
139386562,139512895,126333,0,126333,:fsdp:forward:all_gather:layers.24.attn.v_proj,9492,9492,2,0,523,10,:9:10:523,----:fsdp:forward:all_gather:layers.24.attn.v_proj
139443365,139559974,116609,0,116609,:fsdp:forward:all_gather:layers.23.attn.output_proj,9491,9491,2,0,1186,691,:690:691:1186,----:fsdp:forward:all_gather:layers.23.attn.output_proj
139520596,139559247,38651,0,38651,:fsdp:forward:compute:layers.24.attn.k_proj,9492,9492,2,0,524,10,:9:10:524,----:fsdp:forward:compute:layers.24.attn.k_proj
139567560,139604380,36820,0,36820,:fsdp:forward:compute:layers.23.attn.v_proj,9491,9491,2,0,1187,691,:690:691:1187,----:fsdp:forward:compute:layers.23.attn.v_proj
139597323,139633525,36202,0,36202,:fsdp:forward:wait_weights:layers.24.attn.v_proj,9492,9492,2,0,525,10,:9:10:525,----:fsdp:forward:wait_weights:layers.24.attn.v_proj
139660398,139783961,123563,0,123563,:fsdp:forward:all_gather:layers.24.attn.output_proj,9492,9492,2,0,526,10,:9:10:526,----:fsdp:forward:all_gather:layers.24.attn.output_proj
139791363,139827228,35865,0,35865,:fsdp:forward:compute:layers.24.attn.v_proj,9492,9492,2,0,527,10,:9:10:527,----:fsdp:forward:compute:layers.24.attn.v_proj
141110344,141168999,58655,0,58655,:fsdp:forward:wait_weights:layers.23.attn.output_proj,9491,9491,2,0,1188,691,:690:691:1188,----:fsdp:forward:wait_weights:layers.23.attn.output_proj
141213498,141400828,187330,0,187330,:fsdp:forward:all_gather:layers.23.ffn.w1,9491,9491,2,0,1189,691,:690:691:1189,----:fsdp:forward:all_gather:layers.23.ffn.w1
141412070,141464266,52196,0,52196,:fsdp:forward:compute:layers.23.attn.output_proj,9491,9491,2,0,1190,691,:690:691:1190,----:fsdp:forward:compute:layers.23.attn.output_proj
141664894,141708413,43519,0,43519,:fsdp:forward:wait_weights:layers.23.ffn.w1,9491,9491,2,0,1191,691,:690:691:1191,----:fsdp:forward:wait_weights:layers.23.ffn.w1
141740935,141890232,149297,0,149297,:fsdp:forward:all_gather:layers.23.ffn.w3,9491,9491,2,0,1192,691,:690:691:1192,----:fsdp:forward:all_gather:layers.23.ffn.w3
141899805,141958155,58350,0,58350,:fsdp:forward:compute:layers.23.ffn.w1,9491,9491,2,0,1193,691,:690:691:1193,----:fsdp:forward:compute:layers.23.ffn.w1
142037738,142293889,256151,0,256151,:fsdp:forward:wait_weights:layers.23.ffn.w3,9491,9491,2,0,1194,691,:690:691:1194,----:fsdp:forward:wait_weights:layers.23.ffn.w3
142335257,142510868,175611,0,175611,:fsdp:forward:all_gather:layers.23.ffn.w2,9491,9491,2,0,1195,691,:690:691:1195,----:fsdp:forward:all_gather:layers.23.ffn.w2
142521431,142785620,264189,0,264189,:fsdp:forward:compute:layers.23.ffn.w3,9491,9491,2,0,1196,691,:690:691:1196,----:fsdp:forward:compute:layers.23.ffn.w3
142875049,143129778,254729,0,254729,:fsdp:forward:wait_weights:layers.23.ffn.w2,9491,9491,2,0,1197,691,:690:691:1197,----:fsdp:forward:wait_weights:layers.23.ffn.w2
143175467,143358873,183406,0,183406,:fsdp:forward:all_gather:layers.24.attn.q_proj,9491,9491,2,0,1198,691,:690:691:1198,----:fsdp:forward:all_gather:layers.24.attn.q_proj
143370034,143436517,66483,0,66483,:fsdp:forward:compute:layers.23.ffn.w2,9491,9491,2,0,1199,691,:690:691:1199,----:fsdp:forward:compute:layers.23.ffn.w2
143646744,143691924,45180,0,45180,:fsdp:forward:wait_weights:layers.24.attn.q_proj,9491,9491,2,0,1200,691,:690:691:1200,----:fsdp:forward:wait_weights:layers.24.attn.q_proj
143727619,143879162,151543,0,151543,:fsdp:forward:all_gather:layers.24.attn.k_proj,9491,9491,2,0,1201,691,:690:691:1201,----:fsdp:forward:all_gather:layers.24.attn.k_proj
143888176,143937145,48969,0,48969,:fsdp:forward:compute:layers.24.attn.q_proj,9491,9491,2,0,1202,691,:690:691:1202,----:fsdp:forward:compute:layers.24.attn.q_proj
143978207,144017579,39372,0,39372,:fsdp:forward:wait_weights:layers.24.attn.k_proj,9491,9491,2,0,1203,691,:690:691:1203,----:fsdp:forward:wait_weights:layers.24.attn.k_proj
144046876,144174603,127727,0,127727,:fsdp:forward:all_gather:layers.24.attn.v_proj,9491,9491,2,0,1204,691,:690:691:1204,----:fsdp:forward:all_gather:layers.24.attn.v_proj
144182866,144221924,39058,0,39058,:fsdp:forward:compute:layers.24.attn.k_proj,9491,9491,2,0,1205,691,:690:691:1205,----:fsdp:forward:compute:layers.24.attn.k_proj
144257098,144293677,36579,0,36579,:fsdp:forward:wait_weights:layers.24.attn.v_proj,9491,9491,2,0,1206,691,:690:691:1206,----:fsdp:forward:wait_weights:layers.24.attn.v_proj
144321742,146460077,2138335,0,2138335,:fsdp:forward:all_gather:layers.24.attn.output_proj,9491,9491,2,0,1207,691,:690:691:1207,----:fsdp:forward:all_gather:layers.24.attn.output_proj
146468301,146520000,51699,0,51699,:fsdp:forward:compute:layers.24.attn.v_proj,9491,9491,2,0,1208,691,:690:691:1208,----:fsdp:forward:compute:layers.24.attn.v_proj
151051553,151109663,58110,0,58110,:fsdp:forward:wait_weights:layers.24.attn.output_proj,9492,9492,2,0,528,10,:9:10:528,----:fsdp:forward:wait_weights:layers.24.attn.output_proj
151078644,151137876,59232,0,59232,:fsdp:forward:wait_weights:layers.24.attn.output_proj,9491,9491,2,0,1209,691,:690:691:1209,----:fsdp:forward:wait_weights:layers.24.attn.output_proj
151155405,151332908,177503,0,177503,:fsdp:forward:all_gather:layers.24.ffn.w1,9492,9492,2,0,529,10,:9:10:529,----:fsdp:forward:all_gather:layers.24.ffn.w1
151183313,151366384,183071,0,183071,:fsdp:forward:all_gather:layers.24.ffn.w1,9491,9491,2,0,1210,691,:690:691:1210,----:fsdp:forward:all_gather:layers.24.ffn.w1
151344086,151397059,52973,0,52973,:fsdp:forward:compute:layers.24.attn.output_proj,9492,9492,2,0,530,10,:9:10:530,----:fsdp:forward:compute:layers.24.attn.output_proj
151377726,151429808,52082,0,52082,:fsdp:forward:compute:layers.24.attn.output_proj,9491,9491,2,0,1211,691,:690:691:1211,----:fsdp:forward:compute:layers.24.attn.output_proj
151610733,151654962,44229,0,44229,:fsdp:forward:wait_weights:layers.24.ffn.w1,9492,9492,2,0,531,10,:9:10:531,----:fsdp:forward:wait_weights:layers.24.ffn.w1
151634777,151679531,44754,0,44754,:fsdp:forward:wait_weights:layers.24.ffn.w1,9491,9491,2,0,1212,691,:690:691:1212,----:fsdp:forward:wait_weights:layers.24.ffn.w1
151688742,151841931,153189,0,153189,:fsdp:forward:all_gather:layers.24.ffn.w3,9492,9492,2,0,532,10,:9:10:532,----:fsdp:forward:all_gather:layers.24.ffn.w3
151713109,151867640,154531,0,154531,:fsdp:forward:all_gather:layers.24.ffn.w3,9491,9491,2,0,1213,691,:690:691:1213,----:fsdp:forward:all_gather:layers.24.ffn.w3
151851411,151912441,61030,0,61030,:fsdp:forward:compute:layers.24.ffn.w1,9492,9492,2,0,533,10,:9:10:533,----:fsdp:forward:compute:layers.24.ffn.w1
151877070,151936697,59627,0,59627,:fsdp:forward:compute:layers.24.ffn.w1,9491,9491,2,0,1214,691,:690:691:1214,----:fsdp:forward:compute:layers.24.ffn.w1
151995226,152373859,378633,0,378633,:fsdp:forward:wait_weights:layers.24.ffn.w3,9492,9492,2,0,534,10,:9:10:534,----:fsdp:forward:wait_weights:layers.24.ffn.w3
152020107,152351781,331674,0,331674,:fsdp:forward:wait_weights:layers.24.ffn.w3,9491,9491,2,0,1215,691,:690:691:1215,----:fsdp:forward:wait_weights:layers.24.ffn.w3
152396302,152572850,176548,0,176548,:fsdp:forward:all_gather:layers.24.ffn.w2,9491,9491,2,0,1216,691,:690:691:1216,----:fsdp:forward:all_gather:layers.24.ffn.w2
152420671,152603747,183076,0,183076,:fsdp:forward:all_gather:layers.24.ffn.w2,9492,9492,2,0,535,10,:9:10:535,----:fsdp:forward:all_gather:layers.24.ffn.w2
152584466,152954852,370386,0,370386,:fsdp:forward:compute:layers.24.ffn.w3,9491,9491,2,0,1217,691,:690:691:1217,----:fsdp:forward:compute:layers.24.ffn.w3
152614602,152930775,316173,0,316173,:fsdp:forward:compute:layers.24.ffn.w3,9492,9492,2,0,536,10,:9:10:536,----:fsdp:forward:compute:layers.24.ffn.w3
153018773,153333419,314646,0,314646,:fsdp:forward:wait_weights:layers.24.ffn.w2,9492,9492,2,0,537,10,:9:10:537,----:fsdp:forward:wait_weights:layers.24.ffn.w2
153042553,153310047,267494,0,267494,:fsdp:forward:wait_weights:layers.24.ffn.w2,9491,9491,2,0,1218,691,:690:691:1218,----:fsdp:forward:wait_weights:layers.24.ffn.w2
153354220,153533401,179181,0,179181,:fsdp:forward:all_gather:layers.25.attn.q_proj,9491,9491,2,0,1219,691,:690:691:1219,----:fsdp:forward:all_gather:layers.25.attn.q_proj
153379847,153563367,183520,0,183520,:fsdp:forward:all_gather:layers.25.attn.q_proj,9492,9492,2,0,538,10,:9:10:538,----:fsdp:forward:all_gather:layers.25.attn.q_proj
153543624,153609083,65459,0,65459,:fsdp:forward:compute:layers.24.ffn.w2,9491,9491,2,0,1220,691,:690:691:1220,----:fsdp:forward:compute:layers.24.ffn.w2
153574240,153642443,68203,0,68203,:fsdp:forward:compute:layers.24.ffn.w2,9492,9492,2,0,539,10,:9:10:539,----:fsdp:forward:compute:layers.24.ffn.w2
153816930,153861052,44122,0,44122,:fsdp:forward:wait_weights:layers.25.attn.q_proj,9491,9491,2,0,1221,691,:690:691:1221,----:fsdp:forward:wait_weights:layers.25.attn.q_proj
153849772,153894358,44586,0,44586,:fsdp:forward:wait_weights:layers.25.attn.q_proj,9492,9492,2,0,540,10,:9:10:540,----:fsdp:forward:wait_weights:layers.25.attn.q_proj
153894880,154046186,151306,0,151306,:fsdp:forward:all_gather:layers.25.attn.k_proj,9491,9491,2,0,1222,691,:690:691:1222,----:fsdp:forward:all_gather:layers.25.attn.k_proj
153927839,154081263,153424,0,153424,:fsdp:forward:all_gather:layers.25.attn.k_proj,9492,9492,2,0,541,10,:9:10:541,----:fsdp:forward:all_gather:layers.25.attn.k_proj
154054794,154103534,48740,0,48740,:fsdp:forward:compute:layers.25.attn.q_proj,9491,9491,2,0,1223,691,:690:691:1223,----:fsdp:forward:compute:layers.25.attn.q_proj
154089584,154139455,49871,0,49871,:fsdp:forward:compute:layers.25.attn.q_proj,9492,9492,2,0,542,10,:9:10:542,----:fsdp:forward:compute:layers.25.attn.q_proj
154145036,154184483,39447,0,39447,:fsdp:forward:wait_weights:layers.25.attn.k_proj,9491,9491,2,0,1224,691,:690:691:1224,----:fsdp:forward:wait_weights:layers.25.attn.k_proj
154184063,154222939,38876,0,38876,:fsdp:forward:wait_weights:layers.25.attn.k_proj,9492,9492,2,0,543,10,:9:10:543,----:fsdp:forward:wait_weights:layers.25.attn.k_proj
154215251,154346223,130972,0,130972,:fsdp:forward:all_gather:layers.25.attn.v_proj,9491,9491,2,0,1225,691,:690:691:1225,----:fsdp:forward:all_gather:layers.25.attn.v_proj
154253033,154380285,127252,0,127252,:fsdp:forward:all_gather:layers.25.attn.v_proj,9492,9492,2,0,544,10,:9:10:544,----:fsdp:forward:all_gather:layers.25.attn.v_proj
154353866,154392984,39118,0,39118,:fsdp:forward:compute:layers.25.attn.k_proj,9491,9491,2,0,1226,691,:690:691:1226,----:fsdp:forward:compute:layers.25.attn.k_proj
154388180,154426902,38722,0,38722,:fsdp:forward:compute:layers.25.attn.k_proj,9492,9492,2,0,545,10,:9:10:545,----:fsdp:forward:compute:layers.25.attn.k_proj
154428015,154464500,36485,0,36485,:fsdp:forward:wait_weights:layers.25.attn.v_proj,9491,9491,2,0,1227,691,:690:691:1227,----:fsdp:forward:wait_weights:layers.25.attn.v_proj
154464171,154499351,35180,0,35180,:fsdp:forward:wait_weights:layers.25.attn.v_proj,9492,9492,2,0,546,10,:9:10:546,----:fsdp:forward:wait_weights:layers.25.attn.v_proj
154492071,154625747,133676,0,133676,:fsdp:forward:all_gather:layers.25.attn.output_proj,9491,9491,2,0,1228,691,:690:691:1228,----:fsdp:forward:all_gather:layers.25.attn.output_proj
154526148,154662206,136058,0,136058,:fsdp:forward:all_gather:layers.25.attn.output_proj,9492,9492,2,0,547,10,:9:10:547,----:fsdp:forward:all_gather:layers.25.attn.output_proj
154634014,154672630,38616,0,38616,:fsdp:forward:compute:layers.25.attn.v_proj,9491,9491,2,0,1229,691,:690:691:1229,----:fsdp:forward:compute:layers.25.attn.v_proj
154670154,154709007,38853,0,38853,:fsdp:forward:compute:layers.25.attn.v_proj,9492,9492,2,0,548,10,:9:10:548,----:fsdp:forward:compute:layers.25.attn.v_proj
165890744,165956101,65357,0,65357,:fsdp:forward:wait_weights:layers.25.attn.output_proj,9491,9491,2,0,1230,691,:690:691:1230,----:fsdp:forward:wait_weights:layers.25.attn.output_proj
165923904,165986010,62106,0,62106,:fsdp:forward:wait_weights:layers.25.attn.output_proj,9492,9492,2,0,549,10,:9:10:549,----:fsdp:forward:wait_weights:layers.25.attn.output_proj
166000880,166186272,185392,0,185392,:fsdp:forward:all_gather:layers.25.ffn.w1,9491,9491,2,0,1231,691,:690:691:1231,----:fsdp:forward:all_gather:layers.25.ffn.w1
166030357,166207524,177167,0,177167,:fsdp:forward:all_gather:layers.25.ffn.w1,9492,9492,2,0,550,10,:9:10:550,----:fsdp:forward:all_gather:layers.25.ffn.w1
166197648,166249425,51777,0,51777,:fsdp:forward:compute:layers.25.attn.output_proj,9491,9491,2,0,1232,691,:690:691:1232,----:fsdp:forward:compute:layers.25.attn.output_proj
166218802,166270194,51392,0,51392,:fsdp:forward:compute:layers.25.attn.output_proj,9492,9492,2,0,551,10,:9:10:551,----:fsdp:forward:compute:layers.25.attn.output_proj
166453777,166497528,43751,0,43751,:fsdp:forward:wait_weights:layers.25.ffn.w1,9491,9491,2,0,1233,691,:690:691:1233,----:fsdp:forward:wait_weights:layers.25.ffn.w1
166480859,166525384,44525,0,44525,:fsdp:forward:wait_weights:layers.25.ffn.w1,9492,9492,2,0,552,10,:9:10:552,----:fsdp:forward:wait_weights:layers.25.ffn.w1
166528486,166692246,163760,0,163760,:fsdp:forward:all_gather:layers.25.ffn.w3,9491,9491,2,0,1234,691,:690:691:1234,----:fsdp:forward:all_gather:layers.25.ffn.w3
166568341,166726209,157868,0,157868,:fsdp:forward:all_gather:layers.25.ffn.w3,9492,9492,2,0,553,10,:9:10:553,----:fsdp:forward:all_gather:layers.25.ffn.w3
166700729,166758745,58016,0,58016,:fsdp:forward:compute:layers.25.ffn.w1,9491,9491,2,0,1235,691,:690:691:1235,----:fsdp:forward:compute:layers.25.ffn.w1
166735160,166794781,59621,0,59621,:fsdp:forward:compute:layers.25.ffn.w1,9492,9492,2,0,554,10,:9:10:554,----:fsdp:forward:compute:layers.25.ffn.w1
166843303,167217410,374107,0,374107,:fsdp:forward:wait_weights:layers.25.ffn.w3,9491,9491,2,0,1236,691,:690:691:1236,----:fsdp:forward:wait_weights:layers.25.ffn.w3
166877297,167199757,322460,0,322460,:fsdp:forward:wait_weights:layers.25.ffn.w3,9492,9492,2,0,555,10,:9:10:555,----:fsdp:forward:wait_weights:layers.25.ffn.w3
167243072,167413565,170493,0,170493,:fsdp:forward:all_gather:layers.25.ffn.w2,9492,9492,2,0,556,10,:9:10:556,----:fsdp:forward:all_gather:layers.25.ffn.w2
167261324,167445663,184339,0,184339,:fsdp:forward:all_gather:layers.25.ffn.w2,9491,9491,2,0,1237,691,:690:691:1237,----:fsdp:forward:all_gather:layers.25.ffn.w2
167423000,167788791,365791,0,365791,:fsdp:forward:compute:layers.25.ffn.w3,9492,9492,2,0,557,10,:9:10:557,----:fsdp:forward:compute:layers.25.ffn.w3
167455515,167760535,305020,0,305020,:fsdp:forward:compute:layers.25.ffn.w3,9491,9491,2,0,1238,691,:690:691:1238,----:fsdp:forward:compute:layers.25.ffn.w3
167847386,168170517,323131,0,323131,:fsdp:forward:wait_weights:layers.25.ffn.w2,9491,9491,2,0,1239,691,:690:691:1239,----:fsdp:forward:wait_weights:layers.25.ffn.w2
167876990,168149514,272524,0,272524,:fsdp:forward:wait_weights:layers.25.ffn.w2,9492,9492,2,0,558,10,:9:10:558,----:fsdp:forward:wait_weights:layers.25.ffn.w2
168193734,168370072,176338,0,176338,:fsdp:forward:all_gather:layers.26.attn.q_proj,9492,9492,2,0,559,10,:9:10:559,----:fsdp:forward:all_gather:layers.26.attn.q_proj
168214075,168389722,175647,0,175647,:fsdp:forward:all_gather:layers.26.attn.q_proj,9491,9491,2,0,1240,691,:690:691:1240,----:fsdp:forward:all_gather:layers.26.attn.q_proj
168380078,168443067,62989,0,62989,:fsdp:forward:compute:layers.25.ffn.w2,9492,9492,2,0,560,10,:9:10:560,----:fsdp:forward:compute:layers.25.ffn.w2
168400230,168467604,67374,0,67374,:fsdp:forward:compute:layers.25.ffn.w2,9491,9491,2,0,1241,691,:690:691:1241,----:fsdp:forward:compute:layers.25.ffn.w2
168652357,168697553,45196,0,45196,:fsdp:forward:wait_weights:layers.26.attn.q_proj,9492,9492,2,0,561,10,:9:10:561,----:fsdp:forward:wait_weights:layers.26.attn.q_proj
168671721,168716176,44455,0,44455,:fsdp:forward:wait_weights:layers.26.attn.q_proj,9491,9491,2,0,1242,691,:690:691:1242,----:fsdp:forward:wait_weights:layers.26.attn.q_proj
168731697,168884052,152355,0,152355,:fsdp:forward:all_gather:layers.26.attn.k_proj,9492,9492,2,0,562,10,:9:10:562,----:fsdp:forward:all_gather:layers.26.attn.k_proj
168749579,168896236,146657,0,146657,:fsdp:forward:all_gather:layers.26.attn.k_proj,9491,9491,2,0,1243,691,:690:691:1243,----:fsdp:forward:all_gather:layers.26.attn.k_proj
168892923,168943712,50789,0,50789,:fsdp:forward:compute:layers.26.attn.q_proj,9492,9492,2,0,563,10,:9:10:563,----:fsdp:forward:compute:layers.26.attn.q_proj
168905651,168954697,49046,0,49046,:fsdp:forward:compute:layers.26.attn.q_proj,9491,9491,2,0,1244,691,:690:691:1244,----:fsdp:forward:compute:layers.26.attn.q_proj
168988696,169028159,39463,0,39463,:fsdp:forward:wait_weights:layers.26.attn.k_proj,9492,9492,2,0,564,10,:9:10:564,----:fsdp:forward:wait_weights:layers.26.attn.k_proj
168999695,169040222,40527,0,40527,:fsdp:forward:wait_weights:layers.26.attn.k_proj,9491,9491,2,0,1245,691,:690:691:1245,----:fsdp:forward:wait_weights:layers.26.attn.k_proj
169057797,169194547,136750,0,136750,:fsdp:forward:all_gather:layers.26.attn.v_proj,9492,9492,2,0,565,10,:9:10:565,----:fsdp:forward:all_gather:layers.26.attn.v_proj
169071457,169204173,132716,0,132716,:fsdp:forward:all_gather:layers.26.attn.v_proj,9491,9491,2,0,1246,691,:690:691:1246,----:fsdp:forward:all_gather:layers.26.attn.v_proj
169202861,169243070,40209,0,40209,:fsdp:forward:compute:layers.26.attn.k_proj,9492,9492,2,0,566,10,:9:10:566,----:fsdp:forward:compute:layers.26.attn.k_proj
169212907,169252188,39281,0,39281,:fsdp:forward:compute:layers.26.attn.k_proj,9491,9491,2,0,1247,691,:690:691:1247,----:fsdp:forward:compute:layers.26.attn.k_proj
169280449,169316089,35640,0,35640,:fsdp:forward:wait_weights:layers.26.attn.v_proj,9492,9492,2,0,567,10,:9:10:567,----:fsdp:forward:wait_weights:layers.26.attn.v_proj
169288915,169324835,35920,0,35920,:fsdp:forward:wait_weights:layers.26.attn.v_proj,9491,9491,2,0,1248,691,:690:691:1248,----:fsdp:forward:wait_weights:layers.26.attn.v_proj
169342554,169462717,120163,0,120163,:fsdp:forward:all_gather:layers.26.attn.output_proj,9492,9492,2,0,568,10,:9:10:568,----:fsdp:forward:all_gather:layers.26.attn.output_proj
169352010,169467476,115466,0,115466,:fsdp:forward:all_gather:layers.26.attn.output_proj,9491,9491,2,0,1249,691,:690:691:1249,----:fsdp:forward:all_gather:layers.26.attn.output_proj
169470520,169506343,35823,0,35823,:fsdp:forward:compute:layers.26.attn.v_proj,9492,9492,2,0,569,10,:9:10:569,----:fsdp:forward:compute:layers.26.attn.v_proj
169475020,169510869,35849,0,35849,:fsdp:forward:compute:layers.26.attn.v_proj,9491,9491,2,0,1250,691,:690:691:1250,----:fsdp:forward:compute:layers.26.attn.v_proj
178933929,179000041,66112,0,66112,:fsdp:forward:wait_weights:layers.26.attn.output_proj,9491,9491,2,0,1251,691,:690:691:1251,----:fsdp:forward:wait_weights:layers.26.attn.output_proj
178964538,179023664,59126,0,59126,:fsdp:forward:wait_weights:layers.26.attn.output_proj,9492,9492,2,0,570,10,:9:10:570,----:fsdp:forward:wait_weights:layers.26.attn.output_proj
179045635,179226714,181079,0,181079,:fsdp:forward:all_gather:layers.26.ffn.w1,9491,9491,2,0,1252,691,:690:691:1252,----:fsdp:forward:all_gather:layers.26.ffn.w1
179070296,179248417,178121,0,178121,:fsdp:forward:all_gather:layers.26.ffn.w1,9492,9492,2,0,571,10,:9:10:571,----:fsdp:forward:all_gather:layers.26.ffn.w1
179237367,179290501,53134,0,53134,:fsdp:forward:compute:layers.26.attn.output_proj,9491,9491,2,0,1253,691,:690:691:1253,----:fsdp:forward:compute:layers.26.attn.output_proj
179260265,179311019,50754,0,50754,:fsdp:forward:compute:layers.26.attn.output_proj,9492,9492,2,0,572,10,:9:10:572,----:fsdp:forward:compute:layers.26.attn.output_proj
179493306,179540144,46838,0,46838,:fsdp:forward:wait_weights:layers.26.ffn.w1,9491,9491,2,0,1254,691,:690:691:1254,----:fsdp:forward:wait_weights:layers.26.ffn.w1
179520081,179564952,44871,0,44871,:fsdp:forward:wait_weights:layers.26.ffn.w1,9492,9492,2,0,573,10,:9:10:573,----:fsdp:forward:wait_weights:layers.26.ffn.w1
179572291,179722875,150584,0,150584,:fsdp:forward:all_gather:layers.26.ffn.w3,9491,9491,2,0,1255,691,:690:691:1255,----:fsdp:forward:all_gather:layers.26.ffn.w3
179597888,179750627,152739,0,152739,:fsdp:forward:all_gather:layers.26.ffn.w3,9492,9492,2,0,574,10,:9:10:574,----:fsdp:forward:all_gather:layers.26.ffn.w3
179731759,179789416,57657,0,57657,:fsdp:forward:compute:layers.26.ffn.w1,9491,9491,2,0,1256,691,:690:691:1256,----:fsdp:forward:compute:layers.26.ffn.w1
179759669,179818148,58479,0,58479,:fsdp:forward:compute:layers.26.ffn.w1,9492,9492,2,0,575,10,:9:10:575,----:fsdp:forward:compute:layers.26.ffn.w1
179869967,180240760,370793,0,370793,:fsdp:forward:wait_weights:layers.26.ffn.w3,9491,9491,2,0,1257,691,:690:691:1257,----:fsdp:forward:wait_weights:layers.26.ffn.w3
179900203,180210463,310260,0,310260,:fsdp:forward:wait_weights:layers.26.ffn.w3,9492,9492,2,0,576,10,:9:10:576,----:fsdp:forward:wait_weights:layers.26.ffn.w3
180254060,180427280,173220,0,173220,:fsdp:forward:all_gather:layers.26.ffn.w2,9492,9492,2,0,577,10,:9:10:577,----:fsdp:forward:all_gather:layers.26.ffn.w2
180283996,180466629,182633,0,182633,:fsdp:forward:all_gather:layers.26.ffn.w2,9491,9491,2,0,1258,691,:690:691:1258,----:fsdp:forward:all_gather:layers.26.ffn.w2
180437920,180808863,370943,0,370943,:fsdp:forward:compute:layers.26.ffn.w3,9492,9492,2,0,578,10,:9:10:578,----:fsdp:forward:compute:layers.26.ffn.w3
180477945,180783889,305944,0,305944,:fsdp:forward:compute:layers.26.ffn.w3,9491,9491,2,0,1259,691,:690:691:1259,----:fsdp:forward:compute:layers.26.ffn.w3
180872886,181131273,258387,0,258387,:fsdp:forward:wait_weights:layers.26.ffn.w2,9491,9491,2,0,1260,691,:690:691:1260,----:fsdp:forward:wait_weights:layers.26.ffn.w2
180904556,181179467,274911,0,274911,:fsdp:forward:wait_weights:layers.26.ffn.w2,9492,9492,2,0,579,10,:9:10:579,----:fsdp:forward:wait_weights:layers.26.ffn.w2
181174737,181354871,180134,0,180134,:fsdp:forward:all_gather:layers.27.attn.q_proj,9491,9491,2,0,1261,691,:690:691:1261,----:fsdp:forward:all_gather:layers.27.attn.q_proj
181225520,181410622,185102,0,185102,:fsdp:forward:all_gather:layers.27.attn.q_proj,9492,9492,2,0,580,10,:9:10:580,----:fsdp:forward:all_gather:layers.27.attn.q_proj
181365920,181434573,68653,0,68653,:fsdp:forward:compute:layers.26.ffn.w2,9491,9491,2,0,1262,691,:690:691:1262,----:fsdp:forward:compute:layers.26.ffn.w2
181421699,181486981,65282,0,65282,:fsdp:forward:compute:layers.26.ffn.w2,9492,9492,2,0,581,10,:9:10:581,----:fsdp:forward:compute:layers.26.ffn.w2
181644605,181692031,47426,0,47426,:fsdp:forward:wait_weights:layers.27.attn.q_proj,9491,9491,2,0,1263,691,:690:691:1263,----:fsdp:forward:wait_weights:layers.27.attn.q_proj
181698217,181744069,45852,0,45852,:fsdp:forward:wait_weights:layers.27.attn.q_proj,9492,9492,2,0,582,10,:9:10:582,----:fsdp:forward:wait_weights:layers.27.attn.q_proj
181727018,181883282,156264,0,156264,:fsdp:forward:all_gather:layers.27.attn.k_proj,9491,9491,2,0,1264,691,:690:691:1264,----:fsdp:forward:all_gather:layers.27.attn.k_proj
181778033,181928566,150533,0,150533,:fsdp:forward:all_gather:layers.27.attn.k_proj,9492,9492,2,0,583,10,:9:10:583,----:fsdp:forward:all_gather:layers.27.attn.k_proj
181892039,181941573,49534,0,49534,:fsdp:forward:compute:layers.27.attn.q_proj,9491,9491,2,0,1265,691,:690:691:1265,----:fsdp:forward:compute:layers.27.attn.q_proj
181937212,181987535,50323,0,50323,:fsdp:forward:compute:layers.27.attn.q_proj,9492,9492,2,0,584,10,:9:10:584,----:fsdp:forward:compute:layers.27.attn.q_proj
181983538,182022935,39397,0,39397,:fsdp:forward:wait_weights:layers.27.attn.k_proj,9491,9491,2,0,1266,691,:690:691:1266,----:fsdp:forward:wait_weights:layers.27.attn.k_proj
182030239,182070138,39899,0,39899,:fsdp:forward:wait_weights:layers.27.attn.k_proj,9492,9492,2,0,585,10,:9:10:585,----:fsdp:forward:wait_weights:layers.27.attn.k_proj
182051723,182179846,128123,0,128123,:fsdp:forward:all_gather:layers.27.attn.v_proj,9491,9491,2,0,1267,691,:690:691:1267,----:fsdp:forward:all_gather:layers.27.attn.v_proj
182099303,182228667,129364,0,129364,:fsdp:forward:all_gather:layers.27.attn.v_proj,9492,9492,2,0,586,10,:9:10:586,----:fsdp:forward:all_gather:layers.27.attn.v_proj
182187972,182226703,38731,0,38731,:fsdp:forward:compute:layers.27.attn.k_proj,9491,9491,2,0,1268,691,:690:691:1268,----:fsdp:forward:compute:layers.27.attn.k_proj
182236265,182275897,39632,0,39632,:fsdp:forward:compute:layers.27.attn.k_proj,9492,9492,2,0,587,10,:9:10:587,----:fsdp:forward:compute:layers.27.attn.k_proj
182261902,182297767,35865,0,35865,:fsdp:forward:wait_weights:layers.27.attn.v_proj,9491,9491,2,0,1269,691,:690:691:1269,----:fsdp:forward:wait_weights:layers.27.attn.v_proj
182313028,182349397,36369,0,36369,:fsdp:forward:wait_weights:layers.27.attn.v_proj,9492,9492,2,0,588,10,:9:10:588,----:fsdp:forward:wait_weights:layers.27.attn.v_proj
182324287,182440523,116236,0,116236,:fsdp:forward:all_gather:layers.27.attn.output_proj,9491,9491,2,0,1270,691,:690:691:1270,----:fsdp:forward:all_gather:layers.27.attn.output_proj
182376491,182501552,125061,0,125061,:fsdp:forward:all_gather:layers.27.attn.output_proj,9492,9492,2,0,589,10,:9:10:589,----:fsdp:forward:all_gather:layers.27.attn.output_proj
182447764,182482903,35139,0,35139,:fsdp:forward:compute:layers.27.attn.v_proj,9491,9491,2,0,1271,691,:690:691:1271,----:fsdp:forward:compute:layers.27.attn.v_proj
182509247,182555482,46235,0,46235,:fsdp:forward:compute:layers.27.attn.v_proj,9492,9492,2,0,590,10,:9:10:590,----:fsdp:forward:compute:layers.27.attn.v_proj
195225721,195284190,58469,0,58469,:fsdp:forward:wait_weights:layers.27.attn.output_proj,9492,9492,2,0,591,10,:9:10:591,----:fsdp:forward:wait_weights:layers.27.attn.output_proj
195230022,195289822,59800,0,59800,:fsdp:forward:wait_weights:layers.27.attn.output_proj,9491,9491,2,0,1272,691,:690:691:1272,----:fsdp:forward:wait_weights:layers.27.attn.output_proj
195328111,195506223,178112,0,178112,:fsdp:forward:all_gather:layers.27.ffn.w1,9492,9492,2,0,592,10,:9:10:592,----:fsdp:forward:all_gather:layers.27.ffn.w1
195335877,195515355,179478,0,179478,:fsdp:forward:all_gather:layers.27.ffn.w1,9491,9491,2,0,1273,691,:690:691:1273,----:fsdp:forward:all_gather:layers.27.ffn.w1
195517395,195567693,50298,0,50298,:fsdp:forward:compute:layers.27.attn.output_proj,9492,9492,2,0,593,10,:9:10:593,----:fsdp:forward:compute:layers.27.attn.output_proj
195526967,195578627,51660,0,51660,:fsdp:forward:compute:layers.27.attn.output_proj,9491,9491,2,0,1274,691,:690:691:1274,----:fsdp:forward:compute:layers.27.attn.output_proj
195778387,195825226,46839,0,46839,:fsdp:forward:wait_weights:layers.27.ffn.w1,9492,9492,2,0,594,10,:9:10:594,----:fsdp:forward:wait_weights:layers.27.ffn.w1
195784343,195829281,44938,0,44938,:fsdp:forward:wait_weights:layers.27.ffn.w1,9491,9491,2,0,1275,691,:690:691:1275,----:fsdp:forward:wait_weights:layers.27.ffn.w1
195858077,196011870,153793,0,153793,:fsdp:forward:all_gather:layers.27.ffn.w3,9492,9492,2,0,595,10,:9:10:595,----:fsdp:forward:all_gather:layers.27.ffn.w3
195862497,196015297,152800,0,152800,:fsdp:forward:all_gather:layers.27.ffn.w3,9491,9491,2,0,1276,691,:690:691:1276,----:fsdp:forward:all_gather:layers.27.ffn.w3
196021691,196081342,59651,0,59651,:fsdp:forward:compute:layers.27.ffn.w1,9492,9492,2,0,596,10,:9:10:596,----:fsdp:forward:compute:layers.27.ffn.w1
196024786,196082623,57837,0,57837,:fsdp:forward:compute:layers.27.ffn.w1,9491,9491,2,0,1277,691,:690:691:1277,----:fsdp:forward:compute:layers.27.ffn.w1
196161736,196532958,371222,0,371222,:fsdp:forward:wait_weights:layers.27.ffn.w3,9491,9491,2,0,1278,691,:690:691:1278,----:fsdp:forward:wait_weights:layers.27.ffn.w3
196163243,196505849,342606,0,342606,:fsdp:forward:wait_weights:layers.27.ffn.w3,9492,9492,2,0,597,10,:9:10:597,----:fsdp:forward:wait_weights:layers.27.ffn.w3
196547644,196717237,169593,0,169593,:fsdp:forward:all_gather:layers.27.ffn.w2,9492,9492,2,0,598,10,:9:10:598,----:fsdp:forward:all_gather:layers.27.ffn.w2
196576366,196749145,172779,0,172779,:fsdp:forward:all_gather:layers.27.ffn.w2,9491,9491,2,0,1279,691,:690:691:1279,----:fsdp:forward:all_gather:layers.27.ffn.w2
196727174,197038323,311149,0,311149,:fsdp:forward:compute:layers.27.ffn.w3,9492,9492,2,0,599,10,:9:10:599,----:fsdp:forward:compute:layers.27.ffn.w3
196759067,197089375,330308,0,330308,:fsdp:forward:compute:layers.27.ffn.w3,9491,9491,2,0,1280,691,:690:691:1280,----:fsdp:forward:compute:layers.27.ffn.w3
197128161,197398770,270609,0,270609,:fsdp:forward:wait_weights:layers.27.ffn.w2,9492,9492,2,0,600,10,:9:10:600,----:fsdp:forward:wait_weights:layers.27.ffn.w2
197176644,197450755,274111,0,274111,:fsdp:forward:wait_weights:layers.27.ffn.w2,9491,9491,2,0,1281,691,:690:691:1281,----:fsdp:forward:wait_weights:layers.27.ffn.w2
197443828,197621362,177534,0,177534,:fsdp:forward:all_gather:layers.28.attn.q_proj,9492,9492,2,0,601,10,:9:10:601,----:fsdp:forward:all_gather:layers.28.attn.q_proj
197496469,197683459,186990,0,186990,:fsdp:forward:all_gather:layers.28.attn.q_proj,9491,9491,2,0,1282,691,:690:691:1282,----:fsdp:forward:all_gather:layers.28.attn.q_proj
197631966,197697264,65298,0,65298,:fsdp:forward:compute:layers.27.ffn.w2,9492,9492,2,0,602,10,:9:10:602,----:fsdp:forward:compute:layers.27.ffn.w2
197694692,197762927,68235,0,68235,:fsdp:forward:compute:layers.27.ffn.w2,9491,9491,2,0,1283,691,:690:691:1283,----:fsdp:forward:compute:layers.27.ffn.w2
197902376,197947552,45176,0,45176,:fsdp:forward:wait_weights:layers.28.attn.q_proj,9492,9492,2,0,603,10,:9:10:603,----:fsdp:forward:wait_weights:layers.28.attn.q_proj
197975834,198022653,46819,0,46819,:fsdp:forward:wait_weights:layers.28.attn.q_proj,9491,9491,2,0,1284,691,:690:691:1284,----:fsdp:forward:wait_weights:layers.28.attn.q_proj
197981148,198130522,149374,0,149374,:fsdp:forward:all_gather:layers.28.attn.k_proj,9492,9492,2,0,604,10,:9:10:604,----:fsdp:forward:all_gather:layers.28.attn.k_proj
198056342,198213932,157590,0,157590,:fsdp:forward:all_gather:layers.28.attn.k_proj,9491,9491,2,0,1285,691,:690:691:1285,----:fsdp:forward:all_gather:layers.28.attn.k_proj
198138994,198191074,52080,0,52080,:fsdp:forward:compute:layers.28.attn.q_proj,9492,9492,2,0,605,10,:9:10:605,----:fsdp:forward:compute:layers.28.attn.q_proj
198223082,198274023,50941,0,50941,:fsdp:forward:compute:layers.28.attn.q_proj,9491,9491,2,0,1286,691,:690:691:1286,----:fsdp:forward:compute:layers.28.attn.q_proj
198233761,198272075,38314,0,38314,:fsdp:forward:wait_weights:layers.28.attn.k_proj,9492,9492,2,0,606,10,:9:10:606,----:fsdp:forward:wait_weights:layers.28.attn.k_proj
198301090,198425962,124872,0,124872,:fsdp:forward:all_gather:layers.28.attn.v_proj,9492,9492,2,0,607,10,:9:10:607,----:fsdp:forward:all_gather:layers.28.attn.v_proj
198316631,198356320,39689,0,39689,:fsdp:forward:wait_weights:layers.28.attn.k_proj,9491,9491,2,0,1287,691,:690:691:1287,----:fsdp:forward:wait_weights:layers.28.attn.k_proj
198385560,198517132,131572,0,131572,:fsdp:forward:all_gather:layers.28.attn.v_proj,9491,9491,2,0,1288,691,:690:691:1288,----:fsdp:forward:all_gather:layers.28.attn.v_proj
198433485,198477825,44340,0,44340,:fsdp:forward:compute:layers.28.attn.k_proj,9492,9492,2,0,608,10,:9:10:608,----:fsdp:forward:compute:layers.28.attn.k_proj
198516613,198563522,46909,0,46909,:fsdp:forward:wait_weights:layers.28.attn.v_proj,9492,9492,2,0,609,10,:9:10:609,----:fsdp:forward:wait_weights:layers.28.attn.v_proj
198525251,198578723,53472,0,53472,:fsdp:forward:compute:layers.28.attn.k_proj,9491,9491,2,0,1289,691,:690:691:1289,----:fsdp:forward:compute:layers.28.attn.k_proj
198590744,198715874,125130,0,125130,:fsdp:forward:all_gather:layers.28.attn.output_proj,9492,9492,2,0,610,10,:9:10:610,----:fsdp:forward:all_gather:layers.28.attn.output_proj
198617858,198655915,38057,0,38057,:fsdp:forward:wait_weights:layers.28.attn.v_proj,9491,9491,2,0,1290,691,:690:691:1290,----:fsdp:forward:wait_weights:layers.28.attn.v_proj
198683730,198811221,127491,0,127491,:fsdp:forward:all_gather:layers.28.attn.output_proj,9491,9491,2,0,1291,691,:690:691:1291,----:fsdp:forward:all_gather:layers.28.attn.output_proj
198724003,198763181,39178,0,39178,:fsdp:forward:compute:layers.28.attn.v_proj,9492,9492,2,0,611,10,:9:10:611,----:fsdp:forward:compute:layers.28.attn.v_proj
198819308,198857069,37761,0,37761,:fsdp:forward:compute:layers.28.attn.v_proj,9491,9491,2,0,1292,691,:690:691:1292,----:fsdp:forward:compute:layers.28.attn.v_proj
207784070,207846095,62025,0,62025,:fsdp:forward:wait_weights:layers.28.attn.output_proj,9491,9491,2,0,1293,691,:690:691:1293,----:fsdp:forward:wait_weights:layers.28.attn.output_proj
207833514,207890604,57090,0,57090,:fsdp:forward:wait_weights:layers.28.attn.output_proj,9492,9492,2,0,612,10,:9:10:612,----:fsdp:forward:wait_weights:layers.28.attn.output_proj
207890979,208071791,180812,0,180812,:fsdp:forward:all_gather:layers.28.ffn.w1,9491,9491,2,0,1294,691,:690:691:1294,----:fsdp:forward:all_gather:layers.28.ffn.w1
207934256,208115296,181040,0,181040,:fsdp:forward:all_gather:layers.28.ffn.w1,9492,9492,2,0,613,10,:9:10:613,----:fsdp:forward:all_gather:layers.28.ffn.w1
208083168,208135058,51890,0,51890,:fsdp:forward:compute:layers.28.attn.output_proj,9491,9491,2,0,1295,691,:690:691:1295,----:fsdp:forward:compute:layers.28.attn.output_proj
208126400,208174289,47889,0,47889,:fsdp:forward:compute:layers.28.attn.output_proj,9492,9492,2,0,614,10,:9:10:614,----:fsdp:forward:compute:layers.28.attn.output_proj
208341137,208385237,44100,0,44100,:fsdp:forward:wait_weights:layers.28.ffn.w1,9491,9491,2,0,1296,691,:690:691:1296,----:fsdp:forward:wait_weights:layers.28.ffn.w1
208385670,208430793,45123,0,45123,:fsdp:forward:wait_weights:layers.28.ffn.w1,9492,9492,2,0,615,10,:9:10:615,----:fsdp:forward:wait_weights:layers.28.ffn.w1
208419147,208570217,151070,0,151070,:fsdp:forward:all_gather:layers.28.ffn.w3,9491,9491,2,0,1297,691,:690:691:1297,----:fsdp:forward:all_gather:layers.28.ffn.w3
208464625,208616669,152044,0,152044,:fsdp:forward:all_gather:layers.28.ffn.w3,9492,9492,2,0,616,10,:9:10:616,----:fsdp:forward:all_gather:layers.28.ffn.w3
208580222,208638212,57990,0,57990,:fsdp:forward:compute:layers.28.ffn.w1,9491,9491,2,0,1298,691,:690:691:1298,----:fsdp:forward:compute:layers.28.ffn.w1
208626370,208685288,58918,0,58918,:fsdp:forward:compute:layers.28.ffn.w1,9492,9492,2,0,617,10,:9:10:617,----:fsdp:forward:compute:layers.28.ffn.w1
208720730,209033083,312353,0,312353,:fsdp:forward:wait_weights:layers.28.ffn.w3,9491,9491,2,0,1299,691,:690:691:1299,----:fsdp:forward:wait_weights:layers.28.ffn.w3
208772782,209091695,318913,0,318913,:fsdp:forward:wait_weights:layers.28.ffn.w3,9492,9492,2,0,618,10,:9:10:618,----:fsdp:forward:wait_weights:layers.28.ffn.w3
209078910,209336855,257945,0,257945,:fsdp:forward:all_gather:layers.28.ffn.w2,9491,9491,2,0,1300,691,:690:691:1300,----:fsdp:forward:all_gather:layers.28.ffn.w2
209135072,209388203,253131,0,253131,:fsdp:forward:all_gather:layers.28.ffn.w2,9492,9492,2,0,619,10,:9:10:619,----:fsdp:forward:all_gather:layers.28.ffn.w2
209349191,209673910,324719,0,324719,:fsdp:forward:compute:layers.28.ffn.w3,9491,9491,2,0,1301,691,:690:691:1301,----:fsdp:forward:compute:layers.28.ffn.w3
209399642,209720397,320755,0,320755,:fsdp:forward:compute:layers.28.ffn.w3,9492,9492,2,0,620,10,:9:10:620,----:fsdp:forward:compute:layers.28.ffn.w3
209769802,210045714,275912,0,275912,:fsdp:forward:wait_weights:layers.28.ffn.w2,9491,9491,2,0,1302,691,:690:691:1302,----:fsdp:forward:wait_weights:layers.28.ffn.w2
209809883,210086188,276305,0,276305,:fsdp:forward:wait_weights:layers.28.ffn.w2,9492,9492,2,0,621,10,:9:10:621,----:fsdp:forward:wait_weights:layers.28.ffn.w2
210092164,210276050,183886,0,183886,:fsdp:forward:all_gather:layers.29.attn.q_proj,9491,9491,2,0,1303,691,:690:691:1303,----:fsdp:forward:all_gather:layers.29.attn.q_proj
210130527,210308260,177733,0,177733,:fsdp:forward:all_gather:layers.29.attn.q_proj,9492,9492,2,0,622,10,:9:10:622,----:fsdp:forward:all_gather:layers.29.attn.q_proj
210287414,210356933,69519,0,69519,:fsdp:forward:compute:layers.28.ffn.w2,9491,9491,2,0,1304,691,:690:691:1304,----:fsdp:forward:compute:layers.28.ffn.w2
210318319,210381682,63363,0,63363,:fsdp:forward:compute:layers.28.ffn.w2,9492,9492,2,0,623,10,:9:10:623,----:fsdp:forward:compute:layers.28.ffn.w2
210574958,210620953,45995,0,45995,:fsdp:forward:wait_weights:layers.29.attn.q_proj,9491,9491,2,0,1305,691,:690:691:1305,----:fsdp:forward:wait_weights:layers.29.attn.q_proj
210603898,210651173,47275,0,47275,:fsdp:forward:wait_weights:layers.29.attn.q_proj,9492,9492,2,0,624,10,:9:10:624,----:fsdp:forward:wait_weights:layers.29.attn.q_proj
210655401,210809193,153792,0,153792,:fsdp:forward:all_gather:layers.29.attn.k_proj,9491,9491,2,0,1306,691,:690:691:1306,----:fsdp:forward:all_gather:layers.29.attn.k_proj
210685427,210834219,148792,0,148792,:fsdp:forward:all_gather:layers.29.attn.k_proj,9492,9492,2,0,625,10,:9:10:625,----:fsdp:forward:all_gather:layers.29.attn.k_proj
210818280,210869219,50939,0,50939,:fsdp:forward:compute:layers.29.attn.q_proj,9491,9491,2,0,1307,691,:690:691:1307,----:fsdp:forward:compute:layers.29.attn.q_proj
210842783,210893530,50747,0,50747,:fsdp:forward:compute:layers.29.attn.q_proj,9492,9492,2,0,626,10,:9:10:626,----:fsdp:forward:compute:layers.29.attn.q_proj
210913492,210955136,41644,0,41644,:fsdp:forward:wait_weights:layers.29.attn.k_proj,9491,9491,2,0,1308,691,:690:691:1308,----:fsdp:forward:wait_weights:layers.29.attn.k_proj
210935522,210974051,38529,0,38529,:fsdp:forward:wait_weights:layers.29.attn.k_proj,9492,9492,2,0,627,10,:9:10:627,----:fsdp:forward:wait_weights:layers.29.attn.k_proj
210984625,211119030,134405,0,134405,:fsdp:forward:all_gather:layers.29.attn.v_proj,9491,9491,2,0,1309,691,:690:691:1309,----:fsdp:forward:all_gather:layers.29.attn.v_proj
211002441,211130058,127617,0,127617,:fsdp:forward:all_gather:layers.29.attn.v_proj,9492,9492,2,0,628,10,:9:10:628,----:fsdp:forward:all_gather:layers.29.attn.v_proj
211126949,211166894,39945,0,39945,:fsdp:forward:compute:layers.29.attn.k_proj,9491,9491,2,0,1310,691,:690:691:1310,----:fsdp:forward:compute:layers.29.attn.k_proj
211137717,211177212,39495,0,39495,:fsdp:forward:compute:layers.29.attn.k_proj,9492,9492,2,0,629,10,:9:10:629,----:fsdp:forward:compute:layers.29.attn.k_proj
211204565,211240612,36047,0,36047,:fsdp:forward:wait_weights:layers.29.attn.v_proj,9491,9491,2,0,1311,691,:690:691:1311,----:fsdp:forward:wait_weights:layers.29.attn.v_proj
211214029,211249760,35731,0,35731,:fsdp:forward:wait_weights:layers.29.attn.v_proj,9492,9492,2,0,630,10,:9:10:630,----:fsdp:forward:wait_weights:layers.29.attn.v_proj
211268538,211394706,126168,0,126168,:fsdp:forward:all_gather:layers.29.attn.output_proj,9491,9491,2,0,1312,691,:690:691:1312,----:fsdp:forward:all_gather:layers.29.attn.output_proj
211277077,211393291,116214,0,116214,:fsdp:forward:all_gather:layers.29.attn.output_proj,9492,9492,2,0,631,10,:9:10:631,----:fsdp:forward:all_gather:layers.29.attn.output_proj
211401055,211436620,35565,0,35565,:fsdp:forward:compute:layers.29.attn.v_proj,9492,9492,2,0,632,10,:9:10:632,----:fsdp:forward:compute:layers.29.attn.v_proj
211403441,211442325,38884,0,38884,:fsdp:forward:compute:layers.29.attn.v_proj,9491,9491,2,0,1313,691,:690:691:1313,----:fsdp:forward:compute:layers.29.attn.v_proj
220803421,220867844,64423,0,64423,:fsdp:forward:wait_weights:layers.29.attn.output_proj,9492,9492,2,0,633,10,:9:10:633,----:fsdp:forward:wait_weights:layers.29.attn.output_proj
220853010,220911818,58808,0,58808,:fsdp:forward:wait_weights:layers.29.attn.output_proj,9491,9491,2,0,1314,691,:690:691:1314,----:fsdp:forward:wait_weights:layers.29.attn.output_proj
220913792,221090924,177132,0,177132,:fsdp:forward:all_gather:layers.29.ffn.w1,9492,9492,2,0,634,10,:9:10:634,----:fsdp:forward:all_gather:layers.29.ffn.w1
220957199,221131682,174483,0,174483,:fsdp:forward:all_gather:layers.29.ffn.w1,9491,9491,2,0,1315,691,:690:691:1315,----:fsdp:forward:all_gather:layers.29.ffn.w1
221102333,221152911,50578,0,50578,:fsdp:forward:compute:layers.29.attn.output_proj,9492,9492,2,0,635,10,:9:10:635,----:fsdp:forward:compute:layers.29.attn.output_proj
221142585,221193720,51135,0,51135,:fsdp:forward:compute:layers.29.attn.output_proj,9491,9491,2,0,1316,691,:690:691:1316,----:fsdp:forward:compute:layers.29.attn.output_proj
221359484,221406272,46788,0,46788,:fsdp:forward:wait_weights:layers.29.ffn.w1,9492,9492,2,0,636,10,:9:10:636,----:fsdp:forward:wait_weights:layers.29.ffn.w1
221411568,221462921,51353,0,51353,:fsdp:forward:wait_weights:layers.29.ffn.w1,9491,9491,2,0,1317,691,:690:691:1317,----:fsdp:forward:wait_weights:layers.29.ffn.w1
221439586,221594676,155090,0,155090,:fsdp:forward:all_gather:layers.29.ffn.w3,9492,9492,2,0,637,10,:9:10:637,----:fsdp:forward:all_gather:layers.29.ffn.w3
221495680,221643347,147667,0,147667,:fsdp:forward:all_gather:layers.29.ffn.w3,9491,9491,2,0,1318,691,:690:691:1318,----:fsdp:forward:all_gather:layers.29.ffn.w3
221605146,221663532,58386,0,58386,:fsdp:forward:compute:layers.29.ffn.w1,9492,9492,2,0,638,10,:9:10:638,----:fsdp:forward:compute:layers.29.ffn.w1
221652241,221710344,58103,0,58103,:fsdp:forward:compute:layers.29.ffn.w1,9491,9491,2,0,1319,691,:690:691:1319,----:fsdp:forward:compute:layers.29.ffn.w1
221749172,222070673,321501,0,321501,:fsdp:forward:wait_weights:layers.29.ffn.w3,9492,9492,2,0,639,10,:9:10:639,----:fsdp:forward:wait_weights:layers.29.ffn.w3
221789161,222120438,331277,0,331277,:fsdp:forward:wait_weights:layers.29.ffn.w3,9491,9491,2,0,1320,691,:690:691:1320,----:fsdp:forward:wait_weights:layers.29.ffn.w3
222116192,222298399,182207,0,182207,:fsdp:forward:all_gather:layers.29.ffn.w2,9492,9492,2,0,640,10,:9:10:640,----:fsdp:forward:all_gather:layers.29.ffn.w2
222163477,222335830,172353,0,172353,:fsdp:forward:all_gather:layers.29.ffn.w2,9491,9491,2,0,1321,691,:690:691:1321,----:fsdp:forward:all_gather:layers.29.ffn.w2
222309346,222633510,324164,0,324164,:fsdp:forward:compute:layers.29.ffn.w3,9492,9492,2,0,641,10,:9:10:641,----:fsdp:forward:compute:layers.29.ffn.w3
222346264,222679374,333110,0,333110,:fsdp:forward:compute:layers.29.ffn.w3,9491,9491,2,0,1322,691,:690:691:1322,----:fsdp:forward:compute:layers.29.ffn.w3
222725318,223002532,277214,0,277214,:fsdp:forward:wait_weights:layers.29.ffn.w2,9492,9492,2,0,642,10,:9:10:642,----:fsdp:forward:wait_weights:layers.29.ffn.w2
222769303,223063721,294418,0,294418,:fsdp:forward:wait_weights:layers.29.ffn.w2,9491,9491,2,0,1323,691,:690:691:1323,----:fsdp:forward:wait_weights:layers.29.ffn.w2
223048369,223229256,180887,0,180887,:fsdp:forward:all_gather:layers.30.attn.q_proj,9492,9492,2,0,643,10,:9:10:643,----:fsdp:forward:all_gather:layers.30.attn.q_proj
223107719,223288488,180769,0,180769,:fsdp:forward:all_gather:layers.30.attn.q_proj,9491,9491,2,0,1324,691,:690:691:1324,----:fsdp:forward:all_gather:layers.30.attn.q_proj
223239952,223304756,64804,0,64804,:fsdp:forward:compute:layers.29.ffn.w2,9492,9492,2,0,644,10,:9:10:644,----:fsdp:forward:compute:layers.29.ffn.w2
223298805,223364219,65414,0,65414,:fsdp:forward:compute:layers.29.ffn.w2,9491,9491,2,0,1325,691,:690:691:1325,----:fsdp:forward:compute:layers.29.ffn.w2
223514388,223558215,43827,0,43827,:fsdp:forward:wait_weights:layers.30.attn.q_proj,9492,9492,2,0,645,10,:9:10:645,----:fsdp:forward:wait_weights:layers.30.attn.q_proj
223576428,223623702,47274,0,47274,:fsdp:forward:wait_weights:layers.30.attn.q_proj,9491,9491,2,0,1326,691,:690:691:1326,----:fsdp:forward:wait_weights:layers.30.attn.q_proj
223591245,223744606,153361,0,153361,:fsdp:forward:all_gather:layers.30.attn.k_proj,9492,9492,2,0,646,10,:9:10:646,----:fsdp:forward:all_gather:layers.30.attn.k_proj
223658126,223812977,154851,0,154851,:fsdp:forward:all_gather:layers.30.attn.k_proj,9491,9491,2,0,1327,691,:690:691:1327,----:fsdp:forward:all_gather:layers.30.attn.k_proj
223753424,223803723,50299,0,50299,:fsdp:forward:compute:layers.30.attn.q_proj,9492,9492,2,0,647,10,:9:10:647,----:fsdp:forward:compute:layers.30.attn.q_proj
223821724,223875273,53549,0,53549,:fsdp:forward:compute:layers.30.attn.q_proj,9491,9491,2,0,1328,691,:690:691:1328,----:fsdp:forward:compute:layers.30.attn.q_proj
223846232,223885407,39175,0,39175,:fsdp:forward:wait_weights:layers.30.attn.k_proj,9492,9492,2,0,648,10,:9:10:648,----:fsdp:forward:wait_weights:layers.30.attn.k_proj
223914275,224040404,126129,0,126129,:fsdp:forward:all_gather:layers.30.attn.v_proj,9492,9492,2,0,649,10,:9:10:649,----:fsdp:forward:all_gather:layers.30.attn.v_proj
223917781,223958272,40491,0,40491,:fsdp:forward:wait_weights:layers.30.attn.k_proj,9491,9491,2,0,1329,691,:690:691:1329,----:fsdp:forward:wait_weights:layers.30.attn.k_proj
223987493,224114239,126746,0,126746,:fsdp:forward:all_gather:layers.30.attn.v_proj,9491,9491,2,0,1330,691,:690:691:1330,----:fsdp:forward:all_gather:layers.30.attn.v_proj
224047786,224087768,39982,0,39982,:fsdp:forward:compute:layers.30.attn.k_proj,9492,9492,2,0,650,10,:9:10:650,----:fsdp:forward:compute:layers.30.attn.k_proj
224122232,224161518,39286,0,39286,:fsdp:forward:compute:layers.30.attn.k_proj,9491,9491,2,0,1331,691,:690:691:1331,----:fsdp:forward:compute:layers.30.attn.k_proj
224126186,224163683,37497,0,37497,:fsdp:forward:wait_weights:layers.30.attn.v_proj,9492,9492,2,0,651,10,:9:10:651,----:fsdp:forward:wait_weights:layers.30.attn.v_proj
224191643,224313689,122046,0,122046,:fsdp:forward:all_gather:layers.30.attn.output_proj,9492,9492,2,0,652,10,:9:10:652,----:fsdp:forward:all_gather:layers.30.attn.output_proj
224200523,224236802,36279,0,36279,:fsdp:forward:wait_weights:layers.30.attn.v_proj,9491,9491,2,0,1332,691,:690:691:1332,----:fsdp:forward:wait_weights:layers.30.attn.v_proj
224264201,224383206,119005,0,119005,:fsdp:forward:all_gather:layers.30.attn.output_proj,9491,9491,2,0,1333,691,:690:691:1333,----:fsdp:forward:all_gather:layers.30.attn.output_proj
224321505,224358875,37370,0,37370,:fsdp:forward:compute:layers.30.attn.v_proj,9492,9492,2,0,653,10,:9:10:653,----:fsdp:forward:compute:layers.30.attn.v_proj
224390781,224425966,35185,0,35185,:fsdp:forward:compute:layers.30.attn.v_proj,9491,9491,2,0,1334,691,:690:691:1334,----:fsdp:forward:compute:layers.30.attn.v_proj
236649131,236713510,64379,0,64379,:fsdp:forward:wait_weights:layers.30.attn.output_proj,9491,9491,2,0,1335,691,:690:691:1335,----:fsdp:forward:wait_weights:layers.30.attn.output_proj
236696235,236755511,59276,0,59276,:fsdp:forward:wait_weights:layers.30.attn.output_proj,9492,9492,2,0,654,10,:9:10:654,----:fsdp:forward:wait_weights:layers.30.attn.output_proj
236759797,236944546,184749,0,184749,:fsdp:forward:all_gather:layers.30.ffn.w1,9491,9491,2,0,1336,691,:690:691:1336,----:fsdp:forward:all_gather:layers.30.ffn.w1
236801125,236977939,176814,0,176814,:fsdp:forward:all_gather:layers.30.ffn.w1,9492,9492,2,0,655,10,:9:10:655,----:fsdp:forward:all_gather:layers.30.ffn.w1
236956817,237010150,53333,0,53333,:fsdp:forward:compute:layers.30.attn.output_proj,9491,9491,2,0,1337,691,:690:691:1337,----:fsdp:forward:compute:layers.30.attn.output_proj
236989965,237041723,51758,0,51758,:fsdp:forward:compute:layers.30.attn.output_proj,9492,9492,2,0,656,10,:9:10:656,----:fsdp:forward:compute:layers.30.attn.output_proj
237212470,237256743,44273,0,44273,:fsdp:forward:wait_weights:layers.30.ffn.w1,9491,9491,2,0,1338,691,:690:691:1338,----:fsdp:forward:wait_weights:layers.30.ffn.w1
237255052,237301172,46120,0,46120,:fsdp:forward:wait_weights:layers.30.ffn.w1,9492,9492,2,0,657,10,:9:10:657,----:fsdp:forward:wait_weights:layers.30.ffn.w1
237289679,237437965,148286,0,148286,:fsdp:forward:all_gather:layers.30.ffn.w3,9491,9491,2,0,1339,691,:690:691:1339,----:fsdp:forward:all_gather:layers.30.ffn.w3
237334744,237483067,148323,0,148323,:fsdp:forward:all_gather:layers.30.ffn.w3,9492,9492,2,0,658,10,:9:10:658,----:fsdp:forward:all_gather:layers.30.ffn.w3
237447123,237508418,61295,0,61295,:fsdp:forward:compute:layers.30.ffn.w1,9491,9491,2,0,1340,691,:690:691:1340,----:fsdp:forward:compute:layers.30.ffn.w1
237492739,237555129,62390,0,62390,:fsdp:forward:compute:layers.30.ffn.w1,9492,9492,2,0,659,10,:9:10:659,----:fsdp:forward:compute:layers.30.ffn.w1
237587227,237910959,323732,0,323732,:fsdp:forward:wait_weights:layers.30.ffn.w3,9491,9491,2,0,1341,691,:690:691:1341,----:fsdp:forward:wait_weights:layers.30.ffn.w3
237636752,237965356,328604,0,328604,:fsdp:forward:wait_weights:layers.30.ffn.w3,9492,9492,2,0,660,10,:9:10:660,----:fsdp:forward:wait_weights:layers.30.ffn.w3
237955420,238136773,181353,0,181353,:fsdp:forward:all_gather:layers.30.ffn.w2,9491,9491,2,0,1342,691,:690:691:1342,----:fsdp:forward:all_gather:layers.30.ffn.w2
238009276,238182651,173375,0,173375,:fsdp:forward:all_gather:layers.30.ffn.w2,9492,9492,2,0,661,10,:9:10:661,----:fsdp:forward:all_gather:layers.30.ffn.w2
238147693,238475837,328144,0,328144,:fsdp:forward:compute:layers.30.ffn.w3,9491,9491,2,0,1343,691,:690:691:1343,----:fsdp:forward:compute:layers.30.ffn.w3
238192725,238523149,330424,0,330424,:fsdp:forward:compute:layers.30.ffn.w3,9492,9492,2,0,662,10,:9:10:662,----:fsdp:forward:compute:layers.30.ffn.w3
238577515,238860162,282647,0,282647,:fsdp:forward:wait_weights:layers.30.ffn.w2,9491,9491,2,0,1344,691,:690:691:1344,----:fsdp:forward:wait_weights:layers.30.ffn.w2
238624696,238932778,308082,0,308082,:fsdp:forward:wait_weights:layers.30.ffn.w2,9492,9492,2,0,663,10,:9:10:663,----:fsdp:forward:wait_weights:layers.30.ffn.w2
238907004,239092612,185608,0,185608,:fsdp:forward:all_gather:layers.31.attn.q_proj,9491,9491,2,0,1345,691,:690:691:1345,----:fsdp:forward:all_gather:layers.31.attn.q_proj
238977663,239156786,179123,0,179123,:fsdp:forward:all_gather:layers.31.attn.q_proj,9492,9492,2,0,664,10,:9:10:664,----:fsdp:forward:all_gather:layers.31.attn.q_proj
239103842,239170862,67020,0,67020,:fsdp:forward:compute:layers.30.ffn.w2,9491,9491,2,0,1346,691,:690:691:1346,----:fsdp:forward:compute:layers.30.ffn.w2
239167680,239232687,65007,0,65007,:fsdp:forward:compute:layers.30.ffn.w2,9492,9492,2,0,665,10,:9:10:665,----:fsdp:forward:compute:layers.30.ffn.w2
239382076,239427366,45290,0,45290,:fsdp:forward:wait_weights:layers.31.attn.q_proj,9491,9491,2,0,1347,691,:690:691:1347,----:fsdp:forward:wait_weights:layers.31.attn.q_proj
239441299,239484977,43678,0,43678,:fsdp:forward:wait_weights:layers.31.attn.q_proj,9492,9492,2,0,666,10,:9:10:666,----:fsdp:forward:wait_weights:layers.31.attn.q_proj
239461285,239618253,156968,0,156968,:fsdp:forward:all_gather:layers.31.attn.k_proj,9491,9491,2,0,1348,691,:690:691:1348,----:fsdp:forward:all_gather:layers.31.attn.k_proj
239518722,239670179,151457,0,151457,:fsdp:forward:all_gather:layers.31.attn.k_proj,9492,9492,2,0,667,10,:9:10:667,----:fsdp:forward:all_gather:layers.31.attn.k_proj
239627550,239678226,50676,0,50676,:fsdp:forward:compute:layers.31.attn.q_proj,9491,9491,2,0,1349,691,:690:691:1349,----:fsdp:forward:compute:layers.31.attn.q_proj
239678967,239727934,48967,0,48967,:fsdp:forward:compute:layers.31.attn.q_proj,9492,9492,2,0,668,10,:9:10:668,----:fsdp:forward:compute:layers.31.attn.q_proj
239721634,239762217,40583,0,40583,:fsdp:forward:wait_weights:layers.31.attn.k_proj,9491,9491,2,0,1350,691,:690:691:1350,----:fsdp:forward:wait_weights:layers.31.attn.k_proj
239768984,239807806,38822,0,38822,:fsdp:forward:wait_weights:layers.31.attn.k_proj,9492,9492,2,0,669,10,:9:10:669,----:fsdp:forward:wait_weights:layers.31.attn.k_proj
239791820,239923324,131504,0,131504,:fsdp:forward:all_gather:layers.31.attn.v_proj,9491,9491,2,0,1351,691,:690:691:1351,----:fsdp:forward:all_gather:layers.31.attn.v_proj
239836998,239969483,132485,0,132485,:fsdp:forward:all_gather:layers.31.attn.v_proj,9492,9492,2,0,670,10,:9:10:670,----:fsdp:forward:all_gather:layers.31.attn.v_proj
239931268,239971430,40162,0,40162,:fsdp:forward:compute:layers.31.attn.k_proj,9491,9491,2,0,1352,691,:690:691:1352,----:fsdp:forward:compute:layers.31.attn.k_proj
239977372,240017665,40293,0,40293,:fsdp:forward:compute:layers.31.attn.k_proj,9492,9492,2,0,671,10,:9:10:671,----:fsdp:forward:compute:layers.31.attn.k_proj
240009097,240045296,36199,0,36199,:fsdp:forward:wait_weights:layers.31.attn.v_proj,9491,9491,2,0,1353,691,:690:691:1353,----:fsdp:forward:wait_weights:layers.31.attn.v_proj
240054080,240090352,36272,0,36272,:fsdp:forward:wait_weights:layers.31.attn.v_proj,9492,9492,2,0,672,10,:9:10:672,----:fsdp:forward:wait_weights:layers.31.attn.v_proj
240072180,240193895,121715,0,121715,:fsdp:forward:all_gather:layers.31.attn.output_proj,9491,9491,2,0,1354,691,:690:691:1354,----:fsdp:forward:all_gather:layers.31.attn.output_proj
240117944,240243470,125526,0,125526,:fsdp:forward:all_gather:layers.31.attn.output_proj,9492,9492,2,0,673,10,:9:10:673,----:fsdp:forward:all_gather:layers.31.attn.output_proj
240201062,240237255,36193,0,36193,:fsdp:forward:compute:layers.31.attn.v_proj,9491,9491,2,0,1355,691,:690:691:1355,----:fsdp:forward:compute:layers.31.attn.v_proj
240251084,240288063,36979,0,36979,:fsdp:forward:compute:layers.31.attn.v_proj,9492,9492,2,0,674,10,:9:10:674,----:fsdp:forward:compute:layers.31.attn.v_proj
251317092,251377998,60906,0,60906,:fsdp:forward:wait_weights:layers.31.attn.output_proj,9491,9491,2,0,1356,691,:690:691:1356,----:fsdp:forward:wait_weights:layers.31.attn.output_proj
251361213,251420080,58867,0,58867,:fsdp:forward:wait_weights:layers.31.attn.output_proj,9492,9492,2,0,675,10,:9:10:675,----:fsdp:forward:wait_weights:layers.31.attn.output_proj
251424736,251609721,184985,0,184985,:fsdp:forward:all_gather:layers.31.ffn.w1,9491,9491,2,0,1357,691,:690:691:1357,----:fsdp:forward:all_gather:layers.31.ffn.w1
251465339,251646266,180927,0,180927,:fsdp:forward:all_gather:layers.31.ffn.w1,9492,9492,2,0,676,10,:9:10:676,----:fsdp:forward:all_gather:layers.31.ffn.w1
251620402,251672522,52120,0,52120,:fsdp:forward:compute:layers.31.attn.output_proj,9491,9491,2,0,1358,691,:690:691:1358,----:fsdp:forward:compute:layers.31.attn.output_proj
251658032,251710210,52178,0,52178,:fsdp:forward:compute:layers.31.attn.output_proj,9492,9492,2,0,677,10,:9:10:677,----:fsdp:forward:compute:layers.31.attn.output_proj
251870468,251916728,46260,0,46260,:fsdp:forward:wait_weights:layers.31.ffn.w1,9491,9491,2,0,1359,691,:690:691:1359,----:fsdp:forward:wait_weights:layers.31.ffn.w1
251924421,251968575,44154,0,44154,:fsdp:forward:wait_weights:layers.31.ffn.w1,9492,9492,2,0,678,10,:9:10:678,----:fsdp:forward:wait_weights:layers.31.ffn.w1
251949599,252102602,153003,0,153003,:fsdp:forward:all_gather:layers.31.ffn.w3,9491,9491,2,0,1360,691,:690:691:1360,----:fsdp:forward:all_gather:layers.31.ffn.w3
252000886,252151610,150724,0,150724,:fsdp:forward:all_gather:layers.31.ffn.w3,9492,9492,2,0,679,10,:9:10:679,----:fsdp:forward:all_gather:layers.31.ffn.w3
252111138,252168866,57728,0,57728,:fsdp:forward:compute:layers.31.ffn.w1,9491,9491,2,0,1361,691,:690:691:1361,----:fsdp:forward:compute:layers.31.ffn.w1
252160793,252220002,59209,0,59209,:fsdp:forward:compute:layers.31.ffn.w1,9492,9492,2,0,680,10,:9:10:680,----:fsdp:forward:compute:layers.31.ffn.w1
252249530,252581227,331697,0,331697,:fsdp:forward:wait_weights:layers.31.ffn.w3,9491,9491,2,0,1362,691,:690:691:1362,----:fsdp:forward:wait_weights:layers.31.ffn.w3
252299777,252635569,335792,0,335792,:fsdp:forward:wait_weights:layers.31.ffn.w3,9492,9492,2,0,681,10,:9:10:681,----:fsdp:forward:wait_weights:layers.31.ffn.w3
252624445,252800002,175557,0,175557,:fsdp:forward:all_gather:layers.31.ffn.w2,9491,9491,2,0,1363,691,:690:691:1363,----:fsdp:forward:all_gather:layers.31.ffn.w2
252679630,252852549,172919,0,172919,:fsdp:forward:all_gather:layers.31.ffn.w2,9492,9492,2,0,682,10,:9:10:682,----:fsdp:forward:all_gather:layers.31.ffn.w2
252809746,253128004,318258,0,318258,:fsdp:forward:compute:layers.31.ffn.w3,9491,9491,2,0,1364,691,:690:691:1364,----:fsdp:forward:compute:layers.31.ffn.w3
252862401,253178591,316190,0,316190,:fsdp:forward:compute:layers.31.ffn.w3,9492,9492,2,0,683,10,:9:10:683,----:fsdp:forward:compute:layers.31.ffn.w3
253219662,253493591,273929,0,273929,:fsdp:forward:wait_weights:layers.31.ffn.w2,9491,9491,2,0,1365,691,:690:691:1365,----:fsdp:forward:wait_weights:layers.31.ffn.w2
253267437,253538175,270738,0,270738,:fsdp:forward:wait_weights:layers.31.ffn.w2,9492,9492,2,0,684,10,:9:10:684,----:fsdp:forward:wait_weights:layers.31.ffn.w2
253538879,253716651,177772,0,177772,:fsdp:forward:all_gather:lm_head,9491,9491,2,0,1366,691,:690:691:1366,----:fsdp:forward:all_gather:lm_head
253582802,253757820,175018,0,175018,:fsdp:forward:all_gather:lm_head,9492,9492,2,0,685,10,:9:10:685,----:fsdp:forward:all_gather:lm_head
253727778,253795162,67384,0,67384,:fsdp:forward:compute:layers.31.ffn.w2,9491,9491,2,0,1367,691,:690:691:1367,----:fsdp:forward:compute:layers.31.ffn.w2
253768750,253833070,64320,0,64320,:fsdp:forward:compute:layers.31.ffn.w2,9492,9492,2,0,686,10,:9:10:686,----:fsdp:forward:compute:layers.31.ffn.w2
253994907,254040158,45251,0,45251,:fsdp:forward:wait_weights:lm_head,9491,9491,2,0,1368,691,:690:691:1368,----:fsdp:forward:wait_weights:lm_head
254032916,254078091,45175,0,45175,:fsdp:forward:wait_weights:lm_head,9492,9492,2,0,687,10,:9:10:687,----:fsdp:forward:wait_weights:lm_head
254058214,254103016,44802,0,44802,:fsdp:forward:compute:lm_head,9491,9491,2,0,1369,691,:690:691:1369,----:fsdp:forward:compute:lm_head
254095524,254140903,45379,0,45379,:fsdp:forward:compute:lm_head,9492,9492,2,0,688,10,:9:10:688,----:fsdp:forward:compute:lm_head
254499249,1352822994,1098323745,0,1098323745,:fsdp_backward,9491,9491,1,0,1370,690,:690:1370,--:fsdp_backward
254527115,1352456917,1097929802,0,1097929802,:fsdp_backward,9492,9492,1,0,689,9,:9:689,--:fsdp_backward
256824645,257074368,249723,0,249723,:fsdp:backward:all_gather:lm_head,9491,9872,0,0,2273,,:2273,:fsdp:backward:all_gather:lm_head
256842208,257088879,246671,0,246671,:fsdp:backward:all_gather:lm_head,9492,9875,0,0,1371,,:1371,:fsdp:backward:all_gather:lm_head
257085736,257144333,58597,0,58597,:fsdp:backward:wait_weights:lm_head,9491,9872,0,0,2274,,:2274,:fsdp:backward:wait_weights:lm_head
257099278,257156615,57337,0,57337,:fsdp:backward:wait_weights:lm_head,9492,9875,0,0,1372,,:1372,:fsdp:backward:wait_weights:lm_head
257161869,257285214,123345,0,123345,:fsdp:backward:compute:lm_head,9491,9872,0,0,2275,,:2275,:fsdp:backward:compute:lm_head
257174014,257293486,119472,0,119472,:fsdp:backward:compute:lm_head,9492,9875,0,0,1373,,:1373,:fsdp:backward:compute:lm_head
257362444,257920067,557623,0,557623,:fsdp:backward:reduce_scatter:lm_head,9491,9872,0,0,2276,,:2276,:fsdp:backward:reduce_scatter:lm_head
257369271,257949918,580647,0,580647,:fsdp:backward:reduce_scatter:lm_head,9492,9875,0,0,1374,,:1374,:fsdp:backward:reduce_scatter:lm_head
265078842,265238545,159703,0,159703,:fsdp:backward:all_gather:layers.31.ffn.w2,9492,9875,0,0,1375,,:1375,:fsdp:backward:all_gather:layers.31.ffn.w2
265117704,265278386,160682,0,160682,:fsdp:backward:all_gather:layers.31.ffn.w2,9491,9872,0,0,2277,,:2277,:fsdp:backward:all_gather:layers.31.ffn.w2
265246832,265295475,48643,0,48643,:fsdp:backward:wait_weights:layers.31.ffn.w2,9492,9875,0,0,1376,,:1376,:fsdp:backward:wait_weights:layers.31.ffn.w2
265286923,265337876,50953,0,50953,:fsdp:backward:wait_weights:layers.31.ffn.w2,9491,9872,0,0,2278,,:2278,:fsdp:backward:wait_weights:layers.31.ffn.w2
265309121,266173668,864547,0,864547,:fsdp:backward:compute:layers.31.ffn.w2,9492,9875,0,0,1377,,:1377,:fsdp:backward:compute:layers.31.ffn.w2
265351661,266223016,871355,0,871355,:fsdp:backward:compute:layers.31.ffn.w2,9491,9872,0,0,2279,,:2279,:fsdp:backward:compute:layers.31.ffn.w2
266234162,266725527,491365,0,491365,:fsdp:backward:reduce_scatter:layers.31.ffn.w2,9492,9875,0,0,1378,,:1378,:fsdp:backward:reduce_scatter:layers.31.ffn.w2
266286133,266786619,500486,0,500486,:fsdp:backward:reduce_scatter:layers.31.ffn.w2,9491,9872,0,0,2280,,:2280,:fsdp:backward:reduce_scatter:layers.31.ffn.w2
266952740,267167570,214830,0,214830,:fsdp:backward:all_gather:layers.31.ffn.w3,9491,9872,0,0,2281,,:2281,:fsdp:backward:all_gather:layers.31.ffn.w3
266959951,267404371,444420,0,444420,:fsdp:backward:all_gather:layers.31.ffn.w3,9492,9875,0,0,1379,,:1379,:fsdp:backward:all_gather:layers.31.ffn.w3
267178498,267251736,73238,0,73238,:fsdp:backward:wait_weights:layers.31.ffn.w3,9491,9872,0,0,2282,,:2282,:fsdp:backward:wait_weights:layers.31.ffn.w3
267271803,267409458,137655,0,137655,:fsdp:backward:compute:layers.31.ffn.w3,9491,9872,0,0,2283,,:2283,:fsdp:backward:compute:layers.31.ffn.w3
267431079,267586769,155690,0,155690,:fsdp:backward:wait_weights:layers.31.ffn.w3,9492,9875,0,0,1380,,:1380,:fsdp:backward:wait_weights:layers.31.ffn.w3
267494896,267743090,248194,0,248194,:fsdp:backward:reduce_scatter:layers.31.ffn.w3,9491,9872,0,0,2284,,:2284,:fsdp:backward:reduce_scatter:layers.31.ffn.w3
267632159,267932648,300489,0,300489,:fsdp:backward:compute:layers.31.ffn.w3,9492,9875,0,0,1381,,:1381,:fsdp:backward:compute:layers.31.ffn.w3
267932447,268118042,185595,0,185595,:fsdp:backward:all_gather:layers.31.ffn.w1,9491,9872,0,0,2285,,:2285,:fsdp:backward:all_gather:layers.31.ffn.w1
268123977,268700343,576366,0,576366,:fsdp:backward:reduce_scatter:layers.31.ffn.w3,9492,9875,0,0,1382,,:1382,:fsdp:backward:reduce_scatter:layers.31.ffn.w3
268127777,268191526,63749,0,63749,:fsdp:backward:wait_weights:layers.31.ffn.w1,9491,9872,0,0,2286,,:2286,:fsdp:backward:wait_weights:layers.31.ffn.w1
268210163,268332349,122186,0,122186,:fsdp:backward:compute:layers.31.ffn.w1,9491,9872,0,0,2287,,:2287,:fsdp:backward:compute:layers.31.ffn.w1
268409051,268631412,222361,0,222361,:fsdp:backward:reduce_scatter:layers.31.ffn.w1,9491,9872,0,0,2288,,:2288,:fsdp:backward:reduce_scatter:layers.31.ffn.w1
269103306,269289101,185795,0,185795,:fsdp:backward:all_gather:layers.31.attn.output_proj,9491,9872,0,0,2289,,:2289,:fsdp:backward:all_gather:layers.31.attn.output_proj
269129277,269542439,413162,0,413162,:fsdp:backward:all_gather:layers.31.ffn.w1,9492,9875,0,0,1383,,:1383,:fsdp:backward:all_gather:layers.31.ffn.w1
269299525,269365713,66188,0,66188,:fsdp:backward:wait_weights:layers.31.attn.output_proj,9491,9872,0,0,2290,,:2290,:fsdp:backward:wait_weights:layers.31.attn.output_proj
269385699,270756614,1370915,0,1370915,:fsdp:backward:compute:layers.31.attn.output_proj,9491,9872,0,0,2291,,:2291,:fsdp:backward:compute:layers.31.attn.output_proj
269565599,269710257,144658,0,144658,:fsdp:backward:wait_weights:layers.31.ffn.w1,9492,9875,0,0,1384,,:1384,:fsdp:backward:wait_weights:layers.31.ffn.w1
269756702,270026720,270018,0,270018,:fsdp:backward:compute:layers.31.ffn.w1,9492,9875,0,0,1385,,:1385,:fsdp:backward:compute:layers.31.ffn.w1
270206307,270760357,554050,0,554050,:fsdp:backward:reduce_scatter:layers.31.ffn.w1,9492,9875,0,0,1386,,:1386,:fsdp:backward:reduce_scatter:layers.31.ffn.w1
270844896,273072221,2227325,0,2227325,:fsdp:backward:reduce_scatter:layers.31.attn.output_proj,9491,9872,0,0,2292,,:2292,:fsdp:backward:reduce_scatter:layers.31.attn.output_proj
271871250,272322996,451746,0,451746,:fsdp:backward:all_gather:layers.31.attn.output_proj,9492,9875,0,0,1387,,:1387,:fsdp:backward:all_gather:layers.31.attn.output_proj
272348106,272503085,154979,0,154979,:fsdp:backward:wait_weights:layers.31.attn.output_proj,9492,9875,0,0,1388,,:1388,:fsdp:backward:wait_weights:layers.31.attn.output_proj
272555030,272850134,295104,0,295104,:fsdp:backward:compute:layers.31.attn.output_proj,9492,9875,0,0,1389,,:1389,:fsdp:backward:compute:layers.31.attn.output_proj
273043408,273586933,543525,0,543525,:fsdp:backward:reduce_scatter:layers.31.attn.output_proj,9492,9875,0,0,1390,,:1390,:fsdp:backward:reduce_scatter:layers.31.attn.output_proj
280311500,280623183,311683,0,311683,:fsdp:backward:all_gather:layers.31.attn.v_proj,9491,9872,0,0,2293,,:2293,:fsdp:backward:all_gather:layers.31.attn.v_proj
280347963,280636910,288947,0,288947,:fsdp:backward:all_gather:layers.31.attn.v_proj,9492,9875,0,0,1391,,:1391,:fsdp:backward:all_gather:layers.31.attn.v_proj
280639157,280721672,82515,0,82515,:fsdp:backward:wait_weights:layers.31.attn.v_proj,9491,9872,0,0,2294,,:2294,:fsdp:backward:wait_weights:layers.31.attn.v_proj
280651044,280727492,76448,0,76448,:fsdp:backward:wait_weights:layers.31.attn.v_proj,9492,9875,0,0,1392,,:1392,:fsdp:backward:wait_weights:layers.31.attn.v_proj
280750508,280907600,157092,0,157092,:fsdp:backward:compute:layers.31.attn.v_proj,9491,9872,0,0,2295,,:2295,:fsdp:backward:compute:layers.31.attn.v_proj
280754655,280901986,147331,0,147331,:fsdp:backward:compute:layers.31.attn.v_proj,9492,9875,0,0,1393,,:1393,:fsdp:backward:compute:layers.31.attn.v_proj
281346821,281647122,300301,0,300301,:fsdp:backward:reduce_scatter:layers.31.attn.v_proj,9491,9872,0,0,2296,,:2296,:fsdp:backward:reduce_scatter:layers.31.attn.v_proj
281385112,281691891,306779,0,306779,:fsdp:backward:reduce_scatter:layers.31.attn.v_proj,9492,9875,0,0,1394,,:1394,:fsdp:backward:reduce_scatter:layers.31.attn.v_proj
281761502,281972890,211388,0,211388,:fsdp:backward:all_gather:layers.31.attn.k_proj,9491,9872,0,0,2297,,:2297,:fsdp:backward:all_gather:layers.31.attn.k_proj
281802955,282004051,201096,0,201096,:fsdp:backward:all_gather:layers.31.attn.k_proj,9492,9875,0,0,1395,,:1395,:fsdp:backward:all_gather:layers.31.attn.k_proj
281983788,282056877,73089,0,73089,:fsdp:backward:wait_weights:layers.31.attn.k_proj,9491,9872,0,0,2298,,:2298,:fsdp:backward:wait_weights:layers.31.attn.k_proj
282013798,282084579,70781,0,70781,:fsdp:backward:wait_weights:layers.31.attn.k_proj,9492,9875,0,0,1396,,:1396,:fsdp:backward:wait_weights:layers.31.attn.k_proj
282079228,282220482,141254,0,141254,:fsdp:backward:compute:layers.31.attn.k_proj,9491,9872,0,0,2299,,:2299,:fsdp:backward:compute:layers.31.attn.k_proj
282106962,282241097,134135,0,134135,:fsdp:backward:compute:layers.31.attn.k_proj,9492,9875,0,0,1397,,:1397,:fsdp:backward:compute:layers.31.attn.k_proj
282310341,282590194,279853,0,279853,:fsdp:backward:reduce_scatter:layers.31.attn.k_proj,9491,9872,0,0,2300,,:2300,:fsdp:backward:reduce_scatter:layers.31.attn.k_proj
282329268,282593835,264567,0,264567,:fsdp:backward:reduce_scatter:layers.31.attn.k_proj,9492,9875,0,0,1398,,:1398,:fsdp:backward:reduce_scatter:layers.31.attn.k_proj
283594296,283806356,212060,0,212060,:fsdp:backward:all_gather:layers.31.attn.q_proj,9491,9872,0,0,2301,,:2301,:fsdp:backward:all_gather:layers.31.attn.q_proj
283609066,283821574,212508,0,212508,:fsdp:backward:all_gather:layers.31.attn.q_proj,9492,9875,0,0,1399,,:1399,:fsdp:backward:all_gather:layers.31.attn.q_proj
283817422,283888395,70973,0,70973,:fsdp:backward:wait_weights:layers.31.attn.q_proj,9491,9872,0,0,2302,,:2302,:fsdp:backward:wait_weights:layers.31.attn.q_proj
283831520,283901520,70000,0,70000,:fsdp:backward:wait_weights:layers.31.attn.q_proj,9492,9875,0,0,1400,,:1400,:fsdp:backward:wait_weights:layers.31.attn.q_proj
283910182,286058716,2148534,0,2148534,:fsdp:backward:compute:layers.31.attn.q_proj,9491,9872,0,0,2303,,:2303,:fsdp:backward:compute:layers.31.attn.q_proj
283922999,286069254,2146255,0,2146255,:fsdp:backward:compute:layers.31.attn.q_proj,9492,9875,0,0,1401,,:1401,:fsdp:backward:compute:layers.31.attn.q_proj
286235054,286494331,259277,0,259277,:fsdp:backward:reduce_scatter:layers.31.attn.q_proj,9491,9872,0,0,2304,,:2304,:fsdp:backward:reduce_scatter:layers.31.attn.q_proj
286246265,286510415,264150,0,264150,:fsdp:backward:reduce_scatter:layers.31.attn.q_proj,9492,9875,0,0,1402,,:1402,:fsdp:backward:reduce_scatter:layers.31.attn.q_proj
291876997,292096930,219933,0,219933,:fsdp:backward:all_gather:layers.30.ffn.w2,9491,9872,0,0,2305,,:2305,:fsdp:backward:all_gather:layers.30.ffn.w2
291883569,292096748,213179,0,213179,:fsdp:backward:all_gather:layers.30.ffn.w2,9492,9875,0,0,1403,,:1403,:fsdp:backward:all_gather:layers.30.ffn.w2
292107803,292177837,70034,0,70034,:fsdp:backward:wait_weights:layers.30.ffn.w2,9492,9875,0,0,1404,,:1404,:fsdp:backward:wait_weights:layers.30.ffn.w2
292108335,292180809,72474,0,72474,:fsdp:backward:wait_weights:layers.30.ffn.w2,9491,9872,0,0,2306,,:2306,:fsdp:backward:wait_weights:layers.30.ffn.w2
292199682,292335498,135816,0,135816,:fsdp:backward:compute:layers.30.ffn.w2,9492,9875,0,0,1405,,:1405,:fsdp:backward:compute:layers.30.ffn.w2
292203035,292340940,137905,0,137905,:fsdp:backward:compute:layers.30.ffn.w2,9491,9872,0,0,2307,,:2307,:fsdp:backward:compute:layers.30.ffn.w2
292421409,292673309,251900,0,251900,:fsdp:backward:reduce_scatter:layers.30.ffn.w2,9492,9875,0,0,1406,,:1406,:fsdp:backward:reduce_scatter:layers.30.ffn.w2
292432840,292703072,270232,0,270232,:fsdp:backward:reduce_scatter:layers.30.ffn.w2,9491,9872,0,0,2308,,:2308,:fsdp:backward:reduce_scatter:layers.30.ffn.w2
292830418,293026433,196015,0,196015,:fsdp:backward:all_gather:layers.30.ffn.w3,9492,9875,0,0,1407,,:1407,:fsdp:backward:all_gather:layers.30.ffn.w3
292868846,293072221,203375,0,203375,:fsdp:backward:all_gather:layers.30.ffn.w3,9491,9872,0,0,2309,,:2309,:fsdp:backward:all_gather:layers.30.ffn.w3
293036511,293102870,66359,0,66359,:fsdp:backward:wait_weights:layers.30.ffn.w3,9492,9875,0,0,1408,,:1408,:fsdp:backward:wait_weights:layers.30.ffn.w3
293084212,293156461,72249,0,72249,:fsdp:backward:wait_weights:layers.30.ffn.w3,9491,9872,0,0,2310,,:2310,:fsdp:backward:wait_weights:layers.30.ffn.w3
293124237,293249891,125654,0,125654,:fsdp:backward:compute:layers.30.ffn.w3,9492,9875,0,0,1409,,:1409,:fsdp:backward:compute:layers.30.ffn.w3
293179972,293318766,138794,0,138794,:fsdp:backward:compute:layers.30.ffn.w3,9491,9872,0,0,2311,,:2311,:fsdp:backward:compute:layers.30.ffn.w3
293331213,293569801,238588,0,238588,:fsdp:backward:reduce_scatter:layers.30.ffn.w3,9492,9875,0,0,1410,,:1410,:fsdp:backward:reduce_scatter:layers.30.ffn.w3
293405075,293652475,247400,0,247400,:fsdp:backward:reduce_scatter:layers.30.ffn.w3,9491,9872,0,0,2312,,:2312,:fsdp:backward:reduce_scatter:layers.30.ffn.w3
293773251,293981241,207990,0,207990,:fsdp:backward:all_gather:layers.30.ffn.w1,9492,9875,0,0,1411,,:1411,:fsdp:backward:all_gather:layers.30.ffn.w1
293857305,294057817,200512,0,200512,:fsdp:backward:all_gather:layers.30.ffn.w1,9491,9872,0,0,2313,,:2313,:fsdp:backward:all_gather:layers.30.ffn.w1
293992798,294062595,69797,0,69797,:fsdp:backward:wait_weights:layers.30.ffn.w1,9492,9875,0,0,1412,,:1412,:fsdp:backward:wait_weights:layers.30.ffn.w1
294069799,294139356,69557,0,69557,:fsdp:backward:wait_weights:layers.30.ffn.w1,9491,9872,0,0,2314,,:2314,:fsdp:backward:wait_weights:layers.30.ffn.w1
294084667,294219400,134733,0,134733,:fsdp:backward:compute:layers.30.ffn.w1,9492,9875,0,0,1413,,:1413,:fsdp:backward:compute:layers.30.ffn.w1
294162090,294294139,132049,0,132049,:fsdp:backward:compute:layers.30.ffn.w1,9491,9872,0,0,2315,,:2315,:fsdp:backward:compute:layers.30.ffn.w1
294308561,294580784,272223,0,272223,:fsdp:backward:reduce_scatter:layers.30.ffn.w1,9492,9875,0,0,1414,,:1414,:fsdp:backward:reduce_scatter:layers.30.ffn.w1
294376195,294642237,266042,0,266042,:fsdp:backward:reduce_scatter:layers.30.ffn.w1,9491,9872,0,0,2316,,:2316,:fsdp:backward:reduce_scatter:layers.30.ffn.w1
296356035,296561630,205595,0,205595,:fsdp:backward:all_gather:layers.30.attn.output_proj,9491,9872,0,0,2317,,:2317,:fsdp:backward:all_gather:layers.30.attn.output_proj
296367935,296576751,208816,0,208816,:fsdp:backward:all_gather:layers.30.attn.output_proj,9492,9875,0,0,1415,,:1415,:fsdp:backward:all_gather:layers.30.attn.output_proj
296572926,296647244,74318,0,74318,:fsdp:backward:wait_weights:layers.30.attn.output_proj,9491,9872,0,0,2318,,:2318,:fsdp:backward:wait_weights:layers.30.attn.output_proj
296587814,296659635,71821,0,71821,:fsdp:backward:wait_weights:layers.30.attn.output_proj,9492,9875,0,0,1416,,:1416,:fsdp:backward:wait_weights:layers.30.attn.output_proj
296670332,298829506,2159174,0,2159174,:fsdp:backward:compute:layers.30.attn.output_proj,9491,9872,0,0,2319,,:2319,:fsdp:backward:compute:layers.30.attn.output_proj
296683250,298831372,2148122,0,2148122,:fsdp:backward:compute:layers.30.attn.output_proj,9492,9875,0,0,1417,,:1417,:fsdp:backward:compute:layers.30.attn.output_proj
301094690,301372373,277683,0,277683,:fsdp:backward:reduce_scatter:layers.30.attn.output_proj,9491,9872,0,0,2320,,:2320,:fsdp:backward:reduce_scatter:layers.30.attn.output_proj
301156824,301650292,493468,0,493468,:fsdp:backward:reduce_scatter:layers.30.attn.output_proj,9492,9875,0,0,1418,,:1418,:fsdp:backward:reduce_scatter:layers.30.attn.output_proj
306091747,306364192,272445,0,272445,:fsdp:backward:all_gather:layers.30.attn.v_proj,9491,9872,0,0,2321,,:2321,:fsdp:backward:all_gather:layers.30.attn.v_proj
306378212,306948555,570343,0,570343,:fsdp:backward:wait_weights:layers.30.attn.v_proj,9491,9872,0,0,2322,,:2322,:fsdp:backward:wait_weights:layers.30.attn.v_proj
306973108,307114536,141428,0,141428,:fsdp:backward:compute:layers.30.attn.v_proj,9491,9872,0,0,2323,,:2323,:fsdp:backward:compute:layers.30.attn.v_proj
307006414,307395577,389163,0,389163,:fsdp:backward:all_gather:layers.30.attn.v_proj,9492,9875,0,0,1419,,:1419,:fsdp:backward:all_gather:layers.30.attn.v_proj
307207333,307490393,283060,0,283060,:fsdp:backward:reduce_scatter:layers.30.attn.v_proj,9491,9872,0,0,2324,,:2324,:fsdp:backward:reduce_scatter:layers.30.attn.v_proj
307415345,307501042,85697,0,85697,:fsdp:backward:wait_weights:layers.30.attn.v_proj,9492,9875,0,0,1420,,:1420,:fsdp:backward:wait_weights:layers.30.attn.v_proj
307528921,307683162,154241,0,154241,:fsdp:backward:compute:layers.30.attn.v_proj,9492,9875,0,0,1421,,:1421,:fsdp:backward:compute:layers.30.attn.v_proj
307598201,307797929,199728,0,199728,:fsdp:backward:all_gather:layers.30.attn.k_proj,9491,9872,0,0,2325,,:2325,:fsdp:backward:all_gather:layers.30.attn.k_proj
307800039,308104019,303980,0,303980,:fsdp:backward:reduce_scatter:layers.30.attn.v_proj,9492,9875,0,0,1422,,:1422,:fsdp:backward:reduce_scatter:layers.30.attn.v_proj
307808626,307878624,69998,0,69998,:fsdp:backward:wait_weights:layers.30.attn.k_proj,9491,9872,0,0,2326,,:2326,:fsdp:backward:wait_weights:layers.30.attn.k_proj
307899688,309267188,1367500,0,1367500,:fsdp:backward:compute:layers.30.attn.k_proj,9491,9872,0,0,2327,,:2327,:fsdp:backward:compute:layers.30.attn.k_proj
308249355,308469953,220598,0,220598,:fsdp:backward:all_gather:layers.30.attn.k_proj,9492,9875,0,0,1423,,:1423,:fsdp:backward:all_gather:layers.30.attn.k_proj
308482089,308556391,74302,0,74302,:fsdp:backward:wait_weights:layers.30.attn.k_proj,9492,9875,0,0,1424,,:1424,:fsdp:backward:wait_weights:layers.30.attn.k_proj
308579395,309268196,688801,0,688801,:fsdp:backward:compute:layers.30.attn.k_proj,9492,9875,0,0,1425,,:1425,:fsdp:backward:compute:layers.30.attn.k_proj
309354947,309612066,257119,0,257119,:fsdp:backward:reduce_scatter:layers.30.attn.k_proj,9491,9872,0,0,2328,,:2328,:fsdp:backward:reduce_scatter:layers.30.attn.k_proj
309369030,309652497,283467,0,283467,:fsdp:backward:reduce_scatter:layers.30.attn.k_proj,9492,9875,0,0,1426,,:1426,:fsdp:backward:reduce_scatter:layers.30.attn.k_proj
311716060,311928685,212625,0,212625,:fsdp:backward:all_gather:layers.30.attn.q_proj,9491,9872,0,0,2329,,:2329,:fsdp:backward:all_gather:layers.30.attn.q_proj
311724151,311938281,214130,0,214130,:fsdp:backward:all_gather:layers.30.attn.q_proj,9492,9875,0,0,1427,,:1427,:fsdp:backward:all_gather:layers.30.attn.q_proj
311941064,312015790,74726,0,74726,:fsdp:backward:wait_weights:layers.30.attn.q_proj,9491,9872,0,0,2330,,:2330,:fsdp:backward:wait_weights:layers.30.attn.q_proj
311949568,312023210,73642,0,73642,:fsdp:backward:wait_weights:layers.30.attn.q_proj,9492,9875,0,0,1428,,:1428,:fsdp:backward:wait_weights:layers.30.attn.q_proj
312038990,314197363,2158373,0,2158373,:fsdp:backward:compute:layers.30.attn.q_proj,9491,9872,0,0,2331,,:2331,:fsdp:backward:compute:layers.30.attn.q_proj
312046128,314197075,2150947,0,2150947,:fsdp:backward:compute:layers.30.attn.q_proj,9492,9875,0,0,1429,,:1429,:fsdp:backward:compute:layers.30.attn.q_proj
314289454,314571464,282010,0,282010,:fsdp:backward:reduce_scatter:layers.30.attn.q_proj,9492,9875,0,0,1430,,:1430,:fsdp:backward:reduce_scatter:layers.30.attn.q_proj
314291096,314564936,273840,0,273840,:fsdp:backward:reduce_scatter:layers.30.attn.q_proj,9491,9872,0,0,2332,,:2332,:fsdp:backward:reduce_scatter:layers.30.attn.q_proj
317979118,318213537,234419,0,234419,:fsdp:backward:all_gather:layers.29.ffn.w2,9492,9875,0,0,1431,,:1431,:fsdp:backward:all_gather:layers.29.ffn.w2
318021012,318248141,227129,0,227129,:fsdp:backward:all_gather:layers.29.ffn.w2,9491,9872,0,0,2333,,:2333,:fsdp:backward:all_gather:layers.29.ffn.w2
318225800,318300701,74901,0,74901,:fsdp:backward:wait_weights:layers.29.ffn.w2,9492,9875,0,0,1432,,:1432,:fsdp:backward:wait_weights:layers.29.ffn.w2
318260903,318335252,74349,0,74349,:fsdp:backward:wait_weights:layers.29.ffn.w2,9491,9872,0,0,2334,,:2334,:fsdp:backward:wait_weights:layers.29.ffn.w2
318323312,318463305,139993,0,139993,:fsdp:backward:compute:layers.29.ffn.w2,9492,9875,0,0,1433,,:1433,:fsdp:backward:compute:layers.29.ffn.w2
318358020,318499845,141825,0,141825,:fsdp:backward:compute:layers.29.ffn.w2,9491,9872,0,0,2335,,:2335,:fsdp:backward:compute:layers.29.ffn.w2
318562898,318839665,276767,0,276767,:fsdp:backward:reduce_scatter:layers.29.ffn.w2,9492,9875,0,0,1434,,:1434,:fsdp:backward:reduce_scatter:layers.29.ffn.w2
318602174,318868139,265965,0,265965,:fsdp:backward:reduce_scatter:layers.29.ffn.w2,9491,9872,0,0,2336,,:2336,:fsdp:backward:reduce_scatter:layers.29.ffn.w2
318998811,319191355,192544,0,192544,:fsdp:backward:all_gather:layers.29.ffn.w3,9492,9875,0,0,1435,,:1435,:fsdp:backward:all_gather:layers.29.ffn.w3
319023471,319212775,189304,0,189304,:fsdp:backward:all_gather:layers.29.ffn.w3,9491,9872,0,0,2337,,:2337,:fsdp:backward:all_gather:layers.29.ffn.w3
319201196,319269294,68098,0,68098,:fsdp:backward:wait_weights:layers.29.ffn.w3,9492,9875,0,0,1436,,:1436,:fsdp:backward:wait_weights:layers.29.ffn.w3
319223060,319291676,68616,0,68616,:fsdp:backward:wait_weights:layers.29.ffn.w3,9491,9872,0,0,2338,,:2338,:fsdp:backward:wait_weights:layers.29.ffn.w3
319291292,319421703,130411,0,130411,:fsdp:backward:compute:layers.29.ffn.w3,9492,9875,0,0,1437,,:1437,:fsdp:backward:compute:layers.29.ffn.w3
319312250,319443106,130856,0,130856,:fsdp:backward:compute:layers.29.ffn.w3,9491,9872,0,0,2339,,:2339,:fsdp:backward:compute:layers.29.ffn.w3
319505766,319745270,239504,0,239504,:fsdp:backward:reduce_scatter:layers.29.ffn.w3,9492,9875,0,0,1438,,:1438,:fsdp:backward:reduce_scatter:layers.29.ffn.w3
319528445,319773303,244858,0,244858,:fsdp:backward:reduce_scatter:layers.29.ffn.w3,9491,9872,0,0,2340,,:2340,:fsdp:backward:reduce_scatter:layers.29.ffn.w3
319944581,320131447,186866,0,186866,:fsdp:backward:all_gather:layers.29.ffn.w1,9492,9875,0,0,1439,,:1439,:fsdp:backward:all_gather:layers.29.ffn.w1
319967178,320153616,186438,0,186438,:fsdp:backward:all_gather:layers.29.ffn.w1,9491,9872,0,0,2341,,:2341,:fsdp:backward:all_gather:layers.29.ffn.w1
320141398,320206766,65368,0,65368,:fsdp:backward:wait_weights:layers.29.ffn.w1,9492,9875,0,0,1440,,:1440,:fsdp:backward:wait_weights:layers.29.ffn.w1
320164491,320229887,65396,0,65396,:fsdp:backward:wait_weights:layers.29.ffn.w1,9491,9872,0,0,2342,,:2342,:fsdp:backward:wait_weights:layers.29.ffn.w1
320227142,320349677,122535,0,122535,:fsdp:backward:compute:layers.29.ffn.w1,9492,9875,0,0,1441,,:1441,:fsdp:backward:compute:layers.29.ffn.w1
320250726,320376050,125324,0,125324,:fsdp:backward:compute:layers.29.ffn.w1,9491,9872,0,0,2343,,:2343,:fsdp:backward:compute:layers.29.ffn.w1
320433376,320672172,238796,0,238796,:fsdp:backward:reduce_scatter:layers.29.ffn.w1,9492,9875,0,0,1442,,:1442,:fsdp:backward:reduce_scatter:layers.29.ffn.w1
320456216,320693832,237616,0,237616,:fsdp:backward:reduce_scatter:layers.29.ffn.w1,9491,9872,0,0,2344,,:2344,:fsdp:backward:reduce_scatter:layers.29.ffn.w1
324844157,325051083,206926,0,206926,:fsdp:backward:all_gather:layers.29.attn.output_proj,9491,9872,0,0,2345,,:2345,:fsdp:backward:all_gather:layers.29.attn.output_proj
324847455,325069536,222081,0,222081,:fsdp:backward:all_gather:layers.29.attn.output_proj,9492,9875,0,0,1443,,:1443,:fsdp:backward:all_gather:layers.29.attn.output_proj
325061885,327069887,2008002,0,2008002,:fsdp:backward:wait_weights:layers.29.attn.output_proj,9491,9872,0,0,2346,,:2346,:fsdp:backward:wait_weights:layers.29.attn.output_proj
325081881,327064813,1982932,0,1982932,:fsdp:backward:wait_weights:layers.29.attn.output_proj,9492,9875,0,0,1444,,:1444,:fsdp:backward:wait_weights:layers.29.attn.output_proj
327088516,327242893,154377,0,154377,:fsdp:backward:compute:layers.29.attn.output_proj,9492,9875,0,0,1445,,:1445,:fsdp:backward:compute:layers.29.attn.output_proj
327092448,327246504,154056,0,154056,:fsdp:backward:compute:layers.29.attn.output_proj,9491,9872,0,0,2347,,:2347,:fsdp:backward:compute:layers.29.attn.output_proj
327335332,327584961,249629,0,249629,:fsdp:backward:reduce_scatter:layers.29.attn.output_proj,9491,9872,0,0,2348,,:2348,:fsdp:backward:reduce_scatter:layers.29.attn.output_proj
327336589,327596215,259626,0,259626,:fsdp:backward:reduce_scatter:layers.29.attn.output_proj,9492,9875,0,0,1446,,:1446,:fsdp:backward:reduce_scatter:layers.29.attn.output_proj
332693949,332936316,242367,0,242367,:fsdp:backward:all_gather:layers.29.attn.v_proj,9491,9872,0,0,2349,,:2349,:fsdp:backward:all_gather:layers.29.attn.v_proj
332697811,332938509,240698,0,240698,:fsdp:backward:all_gather:layers.29.attn.v_proj,9492,9875,0,0,1447,,:1447,:fsdp:backward:all_gather:layers.29.attn.v_proj
332949693,333017146,67453,0,67453,:fsdp:backward:wait_weights:layers.29.attn.v_proj,9491,9872,0,0,2350,,:2350,:fsdp:backward:wait_weights:layers.29.attn.v_proj
332951161,333024098,72937,0,72937,:fsdp:backward:wait_weights:layers.29.attn.v_proj,9492,9875,0,0,1448,,:1448,:fsdp:backward:wait_weights:layers.29.attn.v_proj
333039819,334686323,1646504,0,1646504,:fsdp:backward:compute:layers.29.attn.v_proj,9491,9872,0,0,2351,,:2351,:fsdp:backward:compute:layers.29.attn.v_proj
333047609,334672566,1624957,0,1624957,:fsdp:backward:compute:layers.29.attn.v_proj,9492,9875,0,0,1449,,:1449,:fsdp:backward:compute:layers.29.attn.v_proj
334848025,335128556,280531,0,280531,:fsdp:backward:reduce_scatter:layers.29.attn.v_proj,9492,9875,0,0,1450,,:1450,:fsdp:backward:reduce_scatter:layers.29.attn.v_proj
334859416,335110388,250972,0,250972,:fsdp:backward:reduce_scatter:layers.29.attn.v_proj,9491,9872,0,0,2352,,:2352,:fsdp:backward:reduce_scatter:layers.29.attn.v_proj
335207136,335377189,170053,0,170053,:fsdp:backward:all_gather:layers.29.attn.k_proj,9491,9872,0,0,2353,,:2353,:fsdp:backward:all_gather:layers.29.attn.k_proj
335234046,335425312,191266,0,191266,:fsdp:backward:all_gather:layers.29.attn.k_proj,9492,9875,0,0,1451,,:1451,:fsdp:backward:all_gather:layers.29.attn.k_proj
335387001,335448738,61737,0,61737,:fsdp:backward:wait_weights:layers.29.attn.k_proj,9491,9872,0,0,2354,,:2354,:fsdp:backward:wait_weights:layers.29.attn.k_proj
335435634,335502528,66894,0,66894,:fsdp:backward:wait_weights:layers.29.attn.k_proj,9492,9875,0,0,1452,,:1452,:fsdp:backward:wait_weights:layers.29.attn.k_proj
335467696,337326342,1858646,0,1858646,:fsdp:backward:compute:layers.29.attn.k_proj,9491,9872,0,0,2355,,:2355,:fsdp:backward:compute:layers.29.attn.k_proj
335523317,337315675,1792358,0,1792358,:fsdp:backward:compute:layers.29.attn.k_proj,9492,9875,0,0,1453,,:1453,:fsdp:backward:compute:layers.29.attn.k_proj
337401752,339604283,2202531,0,2202531,:fsdp:backward:reduce_scatter:layers.29.attn.k_proj,9492,9875,0,0,1454,,:1454,:fsdp:backward:reduce_scatter:layers.29.attn.k_proj
337407822,339617737,2209915,0,2209915,:fsdp:backward:reduce_scatter:layers.29.attn.k_proj,9491,9872,0,0,2356,,:2356,:fsdp:backward:reduce_scatter:layers.29.attn.k_proj
339809016,339995488,186472,0,186472,:fsdp:backward:all_gather:layers.29.attn.q_proj,9492,9875,0,0,1455,,:1455,:fsdp:backward:all_gather:layers.29.attn.q_proj
339829008,340020331,191323,0,191323,:fsdp:backward:all_gather:layers.29.attn.q_proj,9491,9872,0,0,2357,,:2357,:fsdp:backward:all_gather:layers.29.attn.q_proj
340004810,340069141,64331,0,64331,:fsdp:backward:wait_weights:layers.29.attn.q_proj,9492,9875,0,0,1456,,:1456,:fsdp:backward:wait_weights:layers.29.attn.q_proj
340030443,340097890,67447,0,67447,:fsdp:backward:wait_weights:layers.29.attn.q_proj,9491,9872,0,0,2358,,:2358,:fsdp:backward:wait_weights:layers.29.attn.q_proj
340088506,340210665,122159,0,122159,:fsdp:backward:compute:layers.29.attn.q_proj,9492,9875,0,0,1457,,:1457,:fsdp:backward:compute:layers.29.attn.q_proj
340118228,340247825,129597,0,129597,:fsdp:backward:compute:layers.29.attn.q_proj,9491,9872,0,0,2359,,:2359,:fsdp:backward:compute:layers.29.attn.q_proj
340295191,340523255,228064,0,228064,:fsdp:backward:reduce_scatter:layers.29.attn.q_proj,9492,9875,0,0,1458,,:1458,:fsdp:backward:reduce_scatter:layers.29.attn.q_proj
340336233,340574564,238331,0,238331,:fsdp:backward:reduce_scatter:layers.29.attn.q_proj,9491,9872,0,0,2360,,:2360,:fsdp:backward:reduce_scatter:layers.29.attn.q_proj
343595537,343785806,190269,0,190269,:fsdp:backward:all_gather:layers.28.ffn.w2,9492,9875,0,0,1459,,:1459,:fsdp:backward:all_gather:layers.28.ffn.w2
343622299,343827400,205101,0,205101,:fsdp:backward:all_gather:layers.28.ffn.w2,9491,9872,0,0,2361,,:2361,:fsdp:backward:all_gather:layers.28.ffn.w2
343796268,343860567,64299,0,64299,:fsdp:backward:wait_weights:layers.28.ffn.w2,9492,9875,0,0,1460,,:1460,:fsdp:backward:wait_weights:layers.28.ffn.w2
343841321,343916833,75512,0,75512,:fsdp:backward:wait_weights:layers.28.ffn.w2,9491,9872,0,0,2362,,:2362,:fsdp:backward:wait_weights:layers.28.ffn.w2
343880800,344005436,124636,0,124636,:fsdp:backward:compute:layers.28.ffn.w2,9492,9875,0,0,1461,,:1461,:fsdp:backward:compute:layers.28.ffn.w2
343937932,344070698,132766,0,132766,:fsdp:backward:compute:layers.28.ffn.w2,9491,9872,0,0,2363,,:2363,:fsdp:backward:compute:layers.28.ffn.w2
344085405,344317518,232113,0,232113,:fsdp:backward:reduce_scatter:layers.28.ffn.w2,9492,9875,0,0,1462,,:1462,:fsdp:backward:reduce_scatter:layers.28.ffn.w2
344145947,344357908,211961,0,211961,:fsdp:backward:reduce_scatter:layers.28.ffn.w2,9491,9872,0,0,2364,,:2364,:fsdp:backward:reduce_scatter:layers.28.ffn.w2
344456527,344630928,174401,0,174401,:fsdp:backward:all_gather:layers.28.ffn.w3,9492,9875,0,0,1463,,:1463,:fsdp:backward:all_gather:layers.28.ffn.w3
344488204,344646033,157829,0,157829,:fsdp:backward:all_gather:layers.28.ffn.w3,9491,9872,0,0,2365,,:2365,:fsdp:backward:all_gather:layers.28.ffn.w3
344640313,344701777,61464,0,61464,:fsdp:backward:wait_weights:layers.28.ffn.w3,9492,9875,0,0,1464,,:1464,:fsdp:backward:wait_weights:layers.28.ffn.w3
344654890,344712146,57256,0,57256,:fsdp:backward:wait_weights:layers.28.ffn.w3,9491,9872,0,0,2366,,:2366,:fsdp:backward:wait_weights:layers.28.ffn.w3
344721771,344834269,112498,0,112498,:fsdp:backward:compute:layers.28.ffn.w3,9492,9875,0,0,1465,,:1465,:fsdp:backward:compute:layers.28.ffn.w3
344729976,344837126,107150,0,107150,:fsdp:backward:compute:layers.28.ffn.w3,9491,9872,0,0,2367,,:2367,:fsdp:backward:compute:layers.28.ffn.w3
344907000,345105227,198227,0,198227,:fsdp:backward:reduce_scatter:layers.28.ffn.w3,9491,9872,0,0,2368,,:2368,:fsdp:backward:reduce_scatter:layers.28.ffn.w3
344910236,345129291,219055,0,219055,:fsdp:backward:reduce_scatter:layers.28.ffn.w3,9492,9875,0,0,1466,,:1466,:fsdp:backward:reduce_scatter:layers.28.ffn.w3
345267717,345418424,150707,0,150707,:fsdp:backward:all_gather:layers.28.ffn.w1,9491,9872,0,0,2369,,:2369,:fsdp:backward:all_gather:layers.28.ffn.w1
345311019,345490156,179137,0,179137,:fsdp:backward:all_gather:layers.28.ffn.w1,9492,9875,0,0,1467,,:1467,:fsdp:backward:all_gather:layers.28.ffn.w1
345427160,345482308,55148,0,55148,:fsdp:backward:wait_weights:layers.28.ffn.w1,9491,9872,0,0,2370,,:2370,:fsdp:backward:wait_weights:layers.28.ffn.w1
345499579,345605607,106028,0,106028,:fsdp:backward:compute:layers.28.ffn.w1,9491,9872,0,0,2371,,:2371,:fsdp:backward:compute:layers.28.ffn.w1
345500389,345562722,62333,0,62333,:fsdp:backward:wait_weights:layers.28.ffn.w1,9492,9875,0,0,1468,,:1468,:fsdp:backward:wait_weights:layers.28.ffn.w1
345582384,345702913,120529,0,120529,:fsdp:backward:compute:layers.28.ffn.w1,9492,9875,0,0,1469,,:1469,:fsdp:backward:compute:layers.28.ffn.w1
345672374,345874506,202132,0,202132,:fsdp:backward:reduce_scatter:layers.28.ffn.w1,9491,9872,0,0,2372,,:2372,:fsdp:backward:reduce_scatter:layers.28.ffn.w1
345782263,346018407,236144,0,236144,:fsdp:backward:reduce_scatter:layers.28.ffn.w1,9492,9875,0,0,1470,,:1470,:fsdp:backward:reduce_scatter:layers.28.ffn.w1
352416601,352597403,180802,0,180802,:fsdp:backward:all_gather:layers.28.attn.output_proj,9492,9875,0,0,1471,,:1471,:fsdp:backward:all_gather:layers.28.attn.output_proj
352448697,352665765,217068,0,217068,:fsdp:backward:all_gather:layers.28.attn.output_proj,9491,9872,0,0,2373,,:2373,:fsdp:backward:all_gather:layers.28.attn.output_proj
352607449,352668427,60978,0,60978,:fsdp:backward:wait_weights:layers.28.attn.output_proj,9492,9875,0,0,1472,,:1472,:fsdp:backward:wait_weights:layers.28.attn.output_proj
352680055,352758837,78782,0,78782,:fsdp:backward:wait_weights:layers.28.attn.output_proj,9491,9872,0,0,2374,,:2374,:fsdp:backward:wait_weights:layers.28.attn.output_proj
352687308,352808279,120971,0,120971,:fsdp:backward:compute:layers.28.attn.output_proj,9492,9875,0,0,1473,,:1473,:fsdp:backward:compute:layers.28.attn.output_proj
352781002,352931969,150967,0,150967,:fsdp:backward:compute:layers.28.attn.output_proj,9491,9872,0,0,2375,,:2375,:fsdp:backward:compute:layers.28.attn.output_proj
354751706,354987638,235932,0,235932,:fsdp:backward:reduce_scatter:layers.28.attn.output_proj,9491,9872,0,0,2376,,:2376,:fsdp:backward:reduce_scatter:layers.28.attn.output_proj
354782725,355004592,221867,0,221867,:fsdp:backward:reduce_scatter:layers.28.attn.output_proj,9492,9875,0,0,1474,,:1474,:fsdp:backward:reduce_scatter:layers.28.attn.output_proj
360231090,360692664,461574,0,461574,:fsdp:backward:all_gather:layers.28.attn.v_proj,9491,9872,0,0,2377,,:2377,:fsdp:backward:all_gather:layers.28.attn.v_proj
360268029,360837089,569060,0,569060,:fsdp:backward:all_gather:layers.28.attn.v_proj,9492,9875,0,0,1475,,:1475,:fsdp:backward:all_gather:layers.28.attn.v_proj
360704998,360760905,55907,0,55907,:fsdp:backward:wait_weights:layers.28.attn.v_proj,9491,9872,0,0,2378,,:2378,:fsdp:backward:wait_weights:layers.28.attn.v_proj
360778092,362693729,1915637,0,1915637,:fsdp:backward:compute:layers.28.attn.v_proj,9491,9872,0,0,2379,,:2379,:fsdp:backward:compute:layers.28.attn.v_proj
360852928,360926901,73973,0,73973,:fsdp:backward:wait_weights:layers.28.attn.v_proj,9492,9875,0,0,1476,,:1476,:fsdp:backward:wait_weights:layers.28.attn.v_proj
360951072,362707075,1756003,0,1756003,:fsdp:backward:compute:layers.28.attn.v_proj,9492,9875,0,0,1477,,:1477,:fsdp:backward:compute:layers.28.attn.v_proj
362852010,363038052,186042,0,186042,:fsdp:backward:reduce_scatter:layers.28.attn.v_proj,9491,9872,0,0,2380,,:2380,:fsdp:backward:reduce_scatter:layers.28.attn.v_proj
362874524,363138372,263848,0,263848,:fsdp:backward:reduce_scatter:layers.28.attn.v_proj,9492,9875,0,0,1478,,:1478,:fsdp:backward:reduce_scatter:layers.28.attn.v_proj
363108418,363222831,114413,0,114413,:fsdp:backward:all_gather:layers.28.attn.k_proj,9491,9872,0,0,2381,,:2381,:fsdp:backward:all_gather:layers.28.attn.k_proj
363229186,363272295,43109,0,43109,:fsdp:backward:wait_weights:layers.28.attn.k_proj,9491,9872,0,0,2382,,:2382,:fsdp:backward:wait_weights:layers.28.attn.k_proj
363234444,363388340,153896,0,153896,:fsdp:backward:all_gather:layers.28.attn.k_proj,9492,9875,0,0,1479,,:1479,:fsdp:backward:all_gather:layers.28.attn.k_proj
363285018,365297775,2012757,0,2012757,:fsdp:backward:compute:layers.28.attn.k_proj,9491,9872,0,0,2383,,:2383,:fsdp:backward:compute:layers.28.attn.k_proj
363394385,363436654,42269,0,42269,:fsdp:backward:wait_weights:layers.28.attn.k_proj,9492,9875,0,0,1480,,:1480,:fsdp:backward:wait_weights:layers.28.attn.k_proj
363449373,365301927,1852554,0,1852554,:fsdp:backward:compute:layers.28.attn.k_proj,9492,9875,0,0,1481,,:1481,:fsdp:backward:compute:layers.28.attn.k_proj
365351045,365502437,151392,0,151392,:fsdp:backward:reduce_scatter:layers.28.attn.k_proj,9491,9872,0,0,2384,,:2384,:fsdp:backward:reduce_scatter:layers.28.attn.k_proj
365355395,365509213,153818,0,153818,:fsdp:backward:reduce_scatter:layers.28.attn.k_proj,9492,9875,0,0,1482,,:1482,:fsdp:backward:reduce_scatter:layers.28.attn.k_proj
365578772,365688910,110138,0,110138,:fsdp:backward:all_gather:layers.28.attn.q_proj,9491,9872,0,0,2385,,:2385,:fsdp:backward:all_gather:layers.28.attn.q_proj
365581815,365698833,117018,0,117018,:fsdp:backward:all_gather:layers.28.attn.q_proj,9492,9875,0,0,1483,,:1483,:fsdp:backward:all_gather:layers.28.attn.q_proj
365694829,365735202,40373,0,40373,:fsdp:backward:wait_weights:layers.28.attn.q_proj,9491,9872,0,0,2386,,:2386,:fsdp:backward:wait_weights:layers.28.attn.q_proj
365704414,365745336,40922,0,40922,:fsdp:backward:wait_weights:layers.28.attn.q_proj,9492,9875,0,0,1484,,:1484,:fsdp:backward:wait_weights:layers.28.attn.q_proj
365746995,367715055,1968060,0,1968060,:fsdp:backward:compute:layers.28.attn.q_proj,9491,9872,0,0,2387,,:2387,:fsdp:backward:compute:layers.28.attn.q_proj
365757487,367681765,1924278,0,1924278,:fsdp:backward:compute:layers.28.attn.q_proj,9492,9875,0,0,1485,,:1485,:fsdp:backward:compute:layers.28.attn.q_proj
368278242,368434874,156632,0,156632,:fsdp:backward:reduce_scatter:layers.28.attn.q_proj,9492,9875,0,0,1486,,:1486,:fsdp:backward:reduce_scatter:layers.28.attn.q_proj
368310630,368458889,148259,0,148259,:fsdp:backward:reduce_scatter:layers.28.attn.q_proj,9491,9872,0,0,2388,,:2388,:fsdp:backward:reduce_scatter:layers.28.attn.q_proj
369567577,369696979,129402,0,129402,:fsdp:backward:all_gather:layers.27.ffn.w2,9492,9875,0,0,1487,,:1487,:fsdp:backward:all_gather:layers.27.ffn.w2
369596260,369719133,122873,0,122873,:fsdp:backward:all_gather:layers.27.ffn.w2,9491,9872,0,0,2389,,:2389,:fsdp:backward:all_gather:layers.27.ffn.w2
369703791,369747366,43575,0,43575,:fsdp:backward:wait_weights:layers.27.ffn.w2,9492,9875,0,0,1488,,:1488,:fsdp:backward:wait_weights:layers.27.ffn.w2
369725711,369769670,43959,0,43959,:fsdp:backward:wait_weights:layers.27.ffn.w2,9491,9872,0,0,2390,,:2390,:fsdp:backward:wait_weights:layers.27.ffn.w2
369760326,369847009,86683,0,86683,:fsdp:backward:compute:layers.27.ffn.w2,9492,9875,0,0,1489,,:1489,:fsdp:backward:compute:layers.27.ffn.w2
369782080,369868110,86030,0,86030,:fsdp:backward:compute:layers.27.ffn.w2,9491,9872,0,0,2391,,:2391,:fsdp:backward:compute:layers.27.ffn.w2
369899861,370050080,150219,0,150219,:fsdp:backward:reduce_scatter:layers.27.ffn.w2,9492,9875,0,0,1490,,:1490,:fsdp:backward:reduce_scatter:layers.27.ffn.w2
369920274,370081165,160891,0,160891,:fsdp:backward:reduce_scatter:layers.27.ffn.w2,9491,9872,0,0,2392,,:2392,:fsdp:backward:reduce_scatter:layers.27.ffn.w2
370139660,370248267,108607,0,108607,:fsdp:backward:all_gather:layers.27.ffn.w3,9492,9875,0,0,1491,,:1491,:fsdp:backward:all_gather:layers.27.ffn.w3
370175189,370283973,108784,0,108784,:fsdp:backward:all_gather:layers.27.ffn.w3,9491,9872,0,0,2393,,:2393,:fsdp:backward:all_gather:layers.27.ffn.w3
370254593,370293919,39326,0,39326,:fsdp:backward:wait_weights:layers.27.ffn.w3,9492,9875,0,0,1492,,:1492,:fsdp:backward:wait_weights:layers.27.ffn.w3
370290240,370330826,40586,0,40586,:fsdp:backward:wait_weights:layers.27.ffn.w3,9491,9872,0,0,2394,,:2394,:fsdp:backward:wait_weights:layers.27.ffn.w3
370305529,370381074,75545,0,75545,:fsdp:backward:compute:layers.27.ffn.w3,9492,9875,0,0,1493,,:1493,:fsdp:backward:compute:layers.27.ffn.w3
370342333,370421184,78851,0,78851,:fsdp:backward:compute:layers.27.ffn.w3,9491,9872,0,0,2395,,:2395,:fsdp:backward:compute:layers.27.ffn.w3
370430411,370985170,554759,0,554759,:fsdp:backward:reduce_scatter:layers.27.ffn.w3,9492,9875,0,0,1494,,:1494,:fsdp:backward:reduce_scatter:layers.27.ffn.w3
370468877,371011899,543022,0,543022,:fsdp:backward:reduce_scatter:layers.27.ffn.w3,9491,9872,0,0,2396,,:2396,:fsdp:backward:reduce_scatter:layers.27.ffn.w3
371105909,371218462,112553,0,112553,:fsdp:backward:all_gather:layers.27.ffn.w1,9492,9875,0,0,1495,,:1495,:fsdp:backward:all_gather:layers.27.ffn.w1
371135731,371246515,110784,0,110784,:fsdp:backward:all_gather:layers.27.ffn.w1,9491,9872,0,0,2397,,:2397,:fsdp:backward:all_gather:layers.27.ffn.w1
371224411,371263104,38693,0,38693,:fsdp:backward:wait_weights:layers.27.ffn.w1,9492,9875,0,0,1496,,:1496,:fsdp:backward:wait_weights:layers.27.ffn.w1
371252702,371293002,40300,0,40300,:fsdp:backward:wait_weights:layers.27.ffn.w1,9491,9872,0,0,2398,,:2398,:fsdp:backward:wait_weights:layers.27.ffn.w1
371274643,371353885,79242,0,79242,:fsdp:backward:compute:layers.27.ffn.w1,9492,9875,0,0,1497,,:1497,:fsdp:backward:compute:layers.27.ffn.w1
371304624,371385353,80729,0,80729,:fsdp:backward:compute:layers.27.ffn.w1,9491,9872,0,0,2399,,:2399,:fsdp:backward:compute:layers.27.ffn.w1
373203535,373360051,156516,0,156516,:fsdp:backward:reduce_scatter:layers.27.ffn.w1,9492,9875,0,0,1498,,:1498,:fsdp:backward:reduce_scatter:layers.27.ffn.w1
373220714,373370490,149776,0,149776,:fsdp:backward:reduce_scatter:layers.27.ffn.w1,9491,9872,0,0,2400,,:2400,:fsdp:backward:reduce_scatter:layers.27.ffn.w1
378416043,378548301,132258,0,132258,:fsdp:backward:all_gather:layers.27.attn.output_proj,9492,9875,0,0,1499,,:1499,:fsdp:backward:all_gather:layers.27.attn.output_proj
378481251,378612175,130924,0,130924,:fsdp:backward:all_gather:layers.27.attn.output_proj,9491,9872,0,0,2401,,:2401,:fsdp:backward:all_gather:layers.27.attn.output_proj
378555916,380275844,1719928,0,1719928,:fsdp:backward:wait_weights:layers.27.attn.output_proj,9492,9875,0,0,1500,,:1500,:fsdp:backward:wait_weights:layers.27.attn.output_proj
378619588,380341409,1721821,0,1721821,:fsdp:backward:wait_weights:layers.27.attn.output_proj,9491,9872,0,0,2402,,:2402,:fsdp:backward:wait_weights:layers.27.attn.output_proj
380289676,381423572,1133896,0,1133896,:fsdp:backward:compute:layers.27.attn.output_proj,9492,9875,0,0,1501,,:1501,:fsdp:backward:compute:layers.27.attn.output_proj
380355460,381484648,1129188,0,1129188,:fsdp:backward:compute:layers.27.attn.output_proj,9491,9872,0,0,2403,,:2403,:fsdp:backward:compute:layers.27.attn.output_proj
381481212,381635394,154182,0,154182,:fsdp:backward:reduce_scatter:layers.27.attn.output_proj,9492,9875,0,0,1502,,:1502,:fsdp:backward:reduce_scatter:layers.27.attn.output_proj
381539784,381696015,156231,0,156231,:fsdp:backward:reduce_scatter:layers.27.attn.output_proj,9491,9872,0,0,2404,,:2404,:fsdp:backward:reduce_scatter:layers.27.attn.output_proj
388354188,388518638,164450,0,164450,:fsdp:backward:all_gather:layers.27.attn.v_proj,9491,9872,0,0,2405,,:2405,:fsdp:backward:all_gather:layers.27.attn.v_proj
388369453,388529981,160528,0,160528,:fsdp:backward:all_gather:layers.27.attn.v_proj,9492,9875,0,0,1503,,:1503,:fsdp:backward:all_gather:layers.27.attn.v_proj
388526385,388570330,43945,0,43945,:fsdp:backward:wait_weights:layers.27.attn.v_proj,9491,9872,0,0,2406,,:2406,:fsdp:backward:wait_weights:layers.27.attn.v_proj
388538135,388581827,43692,0,43692,:fsdp:backward:wait_weights:layers.27.attn.v_proj,9492,9875,0,0,1504,,:1504,:fsdp:backward:wait_weights:layers.27.attn.v_proj
388584481,390865048,2280567,0,2280567,:fsdp:backward:compute:layers.27.attn.v_proj,9491,9872,0,0,2407,,:2407,:fsdp:backward:compute:layers.27.attn.v_proj
388596189,390892302,2296113,0,2296113,:fsdp:backward:compute:layers.27.attn.v_proj,9492,9875,0,0,1505,,:1505,:fsdp:backward:compute:layers.27.attn.v_proj
390921749,391099344,177595,0,177595,:fsdp:backward:reduce_scatter:layers.27.attn.v_proj,9491,9872,0,0,2408,,:2408,:fsdp:backward:reduce_scatter:layers.27.attn.v_proj
390949275,391127688,178413,0,178413,:fsdp:backward:reduce_scatter:layers.27.attn.v_proj,9492,9875,0,0,1506,,:1506,:fsdp:backward:reduce_scatter:layers.27.attn.v_proj
391166852,391280852,114000,0,114000,:fsdp:backward:all_gather:layers.27.attn.k_proj,9491,9872,0,0,2409,,:2409,:fsdp:backward:all_gather:layers.27.attn.k_proj
391193207,391306373,113166,0,113166,:fsdp:backward:all_gather:layers.27.attn.k_proj,9492,9875,0,0,1507,,:1507,:fsdp:backward:all_gather:layers.27.attn.k_proj
391286760,391330236,43476,0,43476,:fsdp:backward:wait_weights:layers.27.attn.k_proj,9491,9872,0,0,2410,,:2410,:fsdp:backward:wait_weights:layers.27.attn.k_proj
391312494,391354275,41781,0,41781,:fsdp:backward:wait_weights:layers.27.attn.k_proj,9492,9875,0,0,1508,,:1508,:fsdp:backward:wait_weights:layers.27.attn.k_proj
391342155,391427324,85169,0,85169,:fsdp:backward:compute:layers.27.attn.k_proj,9491,9872,0,0,2411,,:2411,:fsdp:backward:compute:layers.27.attn.k_proj
391366626,391450423,83797,0,83797,:fsdp:backward:compute:layers.27.attn.k_proj,9492,9875,0,0,1509,,:1509,:fsdp:backward:compute:layers.27.attn.k_proj
391479279,392892463,1413184,0,1413184,:fsdp:backward:reduce_scatter:layers.27.attn.k_proj,9491,9872,0,0,2412,,:2412,:fsdp:backward:reduce_scatter:layers.27.attn.k_proj
391501328,392906205,1404877,0,1404877,:fsdp:backward:reduce_scatter:layers.27.attn.k_proj,9492,9875,0,0,1510,,:1510,:fsdp:backward:reduce_scatter:layers.27.attn.k_proj
392968740,393083540,114800,0,114800,:fsdp:backward:all_gather:layers.27.attn.q_proj,9491,9872,0,0,2413,,:2413,:fsdp:backward:all_gather:layers.27.attn.q_proj
392982164,393092613,110449,0,110449,:fsdp:backward:all_gather:layers.27.attn.q_proj,9492,9875,0,0,1511,,:1511,:fsdp:backward:all_gather:layers.27.attn.q_proj
393090138,393489646,399508,0,399508,:fsdp:backward:wait_weights:layers.27.attn.q_proj,9491,9872,0,0,2414,,:2414,:fsdp:backward:wait_weights:layers.27.attn.q_proj
393098740,393499659,400919,0,400919,:fsdp:backward:wait_weights:layers.27.attn.q_proj,9492,9875,0,0,1512,,:1512,:fsdp:backward:wait_weights:layers.27.attn.q_proj
393501158,394094645,593487,0,593487,:fsdp:backward:compute:layers.27.attn.q_proj,9491,9872,0,0,2415,,:2415,:fsdp:backward:compute:layers.27.attn.q_proj
393511301,394097951,586650,0,586650,:fsdp:backward:compute:layers.27.attn.q_proj,9492,9875,0,0,1513,,:1513,:fsdp:backward:compute:layers.27.attn.q_proj
394145506,394289359,143853,0,143853,:fsdp:backward:reduce_scatter:layers.27.attn.q_proj,9491,9872,0,0,2416,,:2416,:fsdp:backward:reduce_scatter:layers.27.attn.q_proj
394147967,394290549,142582,0,142582,:fsdp:backward:reduce_scatter:layers.27.attn.q_proj,9492,9875,0,0,1514,,:1514,:fsdp:backward:reduce_scatter:layers.27.attn.q_proj
394863504,394988886,125382,0,125382,:fsdp:backward:all_gather:layers.26.ffn.w2,9492,9875,0,0,1515,,:1515,:fsdp:backward:all_gather:layers.26.ffn.w2
394867456,394999605,132149,0,132149,:fsdp:backward:all_gather:layers.26.ffn.w2,9491,9872,0,0,2417,,:2417,:fsdp:backward:all_gather:layers.26.ffn.w2
394995576,395037282,41706,0,41706,:fsdp:backward:wait_weights:layers.26.ffn.w2,9492,9875,0,0,1516,,:1516,:fsdp:backward:wait_weights:layers.26.ffn.w2
395007000,395052883,45883,0,45883,:fsdp:backward:wait_weights:layers.26.ffn.w2,9491,9872,0,0,2418,,:2418,:fsdp:backward:wait_weights:layers.26.ffn.w2
395049004,395132121,83117,0,83117,:fsdp:backward:compute:layers.26.ffn.w2,9492,9875,0,0,1517,,:1517,:fsdp:backward:compute:layers.26.ffn.w2
395065961,395154758,88797,0,88797,:fsdp:backward:compute:layers.26.ffn.w2,9491,9872,0,0,2419,,:2419,:fsdp:backward:compute:layers.26.ffn.w2
395182715,395384963,202248,0,202248,:fsdp:backward:reduce_scatter:layers.26.ffn.w2,9492,9875,0,0,1518,,:1518,:fsdp:backward:reduce_scatter:layers.26.ffn.w2
395208804,395423540,214736,0,214736,:fsdp:backward:reduce_scatter:layers.26.ffn.w2,9491,9872,0,0,2420,,:2420,:fsdp:backward:reduce_scatter:layers.26.ffn.w2
395479727,395601350,121623,0,121623,:fsdp:backward:all_gather:layers.26.ffn.w3,9492,9875,0,0,1519,,:1519,:fsdp:backward:all_gather:layers.26.ffn.w3
395518557,395639013,120456,0,120456,:fsdp:backward:all_gather:layers.26.ffn.w3,9491,9872,0,0,2421,,:2421,:fsdp:backward:all_gather:layers.26.ffn.w3
395607459,396209372,601913,0,601913,:fsdp:backward:wait_weights:layers.26.ffn.w3,9492,9875,0,0,1520,,:1520,:fsdp:backward:wait_weights:layers.26.ffn.w3
395645124,396211428,566304,0,566304,:fsdp:backward:wait_weights:layers.26.ffn.w3,9491,9872,0,0,2422,,:2422,:fsdp:backward:wait_weights:layers.26.ffn.w3
396221414,396303732,82318,0,82318,:fsdp:backward:compute:layers.26.ffn.w3,9492,9875,0,0,1521,,:1521,:fsdp:backward:compute:layers.26.ffn.w3
396223700,396307439,83739,0,83739,:fsdp:backward:compute:layers.26.ffn.w3,9491,9872,0,0,2423,,:2423,:fsdp:backward:compute:layers.26.ffn.w3
396355413,396508542,153129,0,153129,:fsdp:backward:reduce_scatter:layers.26.ffn.w3,9492,9875,0,0,1522,,:1522,:fsdp:backward:reduce_scatter:layers.26.ffn.w3
396358239,396510115,151876,0,151876,:fsdp:backward:reduce_scatter:layers.26.ffn.w3,9491,9872,0,0,2424,,:2424,:fsdp:backward:reduce_scatter:layers.26.ffn.w3
398414709,398524307,109598,0,109598,:fsdp:backward:all_gather:layers.26.ffn.w1,9492,9875,0,0,1523,,:1523,:fsdp:backward:all_gather:layers.26.ffn.w1
398419889,398531011,111122,0,111122,:fsdp:backward:all_gather:layers.26.ffn.w1,9491,9872,0,0,2425,,:2425,:fsdp:backward:all_gather:layers.26.ffn.w1
398530137,398576460,46323,0,46323,:fsdp:backward:wait_weights:layers.26.ffn.w1,9492,9875,0,0,1524,,:1524,:fsdp:backward:wait_weights:layers.26.ffn.w1
398544184,398586298,42114,0,42114,:fsdp:backward:wait_weights:layers.26.ffn.w1,9491,9872,0,0,2426,,:2426,:fsdp:backward:wait_weights:layers.26.ffn.w1
398588380,398669245,80865,0,80865,:fsdp:backward:compute:layers.26.ffn.w1,9492,9875,0,0,1525,,:1525,:fsdp:backward:compute:layers.26.ffn.w1
398598542,398680611,82069,0,82069,:fsdp:backward:compute:layers.26.ffn.w1,9491,9872,0,0,2427,,:2427,:fsdp:backward:compute:layers.26.ffn.w1
400917523,401069881,152358,0,152358,:fsdp:backward:reduce_scatter:layers.26.ffn.w1,9492,9875,0,0,1526,,:1526,:fsdp:backward:reduce_scatter:layers.26.ffn.w1
400918091,401066977,148886,0,148886,:fsdp:backward:reduce_scatter:layers.26.ffn.w1,9491,9872,0,0,2428,,:2428,:fsdp:backward:reduce_scatter:layers.26.ffn.w1
406660466,406791188,130722,0,130722,:fsdp:backward:all_gather:layers.26.attn.output_proj,9492,9875,0,0,1527,,:1527,:fsdp:backward:all_gather:layers.26.attn.output_proj
406666033,406798123,132090,0,132090,:fsdp:backward:all_gather:layers.26.attn.output_proj,9491,9872,0,0,2429,,:2429,:fsdp:backward:all_gather:layers.26.attn.output_proj
406797996,406841648,43652,0,43652,:fsdp:backward:wait_weights:layers.26.attn.output_proj,9492,9875,0,0,1528,,:1528,:fsdp:backward:wait_weights:layers.26.attn.output_proj
406804911,406849994,45083,0,45083,:fsdp:backward:wait_weights:layers.26.attn.output_proj,9491,9872,0,0,2430,,:2430,:fsdp:backward:wait_weights:layers.26.attn.output_proj
406854360,406941879,87519,0,87519,:fsdp:backward:compute:layers.26.attn.output_proj,9492,9875,0,0,1529,,:1529,:fsdp:backward:compute:layers.26.attn.output_proj
406863017,406951767,88750,0,88750,:fsdp:backward:compute:layers.26.attn.output_proj,9491,9872,0,0,2431,,:2431,:fsdp:backward:compute:layers.26.attn.output_proj
406993856,407145951,152095,0,152095,:fsdp:backward:reduce_scatter:layers.26.attn.output_proj,9492,9875,0,0,1530,,:1530,:fsdp:backward:reduce_scatter:layers.26.attn.output_proj
407006390,407161191,154801,0,154801,:fsdp:backward:reduce_scatter:layers.26.attn.output_proj,9491,9872,0,0,2432,,:2432,:fsdp:backward:reduce_scatter:layers.26.attn.output_proj
416050476,416214461,163985,0,163985,:fsdp:backward:all_gather:layers.26.attn.v_proj,9492,9875,0,0,1531,,:1531,:fsdp:backward:all_gather:layers.26.attn.v_proj
416079073,416251571,172498,0,172498,:fsdp:backward:all_gather:layers.26.attn.v_proj,9491,9872,0,0,2433,,:2433,:fsdp:backward:all_gather:layers.26.attn.v_proj
416224116,416270086,45970,0,45970,:fsdp:backward:wait_weights:layers.26.attn.v_proj,9492,9875,0,0,1532,,:1532,:fsdp:backward:wait_weights:layers.26.attn.v_proj
416260666,416306498,45832,0,45832,:fsdp:backward:wait_weights:layers.26.attn.v_proj,9491,9872,0,0,2434,,:2434,:fsdp:backward:wait_weights:layers.26.attn.v_proj
416284792,416372762,87970,0,87970,:fsdp:backward:compute:layers.26.attn.v_proj,9492,9875,0,0,1533,,:1533,:fsdp:backward:compute:layers.26.attn.v_proj
416321281,416408890,87609,0,87609,:fsdp:backward:compute:layers.26.attn.v_proj,9491,9872,0,0,2435,,:2435,:fsdp:backward:compute:layers.26.attn.v_proj
416430513,416602492,171979,0,171979,:fsdp:backward:reduce_scatter:layers.26.attn.v_proj,9492,9875,0,0,1534,,:1534,:fsdp:backward:reduce_scatter:layers.26.attn.v_proj
416462656,416624030,161374,0,161374,:fsdp:backward:reduce_scatter:layers.26.attn.v_proj,9491,9872,0,0,2436,,:2436,:fsdp:backward:reduce_scatter:layers.26.attn.v_proj
416666825,416779198,112373,0,112373,:fsdp:backward:all_gather:layers.26.attn.k_proj,9492,9875,0,0,1535,,:1535,:fsdp:backward:all_gather:layers.26.attn.k_proj
416688622,416799682,111060,0,111060,:fsdp:backward:all_gather:layers.26.attn.k_proj,9491,9872,0,0,2437,,:2437,:fsdp:backward:all_gather:layers.26.attn.k_proj
416785187,416825324,40137,0,40137,:fsdp:backward:wait_weights:layers.26.attn.k_proj,9492,9875,0,0,1536,,:1536,:fsdp:backward:wait_weights:layers.26.attn.k_proj
416805760,416846339,40579,0,40579,:fsdp:backward:wait_weights:layers.26.attn.k_proj,9491,9872,0,0,2438,,:2438,:fsdp:backward:wait_weights:layers.26.attn.k_proj
416837482,419031179,2193697,0,2193697,:fsdp:backward:compute:layers.26.attn.k_proj,9492,9875,0,0,1537,,:1537,:fsdp:backward:compute:layers.26.attn.k_proj
416858528,419065529,2207001,0,2207001,:fsdp:backward:compute:layers.26.attn.k_proj,9491,9872,0,0,2439,,:2439,:fsdp:backward:compute:layers.26.attn.k_proj
419626556,419785543,158987,0,158987,:fsdp:backward:reduce_scatter:layers.26.attn.k_proj,9492,9875,0,0,1538,,:1538,:fsdp:backward:reduce_scatter:layers.26.attn.k_proj
419662286,419819383,157097,0,157097,:fsdp:backward:reduce_scatter:layers.26.attn.k_proj,9491,9872,0,0,2440,,:2440,:fsdp:backward:reduce_scatter:layers.26.attn.k_proj
419859897,419965174,105277,0,105277,:fsdp:backward:all_gather:layers.26.attn.q_proj,9492,9875,0,0,1539,,:1539,:fsdp:backward:all_gather:layers.26.attn.q_proj
419895805,420002347,106542,0,106542,:fsdp:backward:all_gather:layers.26.attn.q_proj,9491,9872,0,0,2441,,:2441,:fsdp:backward:all_gather:layers.26.attn.q_proj
419970855,420010261,39406,0,39406,:fsdp:backward:wait_weights:layers.26.attn.q_proj,9492,9875,0,0,1540,,:1540,:fsdp:backward:wait_weights:layers.26.attn.q_proj
420008547,420048042,39495,0,39495,:fsdp:backward:wait_weights:layers.26.attn.q_proj,9491,9872,0,0,2442,,:2442,:fsdp:backward:wait_weights:layers.26.attn.q_proj
420021742,420101244,79502,0,79502,:fsdp:backward:compute:layers.26.attn.q_proj,9492,9875,0,0,1541,,:1541,:fsdp:backward:compute:layers.26.attn.q_proj
420059569,420138654,79085,0,79085,:fsdp:backward:compute:layers.26.attn.q_proj,9491,9872,0,0,2443,,:2443,:fsdp:backward:compute:layers.26.attn.q_proj
420151787,420310874,159087,0,159087,:fsdp:backward:reduce_scatter:layers.26.attn.q_proj,9492,9875,0,0,1542,,:1542,:fsdp:backward:reduce_scatter:layers.26.attn.q_proj
420187426,420343451,156025,0,156025,:fsdp:backward:reduce_scatter:layers.26.attn.q_proj,9491,9872,0,0,2444,,:2444,:fsdp:backward:reduce_scatter:layers.26.attn.q_proj
420632484,420761347,128863,0,128863,:fsdp:backward:all_gather:layers.25.ffn.w2,9492,9875,0,0,1543,,:1543,:fsdp:backward:all_gather:layers.25.ffn.w2
420667100,420793950,126850,0,126850,:fsdp:backward:all_gather:layers.25.ffn.w2,9491,9872,0,0,2445,,:2445,:fsdp:backward:all_gather:layers.25.ffn.w2
420768549,420813099,44550,0,44550,:fsdp:backward:wait_weights:layers.25.ffn.w2,9492,9875,0,0,1544,,:1544,:fsdp:backward:wait_weights:layers.25.ffn.w2
420800858,420846132,45274,0,45274,:fsdp:backward:wait_weights:layers.25.ffn.w2,9491,9872,0,0,2446,,:2446,:fsdp:backward:wait_weights:layers.25.ffn.w2
420825436,421745422,919986,0,919986,:fsdp:backward:compute:layers.25.ffn.w2,9492,9875,0,0,1545,,:1545,:fsdp:backward:compute:layers.25.ffn.w2
420858685,421781459,922774,0,922774,:fsdp:backward:compute:layers.25.ffn.w2,9491,9872,0,0,2447,,:2447,:fsdp:backward:compute:layers.25.ffn.w2
421799768,421957712,157944,0,157944,:fsdp:backward:reduce_scatter:layers.25.ffn.w2,9492,9875,0,0,1546,,:1546,:fsdp:backward:reduce_scatter:layers.25.ffn.w2
421835157,421980955,145798,0,145798,:fsdp:backward:reduce_scatter:layers.25.ffn.w2,9491,9872,0,0,2448,,:2448,:fsdp:backward:reduce_scatter:layers.25.ffn.w2
422051021,422162021,111000,0,111000,:fsdp:backward:all_gather:layers.25.ffn.w3,9492,9875,0,0,1547,,:1547,:fsdp:backward:all_gather:layers.25.ffn.w3
422073639,422178351,104712,0,104712,:fsdp:backward:all_gather:layers.25.ffn.w3,9491,9872,0,0,2449,,:2449,:fsdp:backward:all_gather:layers.25.ffn.w3
422167717,422207585,39868,0,39868,:fsdp:backward:wait_weights:layers.25.ffn.w3,9492,9875,0,0,1548,,:1548,:fsdp:backward:wait_weights:layers.25.ffn.w3
422184177,422225124,40947,0,40947,:fsdp:backward:wait_weights:layers.25.ffn.w3,9491,9872,0,0,2450,,:2450,:fsdp:backward:wait_weights:layers.25.ffn.w3
422218826,422296603,77777,0,77777,:fsdp:backward:compute:layers.25.ffn.w3,9492,9875,0,0,1549,,:1549,:fsdp:backward:compute:layers.25.ffn.w3
422236309,422314035,77726,0,77726,:fsdp:backward:compute:layers.25.ffn.w3,9491,9872,0,0,2451,,:2451,:fsdp:backward:compute:layers.25.ffn.w3
423968486,424119041,150555,0,150555,:fsdp:backward:reduce_scatter:layers.25.ffn.w3,9492,9875,0,0,1550,,:1550,:fsdp:backward:reduce_scatter:layers.25.ffn.w3
423988443,424128815,140372,0,140372,:fsdp:backward:reduce_scatter:layers.25.ffn.w3,9491,9872,0,0,2452,,:2452,:fsdp:backward:reduce_scatter:layers.25.ffn.w3
426479793,426591950,112157,0,112157,:fsdp:backward:all_gather:layers.25.ffn.w1,9492,9875,0,0,1551,,:1551,:fsdp:backward:all_gather:layers.25.ffn.w1
426549795,426656278,106483,0,106483,:fsdp:backward:all_gather:layers.25.ffn.w1,9491,9872,0,0,2453,,:2453,:fsdp:backward:all_gather:layers.25.ffn.w1
426598132,426638475,40343,0,40343,:fsdp:backward:wait_weights:layers.25.ffn.w1,9492,9875,0,0,1552,,:1552,:fsdp:backward:wait_weights:layers.25.ffn.w1
426650118,428877734,2227616,0,2227616,:fsdp:backward:compute:layers.25.ffn.w1,9492,9875,0,0,1553,,:1553,:fsdp:backward:compute:layers.25.ffn.w1
426662486,426701946,39460,0,39460,:fsdp:backward:wait_weights:layers.25.ffn.w1,9491,9872,0,0,2454,,:2454,:fsdp:backward:wait_weights:layers.25.ffn.w1
426713597,428954063,2240466,0,2240466,:fsdp:backward:compute:layers.25.ffn.w1,9491,9872,0,0,2455,,:2455,:fsdp:backward:compute:layers.25.ffn.w1
429029363,429171769,142406,0,142406,:fsdp:backward:reduce_scatter:layers.25.ffn.w1,9492,9875,0,0,1554,,:1554,:fsdp:backward:reduce_scatter:layers.25.ffn.w1
429105856,429258515,152659,0,152659,:fsdp:backward:reduce_scatter:layers.25.ffn.w1,9491,9872,0,0,2456,,:2456,:fsdp:backward:reduce_scatter:layers.25.ffn.w1
432776834,432902056,125222,0,125222,:fsdp:backward:all_gather:layers.25.attn.output_proj,9492,9875,0,0,1555,,:1555,:fsdp:backward:all_gather:layers.25.attn.output_proj
432810147,432944464,134317,0,134317,:fsdp:backward:all_gather:layers.25.attn.output_proj,9491,9872,0,0,2457,,:2457,:fsdp:backward:all_gather:layers.25.attn.output_proj
432909367,432953756,44389,0,44389,:fsdp:backward:wait_weights:layers.25.attn.output_proj,9492,9875,0,0,1556,,:1556,:fsdp:backward:wait_weights:layers.25.attn.output_proj
432951732,432998122,46390,0,46390,:fsdp:backward:wait_weights:layers.25.attn.output_proj,9491,9872,0,0,2458,,:2458,:fsdp:backward:wait_weights:layers.25.attn.output_proj
432966910,433264292,297382,0,297382,:fsdp:backward:compute:layers.25.attn.output_proj,9492,9875,0,0,1557,,:1557,:fsdp:backward:compute:layers.25.attn.output_proj
433012084,433289466,277382,0,277382,:fsdp:backward:compute:layers.25.attn.output_proj,9491,9872,0,0,2459,,:2459,:fsdp:backward:compute:layers.25.attn.output_proj
433320798,433481480,160682,0,160682,:fsdp:backward:reduce_scatter:layers.25.attn.output_proj,9492,9875,0,0,1558,,:1558,:fsdp:backward:reduce_scatter:layers.25.attn.output_proj
433346891,433506643,159752,0,159752,:fsdp:backward:reduce_scatter:layers.25.attn.output_proj,9491,9872,0,0,2460,,:2460,:fsdp:backward:reduce_scatter:layers.25.attn.output_proj
442223029,442379050,156021,0,156021,:fsdp:backward:all_gather:layers.25.attn.v_proj,9492,9875,0,0,1559,,:1559,:fsdp:backward:all_gather:layers.25.attn.v_proj
442273922,442442491,168569,0,168569,:fsdp:backward:all_gather:layers.25.attn.v_proj,9491,9872,0,0,2461,,:2461,:fsdp:backward:all_gather:layers.25.attn.v_proj
442387174,442431083,43909,0,43909,:fsdp:backward:wait_weights:layers.25.attn.v_proj,9492,9875,0,0,1560,,:1560,:fsdp:backward:wait_weights:layers.25.attn.v_proj
442444537,444543981,2099444,0,2099444,:fsdp:backward:compute:layers.25.attn.v_proj,9492,9875,0,0,1561,,:1561,:fsdp:backward:compute:layers.25.attn.v_proj
442451012,442497017,46005,0,46005,:fsdp:backward:wait_weights:layers.25.attn.v_proj,9491,9872,0,0,2462,,:2462,:fsdp:backward:wait_weights:layers.25.attn.v_proj
442511410,444578515,2067105,0,2067105,:fsdp:backward:compute:layers.25.attn.v_proj,9491,9872,0,0,2463,,:2463,:fsdp:backward:compute:layers.25.attn.v_proj
445145769,445318579,172810,0,172810,:fsdp:backward:reduce_scatter:layers.25.attn.v_proj,9492,9875,0,0,1562,,:1562,:fsdp:backward:reduce_scatter:layers.25.attn.v_proj
445182524,445358651,176127,0,176127,:fsdp:backward:reduce_scatter:layers.25.attn.v_proj,9491,9872,0,0,2464,,:2464,:fsdp:backward:reduce_scatter:layers.25.attn.v_proj
445381491,445490842,109351,0,109351,:fsdp:backward:all_gather:layers.25.attn.k_proj,9492,9875,0,0,1563,,:1563,:fsdp:backward:all_gather:layers.25.attn.k_proj
445427964,445541631,113667,0,113667,:fsdp:backward:all_gather:layers.25.attn.k_proj,9491,9872,0,0,2465,,:2465,:fsdp:backward:all_gather:layers.25.attn.k_proj
445496505,445719956,223451,0,223451,:fsdp:backward:wait_weights:layers.25.attn.k_proj,9492,9875,0,0,1564,,:1564,:fsdp:backward:wait_weights:layers.25.attn.k_proj
445547890,445753356,205466,0,205466,:fsdp:backward:wait_weights:layers.25.attn.k_proj,9491,9872,0,0,2466,,:2466,:fsdp:backward:wait_weights:layers.25.attn.k_proj
445731619,445813279,81660,0,81660,:fsdp:backward:compute:layers.25.attn.k_proj,9492,9875,0,0,1565,,:1565,:fsdp:backward:compute:layers.25.attn.k_proj
445765373,445850009,84636,0,84636,:fsdp:backward:compute:layers.25.attn.k_proj,9491,9872,0,0,2467,,:2467,:fsdp:backward:compute:layers.25.attn.k_proj
445866434,446018434,152000,0,152000,:fsdp:backward:reduce_scatter:layers.25.attn.k_proj,9492,9875,0,0,1566,,:1566,:fsdp:backward:reduce_scatter:layers.25.attn.k_proj
445901421,446048572,147151,0,147151,:fsdp:backward:reduce_scatter:layers.25.attn.k_proj,9491,9872,0,0,2468,,:2468,:fsdp:backward:reduce_scatter:layers.25.attn.k_proj
446093663,446202914,109251,0,109251,:fsdp:backward:all_gather:layers.25.attn.q_proj,9492,9875,0,0,1567,,:1567,:fsdp:backward:all_gather:layers.25.attn.q_proj
446124010,446229937,105927,0,105927,:fsdp:backward:all_gather:layers.25.attn.q_proj,9491,9872,0,0,2469,,:2469,:fsdp:backward:all_gather:layers.25.attn.q_proj
446208733,446249593,40860,0,40860,:fsdp:backward:wait_weights:layers.25.attn.q_proj,9492,9875,0,0,1568,,:1568,:fsdp:backward:wait_weights:layers.25.attn.q_proj
446235544,446274554,39010,0,39010,:fsdp:backward:wait_weights:layers.25.attn.q_proj,9491,9872,0,0,2470,,:2470,:fsdp:backward:wait_weights:layers.25.attn.q_proj
446261053,446348665,87612,0,87612,:fsdp:backward:compute:layers.25.attn.q_proj,9492,9875,0,0,1569,,:1569,:fsdp:backward:compute:layers.25.attn.q_proj
446285880,446381683,95803,0,95803,:fsdp:backward:compute:layers.25.attn.q_proj,9491,9872,0,0,2471,,:2471,:fsdp:backward:compute:layers.25.attn.q_proj
446397991,446552989,154998,0,154998,:fsdp:backward:reduce_scatter:layers.25.attn.q_proj,9492,9875,0,0,1570,,:1570,:fsdp:backward:reduce_scatter:layers.25.attn.q_proj
446430174,446587504,157330,0,157330,:fsdp:backward:reduce_scatter:layers.25.attn.q_proj,9491,9872,0,0,2472,,:2472,:fsdp:backward:reduce_scatter:layers.25.attn.q_proj
447895215,448020782,125567,0,125567,:fsdp:backward:all_gather:layers.24.ffn.w2,9492,9875,0,0,1571,,:1571,:fsdp:backward:all_gather:layers.24.ffn.w2
447937022,448063661,126639,0,126639,:fsdp:backward:all_gather:layers.24.ffn.w2,9491,9872,0,0,2473,,:2473,:fsdp:backward:all_gather:layers.24.ffn.w2
448027202,448069503,42301,0,42301,:fsdp:backward:wait_weights:layers.24.ffn.w2,9492,9875,0,0,1572,,:1572,:fsdp:backward:wait_weights:layers.24.ffn.w2
448070970,448114882,43912,0,43912,:fsdp:backward:wait_weights:layers.24.ffn.w2,9491,9872,0,0,2474,,:2474,:fsdp:backward:wait_weights:layers.24.ffn.w2
448081381,448162463,81082,0,81082,:fsdp:backward:compute:layers.24.ffn.w2,9492,9875,0,0,1573,,:1573,:fsdp:backward:compute:layers.24.ffn.w2
448127648,448215602,87954,0,87954,:fsdp:backward:compute:layers.24.ffn.w2,9491,9872,0,0,2475,,:2475,:fsdp:backward:compute:layers.24.ffn.w2
448213499,448367272,153773,0,153773,:fsdp:backward:reduce_scatter:layers.24.ffn.w2,9492,9875,0,0,1574,,:1574,:fsdp:backward:reduce_scatter:layers.24.ffn.w2
448268928,448418085,149157,0,149157,:fsdp:backward:reduce_scatter:layers.24.ffn.w2,9491,9872,0,0,2476,,:2476,:fsdp:backward:reduce_scatter:layers.24.ffn.w2
450086735,450195742,109007,0,109007,:fsdp:backward:all_gather:layers.24.ffn.w3,9492,9875,0,0,1575,,:1575,:fsdp:backward:all_gather:layers.24.ffn.w3
450106911,450215845,108934,0,108934,:fsdp:backward:all_gather:layers.24.ffn.w3,9491,9872,0,0,2477,,:2477,:fsdp:backward:all_gather:layers.24.ffn.w3
450201355,450241535,40180,0,40180,:fsdp:backward:wait_weights:layers.24.ffn.w3,9492,9875,0,0,1576,,:1576,:fsdp:backward:wait_weights:layers.24.ffn.w3
450221728,450261703,39975,0,39975,:fsdp:backward:wait_weights:layers.24.ffn.w3,9491,9872,0,0,2478,,:2478,:fsdp:backward:wait_weights:layers.24.ffn.w3
450252605,450327612,75007,0,75007,:fsdp:backward:compute:layers.24.ffn.w3,9492,9875,0,0,1577,,:1577,:fsdp:backward:compute:layers.24.ffn.w3
450273652,450351919,78267,0,78267,:fsdp:backward:compute:layers.24.ffn.w3,9491,9872,0,0,2479,,:2479,:fsdp:backward:compute:layers.24.ffn.w3
452578068,453226861,648793,0,648793,:fsdp:backward:reduce_scatter:layers.24.ffn.w3,9492,9875,0,0,1578,,:1578,:fsdp:backward:reduce_scatter:layers.24.ffn.w3
452631653,453193438,561785,0,561785,:fsdp:backward:reduce_scatter:layers.24.ffn.w3,9491,9872,0,0,2480,,:2480,:fsdp:backward:reduce_scatter:layers.24.ffn.w3
455154285,455282814,128529,0,128529,:fsdp:backward:all_gather:layers.24.ffn.w1,9492,9875,0,0,1579,,:1579,:fsdp:backward:all_gather:layers.24.ffn.w1
455208113,455331622,123509,0,123509,:fsdp:backward:all_gather:layers.24.ffn.w1,9491,9872,0,0,2481,,:2481,:fsdp:backward:all_gather:layers.24.ffn.w1
455289549,455333772,44223,0,44223,:fsdp:backward:wait_weights:layers.24.ffn.w1,9492,9875,0,0,1580,,:1580,:fsdp:backward:wait_weights:layers.24.ffn.w1
455338456,455380908,42452,0,42452,:fsdp:backward:wait_weights:layers.24.ffn.w1,9491,9872,0,0,2482,,:2482,:fsdp:backward:wait_weights:layers.24.ffn.w1
455346591,455437179,90588,0,90588,:fsdp:backward:compute:layers.24.ffn.w1,9492,9875,0,0,1581,,:1581,:fsdp:backward:compute:layers.24.ffn.w1
455393343,455478052,84709,0,84709,:fsdp:backward:compute:layers.24.ffn.w1,9491,9872,0,0,2483,,:2483,:fsdp:backward:compute:layers.24.ffn.w1
455489655,455642837,153182,0,153182,:fsdp:backward:reduce_scatter:layers.24.ffn.w1,9492,9875,0,0,1582,,:1582,:fsdp:backward:reduce_scatter:layers.24.ffn.w1
455527778,455677454,149676,0,149676,:fsdp:backward:reduce_scatter:layers.24.ffn.w1,9491,9872,0,0,2484,,:2484,:fsdp:backward:reduce_scatter:layers.24.ffn.w1
459329867,459465370,135503,0,135503,:fsdp:backward:all_gather:layers.24.attn.output_proj,9491,9872,0,0,2485,,:2485,:fsdp:backward:all_gather:layers.24.attn.output_proj
459367969,459501230,133261,0,133261,:fsdp:backward:all_gather:layers.24.attn.output_proj,9492,9875,0,0,1583,,:1583,:fsdp:backward:all_gather:layers.24.attn.output_proj
459472148,459516245,44097,0,44097,:fsdp:backward:wait_weights:layers.24.attn.output_proj,9491,9872,0,0,2486,,:2486,:fsdp:backward:wait_weights:layers.24.attn.output_proj
459507633,459552566,44933,0,44933,:fsdp:backward:wait_weights:layers.24.attn.output_proj,9492,9875,0,0,1584,,:1584,:fsdp:backward:wait_weights:layers.24.attn.output_proj
459529928,459619779,89851,0,89851,:fsdp:backward:compute:layers.24.attn.output_proj,9491,9872,0,0,2487,,:2487,:fsdp:backward:compute:layers.24.attn.output_proj
459565475,459656034,90559,0,90559,:fsdp:backward:compute:layers.24.attn.output_proj,9492,9875,0,0,1585,,:1585,:fsdp:backward:compute:layers.24.attn.output_proj
459674887,459833838,158951,0,158951,:fsdp:backward:reduce_scatter:layers.24.attn.output_proj,9491,9872,0,0,2488,,:2488,:fsdp:backward:reduce_scatter:layers.24.attn.output_proj
459709393,459854686,145293,0,145293,:fsdp:backward:reduce_scatter:layers.24.attn.output_proj,9492,9875,0,0,1586,,:1586,:fsdp:backward:reduce_scatter:layers.24.attn.output_proj
474245946,474411347,165401,0,165401,:fsdp:backward:all_gather:layers.24.attn.v_proj,9491,9872,0,0,2489,,:2489,:fsdp:backward:all_gather:layers.24.attn.v_proj
474250840,474421604,170764,0,170764,:fsdp:backward:all_gather:layers.24.attn.v_proj,9492,9875,0,0,1587,,:1587,:fsdp:backward:all_gather:layers.24.attn.v_proj
474419118,474464807,45689,0,45689,:fsdp:backward:wait_weights:layers.24.attn.v_proj,9491,9872,0,0,2490,,:2490,:fsdp:backward:wait_weights:layers.24.attn.v_proj
474430143,474477483,47340,0,47340,:fsdp:backward:wait_weights:layers.24.attn.v_proj,9492,9875,0,0,1588,,:1588,:fsdp:backward:wait_weights:layers.24.attn.v_proj
474479591,474573455,93864,0,93864,:fsdp:backward:compute:layers.24.attn.v_proj,9491,9872,0,0,2491,,:2491,:fsdp:backward:compute:layers.24.attn.v_proj
474492233,474587599,95366,0,95366,:fsdp:backward:compute:layers.24.attn.v_proj,9492,9875,0,0,1589,,:1589,:fsdp:backward:compute:layers.24.attn.v_proj
474628164,474794018,165854,0,165854,:fsdp:backward:reduce_scatter:layers.24.attn.v_proj,9491,9872,0,0,2492,,:2492,:fsdp:backward:reduce_scatter:layers.24.attn.v_proj
474645559,474823730,178171,0,178171,:fsdp:backward:reduce_scatter:layers.24.attn.v_proj,9492,9875,0,0,1590,,:1590,:fsdp:backward:reduce_scatter:layers.24.attn.v_proj
474859328,474975394,116066,0,116066,:fsdp:backward:all_gather:layers.24.attn.k_proj,9491,9872,0,0,2493,,:2493,:fsdp:backward:all_gather:layers.24.attn.k_proj
474887528,475004358,116830,0,116830,:fsdp:backward:all_gather:layers.24.attn.k_proj,9492,9875,0,0,1591,,:1591,:fsdp:backward:all_gather:layers.24.attn.k_proj
474982055,478588955,3606900,0,3606900,:fsdp:backward:wait_weights:layers.24.attn.k_proj,9491,9872,0,0,2494,,:2494,:fsdp:backward:wait_weights:layers.24.attn.k_proj
475010651,478617641,3606990,0,3606990,:fsdp:backward:wait_weights:layers.24.attn.k_proj,9492,9875,0,0,1592,,:1592,:fsdp:backward:wait_weights:layers.24.attn.k_proj
478601911,478742732,140821,0,140821,:fsdp:backward:compute:layers.24.attn.k_proj,9491,9872,0,0,2495,,:2495,:fsdp:backward:compute:layers.24.attn.k_proj
478645121,478808324,163203,0,163203,:fsdp:backward:compute:layers.24.attn.k_proj,9492,9875,0,0,1593,,:1593,:fsdp:backward:compute:layers.24.attn.k_proj
483921610,484075975,154365,0,154365,:fsdp:backward:reduce_scatter:layers.24.attn.k_proj,9491,9872,0,0,2496,,:2496,:fsdp:backward:reduce_scatter:layers.24.attn.k_proj
483952338,484183236,230898,0,230898,:fsdp:backward:reduce_scatter:layers.24.attn.k_proj,9492,9875,0,0,1594,,:1594,:fsdp:backward:reduce_scatter:layers.24.attn.k_proj
484156472,484266588,110116,0,110116,:fsdp:backward:all_gather:layers.24.attn.q_proj,9491,9872,0,0,2497,,:2497,:fsdp:backward:all_gather:layers.24.attn.q_proj
484272870,484315816,42946,0,42946,:fsdp:backward:wait_weights:layers.24.attn.q_proj,9491,9872,0,0,2498,,:2498,:fsdp:backward:wait_weights:layers.24.attn.q_proj
484276686,484402314,125628,0,125628,:fsdp:backward:all_gather:layers.24.attn.q_proj,9492,9875,0,0,1595,,:1595,:fsdp:backward:all_gather:layers.24.attn.q_proj
484328163,484411768,83605,0,83605,:fsdp:backward:compute:layers.24.attn.q_proj,9491,9872,0,0,2499,,:2499,:fsdp:backward:compute:layers.24.attn.q_proj
484409557,484456824,47267,0,47267,:fsdp:backward:wait_weights:layers.24.attn.q_proj,9492,9875,0,0,1596,,:1596,:fsdp:backward:wait_weights:layers.24.attn.q_proj
484462429,484604282,141853,0,141853,:fsdp:backward:reduce_scatter:layers.24.attn.q_proj,9491,9872,0,0,2500,,:2500,:fsdp:backward:reduce_scatter:layers.24.attn.q_proj
484469683,484570288,100605,0,100605,:fsdp:backward:compute:layers.24.attn.q_proj,9492,9875,0,0,1597,,:1597,:fsdp:backward:compute:layers.24.attn.q_proj
484626939,484787144,160205,0,160205,:fsdp:backward:reduce_scatter:layers.24.attn.q_proj,9492,9875,0,0,1598,,:1598,:fsdp:backward:reduce_scatter:layers.24.attn.q_proj
494266689,494400500,133811,0,133811,:fsdp:backward:all_gather:layers.23.ffn.w2,9491,9872,0,0,2501,,:2501,:fsdp:backward:all_gather:layers.23.ffn.w2
494268055,494406220,138165,0,138165,:fsdp:backward:all_gather:layers.23.ffn.w2,9492,9875,0,0,1599,,:1599,:fsdp:backward:all_gather:layers.23.ffn.w2
494407338,494451959,44621,0,44621,:fsdp:backward:wait_weights:layers.23.ffn.w2,9491,9872,0,0,2502,,:2502,:fsdp:backward:wait_weights:layers.23.ffn.w2
494412975,494458487,45512,0,45512,:fsdp:backward:wait_weights:layers.23.ffn.w2,9492,9875,0,0,1600,,:1600,:fsdp:backward:wait_weights:layers.23.ffn.w2
494465286,499609499,5144213,0,5144213,:fsdp:backward:compute:layers.23.ffn.w2,9491,9872,0,0,2503,,:2503,:fsdp:backward:compute:layers.23.ffn.w2
494471524,499605490,5133966,0,5133966,:fsdp:backward:compute:layers.23.ffn.w2,9492,9875,0,0,1601,,:1601,:fsdp:backward:compute:layers.23.ffn.w2
499663225,499832753,169528,0,169528,:fsdp:backward:reduce_scatter:layers.23.ffn.w2,9492,9875,0,0,1602,,:1602,:fsdp:backward:reduce_scatter:layers.23.ffn.w2
499663828,499820803,156975,0,156975,:fsdp:backward:reduce_scatter:layers.23.ffn.w2,9491,9872,0,0,2504,,:2504,:fsdp:backward:reduce_scatter:layers.23.ffn.w2
502443535,502579851,136316,0,136316,:fsdp:backward:all_gather:layers.23.ffn.w3,9492,9875,0,0,1603,,:1603,:fsdp:backward:all_gather:layers.23.ffn.w3
502446429,502560033,113604,0,113604,:fsdp:backward:all_gather:layers.23.ffn.w3,9491,9872,0,0,2505,,:2505,:fsdp:backward:all_gather:layers.23.ffn.w3
502566235,502608413,42178,0,42178,:fsdp:backward:wait_weights:layers.23.ffn.w3,9491,9872,0,0,2506,,:2506,:fsdp:backward:wait_weights:layers.23.ffn.w3
502586437,502631212,44775,0,44775,:fsdp:backward:wait_weights:layers.23.ffn.w3,9492,9875,0,0,1604,,:1604,:fsdp:backward:wait_weights:layers.23.ffn.w3
502620403,502700472,80069,0,80069,:fsdp:backward:compute:layers.23.ffn.w3,9491,9872,0,0,2507,,:2507,:fsdp:backward:compute:layers.23.ffn.w3
502644374,502730475,86101,0,86101,:fsdp:backward:compute:layers.23.ffn.w3,9492,9875,0,0,1605,,:1605,:fsdp:backward:compute:layers.23.ffn.w3
507892594,508066579,173985,0,173985,:fsdp:backward:reduce_scatter:layers.23.ffn.w3,9492,9875,0,0,1606,,:1606,:fsdp:backward:reduce_scatter:layers.23.ffn.w3
507906162,508067800,161638,0,161638,:fsdp:backward:reduce_scatter:layers.23.ffn.w3,9491,9872,0,0,2508,,:2508,:fsdp:backward:reduce_scatter:layers.23.ffn.w3
508188788,508295608,106820,0,106820,:fsdp:backward:all_gather:layers.23.ffn.w1,9491,9872,0,0,2509,,:2509,:fsdp:backward:all_gather:layers.23.ffn.w1
508193427,508310215,116788,0,116788,:fsdp:backward:all_gather:layers.23.ffn.w1,9492,9875,0,0,1607,,:1607,:fsdp:backward:all_gather:layers.23.ffn.w1
508301771,508342932,41161,0,41161,:fsdp:backward:wait_weights:layers.23.ffn.w1,9491,9872,0,0,2510,,:2510,:fsdp:backward:wait_weights:layers.23.ffn.w1
508316239,508357731,41492,0,41492,:fsdp:backward:wait_weights:layers.23.ffn.w1,9492,9875,0,0,1608,,:1608,:fsdp:backward:wait_weights:layers.23.ffn.w1
508355233,508437304,82071,0,82071,:fsdp:backward:compute:layers.23.ffn.w1,9491,9872,0,0,2511,,:2511,:fsdp:backward:compute:layers.23.ffn.w1
508370303,508451333,81030,0,81030,:fsdp:backward:compute:layers.23.ffn.w1,9492,9875,0,0,1609,,:1609,:fsdp:backward:compute:layers.23.ffn.w1
508488086,508634388,146302,0,146302,:fsdp:backward:reduce_scatter:layers.23.ffn.w1,9491,9872,0,0,2512,,:2512,:fsdp:backward:reduce_scatter:layers.23.ffn.w1
508503383,508649790,146407,0,146407,:fsdp:backward:reduce_scatter:layers.23.ffn.w1,9492,9875,0,0,1610,,:1610,:fsdp:backward:reduce_scatter:layers.23.ffn.w1
510120735,510245908,125173,0,125173,:fsdp:backward:all_gather:layers.23.attn.output_proj,9492,9875,0,0,1611,,:1611,:fsdp:backward:all_gather:layers.23.attn.output_proj
510132955,510257993,125038,0,125038,:fsdp:backward:all_gather:layers.23.attn.output_proj,9491,9872,0,0,2513,,:2513,:fsdp:backward:all_gather:layers.23.attn.output_proj
510252925,510296136,43211,0,43211,:fsdp:backward:wait_weights:layers.23.attn.output_proj,9492,9875,0,0,1612,,:1612,:fsdp:backward:wait_weights:layers.23.attn.output_proj
510265442,510308632,43190,0,43190,:fsdp:backward:wait_weights:layers.23.attn.output_proj,9491,9872,0,0,2514,,:2514,:fsdp:backward:wait_weights:layers.23.attn.output_proj
510309458,510394792,85334,0,85334,:fsdp:backward:compute:layers.23.attn.output_proj,9492,9875,0,0,1613,,:1613,:fsdp:backward:compute:layers.23.attn.output_proj
510321360,510409672,88312,0,88312,:fsdp:backward:compute:layers.23.attn.output_proj,9491,9872,0,0,2515,,:2515,:fsdp:backward:compute:layers.23.attn.output_proj
510447733,510600526,152793,0,152793,:fsdp:backward:reduce_scatter:layers.23.attn.output_proj,9492,9875,0,0,1614,,:1614,:fsdp:backward:reduce_scatter:layers.23.attn.output_proj
510463232,510617681,154449,0,154449,:fsdp:backward:reduce_scatter:layers.23.attn.output_proj,9491,9872,0,0,2516,,:2516,:fsdp:backward:reduce_scatter:layers.23.attn.output_proj
516452017,516619128,167111,0,167111,:fsdp:backward:all_gather:layers.23.attn.v_proj,9492,9875,0,0,1615,,:1615,:fsdp:backward:all_gather:layers.23.attn.v_proj
516460862,516628798,167936,0,167936,:fsdp:backward:all_gather:layers.23.attn.v_proj,9491,9872,0,0,2517,,:2517,:fsdp:backward:all_gather:layers.23.attn.v_proj
516627853,516674320,46467,0,46467,:fsdp:backward:wait_weights:layers.23.attn.v_proj,9492,9875,0,0,1616,,:1616,:fsdp:backward:wait_weights:layers.23.attn.v_proj
516637807,516683843,46036,0,46036,:fsdp:backward:wait_weights:layers.23.attn.v_proj,9491,9872,0,0,2518,,:2518,:fsdp:backward:wait_weights:layers.23.attn.v_proj
516689261,517944388,1255127,0,1255127,:fsdp:backward:compute:layers.23.attn.v_proj,9492,9875,0,0,1617,,:1617,:fsdp:backward:compute:layers.23.attn.v_proj
516698795,517947658,1248863,0,1248863,:fsdp:backward:compute:layers.23.attn.v_proj,9491,9872,0,0,2519,,:2519,:fsdp:backward:compute:layers.23.attn.v_proj
518008281,518183038,174757,0,174757,:fsdp:backward:reduce_scatter:layers.23.attn.v_proj,9492,9875,0,0,1618,,:1618,:fsdp:backward:reduce_scatter:layers.23.attn.v_proj
518008660,518185293,176633,0,176633,:fsdp:backward:reduce_scatter:layers.23.attn.v_proj,9491,9872,0,0,2520,,:2520,:fsdp:backward:reduce_scatter:layers.23.attn.v_proj
518248158,518361145,112987,0,112987,:fsdp:backward:all_gather:layers.23.attn.k_proj,9492,9875,0,0,1619,,:1619,:fsdp:backward:all_gather:layers.23.attn.k_proj
518252220,518366990,114770,0,114770,:fsdp:backward:all_gather:layers.23.attn.k_proj,9491,9872,0,0,2521,,:2521,:fsdp:backward:all_gather:layers.23.attn.k_proj
518367336,518408494,41158,0,41158,:fsdp:backward:wait_weights:layers.23.attn.k_proj,9492,9875,0,0,1620,,:1620,:fsdp:backward:wait_weights:layers.23.attn.k_proj
518373164,518415715,42551,0,42551,:fsdp:backward:wait_weights:layers.23.attn.k_proj,9491,9872,0,0,2522,,:2522,:fsdp:backward:wait_weights:layers.23.attn.k_proj
518420299,519344359,924060,0,924060,:fsdp:backward:compute:layers.23.attn.k_proj,9492,9875,0,0,1621,,:1621,:fsdp:backward:compute:layers.23.attn.k_proj
518427655,519345286,917631,0,917631,:fsdp:backward:compute:layers.23.attn.k_proj,9491,9872,0,0,2523,,:2523,:fsdp:backward:compute:layers.23.attn.k_proj
519398534,519555669,157135,0,157135,:fsdp:backward:reduce_scatter:layers.23.attn.k_proj,9492,9875,0,0,1622,,:1622,:fsdp:backward:reduce_scatter:layers.23.attn.k_proj
519398557,519555428,156871,0,156871,:fsdp:backward:reduce_scatter:layers.23.attn.k_proj,9491,9872,0,0,2524,,:2524,:fsdp:backward:reduce_scatter:layers.23.attn.k_proj
519631219,519741286,110067,0,110067,:fsdp:backward:all_gather:layers.23.attn.q_proj,9491,9872,0,0,2525,,:2525,:fsdp:backward:all_gather:layers.23.attn.q_proj
519631880,519741539,109659,0,109659,:fsdp:backward:all_gather:layers.23.attn.q_proj,9492,9875,0,0,1623,,:1623,:fsdp:backward:all_gather:layers.23.attn.q_proj
519747266,519787720,40454,0,40454,:fsdp:backward:wait_weights:layers.23.attn.q_proj,9491,9872,0,0,2526,,:2526,:fsdp:backward:wait_weights:layers.23.attn.q_proj
519747523,519787244,39721,0,39721,:fsdp:backward:wait_weights:layers.23.attn.q_proj,9492,9875,0,0,1624,,:1624,:fsdp:backward:wait_weights:layers.23.attn.q_proj
519799031,519877954,78923,0,78923,:fsdp:backward:compute:layers.23.attn.q_proj,9491,9872,0,0,2527,,:2527,:fsdp:backward:compute:layers.23.attn.q_proj
519799215,519879859,80644,0,80644,:fsdp:backward:compute:layers.23.attn.q_proj,9492,9875,0,0,1625,,:1625,:fsdp:backward:compute:layers.23.attn.q_proj
519927199,520082275,155076,0,155076,:fsdp:backward:reduce_scatter:layers.23.attn.q_proj,9491,9872,0,0,2528,,:2528,:fsdp:backward:reduce_scatter:layers.23.attn.q_proj
519930710,520098344,167634,0,167634,:fsdp:backward:reduce_scatter:layers.23.attn.q_proj,9492,9875,0,0,1626,,:1626,:fsdp:backward:reduce_scatter:layers.23.attn.q_proj
529777521,529908486,130965,0,130965,:fsdp:backward:all_gather:layers.22.ffn.w2,9491,9872,0,0,2529,,:2529,:fsdp:backward:all_gather:layers.22.ffn.w2
529782626,529914034,131408,0,131408,:fsdp:backward:all_gather:layers.22.ffn.w2,9492,9875,0,0,1627,,:1627,:fsdp:backward:all_gather:layers.22.ffn.w2
529916359,529960777,44418,0,44418,:fsdp:backward:wait_weights:layers.22.ffn.w2,9491,9872,0,0,2530,,:2530,:fsdp:backward:wait_weights:layers.22.ffn.w2
529921186,529966108,44922,0,44922,:fsdp:backward:wait_weights:layers.22.ffn.w2,9492,9875,0,0,1628,,:1628,:fsdp:backward:wait_weights:layers.22.ffn.w2
529973458,535113810,5140352,0,5140352,:fsdp:backward:compute:layers.22.ffn.w2,9491,9872,0,0,2531,,:2531,:fsdp:backward:compute:layers.22.ffn.w2
529978099,535126118,5148019,0,5148019,:fsdp:backward:compute:layers.22.ffn.w2,9492,9875,0,0,1629,,:1629,:fsdp:backward:compute:layers.22.ffn.w2
535169790,535327634,157844,0,157844,:fsdp:backward:reduce_scatter:layers.22.ffn.w2,9491,9872,0,0,2532,,:2532,:fsdp:backward:reduce_scatter:layers.22.ffn.w2
535184070,535346365,162295,0,162295,:fsdp:backward:reduce_scatter:layers.22.ffn.w2,9492,9875,0,0,1630,,:1630,:fsdp:backward:reduce_scatter:layers.22.ffn.w2
537966019,538076355,110336,0,110336,:fsdp:backward:all_gather:layers.22.ffn.w3,9492,9875,0,0,1631,,:1631,:fsdp:backward:all_gather:layers.22.ffn.w3
537966105,538076662,110557,0,110557,:fsdp:backward:all_gather:layers.22.ffn.w3,9491,9872,0,0,2533,,:2533,:fsdp:backward:all_gather:layers.22.ffn.w3
538082629,538124128,41499,0,41499,:fsdp:backward:wait_weights:layers.22.ffn.w3,9492,9875,0,0,1632,,:1632,:fsdp:backward:wait_weights:layers.22.ffn.w3
538082903,538124024,41121,0,41121,:fsdp:backward:wait_weights:layers.22.ffn.w3,9491,9872,0,0,2534,,:2534,:fsdp:backward:wait_weights:layers.22.ffn.w3
538136117,538215748,79631,0,79631,:fsdp:backward:compute:layers.22.ffn.w3,9491,9872,0,0,2535,,:2535,:fsdp:backward:compute:layers.22.ffn.w3
538136259,538219084,82825,0,82825,:fsdp:backward:compute:layers.22.ffn.w3,9492,9875,0,0,1633,,:1633,:fsdp:backward:compute:layers.22.ffn.w3
543444325,543603647,159322,0,159322,:fsdp:backward:reduce_scatter:layers.22.ffn.w3,9492,9875,0,0,1634,,:1634,:fsdp:backward:reduce_scatter:layers.22.ffn.w3
543445241,543602831,157590,0,157590,:fsdp:backward:reduce_scatter:layers.22.ffn.w3,9491,9872,0,0,2536,,:2536,:fsdp:backward:reduce_scatter:layers.22.ffn.w3
543724132,543832406,108274,0,108274,:fsdp:backward:all_gather:layers.22.ffn.w1,9491,9872,0,0,2537,,:2537,:fsdp:backward:all_gather:layers.22.ffn.w1
543724936,543834432,109496,0,109496,:fsdp:backward:all_gather:layers.22.ffn.w1,9492,9875,0,0,1635,,:1635,:fsdp:backward:all_gather:layers.22.ffn.w1
543838425,543878138,39713,0,39713,:fsdp:backward:wait_weights:layers.22.ffn.w1,9491,9872,0,0,2538,,:2538,:fsdp:backward:wait_weights:layers.22.ffn.w1
543840126,543880728,40602,0,40602,:fsdp:backward:wait_weights:layers.22.ffn.w1,9492,9875,0,0,1636,,:1636,:fsdp:backward:wait_weights:layers.22.ffn.w1
543889588,543970508,80920,0,80920,:fsdp:backward:compute:layers.22.ffn.w1,9491,9872,0,0,2539,,:2539,:fsdp:backward:compute:layers.22.ffn.w1
543891902,543972142,80240,0,80240,:fsdp:backward:compute:layers.22.ffn.w1,9492,9875,0,0,1637,,:1637,:fsdp:backward:compute:layers.22.ffn.w1
544018475,544163961,145486,0,145486,:fsdp:backward:reduce_scatter:layers.22.ffn.w1,9491,9872,0,0,2540,,:2540,:fsdp:backward:reduce_scatter:layers.22.ffn.w1
544022680,544173522,150842,0,150842,:fsdp:backward:reduce_scatter:layers.22.ffn.w1,9492,9875,0,0,1638,,:1638,:fsdp:backward:reduce_scatter:layers.22.ffn.w1
545668875,545787077,118202,0,118202,:fsdp:backward:all_gather:layers.22.attn.output_proj,9491,9872,0,0,2541,,:2541,:fsdp:backward:all_gather:layers.22.attn.output_proj
545671002,545790631,119629,0,119629,:fsdp:backward:all_gather:layers.22.attn.output_proj,9492,9875,0,0,1639,,:1639,:fsdp:backward:all_gather:layers.22.attn.output_proj
545793148,545835667,42519,0,42519,:fsdp:backward:wait_weights:layers.22.attn.output_proj,9491,9872,0,0,2542,,:2542,:fsdp:backward:wait_weights:layers.22.attn.output_proj
545796848,545839247,42399,0,42399,:fsdp:backward:wait_weights:layers.22.attn.output_proj,9492,9875,0,0,1640,,:1640,:fsdp:backward:wait_weights:layers.22.attn.output_proj
545848647,545936101,87454,0,87454,:fsdp:backward:compute:layers.22.attn.output_proj,9491,9872,0,0,2543,,:2543,:fsdp:backward:compute:layers.22.attn.output_proj
545852557,545938453,85896,0,85896,:fsdp:backward:compute:layers.22.attn.output_proj,9492,9875,0,0,1641,,:1641,:fsdp:backward:compute:layers.22.attn.output_proj
545987832,546134958,147126,0,147126,:fsdp:backward:reduce_scatter:layers.22.attn.output_proj,9491,9872,0,0,2544,,:2544,:fsdp:backward:reduce_scatter:layers.22.attn.output_proj
545991210,546135810,144600,0,144600,:fsdp:backward:reduce_scatter:layers.22.attn.output_proj,9492,9875,0,0,1642,,:1642,:fsdp:backward:reduce_scatter:layers.22.attn.output_proj
552008201,552169581,161380,0,161380,:fsdp:backward:all_gather:layers.22.attn.v_proj,9491,9872,0,0,2545,,:2545,:fsdp:backward:all_gather:layers.22.attn.v_proj
552010438,552182535,172097,0,172097,:fsdp:backward:all_gather:layers.22.attn.v_proj,9492,9875,0,0,1643,,:1643,:fsdp:backward:all_gather:layers.22.attn.v_proj
552178215,552223199,44984,0,44984,:fsdp:backward:wait_weights:layers.22.attn.v_proj,9491,9872,0,0,2546,,:2546,:fsdp:backward:wait_weights:layers.22.attn.v_proj
552191396,552237356,45960,0,45960,:fsdp:backward:wait_weights:layers.22.attn.v_proj,9492,9875,0,0,1644,,:1644,:fsdp:backward:wait_weights:layers.22.attn.v_proj
552237427,553501435,1264008,0,1264008,:fsdp:backward:compute:layers.22.attn.v_proj,9491,9872,0,0,2547,,:2547,:fsdp:backward:compute:layers.22.attn.v_proj
552252460,553502382,1249922,0,1249922,:fsdp:backward:compute:layers.22.attn.v_proj,9492,9875,0,0,1645,,:1645,:fsdp:backward:compute:layers.22.attn.v_proj
553561700,555086890,1525190,0,1525190,:fsdp:backward:reduce_scatter:layers.22.attn.v_proj,9491,9872,0,0,2548,,:2548,:fsdp:backward:reduce_scatter:layers.22.attn.v_proj
553562391,555129781,1567390,0,1567390,:fsdp:backward:reduce_scatter:layers.22.attn.v_proj,9492,9875,0,0,1646,,:1646,:fsdp:backward:reduce_scatter:layers.22.attn.v_proj
555155354,555286451,131097,0,131097,:fsdp:backward:all_gather:layers.22.attn.k_proj,9491,9872,0,0,2549,,:2549,:fsdp:backward:all_gather:layers.22.attn.k_proj
555198615,555334323,135708,0,135708,:fsdp:backward:all_gather:layers.22.attn.k_proj,9492,9875,0,0,1647,,:1647,:fsdp:backward:all_gather:layers.22.attn.k_proj
555293122,555337538,44416,0,44416,:fsdp:backward:wait_weights:layers.22.attn.k_proj,9491,9872,0,0,2550,,:2550,:fsdp:backward:wait_weights:layers.22.attn.k_proj
555340720,555385218,44498,0,44498,:fsdp:backward:wait_weights:layers.22.attn.k_proj,9492,9875,0,0,1648,,:1648,:fsdp:backward:wait_weights:layers.22.attn.k_proj
555349917,555436388,86471,0,86471,:fsdp:backward:compute:layers.22.attn.k_proj,9491,9872,0,0,2551,,:2551,:fsdp:backward:compute:layers.22.attn.k_proj
555397795,555483626,85831,0,85831,:fsdp:backward:compute:layers.22.attn.k_proj,9492,9875,0,0,1649,,:1649,:fsdp:backward:compute:layers.22.attn.k_proj
555490172,555652779,162607,0,162607,:fsdp:backward:reduce_scatter:layers.22.attn.k_proj,9491,9872,0,0,2552,,:2552,:fsdp:backward:reduce_scatter:layers.22.attn.k_proj
555537255,555709831,172576,0,172576,:fsdp:backward:reduce_scatter:layers.22.attn.k_proj,9492,9875,0,0,1650,,:1650,:fsdp:backward:reduce_scatter:layers.22.attn.k_proj
555730629,555843996,113367,0,113367,:fsdp:backward:all_gather:layers.22.attn.q_proj,9491,9872,0,0,2553,,:2553,:fsdp:backward:all_gather:layers.22.attn.q_proj
555786542,555896152,109610,0,109610,:fsdp:backward:all_gather:layers.22.attn.q_proj,9492,9875,0,0,1651,,:1651,:fsdp:backward:all_gather:layers.22.attn.q_proj
555850875,555894034,43159,0,43159,:fsdp:backward:wait_weights:layers.22.attn.q_proj,9491,9872,0,0,2554,,:2554,:fsdp:backward:wait_weights:layers.22.attn.q_proj
555902528,555942638,40110,0,40110,:fsdp:backward:wait_weights:layers.22.attn.q_proj,9492,9875,0,0,1652,,:1652,:fsdp:backward:wait_weights:layers.22.attn.q_proj
555906275,555989605,83330,0,83330,:fsdp:backward:compute:layers.22.attn.q_proj,9491,9872,0,0,2555,,:2555,:fsdp:backward:compute:layers.22.attn.q_proj
555954496,556035196,80700,0,80700,:fsdp:backward:compute:layers.22.attn.q_proj,9492,9875,0,0,1653,,:1653,:fsdp:backward:compute:layers.22.attn.q_proj
556040438,556185692,145254,0,145254,:fsdp:backward:reduce_scatter:layers.22.attn.q_proj,9491,9872,0,0,2556,,:2556,:fsdp:backward:reduce_scatter:layers.22.attn.q_proj
556086862,556238456,151594,0,151594,:fsdp:backward:reduce_scatter:layers.22.attn.q_proj,9492,9875,0,0,1654,,:1654,:fsdp:backward:reduce_scatter:layers.22.attn.q_proj
565324054,565459369,135315,0,135315,:fsdp:backward:all_gather:layers.21.ffn.w2,9492,9875,0,0,1655,,:1655,:fsdp:backward:all_gather:layers.21.ffn.w2
565325390,565454057,128667,0,128667,:fsdp:backward:all_gather:layers.21.ffn.w2,9491,9872,0,0,2557,,:2557,:fsdp:backward:all_gather:layers.21.ffn.w2
565460942,565504990,44048,0,44048,:fsdp:backward:wait_weights:layers.21.ffn.w2,9491,9872,0,0,2558,,:2558,:fsdp:backward:wait_weights:layers.21.ffn.w2
565467288,565512894,45606,0,45606,:fsdp:backward:wait_weights:layers.21.ffn.w2,9492,9875,0,0,1656,,:1656,:fsdp:backward:wait_weights:layers.21.ffn.w2
565517246,570662698,5145452,0,5145452,:fsdp:backward:compute:layers.21.ffn.w2,9491,9872,0,0,2559,,:2559,:fsdp:backward:compute:layers.21.ffn.w2
565525588,570666541,5140953,0,5140953,:fsdp:backward:compute:layers.21.ffn.w2,9492,9875,0,0,1657,,:1657,:fsdp:backward:compute:layers.21.ffn.w2
570717050,570868699,151649,0,151649,:fsdp:backward:reduce_scatter:layers.21.ffn.w2,9491,9872,0,0,2560,,:2560,:fsdp:backward:reduce_scatter:layers.21.ffn.w2
570722941,570885891,162950,0,162950,:fsdp:backward:reduce_scatter:layers.21.ffn.w2,9492,9875,0,0,1658,,:1658,:fsdp:backward:reduce_scatter:layers.21.ffn.w2
573509543,573628959,119416,0,119416,:fsdp:backward:all_gather:layers.21.ffn.w3,9492,9875,0,0,1659,,:1659,:fsdp:backward:all_gather:layers.21.ffn.w3
573511556,573636924,125368,0,125368,:fsdp:backward:all_gather:layers.21.ffn.w3,9491,9872,0,0,2561,,:2561,:fsdp:backward:all_gather:layers.21.ffn.w3
573634874,573677031,42157,0,42157,:fsdp:backward:wait_weights:layers.21.ffn.w3,9492,9875,0,0,1660,,:1660,:fsdp:backward:wait_weights:layers.21.ffn.w3
573643071,573684676,41605,0,41605,:fsdp:backward:wait_weights:layers.21.ffn.w3,9491,9872,0,0,2562,,:2562,:fsdp:backward:wait_weights:layers.21.ffn.w3
573689695,573771876,82181,0,82181,:fsdp:backward:compute:layers.21.ffn.w3,9492,9875,0,0,1661,,:1661,:fsdp:backward:compute:layers.21.ffn.w3
573696846,573776958,80112,0,80112,:fsdp:backward:compute:layers.21.ffn.w3,9491,9872,0,0,2563,,:2563,:fsdp:backward:compute:layers.21.ffn.w3
578976419,579123493,147074,0,147074,:fsdp:backward:reduce_scatter:layers.21.ffn.w3,9491,9872,0,0,2564,,:2564,:fsdp:backward:reduce_scatter:layers.21.ffn.w3
578981577,579132976,151399,0,151399,:fsdp:backward:reduce_scatter:layers.21.ffn.w3,9492,9875,0,0,1662,,:1662,:fsdp:backward:reduce_scatter:layers.21.ffn.w3
579243983,579350007,106024,0,106024,:fsdp:backward:all_gather:layers.21.ffn.w1,9491,9872,0,0,2565,,:2565,:fsdp:backward:all_gather:layers.21.ffn.w1
579255579,579364181,108602,0,108602,:fsdp:backward:all_gather:layers.21.ffn.w1,9492,9875,0,0,1663,,:1663,:fsdp:backward:all_gather:layers.21.ffn.w1
579355898,579396082,40184,0,40184,:fsdp:backward:wait_weights:layers.21.ffn.w1,9491,9872,0,0,2566,,:2566,:fsdp:backward:wait_weights:layers.21.ffn.w1
579369769,579409900,40131,0,40131,:fsdp:backward:wait_weights:layers.21.ffn.w1,9492,9875,0,0,1664,,:1664,:fsdp:backward:wait_weights:layers.21.ffn.w1
579414783,579492507,77724,0,77724,:fsdp:backward:compute:layers.21.ffn.w1,9491,9872,0,0,2567,,:2567,:fsdp:backward:compute:layers.21.ffn.w1
579428177,579507345,79168,0,79168,:fsdp:backward:compute:layers.21.ffn.w1,9492,9875,0,0,1665,,:1665,:fsdp:backward:compute:layers.21.ffn.w1
579539838,579691066,151228,0,151228,:fsdp:backward:reduce_scatter:layers.21.ffn.w1,9491,9872,0,0,2568,,:2568,:fsdp:backward:reduce_scatter:layers.21.ffn.w1
579556705,579705554,148849,0,148849,:fsdp:backward:reduce_scatter:layers.21.ffn.w1,9492,9875,0,0,1666,,:1666,:fsdp:backward:reduce_scatter:layers.21.ffn.w1
581208408,581337276,128868,0,128868,:fsdp:backward:all_gather:layers.21.attn.output_proj,9491,9872,0,0,2569,,:2569,:fsdp:backward:all_gather:layers.21.attn.output_proj
581209223,581332843,123620,0,123620,:fsdp:backward:all_gather:layers.21.attn.output_proj,9492,9875,0,0,1667,,:1667,:fsdp:backward:all_gather:layers.21.attn.output_proj
581338747,581380896,42149,0,42149,:fsdp:backward:wait_weights:layers.21.attn.output_proj,9492,9875,0,0,1668,,:1668,:fsdp:backward:wait_weights:layers.21.attn.output_proj
581344535,581390299,45764,0,45764,:fsdp:backward:wait_weights:layers.21.attn.output_proj,9491,9872,0,0,2570,,:2570,:fsdp:backward:wait_weights:layers.21.attn.output_proj
581394297,581479768,85471,0,85471,:fsdp:backward:compute:layers.21.attn.output_proj,9492,9875,0,0,1669,,:1669,:fsdp:backward:compute:layers.21.attn.output_proj
581405544,581497738,92194,0,92194,:fsdp:backward:compute:layers.21.attn.output_proj,9491,9872,0,0,2571,,:2571,:fsdp:backward:compute:layers.21.attn.output_proj
581534133,581699227,165094,0,165094,:fsdp:backward:reduce_scatter:layers.21.attn.output_proj,9492,9875,0,0,1670,,:1670,:fsdp:backward:reduce_scatter:layers.21.attn.output_proj
581553085,581718703,165618,0,165618,:fsdp:backward:reduce_scatter:layers.21.attn.output_proj,9491,9872,0,0,2572,,:2572,:fsdp:backward:reduce_scatter:layers.21.attn.output_proj
587538224,587702347,164123,0,164123,:fsdp:backward:all_gather:layers.21.attn.v_proj,9491,9872,0,0,2573,,:2573,:fsdp:backward:all_gather:layers.21.attn.v_proj
587539846,587705065,165219,0,165219,:fsdp:backward:all_gather:layers.21.attn.v_proj,9492,9875,0,0,1671,,:1671,:fsdp:backward:all_gather:layers.21.attn.v_proj
587711484,587757968,46484,0,46484,:fsdp:backward:wait_weights:layers.21.attn.v_proj,9491,9872,0,0,2574,,:2574,:fsdp:backward:wait_weights:layers.21.attn.v_proj
587713471,587759043,45572,0,45572,:fsdp:backward:wait_weights:layers.21.attn.v_proj,9492,9875,0,0,1672,,:1672,:fsdp:backward:wait_weights:layers.21.attn.v_proj
587774449,589030704,1256255,0,1256255,:fsdp:backward:compute:layers.21.attn.v_proj,9491,9872,0,0,2575,,:2575,:fsdp:backward:compute:layers.21.attn.v_proj
587774504,589029538,1255034,0,1255034,:fsdp:backward:compute:layers.21.attn.v_proj,9492,9875,0,0,1673,,:1673,:fsdp:backward:compute:layers.21.attn.v_proj
589084637,589246431,161794,0,161794,:fsdp:backward:reduce_scatter:layers.21.attn.v_proj,9492,9875,0,0,1674,,:1674,:fsdp:backward:reduce_scatter:layers.21.attn.v_proj
589089971,589256714,166743,0,166743,:fsdp:backward:reduce_scatter:layers.21.attn.v_proj,9491,9872,0,0,2576,,:2576,:fsdp:backward:reduce_scatter:layers.21.attn.v_proj
589309215,589419546,110331,0,110331,:fsdp:backward:all_gather:layers.21.attn.k_proj,9492,9875,0,0,1675,,:1675,:fsdp:backward:all_gather:layers.21.attn.k_proj
589324435,589435401,110966,0,110966,:fsdp:backward:all_gather:layers.21.attn.k_proj,9491,9872,0,0,2577,,:2577,:fsdp:backward:all_gather:layers.21.attn.k_proj
589425453,589479190,53737,0,53737,:fsdp:backward:wait_weights:layers.21.attn.k_proj,9492,9875,0,0,1676,,:1676,:fsdp:backward:wait_weights:layers.21.attn.k_proj
589441540,589482369,40829,0,40829,:fsdp:backward:wait_weights:layers.21.attn.k_proj,9491,9872,0,0,2578,,:2578,:fsdp:backward:wait_weights:layers.21.attn.k_proj
589491251,590425166,933915,0,933915,:fsdp:backward:compute:layers.21.attn.k_proj,9492,9875,0,0,1677,,:1677,:fsdp:backward:compute:layers.21.attn.k_proj
589494120,590425428,931308,0,931308,:fsdp:backward:compute:layers.21.attn.k_proj,9491,9872,0,0,2579,,:2579,:fsdp:backward:compute:layers.21.attn.k_proj
590475984,590629547,153563,0,153563,:fsdp:backward:reduce_scatter:layers.21.attn.k_proj,9492,9875,0,0,1678,,:1678,:fsdp:backward:reduce_scatter:layers.21.attn.k_proj
590476810,590637276,160466,0,160466,:fsdp:backward:reduce_scatter:layers.21.attn.k_proj,9491,9872,0,0,2580,,:2580,:fsdp:backward:reduce_scatter:layers.21.attn.k_proj
590704015,590815064,111049,0,111049,:fsdp:backward:all_gather:layers.21.attn.q_proj,9492,9875,0,0,1679,,:1679,:fsdp:backward:all_gather:layers.21.attn.q_proj
590715141,590826553,111412,0,111412,:fsdp:backward:all_gather:layers.21.attn.q_proj,9491,9872,0,0,2581,,:2581,:fsdp:backward:all_gather:layers.21.attn.q_proj
590820866,590861825,40959,0,40959,:fsdp:backward:wait_weights:layers.21.attn.q_proj,9492,9875,0,0,1680,,:1680,:fsdp:backward:wait_weights:layers.21.attn.q_proj
590832380,590872244,39864,0,39864,:fsdp:backward:wait_weights:layers.21.attn.q_proj,9491,9872,0,0,2582,,:2582,:fsdp:backward:wait_weights:layers.21.attn.q_proj
590874136,590956189,82053,0,82053,:fsdp:backward:compute:layers.21.attn.q_proj,9492,9875,0,0,1681,,:1681,:fsdp:backward:compute:layers.21.attn.q_proj
590883770,590963739,79969,0,79969,:fsdp:backward:compute:layers.21.attn.q_proj,9491,9872,0,0,2583,,:2583,:fsdp:backward:compute:layers.21.attn.q_proj
591008293,591158877,150584,0,150584,:fsdp:backward:reduce_scatter:layers.21.attn.q_proj,9492,9875,0,0,1682,,:1682,:fsdp:backward:reduce_scatter:layers.21.attn.q_proj
591012960,591160795,147835,0,147835,:fsdp:backward:reduce_scatter:layers.21.attn.q_proj,9491,9872,0,0,2584,,:2584,:fsdp:backward:reduce_scatter:layers.21.attn.q_proj
600821770,600950184,128414,0,128414,:fsdp:backward:all_gather:layers.20.ffn.w2,9492,9875,0,0,1683,,:1683,:fsdp:backward:all_gather:layers.20.ffn.w2
600824572,600954383,129811,0,129811,:fsdp:backward:all_gather:layers.20.ffn.w2,9491,9872,0,0,2585,,:2585,:fsdp:backward:all_gather:layers.20.ffn.w2
600956766,601000086,43320,0,43320,:fsdp:backward:wait_weights:layers.20.ffn.w2,9492,9875,0,0,1684,,:1684,:fsdp:backward:wait_weights:layers.20.ffn.w2
600961040,601004515,43475,0,43475,:fsdp:backward:wait_weights:layers.20.ffn.w2,9491,9872,0,0,2586,,:2586,:fsdp:backward:wait_weights:layers.20.ffn.w2
601013282,606158745,5145463,0,5145463,:fsdp:backward:compute:layers.20.ffn.w2,9492,9875,0,0,1685,,:1685,:fsdp:backward:compute:layers.20.ffn.w2
601017113,606145452,5128339,0,5128339,:fsdp:backward:compute:layers.20.ffn.w2,9491,9872,0,0,2587,,:2587,:fsdp:backward:compute:layers.20.ffn.w2
606202657,606359321,156664,0,156664,:fsdp:backward:reduce_scatter:layers.20.ffn.w2,9491,9872,0,0,2588,,:2588,:fsdp:backward:reduce_scatter:layers.20.ffn.w2
606218269,606388293,170024,0,170024,:fsdp:backward:reduce_scatter:layers.20.ffn.w2,9492,9875,0,0,1686,,:1686,:fsdp:backward:reduce_scatter:layers.20.ffn.w2
608992796,609105421,112625,0,112625,:fsdp:backward:all_gather:layers.20.ffn.w3,9491,9872,0,0,2589,,:2589,:fsdp:backward:all_gather:layers.20.ffn.w3
609004077,609115605,111528,0,111528,:fsdp:backward:all_gather:layers.20.ffn.w3,9492,9875,0,0,1687,,:1687,:fsdp:backward:all_gather:layers.20.ffn.w3
609111218,609151539,40321,0,40321,:fsdp:backward:wait_weights:layers.20.ffn.w3,9491,9872,0,0,2590,,:2590,:fsdp:backward:wait_weights:layers.20.ffn.w3
609121221,609162092,40871,0,40871,:fsdp:backward:wait_weights:layers.20.ffn.w3,9492,9875,0,0,1688,,:1688,:fsdp:backward:wait_weights:layers.20.ffn.w3
609163452,609243999,80547,0,80547,:fsdp:backward:compute:layers.20.ffn.w3,9491,9872,0,0,2591,,:2591,:fsdp:backward:compute:layers.20.ffn.w3
609173921,609253793,79872,0,79872,:fsdp:backward:compute:layers.20.ffn.w3,9492,9875,0,0,1689,,:1689,:fsdp:backward:compute:layers.20.ffn.w3
614470017,614643850,173833,0,173833,:fsdp:backward:reduce_scatter:layers.20.ffn.w3,9491,9872,0,0,2592,,:2592,:fsdp:backward:reduce_scatter:layers.20.ffn.w3
614525700,614845017,319317,0,319317,:fsdp:backward:reduce_scatter:layers.20.ffn.w3,9492,9875,0,0,1690,,:1690,:fsdp:backward:reduce_scatter:layers.20.ffn.w3
614772136,614890030,117894,0,117894,:fsdp:backward:all_gather:layers.20.ffn.w1,9491,9872,0,0,2593,,:2593,:fsdp:backward:all_gather:layers.20.ffn.w1
614896815,614939139,42324,0,42324,:fsdp:backward:wait_weights:layers.20.ffn.w1,9491,9872,0,0,2594,,:2594,:fsdp:backward:wait_weights:layers.20.ffn.w1
614951812,615033955,82143,0,82143,:fsdp:backward:compute:layers.20.ffn.w1,9491,9872,0,0,2595,,:2595,:fsdp:backward:compute:layers.20.ffn.w1
615039729,615230090,190361,0,190361,:fsdp:backward:all_gather:layers.20.ffn.w1,9492,9875,0,0,1691,,:1691,:fsdp:backward:all_gather:layers.20.ffn.w1
615083186,615225943,142757,0,142757,:fsdp:backward:reduce_scatter:layers.20.ffn.w1,9491,9872,0,0,2596,,:2596,:fsdp:backward:reduce_scatter:layers.20.ffn.w1
615242990,615306414,63424,0,63424,:fsdp:backward:wait_weights:layers.20.ffn.w1,9492,9875,0,0,1692,,:1692,:fsdp:backward:wait_weights:layers.20.ffn.w1
615326370,615458269,131899,0,131899,:fsdp:backward:compute:layers.20.ffn.w1,9492,9875,0,0,1693,,:1693,:fsdp:backward:compute:layers.20.ffn.w1
615534533,615765901,231368,0,231368,:fsdp:backward:reduce_scatter:layers.20.ffn.w1,9492,9875,0,0,1694,,:1694,:fsdp:backward:reduce_scatter:layers.20.ffn.w1
616698969,616820056,121087,0,121087,:fsdp:backward:all_gather:layers.20.attn.output_proj,9491,9872,0,0,2597,,:2597,:fsdp:backward:all_gather:layers.20.attn.output_proj
616714801,616872624,157823,0,157823,:fsdp:backward:all_gather:layers.20.attn.output_proj,9492,9875,0,0,1695,,:1695,:fsdp:backward:all_gather:layers.20.attn.output_proj
616826415,616871099,44684,0,44684,:fsdp:backward:wait_weights:layers.20.attn.output_proj,9491,9872,0,0,2598,,:2598,:fsdp:backward:wait_weights:layers.20.attn.output_proj
616881574,616931577,50003,0,50003,:fsdp:backward:wait_weights:layers.20.attn.output_proj,9492,9875,0,0,1696,,:1696,:fsdp:backward:wait_weights:layers.20.attn.output_proj
616883749,616969397,85648,0,85648,:fsdp:backward:compute:layers.20.attn.output_proj,9491,9872,0,0,2599,,:2599,:fsdp:backward:compute:layers.20.attn.output_proj
616946815,617048262,101447,0,101447,:fsdp:backward:compute:layers.20.attn.output_proj,9492,9875,0,0,1697,,:1697,:fsdp:backward:compute:layers.20.attn.output_proj
617021140,617179813,158673,0,158673,:fsdp:backward:reduce_scatter:layers.20.attn.output_proj,9491,9872,0,0,2600,,:2600,:fsdp:backward:reduce_scatter:layers.20.attn.output_proj
617106717,617269997,163280,0,163280,:fsdp:backward:reduce_scatter:layers.20.attn.output_proj,9492,9875,0,0,1698,,:1698,:fsdp:backward:reduce_scatter:layers.20.attn.output_proj
623043412,623206112,162700,0,162700,:fsdp:backward:all_gather:layers.20.attn.v_proj,9492,9875,0,0,1699,,:1699,:fsdp:backward:all_gather:layers.20.attn.v_proj
623047004,623218473,171469,0,171469,:fsdp:backward:all_gather:layers.20.attn.v_proj,9491,9872,0,0,2601,,:2601,:fsdp:backward:all_gather:layers.20.attn.v_proj
623214005,623258927,44922,0,44922,:fsdp:backward:wait_weights:layers.20.attn.v_proj,9492,9875,0,0,1700,,:1700,:fsdp:backward:wait_weights:layers.20.attn.v_proj
623227567,623280934,53367,0,53367,:fsdp:backward:wait_weights:layers.20.attn.v_proj,9491,9872,0,0,2602,,:2602,:fsdp:backward:wait_weights:layers.20.attn.v_proj
623273636,624535395,1261759,0,1261759,:fsdp:backward:compute:layers.20.attn.v_proj,9492,9875,0,0,1701,,:1701,:fsdp:backward:compute:layers.20.attn.v_proj
623296467,624534654,1238187,0,1238187,:fsdp:backward:compute:layers.20.attn.v_proj,9491,9872,0,0,2603,,:2603,:fsdp:backward:compute:layers.20.attn.v_proj
624591748,624768466,176718,0,176718,:fsdp:backward:reduce_scatter:layers.20.attn.v_proj,9492,9875,0,0,1702,,:1702,:fsdp:backward:reduce_scatter:layers.20.attn.v_proj
624593765,624768356,174591,0,174591,:fsdp:backward:reduce_scatter:layers.20.attn.v_proj,9491,9872,0,0,2604,,:2604,:fsdp:backward:reduce_scatter:layers.20.attn.v_proj
624834695,624951363,116668,0,116668,:fsdp:backward:all_gather:layers.20.attn.k_proj,9492,9875,0,0,1703,,:1703,:fsdp:backward:all_gather:layers.20.attn.k_proj
624835513,624951886,116373,0,116373,:fsdp:backward:all_gather:layers.20.attn.k_proj,9491,9872,0,0,2605,,:2605,:fsdp:backward:all_gather:layers.20.attn.k_proj
624957163,624998386,41223,0,41223,:fsdp:backward:wait_weights:layers.20.attn.k_proj,9492,9875,0,0,1704,,:1704,:fsdp:backward:wait_weights:layers.20.attn.k_proj
624958179,625000065,41886,0,41886,:fsdp:backward:wait_weights:layers.20.attn.k_proj,9491,9872,0,0,2606,,:2606,:fsdp:backward:wait_weights:layers.20.attn.k_proj
625010086,625938295,928209,0,928209,:fsdp:backward:compute:layers.20.attn.k_proj,9492,9875,0,0,1705,,:1705,:fsdp:backward:compute:layers.20.attn.k_proj
625011952,625938441,926489,0,926489,:fsdp:backward:compute:layers.20.attn.k_proj,9491,9872,0,0,2607,,:2607,:fsdp:backward:compute:layers.20.attn.k_proj
625990840,626140311,149471,0,149471,:fsdp:backward:reduce_scatter:layers.20.attn.k_proj,9491,9872,0,0,2608,,:2608,:fsdp:backward:reduce_scatter:layers.20.attn.k_proj
625990931,626142575,151644,0,151644,:fsdp:backward:reduce_scatter:layers.20.attn.k_proj,9492,9875,0,0,1706,,:1706,:fsdp:backward:reduce_scatter:layers.20.attn.k_proj
626216296,626322219,105923,0,105923,:fsdp:backward:all_gather:layers.20.attn.q_proj,9491,9872,0,0,2609,,:2609,:fsdp:backward:all_gather:layers.20.attn.q_proj
626222770,626330533,107763,0,107763,:fsdp:backward:all_gather:layers.20.attn.q_proj,9492,9875,0,0,1707,,:1707,:fsdp:backward:all_gather:layers.20.attn.q_proj
626328155,626368818,40663,0,40663,:fsdp:backward:wait_weights:layers.20.attn.q_proj,9491,9872,0,0,2610,,:2610,:fsdp:backward:wait_weights:layers.20.attn.q_proj
626336761,626377321,40560,0,40560,:fsdp:backward:wait_weights:layers.20.attn.q_proj,9492,9875,0,0,1708,,:1708,:fsdp:backward:wait_weights:layers.20.attn.q_proj
626380118,626457625,77507,0,77507,:fsdp:backward:compute:layers.20.attn.q_proj,9491,9872,0,0,2611,,:2611,:fsdp:backward:compute:layers.20.attn.q_proj
626389415,626472765,83350,0,83350,:fsdp:backward:compute:layers.20.attn.q_proj,9492,9875,0,0,1709,,:1709,:fsdp:backward:compute:layers.20.attn.q_proj
626506441,626657895,151454,0,151454,:fsdp:backward:reduce_scatter:layers.20.attn.q_proj,9491,9872,0,0,2612,,:2612,:fsdp:backward:reduce_scatter:layers.20.attn.q_proj
626525244,626687849,162605,0,162605,:fsdp:backward:reduce_scatter:layers.20.attn.q_proj,9492,9875,0,0,1710,,:1710,:fsdp:backward:reduce_scatter:layers.20.attn.q_proj
636358311,636497718,139407,0,139407,:fsdp:backward:all_gather:layers.19.ffn.w2,9491,9872,0,0,2613,,:2613,:fsdp:backward:all_gather:layers.19.ffn.w2
636363256,636497780,134524,0,134524,:fsdp:backward:all_gather:layers.19.ffn.w2,9492,9875,0,0,1711,,:1711,:fsdp:backward:all_gather:layers.19.ffn.w2
636505046,636548834,43788,0,43788,:fsdp:backward:wait_weights:layers.19.ffn.w2,9492,9875,0,0,1712,,:1712,:fsdp:backward:wait_weights:layers.19.ffn.w2
636505895,636551712,45817,0,45817,:fsdp:backward:wait_weights:layers.19.ffn.w2,9491,9872,0,0,2614,,:2614,:fsdp:backward:wait_weights:layers.19.ffn.w2
636561208,641691243,5130035,0,5130035,:fsdp:backward:compute:layers.19.ffn.w2,9492,9875,0,0,1713,,:1713,:fsdp:backward:compute:layers.19.ffn.w2
636565504,641693015,5127511,0,5127511,:fsdp:backward:compute:layers.19.ffn.w2,9491,9872,0,0,2615,,:2615,:fsdp:backward:compute:layers.19.ffn.w2
641748092,641902075,153983,0,153983,:fsdp:backward:reduce_scatter:layers.19.ffn.w2,9492,9875,0,0,1714,,:1714,:fsdp:backward:reduce_scatter:layers.19.ffn.w2
641750592,641917691,167099,0,167099,:fsdp:backward:reduce_scatter:layers.19.ffn.w2,9491,9872,0,0,2616,,:2616,:fsdp:backward:reduce_scatter:layers.19.ffn.w2
644532691,644649174,116483,0,116483,:fsdp:backward:all_gather:layers.19.ffn.w3,9492,9875,0,0,1715,,:1715,:fsdp:backward:all_gather:layers.19.ffn.w3
644535544,644648281,112737,0,112737,:fsdp:backward:all_gather:layers.19.ffn.w3,9491,9872,0,0,2617,,:2617,:fsdp:backward:all_gather:layers.19.ffn.w3
644654338,644696623,42285,0,42285,:fsdp:backward:wait_weights:layers.19.ffn.w3,9491,9872,0,0,2618,,:2618,:fsdp:backward:wait_weights:layers.19.ffn.w3
644655185,644696801,41616,0,41616,:fsdp:backward:wait_weights:layers.19.ffn.w3,9492,9875,0,0,1716,,:1716,:fsdp:backward:wait_weights:layers.19.ffn.w3
644708248,644789110,80862,0,80862,:fsdp:backward:compute:layers.19.ffn.w3,9492,9875,0,0,1717,,:1717,:fsdp:backward:compute:layers.19.ffn.w3
644708474,644791522,83048,0,83048,:fsdp:backward:compute:layers.19.ffn.w3,9491,9872,0,0,2619,,:2619,:fsdp:backward:compute:layers.19.ffn.w3
649988345,650134944,146599,0,146599,:fsdp:backward:reduce_scatter:layers.19.ffn.w3,9491,9872,0,0,2620,,:2620,:fsdp:backward:reduce_scatter:layers.19.ffn.w3
650002452,650156854,154402,0,154402,:fsdp:backward:reduce_scatter:layers.19.ffn.w3,9492,9875,0,0,1718,,:1718,:fsdp:backward:reduce_scatter:layers.19.ffn.w3
650256032,650374106,118074,0,118074,:fsdp:backward:all_gather:layers.19.ffn.w1,9491,9872,0,0,2621,,:2621,:fsdp:backward:all_gather:layers.19.ffn.w1
650283739,650399859,116120,0,116120,:fsdp:backward:all_gather:layers.19.ffn.w1,9492,9875,0,0,1719,,:1719,:fsdp:backward:all_gather:layers.19.ffn.w1
650379878,650420334,40456,0,40456,:fsdp:backward:wait_weights:layers.19.ffn.w1,9491,9872,0,0,2622,,:2622,:fsdp:backward:wait_weights:layers.19.ffn.w1
650406306,650447723,41417,0,41417,:fsdp:backward:wait_weights:layers.19.ffn.w1,9492,9875,0,0,1720,,:1720,:fsdp:backward:wait_weights:layers.19.ffn.w1
650432234,650512683,80449,0,80449,:fsdp:backward:compute:layers.19.ffn.w1,9491,9872,0,0,2623,,:2623,:fsdp:backward:compute:layers.19.ffn.w1
650459866,650553493,93627,0,93627,:fsdp:backward:compute:layers.19.ffn.w1,9492,9875,0,0,1721,,:1721,:fsdp:backward:compute:layers.19.ffn.w1
650570636,650714542,143906,0,143906,:fsdp:backward:reduce_scatter:layers.19.ffn.w1,9491,9872,0,0,2624,,:2624,:fsdp:backward:reduce_scatter:layers.19.ffn.w1
650609253,650756877,147624,0,147624,:fsdp:backward:reduce_scatter:layers.19.ffn.w1,9492,9875,0,0,1722,,:1722,:fsdp:backward:reduce_scatter:layers.19.ffn.w1
652221376,652338943,117567,0,117567,:fsdp:backward:all_gather:layers.19.attn.output_proj,9491,9872,0,0,2625,,:2625,:fsdp:backward:all_gather:layers.19.attn.output_proj
652226104,652352619,126515,0,126515,:fsdp:backward:all_gather:layers.19.attn.output_proj,9492,9875,0,0,1723,,:1723,:fsdp:backward:all_gather:layers.19.attn.output_proj
652345303,652388429,43126,0,43126,:fsdp:backward:wait_weights:layers.19.attn.output_proj,9491,9872,0,0,2626,,:2626,:fsdp:backward:wait_weights:layers.19.attn.output_proj
652358881,652402533,43652,0,43652,:fsdp:backward:wait_weights:layers.19.attn.output_proj,9492,9875,0,0,1724,,:1724,:fsdp:backward:wait_weights:layers.19.attn.output_proj
652401102,652487687,86585,0,86585,:fsdp:backward:compute:layers.19.attn.output_proj,9491,9872,0,0,2627,,:2627,:fsdp:backward:compute:layers.19.attn.output_proj
652414885,652502589,87704,0,87704,:fsdp:backward:compute:layers.19.attn.output_proj,9492,9875,0,0,1725,,:1725,:fsdp:backward:compute:layers.19.attn.output_proj
652540118,652685085,144967,0,144967,:fsdp:backward:reduce_scatter:layers.19.attn.output_proj,9491,9872,0,0,2628,,:2628,:fsdp:backward:reduce_scatter:layers.19.attn.output_proj
652555351,652699464,144113,0,144113,:fsdp:backward:reduce_scatter:layers.19.attn.output_proj,9492,9875,0,0,1726,,:1726,:fsdp:backward:reduce_scatter:layers.19.attn.output_proj
658553178,658740839,187661,0,187661,:fsdp:backward:all_gather:layers.19.attn.v_proj,9491,9872,0,0,2629,,:2629,:fsdp:backward:all_gather:layers.19.attn.v_proj
658557517,658744890,187373,0,187373,:fsdp:backward:all_gather:layers.19.attn.v_proj,9492,9875,0,0,1727,,:1727,:fsdp:backward:all_gather:layers.19.attn.v_proj
658749382,658797452,48070,0,48070,:fsdp:backward:wait_weights:layers.19.attn.v_proj,9491,9872,0,0,2630,,:2630,:fsdp:backward:wait_weights:layers.19.attn.v_proj
658754452,658802080,47628,0,47628,:fsdp:backward:wait_weights:layers.19.attn.v_proj,9492,9875,0,0,1728,,:1728,:fsdp:backward:wait_weights:layers.19.attn.v_proj
658812117,660039346,1227229,0,1227229,:fsdp:backward:compute:layers.19.attn.v_proj,9491,9872,0,0,2631,,:2631,:fsdp:backward:compute:layers.19.attn.v_proj
658817783,660039053,1221270,0,1221270,:fsdp:backward:compute:layers.19.attn.v_proj,9492,9875,0,0,1729,,:1729,:fsdp:backward:compute:layers.19.attn.v_proj
660098673,660276292,177619,0,177619,:fsdp:backward:reduce_scatter:layers.19.attn.v_proj,9491,9872,0,0,2632,,:2632,:fsdp:backward:reduce_scatter:layers.19.attn.v_proj
660099265,660270597,171332,0,171332,:fsdp:backward:reduce_scatter:layers.19.attn.v_proj,9492,9875,0,0,1730,,:1730,:fsdp:backward:reduce_scatter:layers.19.attn.v_proj
660336572,660450033,113461,0,113461,:fsdp:backward:all_gather:layers.19.attn.k_proj,9492,9875,0,0,1731,,:1731,:fsdp:backward:all_gather:layers.19.attn.k_proj
660342401,660457472,115071,0,115071,:fsdp:backward:all_gather:layers.19.attn.k_proj,9491,9872,0,0,2633,,:2633,:fsdp:backward:all_gather:layers.19.attn.k_proj
660456453,660498084,41631,0,41631,:fsdp:backward:wait_weights:layers.19.attn.k_proj,9492,9875,0,0,1732,,:1732,:fsdp:backward:wait_weights:layers.19.attn.k_proj
660464085,660506121,42036,0,42036,:fsdp:backward:wait_weights:layers.19.attn.k_proj,9491,9872,0,0,2634,,:2634,:fsdp:backward:wait_weights:layers.19.attn.k_proj
660509702,661434571,924869,0,924869,:fsdp:backward:compute:layers.19.attn.k_proj,9492,9875,0,0,1733,,:1733,:fsdp:backward:compute:layers.19.attn.k_proj
660517510,661434529,917019,0,917019,:fsdp:backward:compute:layers.19.attn.k_proj,9491,9872,0,0,2635,,:2635,:fsdp:backward:compute:layers.19.attn.k_proj
661487698,661648615,160917,0,160917,:fsdp:backward:reduce_scatter:layers.19.attn.k_proj,9491,9872,0,0,2636,,:2636,:fsdp:backward:reduce_scatter:layers.19.attn.k_proj
661488585,661653676,165091,0,165091,:fsdp:backward:reduce_scatter:layers.19.attn.k_proj,9492,9875,0,0,1734,,:1734,:fsdp:backward:reduce_scatter:layers.19.attn.k_proj
661724122,661833814,109692,0,109692,:fsdp:backward:all_gather:layers.19.attn.q_proj,9491,9872,0,0,2637,,:2637,:fsdp:backward:all_gather:layers.19.attn.q_proj
661731112,661840351,109239,0,109239,:fsdp:backward:all_gather:layers.19.attn.q_proj,9492,9875,0,0,1735,,:1735,:fsdp:backward:all_gather:layers.19.attn.q_proj
661839792,661880585,40793,0,40793,:fsdp:backward:wait_weights:layers.19.attn.q_proj,9491,9872,0,0,2638,,:2638,:fsdp:backward:wait_weights:layers.19.attn.q_proj
661846313,661886826,40513,0,40513,:fsdp:backward:wait_weights:layers.19.attn.q_proj,9492,9875,0,0,1736,,:1736,:fsdp:backward:wait_weights:layers.19.attn.q_proj
661892163,661970837,78674,0,78674,:fsdp:backward:compute:layers.19.attn.q_proj,9491,9872,0,0,2639,,:2639,:fsdp:backward:compute:layers.19.attn.q_proj
661898692,661980314,81622,0,81622,:fsdp:backward:compute:layers.19.attn.q_proj,9492,9875,0,0,1737,,:1737,:fsdp:backward:compute:layers.19.attn.q_proj
662021630,662173269,151639,0,151639,:fsdp:backward:reduce_scatter:layers.19.attn.q_proj,9491,9872,0,0,2640,,:2640,:fsdp:backward:reduce_scatter:layers.19.attn.q_proj
662031719,662180853,149134,0,149134,:fsdp:backward:reduce_scatter:layers.19.attn.q_proj,9492,9875,0,0,1738,,:1738,:fsdp:backward:reduce_scatter:layers.19.attn.q_proj
671842224,671973729,131505,0,131505,:fsdp:backward:all_gather:layers.18.ffn.w2,9491,9872,0,0,2641,,:2641,:fsdp:backward:all_gather:layers.18.ffn.w2
671845824,671989857,144033,0,144033,:fsdp:backward:all_gather:layers.18.ffn.w2,9492,9875,0,0,1739,,:1739,:fsdp:backward:all_gather:layers.18.ffn.w2
671981023,672026649,45626,0,45626,:fsdp:backward:wait_weights:layers.18.ffn.w2,9491,9872,0,0,2642,,:2642,:fsdp:backward:wait_weights:layers.18.ffn.w2
671997747,672044676,46929,0,46929,:fsdp:backward:wait_weights:layers.18.ffn.w2,9492,9875,0,0,1740,,:1740,:fsdp:backward:wait_weights:layers.18.ffn.w2
672039876,677184717,5144841,0,5144841,:fsdp:backward:compute:layers.18.ffn.w2,9491,9872,0,0,2643,,:2643,:fsdp:backward:compute:layers.18.ffn.w2
672058694,677187685,5128991,0,5128991,:fsdp:backward:compute:layers.18.ffn.w2,9492,9875,0,0,1741,,:1741,:fsdp:backward:compute:layers.18.ffn.w2
677239691,677401000,161309,0,161309,:fsdp:backward:reduce_scatter:layers.18.ffn.w2,9491,9872,0,0,2644,,:2644,:fsdp:backward:reduce_scatter:layers.18.ffn.w2
677245600,677414707,169107,0,169107,:fsdp:backward:reduce_scatter:layers.18.ffn.w2,9492,9875,0,0,1742,,:1742,:fsdp:backward:reduce_scatter:layers.18.ffn.w2
680027119,680144430,117311,0,117311,:fsdp:backward:all_gather:layers.18.ffn.w3,9492,9875,0,0,1743,,:1743,:fsdp:backward:all_gather:layers.18.ffn.w3
680028672,680139957,111285,0,111285,:fsdp:backward:all_gather:layers.18.ffn.w3,9491,9872,0,0,2645,,:2645,:fsdp:backward:all_gather:layers.18.ffn.w3
680145826,680188605,42779,0,42779,:fsdp:backward:wait_weights:layers.18.ffn.w3,9491,9872,0,0,2646,,:2646,:fsdp:backward:wait_weights:layers.18.ffn.w3
680150633,680193402,42769,0,42769,:fsdp:backward:wait_weights:layers.18.ffn.w3,9492,9875,0,0,1744,,:1744,:fsdp:backward:wait_weights:layers.18.ffn.w3
680200825,680281835,81010,0,81010,:fsdp:backward:compute:layers.18.ffn.w3,9491,9872,0,0,2647,,:2647,:fsdp:backward:compute:layers.18.ffn.w3
680205979,680289425,83446,0,83446,:fsdp:backward:compute:layers.18.ffn.w3,9492,9875,0,0,1745,,:1745,:fsdp:backward:compute:layers.18.ffn.w3
685491622,685651018,159396,0,159396,:fsdp:backward:reduce_scatter:layers.18.ffn.w3,9491,9872,0,0,2648,,:2648,:fsdp:backward:reduce_scatter:layers.18.ffn.w3
685503906,685655659,151753,0,151753,:fsdp:backward:reduce_scatter:layers.18.ffn.w3,9492,9875,0,0,1746,,:1746,:fsdp:backward:reduce_scatter:layers.18.ffn.w3
685772946,685880370,107424,0,107424,:fsdp:backward:all_gather:layers.18.ffn.w1,9491,9872,0,0,2649,,:2649,:fsdp:backward:all_gather:layers.18.ffn.w1
685777787,685889512,111725,0,111725,:fsdp:backward:all_gather:layers.18.ffn.w1,9492,9875,0,0,1747,,:1747,:fsdp:backward:all_gather:layers.18.ffn.w1
685886346,685927205,40859,0,40859,:fsdp:backward:wait_weights:layers.18.ffn.w1,9491,9872,0,0,2650,,:2650,:fsdp:backward:wait_weights:layers.18.ffn.w1
685895517,685936064,40547,0,40547,:fsdp:backward:wait_weights:layers.18.ffn.w1,9492,9875,0,0,1748,,:1748,:fsdp:backward:wait_weights:layers.18.ffn.w1
685938823,686024047,85224,0,85224,:fsdp:backward:compute:layers.18.ffn.w1,9491,9872,0,0,2651,,:2651,:fsdp:backward:compute:layers.18.ffn.w1
685948419,686028421,80002,0,80002,:fsdp:backward:compute:layers.18.ffn.w1,9492,9875,0,0,1749,,:1749,:fsdp:backward:compute:layers.18.ffn.w1
686071817,686208890,137073,0,137073,:fsdp:backward:reduce_scatter:layers.18.ffn.w1,9491,9872,0,0,2652,,:2652,:fsdp:backward:reduce_scatter:layers.18.ffn.w1
686077899,686232734,154835,0,154835,:fsdp:backward:reduce_scatter:layers.18.ffn.w1,9492,9875,0,0,1750,,:1750,:fsdp:backward:reduce_scatter:layers.18.ffn.w1
687717427,687848106,130679,0,130679,:fsdp:backward:all_gather:layers.18.attn.output_proj,9491,9872,0,0,2653,,:2653,:fsdp:backward:all_gather:layers.18.attn.output_proj
687722088,687851018,128930,0,128930,:fsdp:backward:all_gather:layers.18.attn.output_proj,9492,9875,0,0,1751,,:1751,:fsdp:backward:all_gather:layers.18.attn.output_proj
687855650,687901404,45754,0,45754,:fsdp:backward:wait_weights:layers.18.attn.output_proj,9491,9872,0,0,2654,,:2654,:fsdp:backward:wait_weights:layers.18.attn.output_proj
687858695,687904555,45860,0,45860,:fsdp:backward:wait_weights:layers.18.attn.output_proj,9492,9875,0,0,1752,,:1752,:fsdp:backward:wait_weights:layers.18.attn.output_proj
687923568,688015614,92046,0,92046,:fsdp:backward:compute:layers.18.attn.output_proj,9491,9872,0,0,2655,,:2655,:fsdp:backward:compute:layers.18.attn.output_proj
687926006,688018351,92345,0,92345,:fsdp:backward:compute:layers.18.attn.output_proj,9492,9875,0,0,1753,,:1753,:fsdp:backward:compute:layers.18.attn.output_proj
688071034,688234747,163713,0,163713,:fsdp:backward:reduce_scatter:layers.18.attn.output_proj,9491,9872,0,0,2656,,:2656,:fsdp:backward:reduce_scatter:layers.18.attn.output_proj
688073418,688242192,168774,0,168774,:fsdp:backward:reduce_scatter:layers.18.attn.output_proj,9492,9875,0,0,1754,,:1754,:fsdp:backward:reduce_scatter:layers.18.attn.output_proj
694051568,694211033,159465,0,159465,:fsdp:backward:all_gather:layers.18.attn.v_proj,9492,9875,0,0,1755,,:1755,:fsdp:backward:all_gather:layers.18.attn.v_proj
694052633,694216021,163388,0,163388,:fsdp:backward:all_gather:layers.18.attn.v_proj,9491,9872,0,0,2657,,:2657,:fsdp:backward:all_gather:layers.18.attn.v_proj
694219202,694262636,43434,0,43434,:fsdp:backward:wait_weights:layers.18.attn.v_proj,9492,9875,0,0,1756,,:1756,:fsdp:backward:wait_weights:layers.18.attn.v_proj
694223771,694268629,44858,0,44858,:fsdp:backward:wait_weights:layers.18.attn.v_proj,9491,9872,0,0,2658,,:2658,:fsdp:backward:wait_weights:layers.18.attn.v_proj
694276716,695543025,1266309,0,1266309,:fsdp:backward:compute:layers.18.attn.v_proj,9492,9875,0,0,1757,,:1757,:fsdp:backward:compute:layers.18.attn.v_proj
694282733,695544753,1262020,0,1262020,:fsdp:backward:compute:layers.18.attn.v_proj,9491,9872,0,0,2659,,:2659,:fsdp:backward:compute:layers.18.attn.v_proj
695601243,695763247,162004,0,162004,:fsdp:backward:reduce_scatter:layers.18.attn.v_proj,9491,9872,0,0,2660,,:2660,:fsdp:backward:reduce_scatter:layers.18.attn.v_proj
695601786,695776295,174509,0,174509,:fsdp:backward:reduce_scatter:layers.18.attn.v_proj,9492,9875,0,0,1758,,:1758,:fsdp:backward:reduce_scatter:layers.18.attn.v_proj
695827854,695939260,111406,0,111406,:fsdp:backward:all_gather:layers.18.attn.k_proj,9491,9872,0,0,2661,,:2661,:fsdp:backward:all_gather:layers.18.attn.k_proj
695844995,695962651,117656,0,117656,:fsdp:backward:all_gather:layers.18.attn.k_proj,9492,9875,0,0,1759,,:1759,:fsdp:backward:all_gather:layers.18.attn.k_proj
695945489,695997042,51553,0,51553,:fsdp:backward:wait_weights:layers.18.attn.k_proj,9491,9872,0,0,2662,,:2662,:fsdp:backward:wait_weights:layers.18.attn.k_proj
695968690,696011217,42527,0,42527,:fsdp:backward:wait_weights:layers.18.attn.k_proj,9492,9875,0,0,1760,,:1760,:fsdp:backward:wait_weights:layers.18.attn.k_proj
696009008,696944302,935294,0,935294,:fsdp:backward:compute:layers.18.attn.k_proj,9491,9872,0,0,2663,,:2663,:fsdp:backward:compute:layers.18.attn.k_proj
696023621,696943130,919509,0,919509,:fsdp:backward:compute:layers.18.attn.k_proj,9492,9875,0,0,1761,,:1761,:fsdp:backward:compute:layers.18.attn.k_proj
696995569,697149421,153852,0,153852,:fsdp:backward:reduce_scatter:layers.18.attn.k_proj,9492,9875,0,0,1762,,:1762,:fsdp:backward:reduce_scatter:layers.18.attn.k_proj
696996388,697161077,164689,0,164689,:fsdp:backward:reduce_scatter:layers.18.attn.k_proj,9491,9872,0,0,2664,,:2664,:fsdp:backward:reduce_scatter:layers.18.attn.k_proj
697226636,697337164,110528,0,110528,:fsdp:backward:all_gather:layers.18.attn.q_proj,9492,9875,0,0,1763,,:1763,:fsdp:backward:all_gather:layers.18.attn.q_proj
697239377,697348217,108840,0,108840,:fsdp:backward:all_gather:layers.18.attn.q_proj,9491,9872,0,0,2665,,:2665,:fsdp:backward:all_gather:layers.18.attn.q_proj
697342935,697382522,39587,0,39587,:fsdp:backward:wait_weights:layers.18.attn.q_proj,9492,9875,0,0,1764,,:1764,:fsdp:backward:wait_weights:layers.18.attn.q_proj
697353713,697394306,40593,0,40593,:fsdp:backward:wait_weights:layers.18.attn.q_proj,9491,9872,0,0,2666,,:2666,:fsdp:backward:wait_weights:layers.18.attn.q_proj
697394050,697472792,78742,0,78742,:fsdp:backward:compute:layers.18.attn.q_proj,9492,9875,0,0,1765,,:1765,:fsdp:backward:compute:layers.18.attn.q_proj
697405643,697487346,81703,0,81703,:fsdp:backward:compute:layers.18.attn.q_proj,9491,9872,0,0,2667,,:2667,:fsdp:backward:compute:layers.18.attn.q_proj
697522356,697674667,152311,0,152311,:fsdp:backward:reduce_scatter:layers.18.attn.q_proj,9492,9875,0,0,1766,,:1766,:fsdp:backward:reduce_scatter:layers.18.attn.q_proj
697536735,697683065,146330,0,146330,:fsdp:backward:reduce_scatter:layers.18.attn.q_proj,9491,9872,0,0,2668,,:2668,:fsdp:backward:reduce_scatter:layers.18.attn.q_proj
707355596,707487734,132138,0,132138,:fsdp:backward:all_gather:layers.17.ffn.w2,9491,9872,0,0,2669,,:2669,:fsdp:backward:all_gather:layers.17.ffn.w2
707355665,707500091,144426,0,144426,:fsdp:backward:all_gather:layers.17.ffn.w2,9492,9875,0,0,1767,,:1767,:fsdp:backward:all_gather:layers.17.ffn.w2
707494485,707540710,46225,0,46225,:fsdp:backward:wait_weights:layers.17.ffn.w2,9491,9872,0,0,2670,,:2670,:fsdp:backward:wait_weights:layers.17.ffn.w2
707507877,707558194,50317,0,50317,:fsdp:backward:wait_weights:layers.17.ffn.w2,9492,9875,0,0,1768,,:1768,:fsdp:backward:wait_weights:layers.17.ffn.w2
707552987,712695123,5142136,0,5142136,:fsdp:backward:compute:layers.17.ffn.w2,9491,9872,0,0,2671,,:2671,:fsdp:backward:compute:layers.17.ffn.w2
707572850,712701709,5128859,0,5128859,:fsdp:backward:compute:layers.17.ffn.w2,9492,9875,0,0,1769,,:1769,:fsdp:backward:compute:layers.17.ffn.w2
712748198,712901128,152930,0,152930,:fsdp:backward:reduce_scatter:layers.17.ffn.w2,9491,9872,0,0,2672,,:2672,:fsdp:backward:reduce_scatter:layers.17.ffn.w2
712759088,712924315,165227,0,165227,:fsdp:backward:reduce_scatter:layers.17.ffn.w2,9492,9875,0,0,1770,,:1770,:fsdp:backward:reduce_scatter:layers.17.ffn.w2
715540411,715653233,112822,0,112822,:fsdp:backward:all_gather:layers.17.ffn.w3,9492,9875,0,0,1771,,:1771,:fsdp:backward:all_gather:layers.17.ffn.w3
715544079,715655244,111165,0,111165,:fsdp:backward:all_gather:layers.17.ffn.w3,9491,9872,0,0,2673,,:2673,:fsdp:backward:all_gather:layers.17.ffn.w3
715659655,715701227,41572,0,41572,:fsdp:backward:wait_weights:layers.17.ffn.w3,9492,9875,0,0,1772,,:1772,:fsdp:backward:wait_weights:layers.17.ffn.w3
715661836,715703417,41581,0,41581,:fsdp:backward:wait_weights:layers.17.ffn.w3,9491,9872,0,0,2674,,:2674,:fsdp:backward:wait_weights:layers.17.ffn.w3
715713255,715794763,81508,0,81508,:fsdp:backward:compute:layers.17.ffn.w3,9492,9875,0,0,1773,,:1773,:fsdp:backward:compute:layers.17.ffn.w3
715715201,715796695,81494,0,81494,:fsdp:backward:compute:layers.17.ffn.w3,9491,9872,0,0,2675,,:2675,:fsdp:backward:compute:layers.17.ffn.w3
721017284,721172437,155153,0,155153,:fsdp:backward:reduce_scatter:layers.17.ffn.w3,9492,9875,0,0,1774,,:1774,:fsdp:backward:reduce_scatter:layers.17.ffn.w3
721022752,721169624,146872,0,146872,:fsdp:backward:reduce_scatter:layers.17.ffn.w3,9491,9872,0,0,2676,,:2676,:fsdp:backward:reduce_scatter:layers.17.ffn.w3
721291064,721407362,116298,0,116298,:fsdp:backward:all_gather:layers.17.ffn.w1,9491,9872,0,0,2677,,:2677,:fsdp:backward:all_gather:layers.17.ffn.w1
721296128,721415832,119704,0,119704,:fsdp:backward:all_gather:layers.17.ffn.w1,9492,9875,0,0,1775,,:1775,:fsdp:backward:all_gather:layers.17.ffn.w1
721413251,721453400,40149,0,40149,:fsdp:backward:wait_weights:layers.17.ffn.w1,9491,9872,0,0,2678,,:2678,:fsdp:backward:wait_weights:layers.17.ffn.w1
721421664,721461914,40250,0,40250,:fsdp:backward:wait_weights:layers.17.ffn.w1,9492,9875,0,0,1776,,:1776,:fsdp:backward:wait_weights:layers.17.ffn.w1
721465025,721544951,79926,0,79926,:fsdp:backward:compute:layers.17.ffn.w1,9491,9872,0,0,2679,,:2679,:fsdp:backward:compute:layers.17.ffn.w1
721473820,721553682,79862,0,79862,:fsdp:backward:compute:layers.17.ffn.w1,9492,9875,0,0,1777,,:1777,:fsdp:backward:compute:layers.17.ffn.w1
721593564,721742457,148893,0,148893,:fsdp:backward:reduce_scatter:layers.17.ffn.w1,9491,9872,0,0,2680,,:2680,:fsdp:backward:reduce_scatter:layers.17.ffn.w1
721604035,721743853,139818,0,139818,:fsdp:backward:reduce_scatter:layers.17.ffn.w1,9492,9875,0,0,1778,,:1778,:fsdp:backward:reduce_scatter:layers.17.ffn.w1
723244186,723379252,135066,0,135066,:fsdp:backward:all_gather:layers.17.attn.output_proj,9492,9875,0,0,1779,,:1779,:fsdp:backward:all_gather:layers.17.attn.output_proj
723250394,723379130,128736,0,128736,:fsdp:backward:all_gather:layers.17.attn.output_proj,9491,9872,0,0,2681,,:2681,:fsdp:backward:all_gather:layers.17.attn.output_proj
723385503,723428446,42943,0,42943,:fsdp:backward:wait_weights:layers.17.attn.output_proj,9491,9872,0,0,2682,,:2682,:fsdp:backward:wait_weights:layers.17.attn.output_proj
723386021,723431588,45567,0,45567,:fsdp:backward:wait_weights:layers.17.attn.output_proj,9492,9875,0,0,1780,,:1780,:fsdp:backward:wait_weights:layers.17.attn.output_proj
723441580,723534686,93106,0,93106,:fsdp:backward:compute:layers.17.attn.output_proj,9491,9872,0,0,2683,,:2683,:fsdp:backward:compute:layers.17.attn.output_proj
723445157,723541398,96241,0,96241,:fsdp:backward:compute:layers.17.attn.output_proj,9492,9875,0,0,1781,,:1781,:fsdp:backward:compute:layers.17.attn.output_proj
723588055,723733024,144969,0,144969,:fsdp:backward:reduce_scatter:layers.17.attn.output_proj,9491,9872,0,0,2684,,:2684,:fsdp:backward:reduce_scatter:layers.17.attn.output_proj
723597477,723754060,156583,0,156583,:fsdp:backward:reduce_scatter:layers.17.attn.output_proj,9492,9875,0,0,1782,,:1782,:fsdp:backward:reduce_scatter:layers.17.attn.output_proj
729567429,729727667,160238,0,160238,:fsdp:backward:all_gather:layers.17.attn.v_proj,9492,9875,0,0,1783,,:1783,:fsdp:backward:all_gather:layers.17.attn.v_proj
729582208,729759377,177169,0,177169,:fsdp:backward:all_gather:layers.17.attn.v_proj,9491,9872,0,0,2685,,:2685,:fsdp:backward:all_gather:layers.17.attn.v_proj
729735828,729780422,44594,0,44594,:fsdp:backward:wait_weights:layers.17.attn.v_proj,9492,9875,0,0,1784,,:1784,:fsdp:backward:wait_weights:layers.17.attn.v_proj
729768280,729814462,46182,0,46182,:fsdp:backward:wait_weights:layers.17.attn.v_proj,9491,9872,0,0,2686,,:2686,:fsdp:backward:wait_weights:layers.17.attn.v_proj
729794652,731065315,1270663,0,1270663,:fsdp:backward:compute:layers.17.attn.v_proj,9492,9875,0,0,1785,,:1785,:fsdp:backward:compute:layers.17.attn.v_proj
729829295,731073116,1243821,0,1243821,:fsdp:backward:compute:layers.17.attn.v_proj,9491,9872,0,0,2687,,:2687,:fsdp:backward:compute:layers.17.attn.v_proj
731124458,731289668,165210,0,165210,:fsdp:backward:reduce_scatter:layers.17.attn.v_proj,9492,9875,0,0,1786,,:1786,:fsdp:backward:reduce_scatter:layers.17.attn.v_proj
731132965,731303064,170099,0,170099,:fsdp:backward:reduce_scatter:layers.17.attn.v_proj,9491,9872,0,0,2688,,:2688,:fsdp:backward:reduce_scatter:layers.17.attn.v_proj
731355495,731474179,118684,0,118684,:fsdp:backward:all_gather:layers.17.attn.k_proj,9492,9875,0,0,1787,,:1787,:fsdp:backward:all_gather:layers.17.attn.k_proj
731370194,731492415,122221,0,122221,:fsdp:backward:all_gather:layers.17.attn.k_proj,9491,9872,0,0,2689,,:2689,:fsdp:backward:all_gather:layers.17.attn.k_proj
731479827,731521212,41385,0,41385,:fsdp:backward:wait_weights:layers.17.attn.k_proj,9492,9875,0,0,1788,,:1788,:fsdp:backward:wait_weights:layers.17.attn.k_proj
731498827,731541208,42381,0,42381,:fsdp:backward:wait_weights:layers.17.attn.k_proj,9491,9872,0,0,2690,,:2690,:fsdp:backward:wait_weights:layers.17.attn.k_proj
731533449,732465180,931731,0,931731,:fsdp:backward:compute:layers.17.attn.k_proj,9492,9875,0,0,1789,,:1789,:fsdp:backward:compute:layers.17.attn.k_proj
731553096,732470562,917466,0,917466,:fsdp:backward:compute:layers.17.attn.k_proj,9491,9872,0,0,2691,,:2691,:fsdp:backward:compute:layers.17.attn.k_proj
732517350,732670136,152786,0,152786,:fsdp:backward:reduce_scatter:layers.17.attn.k_proj,9492,9875,0,0,1790,,:1790,:fsdp:backward:reduce_scatter:layers.17.attn.k_proj
732522303,732680246,157943,0,157943,:fsdp:backward:reduce_scatter:layers.17.attn.k_proj,9491,9872,0,0,2692,,:2692,:fsdp:backward:reduce_scatter:layers.17.attn.k_proj
732747217,732855913,108696,0,108696,:fsdp:backward:all_gather:layers.17.attn.q_proj,9492,9875,0,0,1791,,:1791,:fsdp:backward:all_gather:layers.17.attn.q_proj
732758506,732866936,108430,0,108430,:fsdp:backward:all_gather:layers.17.attn.q_proj,9491,9872,0,0,2693,,:2693,:fsdp:backward:all_gather:layers.17.attn.q_proj
732861859,732901199,39340,0,39340,:fsdp:backward:wait_weights:layers.17.attn.q_proj,9492,9875,0,0,1792,,:1792,:fsdp:backward:wait_weights:layers.17.attn.q_proj
732873228,732912477,39249,0,39249,:fsdp:backward:wait_weights:layers.17.attn.q_proj,9491,9872,0,0,2694,,:2694,:fsdp:backward:wait_weights:layers.17.attn.q_proj
732913041,732992511,79470,0,79470,:fsdp:backward:compute:layers.17.attn.q_proj,9492,9875,0,0,1793,,:1793,:fsdp:backward:compute:layers.17.attn.q_proj
732923768,733001590,77822,0,77822,:fsdp:backward:compute:layers.17.attn.q_proj,9491,9872,0,0,2695,,:2695,:fsdp:backward:compute:layers.17.attn.q_proj
733048535,733193859,145324,0,145324,:fsdp:backward:reduce_scatter:layers.17.attn.q_proj,9492,9875,0,0,1794,,:1794,:fsdp:backward:reduce_scatter:layers.17.attn.q_proj
733049849,733198589,148740,0,148740,:fsdp:backward:reduce_scatter:layers.17.attn.q_proj,9491,9872,0,0,2696,,:2696,:fsdp:backward:reduce_scatter:layers.17.attn.q_proj
742876415,743002815,126400,0,126400,:fsdp:backward:all_gather:layers.16.ffn.w2,9492,9875,0,0,1795,,:1795,:fsdp:backward:all_gather:layers.16.ffn.w2
742877056,743009587,132531,0,132531,:fsdp:backward:all_gather:layers.16.ffn.w2,9491,9872,0,0,2697,,:2697,:fsdp:backward:all_gather:layers.16.ffn.w2
743009718,743053508,43790,0,43790,:fsdp:backward:wait_weights:layers.16.ffn.w2,9492,9875,0,0,1796,,:1796,:fsdp:backward:wait_weights:layers.16.ffn.w2
743016625,743062446,45821,0,45821,:fsdp:backward:wait_weights:layers.16.ffn.w2,9491,9872,0,0,2698,,:2698,:fsdp:backward:wait_weights:layers.16.ffn.w2
743065622,748220451,5154829,0,5154829,:fsdp:backward:compute:layers.16.ffn.w2,9492,9875,0,0,1797,,:1797,:fsdp:backward:compute:layers.16.ffn.w2
743074529,748217887,5143358,0,5143358,:fsdp:backward:compute:layers.16.ffn.w2,9491,9872,0,0,2699,,:2699,:fsdp:backward:compute:layers.16.ffn.w2
748272311,748438530,166219,0,166219,:fsdp:backward:reduce_scatter:layers.16.ffn.w2,9491,9872,0,0,2700,,:2700,:fsdp:backward:reduce_scatter:layers.16.ffn.w2
748276775,748447378,170603,0,170603,:fsdp:backward:reduce_scatter:layers.16.ffn.w2,9492,9875,0,0,1798,,:1798,:fsdp:backward:reduce_scatter:layers.16.ffn.w2
751069323,751181464,112141,0,112141,:fsdp:backward:all_gather:layers.16.ffn.w3,9491,9872,0,0,2701,,:2701,:fsdp:backward:all_gather:layers.16.ffn.w3
751073487,751186107,112620,0,112620,:fsdp:backward:all_gather:layers.16.ffn.w3,9492,9875,0,0,1799,,:1799,:fsdp:backward:all_gather:layers.16.ffn.w3
751187572,751229955,42383,0,42383,:fsdp:backward:wait_weights:layers.16.ffn.w3,9491,9872,0,0,2702,,:2702,:fsdp:backward:wait_weights:layers.16.ffn.w3
751192178,751233124,40946,0,40946,:fsdp:backward:wait_weights:layers.16.ffn.w3,9492,9875,0,0,1800,,:1800,:fsdp:backward:wait_weights:layers.16.ffn.w3
751241337,751322124,80787,0,80787,:fsdp:backward:compute:layers.16.ffn.w3,9491,9872,0,0,2703,,:2703,:fsdp:backward:compute:layers.16.ffn.w3
751245111,751325944,80833,0,80833,:fsdp:backward:compute:layers.16.ffn.w3,9492,9875,0,0,1801,,:1801,:fsdp:backward:compute:layers.16.ffn.w3
756549352,756705410,156058,0,156058,:fsdp:backward:reduce_scatter:layers.16.ffn.w3,9491,9872,0,0,2704,,:2704,:fsdp:backward:reduce_scatter:layers.16.ffn.w3
756557622,756712688,155066,0,155066,:fsdp:backward:reduce_scatter:layers.16.ffn.w3,9492,9875,0,0,1802,,:1802,:fsdp:backward:reduce_scatter:layers.16.ffn.w3
756827535,756941967,114432,0,114432,:fsdp:backward:all_gather:layers.16.ffn.w1,9491,9872,0,0,2705,,:2705,:fsdp:backward:all_gather:layers.16.ffn.w1
756837507,756948520,111013,0,111013,:fsdp:backward:all_gather:layers.16.ffn.w1,9492,9875,0,0,1803,,:1803,:fsdp:backward:all_gather:layers.16.ffn.w1
756947926,756988553,40627,0,40627,:fsdp:backward:wait_weights:layers.16.ffn.w1,9491,9872,0,0,2706,,:2706,:fsdp:backward:wait_weights:layers.16.ffn.w1
756954512,756993482,38970,0,38970,:fsdp:backward:wait_weights:layers.16.ffn.w1,9492,9875,0,0,1804,,:1804,:fsdp:backward:wait_weights:layers.16.ffn.w1
756999988,757082948,82960,0,82960,:fsdp:backward:compute:layers.16.ffn.w1,9491,9872,0,0,2707,,:2707,:fsdp:backward:compute:layers.16.ffn.w1
757005131,757084888,79757,0,79757,:fsdp:backward:compute:layers.16.ffn.w1,9492,9875,0,0,1805,,:1805,:fsdp:backward:compute:layers.16.ffn.w1
757132963,758949385,1816422,0,1816422,:fsdp:backward:reduce_scatter:layers.16.ffn.w1,9491,9872,0,0,2708,,:2708,:fsdp:backward:reduce_scatter:layers.16.ffn.w1
757135396,758987865,1852469,0,1852469,:fsdp:backward:reduce_scatter:layers.16.ffn.w1,9492,9875,0,0,1806,,:1806,:fsdp:backward:reduce_scatter:layers.16.ffn.w1
759280514,759406213,125699,0,125699,:fsdp:backward:all_gather:layers.16.attn.output_proj,9491,9872,0,0,2709,,:2709,:fsdp:backward:all_gather:layers.16.attn.output_proj
759322616,759457921,135305,0,135305,:fsdp:backward:all_gather:layers.16.attn.output_proj,9492,9875,0,0,1807,,:1807,:fsdp:backward:all_gather:layers.16.attn.output_proj
759412875,759455725,42850,0,42850,:fsdp:backward:wait_weights:layers.16.attn.output_proj,9491,9872,0,0,2710,,:2710,:fsdp:backward:wait_weights:layers.16.attn.output_proj
759464954,759510666,45712,0,45712,:fsdp:backward:wait_weights:layers.16.attn.output_proj,9492,9875,0,0,1808,,:1808,:fsdp:backward:wait_weights:layers.16.attn.output_proj
759468258,759556725,88467,0,88467,:fsdp:backward:compute:layers.16.attn.output_proj,9491,9872,0,0,2711,,:2711,:fsdp:backward:compute:layers.16.attn.output_proj
759523997,759615459,91462,0,91462,:fsdp:backward:compute:layers.16.attn.output_proj,9492,9875,0,0,1809,,:1809,:fsdp:backward:compute:layers.16.attn.output_proj
759610180,759771844,161664,0,161664,:fsdp:backward:reduce_scatter:layers.16.attn.output_proj,9491,9872,0,0,2712,,:2712,:fsdp:backward:reduce_scatter:layers.16.attn.output_proj
759672397,759828799,156402,0,156402,:fsdp:backward:reduce_scatter:layers.16.attn.output_proj,9492,9875,0,0,1810,,:1810,:fsdp:backward:reduce_scatter:layers.16.attn.output_proj
765105786,765263961,158175,0,158175,:fsdp:backward:all_gather:layers.16.attn.v_proj,9492,9875,0,0,1811,,:1811,:fsdp:backward:all_gather:layers.16.attn.v_proj
765106243,765267790,161547,0,161547,:fsdp:backward:all_gather:layers.16.attn.v_proj,9491,9872,0,0,2713,,:2713,:fsdp:backward:all_gather:layers.16.attn.v_proj
765272221,765315558,43337,0,43337,:fsdp:backward:wait_weights:layers.16.attn.v_proj,9492,9875,0,0,1812,,:1812,:fsdp:backward:wait_weights:layers.16.attn.v_proj
765276165,765321094,44929,0,44929,:fsdp:backward:wait_weights:layers.16.attn.v_proj,9491,9872,0,0,2714,,:2714,:fsdp:backward:wait_weights:layers.16.attn.v_proj
765328973,766595201,1266228,0,1266228,:fsdp:backward:compute:layers.16.attn.v_proj,9492,9875,0,0,1813,,:1813,:fsdp:backward:compute:layers.16.attn.v_proj
765335065,766595262,1260197,0,1260197,:fsdp:backward:compute:layers.16.attn.v_proj,9491,9872,0,0,2715,,:2715,:fsdp:backward:compute:layers.16.attn.v_proj
766651790,766821397,169607,0,169607,:fsdp:backward:reduce_scatter:layers.16.attn.v_proj,9491,9872,0,0,2716,,:2716,:fsdp:backward:reduce_scatter:layers.16.attn.v_proj
766653352,766834665,181313,0,181313,:fsdp:backward:reduce_scatter:layers.16.attn.v_proj,9492,9875,0,0,1814,,:1814,:fsdp:backward:reduce_scatter:layers.16.attn.v_proj
766886223,766999165,112942,0,112942,:fsdp:backward:all_gather:layers.16.attn.k_proj,9491,9872,0,0,2717,,:2717,:fsdp:backward:all_gather:layers.16.attn.k_proj
766903040,767022308,119268,0,119268,:fsdp:backward:all_gather:layers.16.attn.k_proj,9492,9875,0,0,1815,,:1815,:fsdp:backward:all_gather:layers.16.attn.k_proj
767004640,767050058,45418,0,45418,:fsdp:backward:wait_weights:layers.16.attn.k_proj,9491,9872,0,0,2718,,:2718,:fsdp:backward:wait_weights:layers.16.attn.k_proj
767028334,767070069,41735,0,41735,:fsdp:backward:wait_weights:layers.16.attn.k_proj,9492,9875,0,0,1816,,:1816,:fsdp:backward:wait_weights:layers.16.attn.k_proj
767062248,767994355,932107,0,932107,:fsdp:backward:compute:layers.16.attn.k_proj,9491,9872,0,0,2719,,:2719,:fsdp:backward:compute:layers.16.attn.k_proj
767082543,767994057,911514,0,911514,:fsdp:backward:compute:layers.16.attn.k_proj,9492,9875,0,0,1817,,:1817,:fsdp:backward:compute:layers.16.attn.k_proj
768043552,768198365,154813,0,154813,:fsdp:backward:reduce_scatter:layers.16.attn.k_proj,9491,9872,0,0,2720,,:2720,:fsdp:backward:reduce_scatter:layers.16.attn.k_proj
768047717,768207704,159987,0,159987,:fsdp:backward:reduce_scatter:layers.16.attn.k_proj,9492,9875,0,0,1818,,:1818,:fsdp:backward:reduce_scatter:layers.16.attn.k_proj
768274138,768388182,114044,0,114044,:fsdp:backward:all_gather:layers.16.attn.q_proj,9491,9872,0,0,2721,,:2721,:fsdp:backward:all_gather:layers.16.attn.q_proj
768284321,768394921,110600,0,110600,:fsdp:backward:all_gather:layers.16.attn.q_proj,9492,9875,0,0,1819,,:1819,:fsdp:backward:all_gather:layers.16.attn.q_proj
768394218,768435684,41466,0,41466,:fsdp:backward:wait_weights:layers.16.attn.q_proj,9491,9872,0,0,2722,,:2722,:fsdp:backward:wait_weights:layers.16.attn.q_proj
768400550,768439869,39319,0,39319,:fsdp:backward:wait_weights:layers.16.attn.q_proj,9492,9875,0,0,1820,,:1820,:fsdp:backward:wait_weights:layers.16.attn.q_proj
768448060,768529834,81774,0,81774,:fsdp:backward:compute:layers.16.attn.q_proj,9491,9872,0,0,2723,,:2723,:fsdp:backward:compute:layers.16.attn.q_proj
768451487,768530173,78686,0,78686,:fsdp:backward:compute:layers.16.attn.q_proj,9492,9875,0,0,1821,,:1821,:fsdp:backward:compute:layers.16.attn.q_proj
768581022,768728744,147722,0,147722,:fsdp:backward:reduce_scatter:layers.16.attn.q_proj,9492,9875,0,0,1822,,:1822,:fsdp:backward:reduce_scatter:layers.16.attn.q_proj
768581517,768739867,158350,0,158350,:fsdp:backward:reduce_scatter:layers.16.attn.q_proj,9491,9872,0,0,2724,,:2724,:fsdp:backward:reduce_scatter:layers.16.attn.q_proj
778416492,778550514,134022,0,134022,:fsdp:backward:all_gather:layers.15.ffn.w2,9492,9875,0,0,1823,,:1823,:fsdp:backward:all_gather:layers.15.ffn.w2
778416692,778550051,133359,0,133359,:fsdp:backward:all_gather:layers.15.ffn.w2,9491,9872,0,0,2725,,:2725,:fsdp:backward:all_gather:layers.15.ffn.w2
778557152,778601766,44614,0,44614,:fsdp:backward:wait_weights:layers.15.ffn.w2,9491,9872,0,0,2726,,:2726,:fsdp:backward:wait_weights:layers.15.ffn.w2
778557340,778599811,42471,0,42471,:fsdp:backward:wait_weights:layers.15.ffn.w2,9492,9875,0,0,1824,,:1824,:fsdp:backward:wait_weights:layers.15.ffn.w2
778611775,783760132,5148357,0,5148357,:fsdp:backward:compute:layers.15.ffn.w2,9492,9875,0,0,1825,,:1825,:fsdp:backward:compute:layers.15.ffn.w2
778614640,783767567,5152927,0,5152927,:fsdp:backward:compute:layers.15.ffn.w2,9491,9872,0,0,2727,,:2727,:fsdp:backward:compute:layers.15.ffn.w2
783812227,783966543,154316,0,154316,:fsdp:backward:reduce_scatter:layers.15.ffn.w2,9492,9875,0,0,1826,,:1826,:fsdp:backward:reduce_scatter:layers.15.ffn.w2
783820911,783981953,161042,0,161042,:fsdp:backward:reduce_scatter:layers.15.ffn.w2,9491,9872,0,0,2728,,:2728,:fsdp:backward:reduce_scatter:layers.15.ffn.w2
786612655,786724678,112023,0,112023,:fsdp:backward:all_gather:layers.15.ffn.w3,9492,9875,0,0,1827,,:1827,:fsdp:backward:all_gather:layers.15.ffn.w3
786618727,786733088,114361,0,114361,:fsdp:backward:all_gather:layers.15.ffn.w3,9491,9872,0,0,2729,,:2729,:fsdp:backward:all_gather:layers.15.ffn.w3
786730526,786771532,41006,0,41006,:fsdp:backward:wait_weights:layers.15.ffn.w3,9492,9875,0,0,1828,,:1828,:fsdp:backward:wait_weights:layers.15.ffn.w3
786738996,786781192,42196,0,42196,:fsdp:backward:wait_weights:layers.15.ffn.w3,9491,9872,0,0,2730,,:2730,:fsdp:backward:wait_weights:layers.15.ffn.w3
786783385,786865818,82433,0,82433,:fsdp:backward:compute:layers.15.ffn.w3,9492,9875,0,0,1829,,:1829,:fsdp:backward:compute:layers.15.ffn.w3
786793024,786873344,80320,0,80320,:fsdp:backward:compute:layers.15.ffn.w3,9491,9872,0,0,2731,,:2731,:fsdp:backward:compute:layers.15.ffn.w3
792080689,792235959,155270,0,155270,:fsdp:backward:reduce_scatter:layers.15.ffn.w3,9492,9875,0,0,1830,,:1830,:fsdp:backward:reduce_scatter:layers.15.ffn.w3
792082866,792231223,148357,0,148357,:fsdp:backward:reduce_scatter:layers.15.ffn.w3,9491,9872,0,0,2732,,:2732,:fsdp:backward:reduce_scatter:layers.15.ffn.w3
792352414,792463175,110761,0,110761,:fsdp:backward:all_gather:layers.15.ffn.w1,9491,9872,0,0,2733,,:2733,:fsdp:backward:all_gather:layers.15.ffn.w1
792359770,792470164,110394,0,110394,:fsdp:backward:all_gather:layers.15.ffn.w1,9492,9875,0,0,1831,,:1831,:fsdp:backward:all_gather:layers.15.ffn.w1
792469521,792508770,39249,0,39249,:fsdp:backward:wait_weights:layers.15.ffn.w1,9491,9872,0,0,2734,,:2734,:fsdp:backward:wait_weights:layers.15.ffn.w1
792476511,792516152,39641,0,39641,:fsdp:backward:wait_weights:layers.15.ffn.w1,9492,9875,0,0,1832,,:1832,:fsdp:backward:wait_weights:layers.15.ffn.w1
792529406,792609437,80031,0,80031,:fsdp:backward:compute:layers.15.ffn.w1,9491,9872,0,0,2735,,:2735,:fsdp:backward:compute:layers.15.ffn.w1
792536748,792618164,81416,0,81416,:fsdp:backward:compute:layers.15.ffn.w1,9492,9875,0,0,1833,,:1833,:fsdp:backward:compute:layers.15.ffn.w1
792659771,792811410,151639,0,151639,:fsdp:backward:reduce_scatter:layers.15.ffn.w1,9491,9872,0,0,2736,,:2736,:fsdp:backward:reduce_scatter:layers.15.ffn.w1
792667989,792817960,149971,0,149971,:fsdp:backward:reduce_scatter:layers.15.ffn.w1,9492,9875,0,0,1834,,:1834,:fsdp:backward:reduce_scatter:layers.15.ffn.w1
794307882,794433712,125830,0,125830,:fsdp:backward:all_gather:layers.15.attn.output_proj,9492,9875,0,0,1835,,:1835,:fsdp:backward:all_gather:layers.15.attn.output_proj
794309302,794440576,131274,0,131274,:fsdp:backward:all_gather:layers.15.attn.output_proj,9491,9872,0,0,2737,,:2737,:fsdp:backward:all_gather:layers.15.attn.output_proj
794440418,794484946,44528,0,44528,:fsdp:backward:wait_weights:layers.15.attn.output_proj,9492,9875,0,0,1836,,:1836,:fsdp:backward:wait_weights:layers.15.attn.output_proj
794447201,794490337,43136,0,43136,:fsdp:backward:wait_weights:layers.15.attn.output_proj,9491,9872,0,0,2738,,:2738,:fsdp:backward:wait_weights:layers.15.attn.output_proj
794499317,794596309,96992,0,96992,:fsdp:backward:compute:layers.15.attn.output_proj,9492,9875,0,0,1837,,:1837,:fsdp:backward:compute:layers.15.attn.output_proj
794503736,794599593,95857,0,95857,:fsdp:backward:compute:layers.15.attn.output_proj,9491,9872,0,0,2739,,:2739,:fsdp:backward:compute:layers.15.attn.output_proj
794652622,794814220,161598,0,161598,:fsdp:backward:reduce_scatter:layers.15.attn.output_proj,9492,9875,0,0,1838,,:1838,:fsdp:backward:reduce_scatter:layers.15.attn.output_proj
794653374,794807865,154491,0,154491,:fsdp:backward:reduce_scatter:layers.15.attn.output_proj,9491,9872,0,0,2740,,:2740,:fsdp:backward:reduce_scatter:layers.15.attn.output_proj
800636477,800810271,173794,0,173794,:fsdp:backward:all_gather:layers.15.attn.v_proj,9491,9872,0,0,2741,,:2741,:fsdp:backward:all_gather:layers.15.attn.v_proj
800636801,800800516,163715,0,163715,:fsdp:backward:all_gather:layers.15.attn.v_proj,9492,9875,0,0,1839,,:1839,:fsdp:backward:all_gather:layers.15.attn.v_proj
800808116,800851844,43728,0,43728,:fsdp:backward:wait_weights:layers.15.attn.v_proj,9492,9875,0,0,1840,,:1840,:fsdp:backward:wait_weights:layers.15.attn.v_proj
800818623,800864886,46263,0,46263,:fsdp:backward:wait_weights:layers.15.attn.v_proj,9491,9872,0,0,2742,,:2742,:fsdp:backward:wait_weights:layers.15.attn.v_proj
800866421,802127351,1260930,0,1260930,:fsdp:backward:compute:layers.15.attn.v_proj,9492,9875,0,0,1841,,:1841,:fsdp:backward:compute:layers.15.attn.v_proj
800879436,802129141,1249705,0,1249705,:fsdp:backward:compute:layers.15.attn.v_proj,9491,9872,0,0,2743,,:2743,:fsdp:backward:compute:layers.15.attn.v_proj
802183252,802346836,163584,0,163584,:fsdp:backward:reduce_scatter:layers.15.attn.v_proj,9492,9875,0,0,1842,,:1842,:fsdp:backward:reduce_scatter:layers.15.attn.v_proj
802187238,802363102,175864,0,175864,:fsdp:backward:reduce_scatter:layers.15.attn.v_proj,9491,9872,0,0,2744,,:2744,:fsdp:backward:reduce_scatter:layers.15.attn.v_proj
802410090,802525324,115234,0,115234,:fsdp:backward:all_gather:layers.15.attn.k_proj,9492,9875,0,0,1843,,:1843,:fsdp:backward:all_gather:layers.15.attn.k_proj
802429032,802549152,120120,0,120120,:fsdp:backward:all_gather:layers.15.attn.k_proj,9491,9872,0,0,2745,,:2745,:fsdp:backward:all_gather:layers.15.attn.k_proj
802531009,802581603,50594,0,50594,:fsdp:backward:wait_weights:layers.15.attn.k_proj,9492,9875,0,0,1844,,:1844,:fsdp:backward:wait_weights:layers.15.attn.k_proj
802555430,802599188,43758,0,43758,:fsdp:backward:wait_weights:layers.15.attn.k_proj,9491,9872,0,0,2746,,:2746,:fsdp:backward:wait_weights:layers.15.attn.k_proj
802594098,803528181,934083,0,934083,:fsdp:backward:compute:layers.15.attn.k_proj,9492,9875,0,0,1845,,:1845,:fsdp:backward:compute:layers.15.attn.k_proj
802611283,803529432,918149,0,918149,:fsdp:backward:compute:layers.15.attn.k_proj,9491,9872,0,0,2747,,:2747,:fsdp:backward:compute:layers.15.attn.k_proj
803580457,803745749,165292,0,165292,:fsdp:backward:reduce_scatter:layers.15.attn.k_proj,9492,9875,0,0,1846,,:1846,:fsdp:backward:reduce_scatter:layers.15.attn.k_proj
803581526,803740047,158521,0,158521,:fsdp:backward:reduce_scatter:layers.15.attn.k_proj,9491,9872,0,0,2748,,:2748,:fsdp:backward:reduce_scatter:layers.15.attn.k_proj
803816891,803931423,114532,0,114532,:fsdp:backward:all_gather:layers.15.attn.q_proj,9491,9872,0,0,2749,,:2749,:fsdp:backward:all_gather:layers.15.attn.q_proj
803826020,803942896,116876,0,116876,:fsdp:backward:all_gather:layers.15.attn.q_proj,9492,9875,0,0,1847,,:1847,:fsdp:backward:all_gather:layers.15.attn.q_proj
803937165,803977995,40830,0,40830,:fsdp:backward:wait_weights:layers.15.attn.q_proj,9491,9872,0,0,2750,,:2750,:fsdp:backward:wait_weights:layers.15.attn.q_proj
803949049,803990443,41394,0,41394,:fsdp:backward:wait_weights:layers.15.attn.q_proj,9492,9875,0,0,1848,,:1848,:fsdp:backward:wait_weights:layers.15.attn.q_proj
803989875,804070991,81116,0,81116,:fsdp:backward:compute:layers.15.attn.q_proj,9491,9872,0,0,2751,,:2751,:fsdp:backward:compute:layers.15.attn.q_proj
804002830,804087893,85063,0,85063,:fsdp:backward:compute:layers.15.attn.q_proj,9492,9875,0,0,1849,,:1849,:fsdp:backward:compute:layers.15.attn.q_proj
804120777,804275649,154872,0,154872,:fsdp:backward:reduce_scatter:layers.15.attn.q_proj,9491,9872,0,0,2752,,:2752,:fsdp:backward:reduce_scatter:layers.15.attn.q_proj
804140602,804298050,157448,0,157448,:fsdp:backward:reduce_scatter:layers.15.attn.q_proj,9492,9875,0,0,1850,,:1850,:fsdp:backward:reduce_scatter:layers.15.attn.q_proj
813935301,814059036,123735,0,123735,:fsdp:backward:all_gather:layers.14.ffn.w2,9492,9875,0,0,1851,,:1851,:fsdp:backward:all_gather:layers.14.ffn.w2
813937779,814068814,131035,0,131035,:fsdp:backward:all_gather:layers.14.ffn.w2,9491,9872,0,0,2753,,:2753,:fsdp:backward:all_gather:layers.14.ffn.w2
814065984,814108930,42946,0,42946,:fsdp:backward:wait_weights:layers.14.ffn.w2,9492,9875,0,0,1852,,:1852,:fsdp:backward:wait_weights:layers.14.ffn.w2
814076219,814121688,45469,0,45469,:fsdp:backward:wait_weights:layers.14.ffn.w2,9491,9872,0,0,2754,,:2754,:fsdp:backward:wait_weights:layers.14.ffn.w2
814122177,819281649,5159472,0,5159472,:fsdp:backward:compute:layers.14.ffn.w2,9492,9875,0,0,1853,,:1853,:fsdp:backward:compute:layers.14.ffn.w2
814135162,819271254,5136092,0,5136092,:fsdp:backward:compute:layers.14.ffn.w2,9491,9872,0,0,2755,,:2755,:fsdp:backward:compute:layers.14.ffn.w2
819328497,819487937,159440,0,159440,:fsdp:backward:reduce_scatter:layers.14.ffn.w2,9491,9872,0,0,2756,,:2756,:fsdp:backward:reduce_scatter:layers.14.ffn.w2
819335544,819484334,148790,0,148790,:fsdp:backward:reduce_scatter:layers.14.ffn.w2,9492,9875,0,0,1854,,:1854,:fsdp:backward:reduce_scatter:layers.14.ffn.w2
822115757,822233341,117584,0,117584,:fsdp:backward:all_gather:layers.14.ffn.w3,9491,9872,0,0,2757,,:2757,:fsdp:backward:all_gather:layers.14.ffn.w3
822183096,822479182,296086,0,296086,:fsdp:backward:all_gather:layers.14.ffn.w3,9492,9875,0,0,1855,,:1855,:fsdp:backward:all_gather:layers.14.ffn.w3
822239207,822281362,42155,0,42155,:fsdp:backward:wait_weights:layers.14.ffn.w3,9491,9872,0,0,2758,,:2758,:fsdp:backward:wait_weights:layers.14.ffn.w3
822293881,822375355,81474,0,81474,:fsdp:backward:compute:layers.14.ffn.w3,9491,9872,0,0,2759,,:2759,:fsdp:backward:compute:layers.14.ffn.w3
822491165,822596435,105270,0,105270,:fsdp:backward:wait_weights:layers.14.ffn.w3,9492,9875,0,0,1856,,:1856,:fsdp:backward:wait_weights:layers.14.ffn.w3
822619558,822841114,221556,0,221556,:fsdp:backward:compute:layers.14.ffn.w3,9492,9875,0,0,1857,,:1857,:fsdp:backward:compute:layers.14.ffn.w3
827582627,827734573,151946,0,151946,:fsdp:backward:reduce_scatter:layers.14.ffn.w3,9491,9872,0,0,2760,,:2760,:fsdp:backward:reduce_scatter:layers.14.ffn.w3
827601244,827797507,196263,0,196263,:fsdp:backward:reduce_scatter:layers.14.ffn.w3,9492,9875,0,0,1858,,:1858,:fsdp:backward:reduce_scatter:layers.14.ffn.w3
827857763,827966806,109043,0,109043,:fsdp:backward:all_gather:layers.14.ffn.w1,9491,9872,0,0,2761,,:2761,:fsdp:backward:all_gather:layers.14.ffn.w1
827936084,828060567,124483,0,124483,:fsdp:backward:all_gather:layers.14.ffn.w1,9492,9875,0,0,1859,,:1859,:fsdp:backward:all_gather:layers.14.ffn.w1
827972410,828012179,39769,0,39769,:fsdp:backward:wait_weights:layers.14.ffn.w1,9491,9872,0,0,2762,,:2762,:fsdp:backward:wait_weights:layers.14.ffn.w1
828023895,828104309,80414,0,80414,:fsdp:backward:compute:layers.14.ffn.w1,9491,9872,0,0,2763,,:2763,:fsdp:backward:compute:layers.14.ffn.w1
828067384,828111922,44538,0,44538,:fsdp:backward:wait_weights:layers.14.ffn.w1,9492,9875,0,0,1860,,:1860,:fsdp:backward:wait_weights:layers.14.ffn.w1
828124756,828215406,90650,0,90650,:fsdp:backward:compute:layers.14.ffn.w1,9492,9875,0,0,1861,,:1861,:fsdp:backward:compute:layers.14.ffn.w1
828152767,828304368,151601,0,151601,:fsdp:backward:reduce_scatter:layers.14.ffn.w1,9491,9872,0,0,2764,,:2764,:fsdp:backward:reduce_scatter:layers.14.ffn.w1
828271271,828440096,168825,0,168825,:fsdp:backward:reduce_scatter:layers.14.ffn.w1,9492,9875,0,0,1862,,:1862,:fsdp:backward:reduce_scatter:layers.14.ffn.w1
829817534,829944446,126912,0,126912,:fsdp:backward:all_gather:layers.14.attn.output_proj,9491,9872,0,0,2765,,:2765,:fsdp:backward:all_gather:layers.14.attn.output_proj
829823457,829951420,127963,0,127963,:fsdp:backward:all_gather:layers.14.attn.output_proj,9492,9875,0,0,1863,,:1863,:fsdp:backward:all_gather:layers.14.attn.output_proj
829951132,829996936,45804,0,45804,:fsdp:backward:wait_weights:layers.14.attn.output_proj,9491,9872,0,0,2766,,:2766,:fsdp:backward:wait_weights:layers.14.attn.output_proj
829958104,830002249,44145,0,44145,:fsdp:backward:wait_weights:layers.14.attn.output_proj,9492,9875,0,0,1864,,:1864,:fsdp:backward:wait_weights:layers.14.attn.output_proj
830009990,830101624,91634,0,91634,:fsdp:backward:compute:layers.14.attn.output_proj,9491,9872,0,0,2767,,:2767,:fsdp:backward:compute:layers.14.attn.output_proj
830015372,830102609,87237,0,87237,:fsdp:backward:compute:layers.14.attn.output_proj,9492,9875,0,0,1865,,:1865,:fsdp:backward:compute:layers.14.attn.output_proj
830156294,830308740,152446,0,152446,:fsdp:backward:reduce_scatter:layers.14.attn.output_proj,9491,9872,0,0,2768,,:2768,:fsdp:backward:reduce_scatter:layers.14.attn.output_proj
830157354,830310168,152814,0,152814,:fsdp:backward:reduce_scatter:layers.14.attn.output_proj,9492,9875,0,0,1866,,:1866,:fsdp:backward:reduce_scatter:layers.14.attn.output_proj
836141912,836305645,163733,0,163733,:fsdp:backward:all_gather:layers.14.attn.v_proj,9491,9872,0,0,2769,,:2769,:fsdp:backward:all_gather:layers.14.attn.v_proj
836143539,836303240,159701,0,159701,:fsdp:backward:all_gather:layers.14.attn.v_proj,9492,9875,0,0,1867,,:1867,:fsdp:backward:all_gather:layers.14.attn.v_proj
836311808,836356995,45187,0,45187,:fsdp:backward:wait_weights:layers.14.attn.v_proj,9492,9875,0,0,1868,,:1868,:fsdp:backward:wait_weights:layers.14.attn.v_proj
836313545,836358742,45197,0,45197,:fsdp:backward:wait_weights:layers.14.attn.v_proj,9491,9872,0,0,2770,,:2770,:fsdp:backward:wait_weights:layers.14.attn.v_proj
836370882,837633567,1262685,0,1262685,:fsdp:backward:compute:layers.14.attn.v_proj,9492,9875,0,0,1869,,:1869,:fsdp:backward:compute:layers.14.attn.v_proj
836372965,837632873,1259908,0,1259908,:fsdp:backward:compute:layers.14.attn.v_proj,9491,9872,0,0,2771,,:2771,:fsdp:backward:compute:layers.14.attn.v_proj
837689596,837863317,173721,0,173721,:fsdp:backward:reduce_scatter:layers.14.attn.v_proj,9491,9872,0,0,2772,,:2772,:fsdp:backward:reduce_scatter:layers.14.attn.v_proj
837691476,837853591,162115,0,162115,:fsdp:backward:reduce_scatter:layers.14.attn.v_proj,9492,9875,0,0,1870,,:1870,:fsdp:backward:reduce_scatter:layers.14.attn.v_proj
837919110,838029610,110500,0,110500,:fsdp:backward:all_gather:layers.14.attn.k_proj,9492,9875,0,0,1871,,:1871,:fsdp:backward:all_gather:layers.14.attn.k_proj
837931324,838042208,110884,0,110884,:fsdp:backward:all_gather:layers.14.attn.k_proj,9491,9872,0,0,2773,,:2773,:fsdp:backward:all_gather:layers.14.attn.k_proj
838035792,838083911,48119,0,48119,:fsdp:backward:wait_weights:layers.14.attn.k_proj,9492,9875,0,0,1872,,:1872,:fsdp:backward:wait_weights:layers.14.attn.k_proj
838049121,838092630,43509,0,43509,:fsdp:backward:wait_weights:layers.14.attn.k_proj,9491,9872,0,0,2774,,:2774,:fsdp:backward:wait_weights:layers.14.attn.k_proj
838095598,839030155,934557,0,934557,:fsdp:backward:compute:layers.14.attn.k_proj,9492,9875,0,0,1873,,:1873,:fsdp:backward:compute:layers.14.attn.k_proj
838104240,839031224,926984,0,926984,:fsdp:backward:compute:layers.14.attn.k_proj,9491,9872,0,0,2775,,:2775,:fsdp:backward:compute:layers.14.attn.k_proj
839082109,839235708,153599,0,153599,:fsdp:backward:reduce_scatter:layers.14.attn.k_proj,9492,9875,0,0,1874,,:1874,:fsdp:backward:reduce_scatter:layers.14.attn.k_proj
839085891,839244084,158193,0,158193,:fsdp:backward:reduce_scatter:layers.14.attn.k_proj,9491,9872,0,0,2776,,:2776,:fsdp:backward:reduce_scatter:layers.14.attn.k_proj
839313579,839423970,110391,0,110391,:fsdp:backward:all_gather:layers.14.attn.q_proj,9492,9875,0,0,1875,,:1875,:fsdp:backward:all_gather:layers.14.attn.q_proj
839321598,839429339,107741,0,107741,:fsdp:backward:all_gather:layers.14.attn.q_proj,9491,9872,0,0,2777,,:2777,:fsdp:backward:all_gather:layers.14.attn.q_proj
839429679,839468440,38761,0,38761,:fsdp:backward:wait_weights:layers.14.attn.q_proj,9492,9875,0,0,1876,,:1876,:fsdp:backward:wait_weights:layers.14.attn.q_proj
839435073,839476292,41219,0,41219,:fsdp:backward:wait_weights:layers.14.attn.q_proj,9491,9872,0,0,2778,,:2778,:fsdp:backward:wait_weights:layers.14.attn.q_proj
839479752,839557370,77618,0,77618,:fsdp:backward:compute:layers.14.attn.q_proj,9492,9875,0,0,1877,,:1877,:fsdp:backward:compute:layers.14.attn.q_proj
839488071,839570149,82078,0,82078,:fsdp:backward:compute:layers.14.attn.q_proj,9491,9872,0,0,2779,,:2779,:fsdp:backward:compute:layers.14.attn.q_proj
839606860,839752224,145364,0,145364,:fsdp:backward:reduce_scatter:layers.14.attn.q_proj,9492,9875,0,0,1878,,:1878,:fsdp:backward:reduce_scatter:layers.14.attn.q_proj
839619250,839758004,138754,0,138754,:fsdp:backward:reduce_scatter:layers.14.attn.q_proj,9491,9872,0,0,2780,,:2780,:fsdp:backward:reduce_scatter:layers.14.attn.q_proj
849445283,849570905,125622,0,125622,:fsdp:backward:all_gather:layers.13.ffn.w2,9491,9872,0,0,2781,,:2781,:fsdp:backward:all_gather:layers.13.ffn.w2
849445488,849587688,142200,0,142200,:fsdp:backward:all_gather:layers.13.ffn.w2,9492,9875,0,0,1879,,:1879,:fsdp:backward:all_gather:layers.13.ffn.w2
849577469,849620506,43037,0,43037,:fsdp:backward:wait_weights:layers.13.ffn.w2,9491,9872,0,0,2782,,:2782,:fsdp:backward:wait_weights:layers.13.ffn.w2
849595107,849640036,44929,0,44929,:fsdp:backward:wait_weights:layers.13.ffn.w2,9492,9875,0,0,1880,,:1880,:fsdp:backward:wait_weights:layers.13.ffn.w2
849633735,854764125,5130390,0,5130390,:fsdp:backward:compute:layers.13.ffn.w2,9491,9872,0,0,2783,,:2783,:fsdp:backward:compute:layers.13.ffn.w2
849653590,854775158,5121568,0,5121568,:fsdp:backward:compute:layers.13.ffn.w2,9492,9875,0,0,1881,,:1881,:fsdp:backward:compute:layers.13.ffn.w2
854821588,854984413,162825,0,162825,:fsdp:backward:reduce_scatter:layers.13.ffn.w2,9491,9872,0,0,2784,,:2784,:fsdp:backward:reduce_scatter:layers.13.ffn.w2
854836501,855011092,174591,0,174591,:fsdp:backward:reduce_scatter:layers.13.ffn.w2,9492,9875,0,0,1882,,:1882,:fsdp:backward:reduce_scatter:layers.13.ffn.w2
857614735,857726768,112033,0,112033,:fsdp:backward:all_gather:layers.13.ffn.w3,9491,9872,0,0,2785,,:2785,:fsdp:backward:all_gather:layers.13.ffn.w3
857615589,857729226,113637,0,113637,:fsdp:backward:all_gather:layers.13.ffn.w3,9492,9875,0,0,1883,,:1883,:fsdp:backward:all_gather:layers.13.ffn.w3
857732895,857776449,43554,0,43554,:fsdp:backward:wait_weights:layers.13.ffn.w3,9491,9872,0,0,2786,,:2786,:fsdp:backward:wait_weights:layers.13.ffn.w3
857735606,857776943,41337,0,41337,:fsdp:backward:wait_weights:layers.13.ffn.w3,9492,9875,0,0,1884,,:1884,:fsdp:backward:wait_weights:layers.13.ffn.w3
857788318,857873534,85216,0,85216,:fsdp:backward:compute:layers.13.ffn.w3,9491,9872,0,0,2787,,:2787,:fsdp:backward:compute:layers.13.ffn.w3
857788982,857869317,80335,0,80335,:fsdp:backward:compute:layers.13.ffn.w3,9492,9875,0,0,1885,,:1885,:fsdp:backward:compute:layers.13.ffn.w3
863080885,863243019,162134,0,162134,:fsdp:backward:reduce_scatter:layers.13.ffn.w3,9491,9872,0,0,2788,,:2788,:fsdp:backward:reduce_scatter:layers.13.ffn.w3
863093501,863253561,160060,0,160060,:fsdp:backward:reduce_scatter:layers.13.ffn.w3,9492,9875,0,0,1886,,:1886,:fsdp:backward:reduce_scatter:layers.13.ffn.w3
863369159,863479393,110234,0,110234,:fsdp:backward:all_gather:layers.13.ffn.w1,9491,9872,0,0,2789,,:2789,:fsdp:backward:all_gather:layers.13.ffn.w1
863378960,863495908,116948,0,116948,:fsdp:backward:all_gather:layers.13.ffn.w1,9492,9875,0,0,1887,,:1887,:fsdp:backward:all_gather:layers.13.ffn.w1
863485123,863525502,40379,0,40379,:fsdp:backward:wait_weights:layers.13.ffn.w1,9491,9872,0,0,2790,,:2790,:fsdp:backward:wait_weights:layers.13.ffn.w1
863501808,863542102,40294,0,40294,:fsdp:backward:wait_weights:layers.13.ffn.w1,9492,9875,0,0,1888,,:1888,:fsdp:backward:wait_weights:layers.13.ffn.w1
863537373,863618271,80898,0,80898,:fsdp:backward:compute:layers.13.ffn.w1,9491,9872,0,0,2791,,:2791,:fsdp:backward:compute:layers.13.ffn.w1
863553648,863633440,79792,0,79792,:fsdp:backward:compute:layers.13.ffn.w1,9492,9875,0,0,1889,,:1889,:fsdp:backward:compute:layers.13.ffn.w1
863667461,863817532,150071,0,150071,:fsdp:backward:reduce_scatter:layers.13.ffn.w1,9491,9872,0,0,2792,,:2792,:fsdp:backward:reduce_scatter:layers.13.ffn.w1
863683948,863825856,141908,0,141908,:fsdp:backward:reduce_scatter:layers.13.ffn.w1,9492,9875,0,0,1890,,:1890,:fsdp:backward:reduce_scatter:layers.13.ffn.w1
865308313,865432396,124083,0,124083,:fsdp:backward:all_gather:layers.13.attn.output_proj,9491,9872,0,0,2793,,:2793,:fsdp:backward:all_gather:layers.13.attn.output_proj
865321579,865444477,122898,0,122898,:fsdp:backward:all_gather:layers.13.attn.output_proj,9492,9875,0,0,1891,,:1891,:fsdp:backward:all_gather:layers.13.attn.output_proj
865439688,865485267,45579,0,45579,:fsdp:backward:wait_weights:layers.13.attn.output_proj,9491,9872,0,0,2794,,:2794,:fsdp:backward:wait_weights:layers.13.attn.output_proj
865451445,865495651,44206,0,44206,:fsdp:backward:wait_weights:layers.13.attn.output_proj,9492,9875,0,0,1892,,:1892,:fsdp:backward:wait_weights:layers.13.attn.output_proj
865498867,865589577,90710,0,90710,:fsdp:backward:compute:layers.13.attn.output_proj,9491,9872,0,0,2795,,:2795,:fsdp:backward:compute:layers.13.attn.output_proj
865509655,865597781,88126,0,88126,:fsdp:backward:compute:layers.13.attn.output_proj,9492,9875,0,0,1893,,:1893,:fsdp:backward:compute:layers.13.attn.output_proj
865644684,865804728,160044,0,160044,:fsdp:backward:reduce_scatter:layers.13.attn.output_proj,9491,9872,0,0,2796,,:2796,:fsdp:backward:reduce_scatter:layers.13.attn.output_proj
865653027,865813754,160727,0,160727,:fsdp:backward:reduce_scatter:layers.13.attn.output_proj,9492,9875,0,0,1894,,:1894,:fsdp:backward:reduce_scatter:layers.13.attn.output_proj
871641314,871800032,158718,0,158718,:fsdp:backward:all_gather:layers.13.attn.v_proj,9491,9872,0,0,2797,,:2797,:fsdp:backward:all_gather:layers.13.attn.v_proj
871647795,871807926,160131,0,160131,:fsdp:backward:all_gather:layers.13.attn.v_proj,9492,9875,0,0,1895,,:1895,:fsdp:backward:all_gather:layers.13.attn.v_proj
871807818,871852476,44658,0,44658,:fsdp:backward:wait_weights:layers.13.attn.v_proj,9491,9872,0,0,2798,,:2798,:fsdp:backward:wait_weights:layers.13.attn.v_proj
871815887,871859440,43553,0,43553,:fsdp:backward:wait_weights:layers.13.attn.v_proj,9492,9875,0,0,1896,,:1896,:fsdp:backward:wait_weights:layers.13.attn.v_proj
871866444,873140157,1273713,0,1273713,:fsdp:backward:compute:layers.13.attn.v_proj,9491,9872,0,0,2799,,:2799,:fsdp:backward:compute:layers.13.attn.v_proj
871873161,873140878,1267717,0,1267717,:fsdp:backward:compute:layers.13.attn.v_proj,9492,9875,0,0,1897,,:1897,:fsdp:backward:compute:layers.13.attn.v_proj
873194898,873366246,171348,0,171348,:fsdp:backward:reduce_scatter:layers.13.attn.v_proj,9491,9872,0,0,2800,,:2800,:fsdp:backward:reduce_scatter:layers.13.attn.v_proj
873196707,873366466,169759,0,169759,:fsdp:backward:reduce_scatter:layers.13.attn.v_proj,9492,9875,0,0,1898,,:1898,:fsdp:backward:reduce_scatter:layers.13.attn.v_proj
873431330,873542822,111492,0,111492,:fsdp:backward:all_gather:layers.13.attn.k_proj,9491,9872,0,0,2801,,:2801,:fsdp:backward:all_gather:layers.13.attn.k_proj
873433836,873548217,114381,0,114381,:fsdp:backward:all_gather:layers.13.attn.k_proj,9492,9875,0,0,1899,,:1899,:fsdp:backward:all_gather:layers.13.attn.k_proj
873549158,873591595,42437,0,42437,:fsdp:backward:wait_weights:layers.13.attn.k_proj,9491,9872,0,0,2802,,:2802,:fsdp:backward:wait_weights:layers.13.attn.k_proj
873554233,873595738,41505,0,41505,:fsdp:backward:wait_weights:layers.13.attn.k_proj,9492,9875,0,0,1900,,:1900,:fsdp:backward:wait_weights:layers.13.attn.k_proj
873603884,874548746,944862,0,944862,:fsdp:backward:compute:layers.13.attn.k_proj,9491,9872,0,0,2803,,:2803,:fsdp:backward:compute:layers.13.attn.k_proj
873608114,874548078,939964,0,939964,:fsdp:backward:compute:layers.13.attn.k_proj,9492,9875,0,0,1901,,:1901,:fsdp:backward:compute:layers.13.attn.k_proj
874601721,874752266,150545,0,150545,:fsdp:backward:reduce_scatter:layers.13.attn.k_proj,9492,9875,0,0,1902,,:1902,:fsdp:backward:reduce_scatter:layers.13.attn.k_proj
874602264,874754324,152060,0,152060,:fsdp:backward:reduce_scatter:layers.13.attn.k_proj,9491,9872,0,0,2804,,:2804,:fsdp:backward:reduce_scatter:layers.13.attn.k_proj
874830498,874946548,116050,0,116050,:fsdp:backward:all_gather:layers.13.attn.q_proj,9492,9875,0,0,1903,,:1903,:fsdp:backward:all_gather:layers.13.attn.q_proj
874834136,874952804,118668,0,118668,:fsdp:backward:all_gather:layers.13.attn.q_proj,9491,9872,0,0,2805,,:2805,:fsdp:backward:all_gather:layers.13.attn.q_proj
874952453,874992974,40521,0,40521,:fsdp:backward:wait_weights:layers.13.attn.q_proj,9492,9875,0,0,1904,,:1904,:fsdp:backward:wait_weights:layers.13.attn.q_proj
874958834,875000147,41313,0,41313,:fsdp:backward:wait_weights:layers.13.attn.q_proj,9491,9872,0,0,2806,,:2806,:fsdp:backward:wait_weights:layers.13.attn.q_proj
875004837,875087264,82427,0,82427,:fsdp:backward:compute:layers.13.attn.q_proj,9492,9875,0,0,1905,,:1905,:fsdp:backward:compute:layers.13.attn.q_proj
875012633,875093874,81241,0,81241,:fsdp:backward:compute:layers.13.attn.q_proj,9491,9872,0,0,2807,,:2807,:fsdp:backward:compute:layers.13.attn.q_proj
875136835,875276624,139789,0,139789,:fsdp:backward:reduce_scatter:layers.13.attn.q_proj,9492,9875,0,0,1906,,:1906,:fsdp:backward:reduce_scatter:layers.13.attn.q_proj
875144798,875293040,148242,0,148242,:fsdp:backward:reduce_scatter:layers.13.attn.q_proj,9491,9872,0,0,2808,,:2808,:fsdp:backward:reduce_scatter:layers.13.attn.q_proj
884948142,885075277,127135,0,127135,:fsdp:backward:all_gather:layers.12.ffn.w2,9491,9872,0,0,2809,,:2809,:fsdp:backward:all_gather:layers.12.ffn.w2
884949943,885075122,125179,0,125179,:fsdp:backward:all_gather:layers.12.ffn.w2,9492,9875,0,0,1907,,:1907,:fsdp:backward:all_gather:layers.12.ffn.w2
885081607,885123999,42392,0,42392,:fsdp:backward:wait_weights:layers.12.ffn.w2,9492,9875,0,0,1908,,:1908,:fsdp:backward:wait_weights:layers.12.ffn.w2
885081831,885124585,42754,0,42754,:fsdp:backward:wait_weights:layers.12.ffn.w2,9491,9872,0,0,2810,,:2810,:fsdp:backward:wait_weights:layers.12.ffn.w2
885136897,890292712,5155815,0,5155815,:fsdp:backward:compute:layers.12.ffn.w2,9492,9875,0,0,1909,,:1909,:fsdp:backward:compute:layers.12.ffn.w2
885137208,890280748,5143540,0,5143540,:fsdp:backward:compute:layers.12.ffn.w2,9491,9872,0,0,2811,,:2811,:fsdp:backward:compute:layers.12.ffn.w2
890333166,890488833,155667,0,155667,:fsdp:backward:reduce_scatter:layers.12.ffn.w2,9491,9872,0,0,2812,,:2812,:fsdp:backward:reduce_scatter:layers.12.ffn.w2
890345813,890500166,154353,0,154353,:fsdp:backward:reduce_scatter:layers.12.ffn.w2,9492,9875,0,0,1910,,:1910,:fsdp:backward:reduce_scatter:layers.12.ffn.w2
893124844,893247330,122486,0,122486,:fsdp:backward:all_gather:layers.12.ffn.w3,9491,9872,0,0,2813,,:2813,:fsdp:backward:all_gather:layers.12.ffn.w3
893130316,893246340,116024,0,116024,:fsdp:backward:all_gather:layers.12.ffn.w3,9492,9875,0,0,1911,,:1911,:fsdp:backward:all_gather:layers.12.ffn.w3
893252469,893293277,40808,0,40808,:fsdp:backward:wait_weights:layers.12.ffn.w3,9492,9875,0,0,1912,,:1912,:fsdp:backward:wait_weights:layers.12.ffn.w3
893253955,893297071,43116,0,43116,:fsdp:backward:wait_weights:layers.12.ffn.w3,9491,9872,0,0,2814,,:2814,:fsdp:backward:wait_weights:layers.12.ffn.w3
893315074,893395824,80750,0,80750,:fsdp:backward:compute:layers.12.ffn.w3,9492,9875,0,0,1913,,:1913,:fsdp:backward:compute:layers.12.ffn.w3
893318873,893402891,84018,0,84018,:fsdp:backward:compute:layers.12.ffn.w3,9491,9872,0,0,2815,,:2815,:fsdp:backward:compute:layers.12.ffn.w3
898595406,898751067,155661,0,155661,:fsdp:backward:reduce_scatter:layers.12.ffn.w3,9491,9872,0,0,2816,,:2816,:fsdp:backward:reduce_scatter:layers.12.ffn.w3
898606184,898761201,155017,0,155017,:fsdp:backward:reduce_scatter:layers.12.ffn.w3,9492,9875,0,0,1914,,:1914,:fsdp:backward:reduce_scatter:layers.12.ffn.w3
898876413,898993780,117367,0,117367,:fsdp:backward:all_gather:layers.12.ffn.w1,9491,9872,0,0,2817,,:2817,:fsdp:backward:all_gather:layers.12.ffn.w1
898891697,899012606,120909,0,120909,:fsdp:backward:all_gather:layers.12.ffn.w1,9492,9875,0,0,1915,,:1915,:fsdp:backward:all_gather:layers.12.ffn.w1
898999826,899040368,40542,0,40542,:fsdp:backward:wait_weights:layers.12.ffn.w1,9491,9872,0,0,2818,,:2818,:fsdp:backward:wait_weights:layers.12.ffn.w1
899018728,899060110,41382,0,41382,:fsdp:backward:wait_weights:layers.12.ffn.w1,9492,9875,0,0,1916,,:1916,:fsdp:backward:wait_weights:layers.12.ffn.w1
899053371,899135015,81644,0,81644,:fsdp:backward:compute:layers.12.ffn.w1,9491,9872,0,0,2819,,:2819,:fsdp:backward:compute:layers.12.ffn.w1
899073743,899156347,82604,0,82604,:fsdp:backward:compute:layers.12.ffn.w1,9492,9875,0,0,1917,,:1917,:fsdp:backward:compute:layers.12.ffn.w1
899184892,899328087,143195,0,143195,:fsdp:backward:reduce_scatter:layers.12.ffn.w1,9491,9872,0,0,2820,,:2820,:fsdp:backward:reduce_scatter:layers.12.ffn.w1
899205761,899352295,146534,0,146534,:fsdp:backward:reduce_scatter:layers.12.ffn.w1,9492,9875,0,0,1918,,:1918,:fsdp:backward:reduce_scatter:layers.12.ffn.w1
900822468,900942809,120341,0,120341,:fsdp:backward:all_gather:layers.12.attn.output_proj,9491,9872,0,0,2821,,:2821,:fsdp:backward:all_gather:layers.12.attn.output_proj
900829526,900949844,120318,0,120318,:fsdp:backward:all_gather:layers.12.attn.output_proj,9492,9875,0,0,1919,,:1919,:fsdp:backward:all_gather:layers.12.attn.output_proj
900948938,900991382,42444,0,42444,:fsdp:backward:wait_weights:layers.12.attn.output_proj,9491,9872,0,0,2822,,:2822,:fsdp:backward:wait_weights:layers.12.attn.output_proj
900956232,900999181,42949,0,42949,:fsdp:backward:wait_weights:layers.12.attn.output_proj,9492,9875,0,0,1920,,:1920,:fsdp:backward:wait_weights:layers.12.attn.output_proj
901004028,901089529,85501,0,85501,:fsdp:backward:compute:layers.12.attn.output_proj,9491,9872,0,0,2823,,:2823,:fsdp:backward:compute:layers.12.attn.output_proj
901012381,901100482,88101,0,88101,:fsdp:backward:compute:layers.12.attn.output_proj,9492,9875,0,0,1921,,:1921,:fsdp:backward:compute:layers.12.attn.output_proj
901140675,901293831,153156,0,153156,:fsdp:backward:reduce_scatter:layers.12.attn.output_proj,9491,9872,0,0,2824,,:2824,:fsdp:backward:reduce_scatter:layers.12.attn.output_proj
901151978,901299454,147476,0,147476,:fsdp:backward:reduce_scatter:layers.12.attn.output_proj,9492,9875,0,0,1922,,:1922,:fsdp:backward:reduce_scatter:layers.12.attn.output_proj
907163259,907348873,185614,0,185614,:fsdp:backward:all_gather:layers.12.attn.v_proj,9491,9872,0,0,2825,,:2825,:fsdp:backward:all_gather:layers.12.attn.v_proj
907164247,907343293,179046,0,179046,:fsdp:backward:all_gather:layers.12.attn.v_proj,9492,9875,0,0,1923,,:1923,:fsdp:backward:all_gather:layers.12.attn.v_proj
907352112,907398150,46038,0,46038,:fsdp:backward:wait_weights:layers.12.attn.v_proj,9492,9875,0,0,1924,,:1924,:fsdp:backward:wait_weights:layers.12.attn.v_proj
907357612,907404722,47110,0,47110,:fsdp:backward:wait_weights:layers.12.attn.v_proj,9491,9872,0,0,2826,,:2826,:fsdp:backward:wait_weights:layers.12.attn.v_proj
907413361,908654147,1240786,0,1240786,:fsdp:backward:compute:layers.12.attn.v_proj,9492,9875,0,0,1925,,:1925,:fsdp:backward:compute:layers.12.attn.v_proj
907419541,908652537,1232996,0,1232996,:fsdp:backward:compute:layers.12.attn.v_proj,9491,9872,0,0,2827,,:2827,:fsdp:backward:compute:layers.12.attn.v_proj
908710983,908890890,179907,0,179907,:fsdp:backward:reduce_scatter:layers.12.attn.v_proj,9492,9875,0,0,1926,,:1926,:fsdp:backward:reduce_scatter:layers.12.attn.v_proj
908711274,908889943,178669,0,178669,:fsdp:backward:reduce_scatter:layers.12.attn.v_proj,9491,9872,0,0,2828,,:2828,:fsdp:backward:reduce_scatter:layers.12.attn.v_proj
908957467,909071587,114120,0,114120,:fsdp:backward:all_gather:layers.12.attn.k_proj,9491,9872,0,0,2829,,:2829,:fsdp:backward:all_gather:layers.12.attn.k_proj
908959109,909072330,113221,0,113221,:fsdp:backward:all_gather:layers.12.attn.k_proj,9492,9875,0,0,1927,,:1927,:fsdp:backward:all_gather:layers.12.attn.k_proj
909077512,909120432,42920,0,42920,:fsdp:backward:wait_weights:layers.12.attn.k_proj,9491,9872,0,0,2830,,:2830,:fsdp:backward:wait_weights:layers.12.attn.k_proj
909078611,909120487,41876,0,41876,:fsdp:backward:wait_weights:layers.12.attn.k_proj,9492,9875,0,0,1928,,:1928,:fsdp:backward:wait_weights:layers.12.attn.k_proj
909132211,910047771,915560,0,915560,:fsdp:backward:compute:layers.12.attn.k_proj,9492,9875,0,0,1929,,:1929,:fsdp:backward:compute:layers.12.attn.k_proj
909132506,910050316,917810,0,917810,:fsdp:backward:compute:layers.12.attn.k_proj,9491,9872,0,0,2831,,:2831,:fsdp:backward:compute:layers.12.attn.k_proj
910100753,910249470,148717,0,148717,:fsdp:backward:reduce_scatter:layers.12.attn.k_proj,9492,9875,0,0,1930,,:1930,:fsdp:backward:reduce_scatter:layers.12.attn.k_proj
910103176,910255436,152260,0,152260,:fsdp:backward:reduce_scatter:layers.12.attn.k_proj,9491,9872,0,0,2832,,:2832,:fsdp:backward:reduce_scatter:layers.12.attn.k_proj
910323667,910430529,106862,0,106862,:fsdp:backward:all_gather:layers.12.attn.q_proj,9492,9875,0,0,1931,,:1931,:fsdp:backward:all_gather:layers.12.attn.q_proj
910331296,910444974,113678,0,113678,:fsdp:backward:all_gather:layers.12.attn.q_proj,9491,9872,0,0,2833,,:2833,:fsdp:backward:all_gather:layers.12.attn.q_proj
910436565,910476045,39480,0,39480,:fsdp:backward:wait_weights:layers.12.attn.q_proj,9492,9875,0,0,1932,,:1932,:fsdp:backward:wait_weights:layers.12.attn.q_proj
910451446,910493715,42269,0,42269,:fsdp:backward:wait_weights:layers.12.attn.q_proj,9491,9872,0,0,2834,,:2834,:fsdp:backward:wait_weights:layers.12.attn.q_proj
910487527,910574454,86927,0,86927,:fsdp:backward:compute:layers.12.attn.q_proj,9492,9875,0,0,1933,,:1933,:fsdp:backward:compute:layers.12.attn.q_proj
910505841,910598300,92459,0,92459,:fsdp:backward:compute:layers.12.attn.q_proj,9491,9872,0,0,2835,,:2835,:fsdp:backward:compute:layers.12.attn.q_proj
910625768,910780066,154298,0,154298,:fsdp:backward:reduce_scatter:layers.12.attn.q_proj,9492,9875,0,0,1934,,:1934,:fsdp:backward:reduce_scatter:layers.12.attn.q_proj
910650274,910813413,163139,0,163139,:fsdp:backward:reduce_scatter:layers.12.attn.q_proj,9491,9872,0,0,2836,,:2836,:fsdp:backward:reduce_scatter:layers.12.attn.q_proj
920476230,920612305,136075,0,136075,:fsdp:backward:all_gather:layers.11.ffn.w2,9492,9875,0,0,1935,,:1935,:fsdp:backward:all_gather:layers.11.ffn.w2
920480639,920618987,138348,0,138348,:fsdp:backward:all_gather:layers.11.ffn.w2,9491,9872,0,0,2837,,:2837,:fsdp:backward:all_gather:layers.11.ffn.w2
920619711,920665918,46207,0,46207,:fsdp:backward:wait_weights:layers.11.ffn.w2,9492,9875,0,0,1936,,:1936,:fsdp:backward:wait_weights:layers.11.ffn.w2
920625938,920672137,46199,0,46199,:fsdp:backward:wait_weights:layers.11.ffn.w2,9491,9872,0,0,2838,,:2838,:fsdp:backward:wait_weights:layers.11.ffn.w2
920679417,925805926,5126509,0,5126509,:fsdp:backward:compute:layers.11.ffn.w2,9492,9875,0,0,1937,,:1937,:fsdp:backward:compute:layers.11.ffn.w2
920684805,925798665,5113860,0,5113860,:fsdp:backward:compute:layers.11.ffn.w2,9491,9872,0,0,2839,,:2839,:fsdp:backward:compute:layers.11.ffn.w2
925852291,926015313,163022,0,163022,:fsdp:backward:reduce_scatter:layers.11.ffn.w2,9491,9872,0,0,2840,,:2840,:fsdp:backward:reduce_scatter:layers.11.ffn.w2
925861308,926018880,157572,0,157572,:fsdp:backward:reduce_scatter:layers.11.ffn.w2,9492,9875,0,0,1938,,:1938,:fsdp:backward:reduce_scatter:layers.11.ffn.w2
928646041,928762829,116788,0,116788,:fsdp:backward:all_gather:layers.11.ffn.w3,9492,9875,0,0,1939,,:1939,:fsdp:backward:all_gather:layers.11.ffn.w3
928649974,928762467,112493,0,112493,:fsdp:backward:all_gather:layers.11.ffn.w3,9491,9872,0,0,2841,,:2841,:fsdp:backward:all_gather:layers.11.ffn.w3
928768315,928810861,42546,0,42546,:fsdp:backward:wait_weights:layers.11.ffn.w3,9491,9872,0,0,2842,,:2842,:fsdp:backward:wait_weights:layers.11.ffn.w3
928769086,928811331,42245,0,42245,:fsdp:backward:wait_weights:layers.11.ffn.w3,9492,9875,0,0,1940,,:1940,:fsdp:backward:wait_weights:layers.11.ffn.w3
928822685,928904404,81719,0,81719,:fsdp:backward:compute:layers.11.ffn.w3,9491,9872,0,0,2843,,:2843,:fsdp:backward:compute:layers.11.ffn.w3
928823255,928902979,79724,0,79724,:fsdp:backward:compute:layers.11.ffn.w3,9492,9875,0,0,1941,,:1941,:fsdp:backward:compute:layers.11.ffn.w3
934113052,934270249,157197,0,157197,:fsdp:backward:reduce_scatter:layers.11.ffn.w3,9491,9872,0,0,2844,,:2844,:fsdp:backward:reduce_scatter:layers.11.ffn.w3
934124679,934284618,159939,0,159939,:fsdp:backward:reduce_scatter:layers.11.ffn.w3,9492,9875,0,0,1942,,:1942,:fsdp:backward:reduce_scatter:layers.11.ffn.w3
934399640,934510906,111266,0,111266,:fsdp:backward:all_gather:layers.11.ffn.w1,9491,9872,0,0,2845,,:2845,:fsdp:backward:all_gather:layers.11.ffn.w1
934412637,934528374,115737,0,115737,:fsdp:backward:all_gather:layers.11.ffn.w1,9492,9875,0,0,1943,,:1943,:fsdp:backward:all_gather:layers.11.ffn.w1
934516960,934563567,46607,0,46607,:fsdp:backward:wait_weights:layers.11.ffn.w1,9491,9872,0,0,2846,,:2846,:fsdp:backward:wait_weights:layers.11.ffn.w1
934534213,934580224,46011,0,46011,:fsdp:backward:wait_weights:layers.11.ffn.w1,9492,9875,0,0,1944,,:1944,:fsdp:backward:wait_weights:layers.11.ffn.w1
934575659,934667494,91835,0,91835,:fsdp:backward:compute:layers.11.ffn.w1,9491,9872,0,0,2847,,:2847,:fsdp:backward:compute:layers.11.ffn.w1
934592367,934671507,79140,0,79140,:fsdp:backward:compute:layers.11.ffn.w1,9492,9875,0,0,1945,,:1945,:fsdp:backward:compute:layers.11.ffn.w1
934716750,934872633,155883,0,155883,:fsdp:backward:reduce_scatter:layers.11.ffn.w1,9491,9872,0,0,2848,,:2848,:fsdp:backward:reduce_scatter:layers.11.ffn.w1
934721536,934868886,147350,0,147350,:fsdp:backward:reduce_scatter:layers.11.ffn.w1,9492,9875,0,0,1946,,:1946,:fsdp:backward:reduce_scatter:layers.11.ffn.w1
936340549,936466751,126202,0,126202,:fsdp:backward:all_gather:layers.11.attn.output_proj,9491,9872,0,0,2849,,:2849,:fsdp:backward:all_gather:layers.11.attn.output_proj
936346764,936466677,119913,0,119913,:fsdp:backward:all_gather:layers.11.attn.output_proj,9492,9875,0,0,1947,,:1947,:fsdp:backward:all_gather:layers.11.attn.output_proj
936472996,936515195,42199,0,42199,:fsdp:backward:wait_weights:layers.11.attn.output_proj,9492,9875,0,0,1948,,:1948,:fsdp:backward:wait_weights:layers.11.attn.output_proj
936473098,936516861,43763,0,43763,:fsdp:backward:wait_weights:layers.11.attn.output_proj,9491,9872,0,0,2850,,:2850,:fsdp:backward:wait_weights:layers.11.attn.output_proj
936527285,936611345,84060,0,84060,:fsdp:backward:compute:layers.11.attn.output_proj,9492,9875,0,0,1949,,:1949,:fsdp:backward:compute:layers.11.attn.output_proj
936529511,936618040,88529,0,88529,:fsdp:backward:compute:layers.11.attn.output_proj,9491,9872,0,0,2851,,:2851,:fsdp:backward:compute:layers.11.attn.output_proj
936663146,936811525,148379,0,148379,:fsdp:backward:reduce_scatter:layers.11.attn.output_proj,9492,9875,0,0,1950,,:1950,:fsdp:backward:reduce_scatter:layers.11.attn.output_proj
936670706,936820065,149359,0,149359,:fsdp:backward:reduce_scatter:layers.11.attn.output_proj,9491,9872,0,0,2852,,:2852,:fsdp:backward:reduce_scatter:layers.11.attn.output_proj
942671893,942845679,173786,0,173786,:fsdp:backward:all_gather:layers.11.attn.v_proj,9491,9872,0,0,2853,,:2853,:fsdp:backward:all_gather:layers.11.attn.v_proj
942679681,942841472,161791,0,161791,:fsdp:backward:all_gather:layers.11.attn.v_proj,9492,9875,0,0,1951,,:1951,:fsdp:backward:all_gather:layers.11.attn.v_proj
942850734,942897181,46447,0,46447,:fsdp:backward:wait_weights:layers.11.attn.v_proj,9492,9875,0,0,1952,,:1952,:fsdp:backward:wait_weights:layers.11.attn.v_proj
942855103,942902107,47004,0,47004,:fsdp:backward:wait_weights:layers.11.attn.v_proj,9491,9872,0,0,2854,,:2854,:fsdp:backward:wait_weights:layers.11.attn.v_proj
942911677,944167981,1256304,0,1256304,:fsdp:backward:compute:layers.11.attn.v_proj,9492,9875,0,0,1953,,:1953,:fsdp:backward:compute:layers.11.attn.v_proj
942916712,944159763,1243051,0,1243051,:fsdp:backward:compute:layers.11.attn.v_proj,9491,9872,0,0,2855,,:2855,:fsdp:backward:compute:layers.11.attn.v_proj
944218659,944396463,177804,0,177804,:fsdp:backward:reduce_scatter:layers.11.attn.v_proj,9491,9872,0,0,2856,,:2856,:fsdp:backward:reduce_scatter:layers.11.attn.v_proj
944225022,944386956,161934,0,161934,:fsdp:backward:reduce_scatter:layers.11.attn.v_proj,9492,9875,0,0,1954,,:1954,:fsdp:backward:reduce_scatter:layers.11.attn.v_proj
944453734,944564898,111164,0,111164,:fsdp:backward:all_gather:layers.11.attn.k_proj,9492,9875,0,0,1955,,:1955,:fsdp:backward:all_gather:layers.11.attn.k_proj
944464296,944580999,116703,0,116703,:fsdp:backward:all_gather:layers.11.attn.k_proj,9491,9872,0,0,2857,,:2857,:fsdp:backward:all_gather:layers.11.attn.k_proj
944571010,944619132,48122,0,48122,:fsdp:backward:wait_weights:layers.11.attn.k_proj,9492,9875,0,0,1956,,:1956,:fsdp:backward:wait_weights:layers.11.attn.k_proj
944587326,944630734,43408,0,43408,:fsdp:backward:wait_weights:layers.11.attn.k_proj,9491,9872,0,0,2858,,:2858,:fsdp:backward:wait_weights:layers.11.attn.k_proj
944630960,945563459,932499,0,932499,:fsdp:backward:compute:layers.11.attn.k_proj,9492,9875,0,0,1957,,:1957,:fsdp:backward:compute:layers.11.attn.k_proj
944642980,945561783,918803,0,918803,:fsdp:backward:compute:layers.11.attn.k_proj,9491,9872,0,0,2859,,:2859,:fsdp:backward:compute:layers.11.attn.k_proj
945614029,945768641,154612,0,154612,:fsdp:backward:reduce_scatter:layers.11.attn.k_proj,9491,9872,0,0,2860,,:2860,:fsdp:backward:reduce_scatter:layers.11.attn.k_proj
945617152,945777319,160167,0,160167,:fsdp:backward:reduce_scatter:layers.11.attn.k_proj,9492,9875,0,0,1958,,:1958,:fsdp:backward:reduce_scatter:layers.11.attn.k_proj
945842791,945953644,110853,0,110853,:fsdp:backward:all_gather:layers.11.attn.q_proj,9491,9872,0,0,2861,,:2861,:fsdp:backward:all_gather:layers.11.attn.q_proj
945855402,945963788,108386,0,108386,:fsdp:backward:all_gather:layers.11.attn.q_proj,9492,9875,0,0,1959,,:1959,:fsdp:backward:all_gather:layers.11.attn.q_proj
945959708,946000718,41010,0,41010,:fsdp:backward:wait_weights:layers.11.attn.q_proj,9491,9872,0,0,2862,,:2862,:fsdp:backward:wait_weights:layers.11.attn.q_proj
945969653,946010055,40402,0,40402,:fsdp:backward:wait_weights:layers.11.attn.q_proj,9492,9875,0,0,1960,,:1960,:fsdp:backward:wait_weights:layers.11.attn.q_proj
946012552,946090392,77840,0,77840,:fsdp:backward:compute:layers.11.attn.q_proj,9491,9872,0,0,2863,,:2863,:fsdp:backward:compute:layers.11.attn.q_proj
946022109,946102781,80672,0,80672,:fsdp:backward:compute:layers.11.attn.q_proj,9492,9875,0,0,1961,,:1961,:fsdp:backward:compute:layers.11.attn.q_proj
946141962,946289363,147401,0,147401,:fsdp:backward:reduce_scatter:layers.11.attn.q_proj,9491,9872,0,0,2864,,:2864,:fsdp:backward:reduce_scatter:layers.11.attn.q_proj
946152393,946297313,144920,0,144920,:fsdp:backward:reduce_scatter:layers.11.attn.q_proj,9492,9875,0,0,1962,,:1962,:fsdp:backward:reduce_scatter:layers.11.attn.q_proj
955979126,956118207,139081,0,139081,:fsdp:backward:all_gather:layers.10.ffn.w2,9491,9872,0,0,2865,,:2865,:fsdp:backward:all_gather:layers.10.ffn.w2
955985173,956115862,130689,0,130689,:fsdp:backward:all_gather:layers.10.ffn.w2,9492,9875,0,0,1963,,:1963,:fsdp:backward:all_gather:layers.10.ffn.w2
956122523,956165753,43230,0,43230,:fsdp:backward:wait_weights:layers.10.ffn.w2,9492,9875,0,0,1964,,:1964,:fsdp:backward:wait_weights:layers.10.ffn.w2
956125629,956170206,44577,0,44577,:fsdp:backward:wait_weights:layers.10.ffn.w2,9491,9872,0,0,2866,,:2866,:fsdp:backward:wait_weights:layers.10.ffn.w2
956178945,961325085,5146140,0,5146140,:fsdp:backward:compute:layers.10.ffn.w2,9492,9875,0,0,1965,,:1965,:fsdp:backward:compute:layers.10.ffn.w2
956183192,961318483,5135291,0,5135291,:fsdp:backward:compute:layers.10.ffn.w2,9491,9872,0,0,2867,,:2867,:fsdp:backward:compute:layers.10.ffn.w2
961374873,962791034,1416161,0,1416161,:fsdp:backward:reduce_scatter:layers.10.ffn.w2,9491,9872,0,0,2868,,:2868,:fsdp:backward:reduce_scatter:layers.10.ffn.w2
961381578,962787040,1405462,0,1405462,:fsdp:backward:reduce_scatter:layers.10.ffn.w2,9492,9875,0,0,1966,,:1966,:fsdp:backward:reduce_scatter:layers.10.ffn.w2
964167494,964295602,128108,0,128108,:fsdp:backward:all_gather:layers.10.ffn.w3,9492,9875,0,0,1967,,:1967,:fsdp:backward:all_gather:layers.10.ffn.w3
964168403,964298967,130564,0,130564,:fsdp:backward:all_gather:layers.10.ffn.w3,9491,9872,0,0,2869,,:2869,:fsdp:backward:all_gather:layers.10.ffn.w3
964301996,964346111,44115,0,44115,:fsdp:backward:wait_weights:layers.10.ffn.w3,9492,9875,0,0,1968,,:1968,:fsdp:backward:wait_weights:layers.10.ffn.w3
964305310,964349503,44193,0,44193,:fsdp:backward:wait_weights:layers.10.ffn.w3,9491,9872,0,0,2870,,:2870,:fsdp:backward:wait_weights:layers.10.ffn.w3
964358367,964445077,86710,0,86710,:fsdp:backward:compute:layers.10.ffn.w3,9492,9875,0,0,1969,,:1969,:fsdp:backward:compute:layers.10.ffn.w3
964361729,964447312,85583,0,85583,:fsdp:backward:compute:layers.10.ffn.w3,9491,9872,0,0,2871,,:2871,:fsdp:backward:compute:layers.10.ffn.w3
969623128,969785169,162041,0,162041,:fsdp:backward:reduce_scatter:layers.10.ffn.w3,9491,9872,0,0,2872,,:2872,:fsdp:backward:reduce_scatter:layers.10.ffn.w3
969635510,969787635,152125,0,152125,:fsdp:backward:reduce_scatter:layers.10.ffn.w3,9492,9875,0,0,1970,,:1970,:fsdp:backward:reduce_scatter:layers.10.ffn.w3
969911385,970025756,114371,0,114371,:fsdp:backward:all_gather:layers.10.ffn.w1,9491,9872,0,0,2873,,:2873,:fsdp:backward:all_gather:layers.10.ffn.w1
969916036,970026542,110506,0,110506,:fsdp:backward:all_gather:layers.10.ffn.w1,9492,9875,0,0,1971,,:1971,:fsdp:backward:all_gather:layers.10.ffn.w1
970032460,970074037,41577,0,41577,:fsdp:backward:wait_weights:layers.10.ffn.w1,9491,9872,0,0,2874,,:2874,:fsdp:backward:wait_weights:layers.10.ffn.w1
970032796,970073106,40310,0,40310,:fsdp:backward:wait_weights:layers.10.ffn.w1,9492,9875,0,0,1972,,:1972,:fsdp:backward:wait_weights:layers.10.ffn.w1
970085425,970165329,79904,0,79904,:fsdp:backward:compute:layers.10.ffn.w1,9492,9875,0,0,1973,,:1973,:fsdp:backward:compute:layers.10.ffn.w1
970085963,970166767,80804,0,80804,:fsdp:backward:compute:layers.10.ffn.w1,9491,9872,0,0,2875,,:2875,:fsdp:backward:compute:layers.10.ffn.w1
970214576,970362396,147820,0,147820,:fsdp:backward:reduce_scatter:layers.10.ffn.w1,9492,9875,0,0,1974,,:1974,:fsdp:backward:reduce_scatter:layers.10.ffn.w1
970217064,970363937,146873,0,146873,:fsdp:backward:reduce_scatter:layers.10.ffn.w1,9491,9872,0,0,2876,,:2876,:fsdp:backward:reduce_scatter:layers.10.ffn.w1
971851466,971978628,127162,0,127162,:fsdp:backward:all_gather:layers.10.attn.output_proj,9491,9872,0,0,2877,,:2877,:fsdp:backward:all_gather:layers.10.attn.output_proj
971856790,971984367,127577,0,127577,:fsdp:backward:all_gather:layers.10.attn.output_proj,9492,9875,0,0,1975,,:1975,:fsdp:backward:all_gather:layers.10.attn.output_proj
971985903,972031492,45589,0,45589,:fsdp:backward:wait_weights:layers.10.attn.output_proj,9491,9872,0,0,2878,,:2878,:fsdp:backward:wait_weights:layers.10.attn.output_proj
971991177,972035488,44311,0,44311,:fsdp:backward:wait_weights:layers.10.attn.output_proj,9492,9875,0,0,1976,,:1976,:fsdp:backward:wait_weights:layers.10.attn.output_proj
972044772,972136247,91475,0,91475,:fsdp:backward:compute:layers.10.attn.output_proj,9491,9872,0,0,2879,,:2879,:fsdp:backward:compute:layers.10.attn.output_proj
972048711,972138216,89505,0,89505,:fsdp:backward:compute:layers.10.attn.output_proj,9492,9875,0,0,1977,,:1977,:fsdp:backward:compute:layers.10.attn.output_proj
972188474,972346615,158141,0,158141,:fsdp:backward:reduce_scatter:layers.10.attn.output_proj,9491,9872,0,0,2880,,:2880,:fsdp:backward:reduce_scatter:layers.10.attn.output_proj
972191894,972350081,158187,0,158187,:fsdp:backward:reduce_scatter:layers.10.attn.output_proj,9492,9875,0,0,1978,,:1978,:fsdp:backward:reduce_scatter:layers.10.attn.output_proj
978184299,978345547,161248,0,161248,:fsdp:backward:all_gather:layers.10.attn.v_proj,9492,9875,0,0,1979,,:1979,:fsdp:backward:all_gather:layers.10.attn.v_proj
978184747,978345444,160697,0,160697,:fsdp:backward:all_gather:layers.10.attn.v_proj,9491,9872,0,0,2881,,:2881,:fsdp:backward:all_gather:layers.10.attn.v_proj
978353243,978397276,44033,0,44033,:fsdp:backward:wait_weights:layers.10.attn.v_proj,9491,9872,0,0,2882,,:2882,:fsdp:backward:wait_weights:layers.10.attn.v_proj
978354155,978398102,43947,0,43947,:fsdp:backward:wait_weights:layers.10.attn.v_proj,9492,9875,0,0,1980,,:1980,:fsdp:backward:wait_weights:layers.10.attn.v_proj
978411472,979674088,1262616,0,1262616,:fsdp:backward:compute:layers.10.attn.v_proj,9491,9872,0,0,2883,,:2883,:fsdp:backward:compute:layers.10.attn.v_proj
978412337,979673834,1261497,0,1261497,:fsdp:backward:compute:layers.10.attn.v_proj,9492,9875,0,0,1981,,:1981,:fsdp:backward:compute:layers.10.attn.v_proj
979731283,979901937,170654,0,170654,:fsdp:backward:reduce_scatter:layers.10.attn.v_proj,9491,9872,0,0,2884,,:2884,:fsdp:backward:reduce_scatter:layers.10.attn.v_proj
979731565,979895584,164019,0,164019,:fsdp:backward:reduce_scatter:layers.10.attn.v_proj,9492,9875,0,0,1982,,:1982,:fsdp:backward:reduce_scatter:layers.10.attn.v_proj
979960285,980076904,116619,0,116619,:fsdp:backward:all_gather:layers.10.attn.k_proj,9492,9875,0,0,1983,,:1983,:fsdp:backward:all_gather:layers.10.attn.k_proj
979967827,980087429,119602,0,119602,:fsdp:backward:all_gather:layers.10.attn.k_proj,9491,9872,0,0,2885,,:2885,:fsdp:backward:all_gather:layers.10.attn.k_proj
980082727,980123347,40620,0,40620,:fsdp:backward:wait_weights:layers.10.attn.k_proj,9492,9875,0,0,1984,,:1984,:fsdp:backward:wait_weights:layers.10.attn.k_proj
980093451,980135440,41989,0,41989,:fsdp:backward:wait_weights:layers.10.attn.k_proj,9491,9872,0,0,2886,,:2886,:fsdp:backward:wait_weights:layers.10.attn.k_proj
980135332,981071557,936225,0,936225,:fsdp:backward:compute:layers.10.attn.k_proj,9492,9875,0,0,1985,,:1985,:fsdp:backward:compute:layers.10.attn.k_proj
980146994,981074690,927696,0,927696,:fsdp:backward:compute:layers.10.attn.k_proj,9491,9872,0,0,2887,,:2887,:fsdp:backward:compute:layers.10.attn.k_proj
981122825,981274486,151661,0,151661,:fsdp:backward:reduce_scatter:layers.10.attn.k_proj,9492,9875,0,0,1986,,:1986,:fsdp:backward:reduce_scatter:layers.10.attn.k_proj
981125270,981281113,155843,0,155843,:fsdp:backward:reduce_scatter:layers.10.attn.k_proj,9491,9872,0,0,2888,,:2888,:fsdp:backward:reduce_scatter:layers.10.attn.k_proj
981351651,981457451,105800,0,105800,:fsdp:backward:all_gather:layers.10.attn.q_proj,9492,9875,0,0,1987,,:1987,:fsdp:backward:all_gather:layers.10.attn.q_proj
981358171,981466234,108063,0,108063,:fsdp:backward:all_gather:layers.10.attn.q_proj,9491,9872,0,0,2889,,:2889,:fsdp:backward:all_gather:layers.10.attn.q_proj
981463012,981502260,39248,0,39248,:fsdp:backward:wait_weights:layers.10.attn.q_proj,9492,9875,0,0,1988,,:1988,:fsdp:backward:wait_weights:layers.10.attn.q_proj
981471900,981511991,40091,0,40091,:fsdp:backward:wait_weights:layers.10.attn.q_proj,9491,9872,0,0,2890,,:2890,:fsdp:backward:wait_weights:layers.10.attn.q_proj
981513881,981592617,78736,0,78736,:fsdp:backward:compute:layers.10.attn.q_proj,9492,9875,0,0,1989,,:1989,:fsdp:backward:compute:layers.10.attn.q_proj
981523768,981601708,77940,0,77940,:fsdp:backward:compute:layers.10.attn.q_proj,9491,9872,0,0,2891,,:2891,:fsdp:backward:compute:layers.10.attn.q_proj
981642161,981819296,177135,0,177135,:fsdp:backward:reduce_scatter:layers.10.attn.q_proj,9492,9875,0,0,1990,,:1990,:fsdp:backward:reduce_scatter:layers.10.attn.q_proj
981649284,981797508,148224,0,148224,:fsdp:backward:reduce_scatter:layers.10.attn.q_proj,9491,9872,0,0,2892,,:2892,:fsdp:backward:reduce_scatter:layers.10.attn.q_proj
991508643,991634650,126007,0,126007,:fsdp:backward:all_gather:layers.9.ffn.w2,9492,9875,0,0,1991,,:1991,:fsdp:backward:all_gather:layers.9.ffn.w2
991510170,991645373,135203,0,135203,:fsdp:backward:all_gather:layers.9.ffn.w2,9491,9872,0,0,2893,,:2893,:fsdp:backward:all_gather:layers.9.ffn.w2
991641701,991683970,42269,0,42269,:fsdp:backward:wait_weights:layers.9.ffn.w2,9492,9875,0,0,1992,,:1992,:fsdp:backward:wait_weights:layers.9.ffn.w2
991652936,991698457,45521,0,45521,:fsdp:backward:wait_weights:layers.9.ffn.w2,9491,9872,0,0,2894,,:2894,:fsdp:backward:wait_weights:layers.9.ffn.w2
991707473,996852120,5144647,0,5144647,:fsdp:backward:compute:layers.9.ffn.w2,9492,9875,0,0,1993,,:1993,:fsdp:backward:compute:layers.9.ffn.w2
991722720,996841083,5118363,0,5118363,:fsdp:backward:compute:layers.9.ffn.w2,9491,9872,0,0,2895,,:2895,:fsdp:backward:compute:layers.9.ffn.w2
996896280,997062929,166649,0,166649,:fsdp:backward:reduce_scatter:layers.9.ffn.w2,9491,9872,0,0,2896,,:2896,:fsdp:backward:reduce_scatter:layers.9.ffn.w2
996904597,997056723,152126,0,152126,:fsdp:backward:reduce_scatter:layers.9.ffn.w2,9492,9875,0,0,1994,,:1994,:fsdp:backward:reduce_scatter:layers.9.ffn.w2
999688527,999804518,115991,0,115991,:fsdp:backward:all_gather:layers.9.ffn.w3,9491,9872,0,0,2897,,:2897,:fsdp:backward:all_gather:layers.9.ffn.w3
999693121,999809303,116182,0,116182,:fsdp:backward:all_gather:layers.9.ffn.w3,9492,9875,0,0,1995,,:1995,:fsdp:backward:all_gather:layers.9.ffn.w3
999810542,999853659,43117,0,43117,:fsdp:backward:wait_weights:layers.9.ffn.w3,9491,9872,0,0,2898,,:2898,:fsdp:backward:wait_weights:layers.9.ffn.w3
999815568,999858472,42904,0,42904,:fsdp:backward:wait_weights:layers.9.ffn.w3,9492,9875,0,0,1996,,:1996,:fsdp:backward:wait_weights:layers.9.ffn.w3
999867359,999947358,79999,0,79999,:fsdp:backward:compute:layers.9.ffn.w3,9491,9872,0,0,2899,,:2899,:fsdp:backward:compute:layers.9.ffn.w3
999872123,999955789,83666,0,83666,:fsdp:backward:compute:layers.9.ffn.w3,9492,9875,0,0,1997,,:1997,:fsdp:backward:compute:layers.9.ffn.w3
1005162870,1005327938,165068,0,165068,:fsdp:backward:reduce_scatter:layers.9.ffn.w3,9491,9872,0,0,2900,,:2900,:fsdp:backward:reduce_scatter:layers.9.ffn.w3
1005175961,1005335684,159723,0,159723,:fsdp:backward:reduce_scatter:layers.9.ffn.w3,9492,9875,0,0,1998,,:1998,:fsdp:backward:reduce_scatter:layers.9.ffn.w3
1005453498,1005564567,111069,0,111069,:fsdp:backward:all_gather:layers.9.ffn.w1,9491,9872,0,0,2901,,:2901,:fsdp:backward:all_gather:layers.9.ffn.w1
1005465594,1005576386,110792,0,110792,:fsdp:backward:all_gather:layers.9.ffn.w1,9492,9875,0,0,1999,,:1999,:fsdp:backward:all_gather:layers.9.ffn.w1
1005570974,1005612075,41101,0,41101,:fsdp:backward:wait_weights:layers.9.ffn.w1,9491,9872,0,0,2902,,:2902,:fsdp:backward:wait_weights:layers.9.ffn.w1
1005582454,1005622399,39945,0,39945,:fsdp:backward:wait_weights:layers.9.ffn.w1,9492,9875,0,0,2000,,:2000,:fsdp:backward:wait_weights:layers.9.ffn.w1
1005624034,1005703527,79493,0,79493,:fsdp:backward:compute:layers.9.ffn.w1,9491,9872,0,0,2903,,:2903,:fsdp:backward:compute:layers.9.ffn.w1
1005633974,1005713367,79393,0,79393,:fsdp:backward:compute:layers.9.ffn.w1,9492,9875,0,0,2001,,:2001,:fsdp:backward:compute:layers.9.ffn.w1
1005751941,1005904210,152269,0,152269,:fsdp:backward:reduce_scatter:layers.9.ffn.w1,9491,9872,0,0,2904,,:2904,:fsdp:backward:reduce_scatter:layers.9.ffn.w1
1005763225,1005911935,148710,0,148710,:fsdp:backward:reduce_scatter:layers.9.ffn.w1,9492,9875,0,0,2002,,:2002,:fsdp:backward:reduce_scatter:layers.9.ffn.w1
1007389561,1007516962,127401,0,127401,:fsdp:backward:all_gather:layers.9.attn.output_proj,9491,9872,0,0,2905,,:2905,:fsdp:backward:all_gather:layers.9.attn.output_proj
1007400179,1007522195,122016,0,122016,:fsdp:backward:all_gather:layers.9.attn.output_proj,9492,9875,0,0,2003,,:2003,:fsdp:backward:all_gather:layers.9.attn.output_proj
1007523361,1007567312,43951,0,43951,:fsdp:backward:wait_weights:layers.9.attn.output_proj,9491,9872,0,0,2906,,:2906,:fsdp:backward:wait_weights:layers.9.attn.output_proj
1007528734,1007570470,41736,0,41736,:fsdp:backward:wait_weights:layers.9.attn.output_proj,9492,9875,0,0,2004,,:2004,:fsdp:backward:wait_weights:layers.9.attn.output_proj
1007579872,1007667642,87770,0,87770,:fsdp:backward:compute:layers.9.attn.output_proj,9491,9872,0,0,2907,,:2907,:fsdp:backward:compute:layers.9.attn.output_proj
1007583094,1007669940,86846,0,86846,:fsdp:backward:compute:layers.9.attn.output_proj,9492,9875,0,0,2005,,:2005,:fsdp:backward:compute:layers.9.attn.output_proj
1007720765,1007878015,157250,0,157250,:fsdp:backward:reduce_scatter:layers.9.attn.output_proj,9491,9872,0,0,2908,,:2908,:fsdp:backward:reduce_scatter:layers.9.attn.output_proj
1007723334,1007883027,159693,0,159693,:fsdp:backward:reduce_scatter:layers.9.attn.output_proj,9492,9875,0,0,2006,,:2006,:fsdp:backward:reduce_scatter:layers.9.attn.output_proj
1013716448,1013873859,157411,0,157411,:fsdp:backward:all_gather:layers.9.attn.v_proj,9492,9875,0,0,2007,,:2007,:fsdp:backward:all_gather:layers.9.attn.v_proj
1013718166,1013882525,164359,0,164359,:fsdp:backward:all_gather:layers.9.attn.v_proj,9491,9872,0,0,2909,,:2909,:fsdp:backward:all_gather:layers.9.attn.v_proj
1013881938,1013926807,44869,0,44869,:fsdp:backward:wait_weights:layers.9.attn.v_proj,9492,9875,0,0,2008,,:2008,:fsdp:backward:wait_weights:layers.9.attn.v_proj
1013890673,1013935043,44370,0,44370,:fsdp:backward:wait_weights:layers.9.attn.v_proj,9491,9872,0,0,2910,,:2910,:fsdp:backward:wait_weights:layers.9.attn.v_proj
1013940753,1015211924,1271171,0,1271171,:fsdp:backward:compute:layers.9.attn.v_proj,9492,9875,0,0,2009,,:2009,:fsdp:backward:compute:layers.9.attn.v_proj
1013948274,1015211757,1263483,0,1263483,:fsdp:backward:compute:layers.9.attn.v_proj,9491,9872,0,0,2911,,:2911,:fsdp:backward:compute:layers.9.attn.v_proj
1015266276,1015435829,169553,0,169553,:fsdp:backward:reduce_scatter:layers.9.attn.v_proj,9491,9872,0,0,2912,,:2912,:fsdp:backward:reduce_scatter:layers.9.attn.v_proj
1015266665,1015437095,170430,0,170430,:fsdp:backward:reduce_scatter:layers.9.attn.v_proj,9492,9875,0,0,2010,,:2010,:fsdp:backward:reduce_scatter:layers.9.attn.v_proj
1015500883,1015613581,112698,0,112698,:fsdp:backward:all_gather:layers.9.attn.k_proj,9491,9872,0,0,2913,,:2913,:fsdp:backward:all_gather:layers.9.attn.k_proj
1015502484,1015614243,111759,0,111759,:fsdp:backward:all_gather:layers.9.attn.k_proj,9492,9875,0,0,2011,,:2011,:fsdp:backward:all_gather:layers.9.attn.k_proj
1015620090,1015665194,45104,0,45104,:fsdp:backward:wait_weights:layers.9.attn.k_proj,9491,9872,0,0,2914,,:2914,:fsdp:backward:wait_weights:layers.9.attn.k_proj
1015620716,1015664787,44071,0,44071,:fsdp:backward:wait_weights:layers.9.attn.k_proj,9492,9875,0,0,2012,,:2012,:fsdp:backward:wait_weights:layers.9.attn.k_proj
1015676373,1016608843,932470,0,932470,:fsdp:backward:compute:layers.9.attn.k_proj,9491,9872,0,0,2915,,:2915,:fsdp:backward:compute:layers.9.attn.k_proj
1015676875,1016607773,930898,0,930898,:fsdp:backward:compute:layers.9.attn.k_proj,9492,9875,0,0,2013,,:2013,:fsdp:backward:compute:layers.9.attn.k_proj
1016658686,1016807893,149207,0,149207,:fsdp:backward:reduce_scatter:layers.9.attn.k_proj,9492,9875,0,0,2014,,:2014,:fsdp:backward:reduce_scatter:layers.9.attn.k_proj
1016658992,1016807584,148592,0,148592,:fsdp:backward:reduce_scatter:layers.9.attn.k_proj,9491,9872,0,0,2916,,:2916,:fsdp:backward:reduce_scatter:layers.9.attn.k_proj
1016881499,1016989639,108140,0,108140,:fsdp:backward:all_gather:layers.9.attn.q_proj,9491,9872,0,0,2917,,:2917,:fsdp:backward:all_gather:layers.9.attn.q_proj
1016886086,1016994953,108867,0,108867,:fsdp:backward:all_gather:layers.9.attn.q_proj,9492,9875,0,0,2015,,:2015,:fsdp:backward:all_gather:layers.9.attn.q_proj
1016995933,1017036934,41001,0,41001,:fsdp:backward:wait_weights:layers.9.attn.q_proj,9491,9872,0,0,2918,,:2918,:fsdp:backward:wait_weights:layers.9.attn.q_proj
1017000764,1017041176,40412,0,40412,:fsdp:backward:wait_weights:layers.9.attn.q_proj,9492,9875,0,0,2016,,:2016,:fsdp:backward:wait_weights:layers.9.attn.q_proj
1017048918,1017127885,78967,0,78967,:fsdp:backward:compute:layers.9.attn.q_proj,9491,9872,0,0,2919,,:2919,:fsdp:backward:compute:layers.9.attn.q_proj
1017053206,1017133651,80445,0,80445,:fsdp:backward:compute:layers.9.attn.q_proj,9492,9875,0,0,2017,,:2017,:fsdp:backward:compute:layers.9.attn.q_proj
1017178229,1017334201,155972,0,155972,:fsdp:backward:reduce_scatter:layers.9.attn.q_proj,9491,9872,0,0,2920,,:2920,:fsdp:backward:reduce_scatter:layers.9.attn.q_proj
1017184437,1017324950,140513,0,140513,:fsdp:backward:reduce_scatter:layers.9.attn.q_proj,9492,9875,0,0,2018,,:2018,:fsdp:backward:reduce_scatter:layers.9.attn.q_proj
1027036085,1027165800,129715,0,129715,:fsdp:backward:all_gather:layers.8.ffn.w2,9491,9872,0,0,2921,,:2921,:fsdp:backward:all_gather:layers.8.ffn.w2
1027045944,1027202268,156324,0,156324,:fsdp:backward:all_gather:layers.8.ffn.w2,9492,9875,0,0,2019,,:2019,:fsdp:backward:all_gather:layers.8.ffn.w2
1027172593,1027216416,43823,0,43823,:fsdp:backward:wait_weights:layers.8.ffn.w2,9491,9872,0,0,2922,,:2922,:fsdp:backward:wait_weights:layers.8.ffn.w2
1027210451,1027258244,47793,0,47793,:fsdp:backward:wait_weights:layers.8.ffn.w2,9492,9875,0,0,2020,,:2020,:fsdp:backward:wait_weights:layers.8.ffn.w2
1027229063,1032360460,5131397,0,5131397,:fsdp:backward:compute:layers.8.ffn.w2,9491,9872,0,0,2923,,:2923,:fsdp:backward:compute:layers.8.ffn.w2
1027272099,1032374354,5102255,0,5102255,:fsdp:backward:compute:layers.8.ffn.w2,9492,9875,0,0,2021,,:2021,:fsdp:backward:compute:layers.8.ffn.w2
1032413797,1032568517,154720,0,154720,:fsdp:backward:reduce_scatter:layers.8.ffn.w2,9491,9872,0,0,2924,,:2924,:fsdp:backward:reduce_scatter:layers.8.ffn.w2
1032431886,1032607381,175495,0,175495,:fsdp:backward:reduce_scatter:layers.8.ffn.w2,9492,9875,0,0,2022,,:2022,:fsdp:backward:reduce_scatter:layers.8.ffn.w2
1035211316,1035329098,117782,0,117782,:fsdp:backward:all_gather:layers.8.ffn.w3,9492,9875,0,0,2023,,:2023,:fsdp:backward:all_gather:layers.8.ffn.w3
1035212398,1035324687,112289,0,112289,:fsdp:backward:all_gather:layers.8.ffn.w3,9491,9872,0,0,2925,,:2925,:fsdp:backward:all_gather:layers.8.ffn.w3
1035330308,1035372686,42378,0,42378,:fsdp:backward:wait_weights:layers.8.ffn.w3,9491,9872,0,0,2926,,:2926,:fsdp:backward:wait_weights:layers.8.ffn.w3
1035335267,1035377308,42041,0,42041,:fsdp:backward:wait_weights:layers.8.ffn.w3,9492,9875,0,0,2024,,:2024,:fsdp:backward:wait_weights:layers.8.ffn.w3
1035384485,1035466290,81805,0,81805,:fsdp:backward:compute:layers.8.ffn.w3,9491,9872,0,0,2927,,:2927,:fsdp:backward:compute:layers.8.ffn.w3
1035389339,1035472360,83021,0,83021,:fsdp:backward:compute:layers.8.ffn.w3,9492,9875,0,0,2025,,:2025,:fsdp:backward:compute:layers.8.ffn.w3
1040666510,1040810099,143589,0,143589,:fsdp:backward:reduce_scatter:layers.8.ffn.w3,9491,9872,0,0,2928,,:2928,:fsdp:backward:reduce_scatter:layers.8.ffn.w3
1040677487,1040832838,155351,0,155351,:fsdp:backward:reduce_scatter:layers.8.ffn.w3,9492,9875,0,0,2026,,:2026,:fsdp:backward:reduce_scatter:layers.8.ffn.w3
1040932278,1041039049,106771,0,106771,:fsdp:backward:all_gather:layers.8.ffn.w1,9491,9872,0,0,2929,,:2929,:fsdp:backward:all_gather:layers.8.ffn.w1
1040959393,1041068919,109526,0,109526,:fsdp:backward:all_gather:layers.8.ffn.w1,9492,9875,0,0,2027,,:2027,:fsdp:backward:all_gather:layers.8.ffn.w1
1041044616,1041083251,38635,0,38635,:fsdp:backward:wait_weights:layers.8.ffn.w1,9491,9872,0,0,2930,,:2930,:fsdp:backward:wait_weights:layers.8.ffn.w1
1041075153,1041114673,39520,0,39520,:fsdp:backward:wait_weights:layers.8.ffn.w1,9492,9875,0,0,2028,,:2028,:fsdp:backward:wait_weights:layers.8.ffn.w1
1041094538,1041172354,77816,0,77816,:fsdp:backward:compute:layers.8.ffn.w1,9491,9872,0,0,2931,,:2931,:fsdp:backward:compute:layers.8.ffn.w1
1041125913,1041204757,78844,0,78844,:fsdp:backward:compute:layers.8.ffn.w1,9492,9875,0,0,2029,,:2029,:fsdp:backward:compute:layers.8.ffn.w1
1041222119,1041374370,152251,0,152251,:fsdp:backward:reduce_scatter:layers.8.ffn.w1,9491,9872,0,0,2932,,:2932,:fsdp:backward:reduce_scatter:layers.8.ffn.w1
1041253512,1041391540,138028,0,138028,:fsdp:backward:reduce_scatter:layers.8.ffn.w1,9492,9875,0,0,2030,,:2030,:fsdp:backward:reduce_scatter:layers.8.ffn.w1
1042898382,1043034852,136470,0,136470,:fsdp:backward:all_gather:layers.8.attn.output_proj,9491,9872,0,0,2933,,:2933,:fsdp:backward:all_gather:layers.8.attn.output_proj
1042907288,1043037414,130126,0,130126,:fsdp:backward:all_gather:layers.8.attn.output_proj,9492,9875,0,0,2031,,:2031,:fsdp:backward:all_gather:layers.8.attn.output_proj
1043042314,1043088247,45933,0,45933,:fsdp:backward:wait_weights:layers.8.attn.output_proj,9491,9872,0,0,2934,,:2934,:fsdp:backward:wait_weights:layers.8.attn.output_proj
1043044741,1043088412,43671,0,43671,:fsdp:backward:wait_weights:layers.8.attn.output_proj,9492,9875,0,0,2032,,:2032,:fsdp:backward:wait_weights:layers.8.attn.output_proj
1043101001,1043188841,87840,0,87840,:fsdp:backward:compute:layers.8.attn.output_proj,9492,9875,0,0,2033,,:2033,:fsdp:backward:compute:layers.8.attn.output_proj
1043101548,1043188562,87014,0,87014,:fsdp:backward:compute:layers.8.attn.output_proj,9491,9872,0,0,2935,,:2935,:fsdp:backward:compute:layers.8.attn.output_proj
1043240425,1043398779,158354,0,158354,:fsdp:backward:reduce_scatter:layers.8.attn.output_proj,9491,9872,0,0,2936,,:2936,:fsdp:backward:reduce_scatter:layers.8.attn.output_proj
1043243417,1043393858,150441,0,150441,:fsdp:backward:reduce_scatter:layers.8.attn.output_proj,9492,9875,0,0,2034,,:2034,:fsdp:backward:reduce_scatter:layers.8.attn.output_proj
1049229796,1049383750,153954,0,153954,:fsdp:backward:all_gather:layers.8.attn.v_proj,9492,9875,0,0,2035,,:2035,:fsdp:backward:all_gather:layers.8.attn.v_proj
1049231290,1049400137,168847,0,168847,:fsdp:backward:all_gather:layers.8.attn.v_proj,9491,9872,0,0,2937,,:2937,:fsdp:backward:all_gather:layers.8.attn.v_proj
1049391304,1049433209,41905,0,41905,:fsdp:backward:wait_weights:layers.8.attn.v_proj,9492,9875,0,0,2036,,:2036,:fsdp:backward:wait_weights:layers.8.attn.v_proj
1049409062,1049455854,46792,0,46792,:fsdp:backward:wait_weights:layers.8.attn.v_proj,9491,9872,0,0,2938,,:2938,:fsdp:backward:wait_weights:layers.8.attn.v_proj
1049446297,1050722148,1275851,0,1275851,:fsdp:backward:compute:layers.8.attn.v_proj,9492,9875,0,0,2037,,:2037,:fsdp:backward:compute:layers.8.attn.v_proj
1049470638,1050722225,1251587,0,1251587,:fsdp:backward:compute:layers.8.attn.v_proj,9491,9872,0,0,2939,,:2939,:fsdp:backward:compute:layers.8.attn.v_proj
1050777212,1050944777,167565,0,167565,:fsdp:backward:reduce_scatter:layers.8.attn.v_proj,9492,9875,0,0,2038,,:2038,:fsdp:backward:reduce_scatter:layers.8.attn.v_proj
1050780072,1050949349,169277,0,169277,:fsdp:backward:reduce_scatter:layers.8.attn.v_proj,9491,9872,0,0,2940,,:2940,:fsdp:backward:reduce_scatter:layers.8.attn.v_proj
1051008479,1051117097,108618,0,108618,:fsdp:backward:all_gather:layers.8.attn.k_proj,9492,9875,0,0,2039,,:2039,:fsdp:backward:all_gather:layers.8.attn.k_proj
1051015435,1051132231,116796,0,116796,:fsdp:backward:all_gather:layers.8.attn.k_proj,9491,9872,0,0,2941,,:2941,:fsdp:backward:all_gather:layers.8.attn.k_proj
1051122510,1051172542,50032,0,50032,:fsdp:backward:wait_weights:layers.8.attn.k_proj,9492,9875,0,0,2040,,:2040,:fsdp:backward:wait_weights:layers.8.attn.k_proj
1051138503,1051180442,41939,0,41939,:fsdp:backward:wait_weights:layers.8.attn.k_proj,9491,9872,0,0,2942,,:2942,:fsdp:backward:wait_weights:layers.8.attn.k_proj
1051183538,1052119452,935914,0,935914,:fsdp:backward:compute:layers.8.attn.k_proj,9492,9875,0,0,2041,,:2041,:fsdp:backward:compute:layers.8.attn.k_proj
1051191910,1052120972,929062,0,929062,:fsdp:backward:compute:layers.8.attn.k_proj,9491,9872,0,0,2943,,:2943,:fsdp:backward:compute:layers.8.attn.k_proj
1052170118,1052313516,143398,0,143398,:fsdp:backward:reduce_scatter:layers.8.attn.k_proj,9492,9875,0,0,2042,,:2042,:fsdp:backward:reduce_scatter:layers.8.attn.k_proj
1052172587,1052320869,148282,0,148282,:fsdp:backward:reduce_scatter:layers.8.attn.k_proj,9491,9872,0,0,2944,,:2944,:fsdp:backward:reduce_scatter:layers.8.attn.k_proj
1052389640,1052505871,116231,0,116231,:fsdp:backward:all_gather:layers.8.attn.q_proj,9492,9875,0,0,2043,,:2043,:fsdp:backward:all_gather:layers.8.attn.q_proj
1052395900,1052511584,115684,0,115684,:fsdp:backward:all_gather:layers.8.attn.q_proj,9491,9872,0,0,2945,,:2945,:fsdp:backward:all_gather:layers.8.attn.q_proj
1052511648,1052551323,39675,0,39675,:fsdp:backward:wait_weights:layers.8.attn.q_proj,9492,9875,0,0,2044,,:2044,:fsdp:backward:wait_weights:layers.8.attn.q_proj
1052517369,1052557534,40165,0,40165,:fsdp:backward:wait_weights:layers.8.attn.q_proj,9491,9872,0,0,2946,,:2946,:fsdp:backward:wait_weights:layers.8.attn.q_proj
1052563011,1052644474,81463,0,81463,:fsdp:backward:compute:layers.8.attn.q_proj,9492,9875,0,0,2045,,:2045,:fsdp:backward:compute:layers.8.attn.q_proj
1052569354,1052648715,79361,0,79361,:fsdp:backward:compute:layers.8.attn.q_proj,9491,9872,0,0,2947,,:2947,:fsdp:backward:compute:layers.8.attn.q_proj
1052694891,1052846925,152034,0,152034,:fsdp:backward:reduce_scatter:layers.8.attn.q_proj,9492,9875,0,0,2046,,:2046,:fsdp:backward:reduce_scatter:layers.8.attn.q_proj
1052698782,1052847182,148400,0,148400,:fsdp:backward:reduce_scatter:layers.8.attn.q_proj,9491,9872,0,0,2948,,:2948,:fsdp:backward:reduce_scatter:layers.8.attn.q_proj
1062531326,1062669952,138626,0,138626,:fsdp:backward:all_gather:layers.7.ffn.w2,9492,9875,0,0,2047,,:2047,:fsdp:backward:all_gather:layers.7.ffn.w2
1062539801,1062685343,145542,0,145542,:fsdp:backward:all_gather:layers.7.ffn.w2,9491,9872,0,0,2949,,:2949,:fsdp:backward:all_gather:layers.7.ffn.w2
1062676948,1062721409,44461,0,44461,:fsdp:backward:wait_weights:layers.7.ffn.w2,9492,9875,0,0,2048,,:2048,:fsdp:backward:wait_weights:layers.7.ffn.w2
1062693275,1062740416,47141,0,47141,:fsdp:backward:wait_weights:layers.7.ffn.w2,9491,9872,0,0,2950,,:2950,:fsdp:backward:wait_weights:layers.7.ffn.w2
1062734755,1067866023,5131268,0,5131268,:fsdp:backward:compute:layers.7.ffn.w2,9492,9875,0,0,2049,,:2049,:fsdp:backward:compute:layers.7.ffn.w2
1062754979,1067857782,5102803,0,5102803,:fsdp:backward:compute:layers.7.ffn.w2,9491,9872,0,0,2951,,:2951,:fsdp:backward:compute:layers.7.ffn.w2
1067916419,1068107379,190960,0,190960,:fsdp:backward:reduce_scatter:layers.7.ffn.w2,9491,9872,0,0,2952,,:2952,:fsdp:backward:reduce_scatter:layers.7.ffn.w2
1067919469,1068082029,162560,0,162560,:fsdp:backward:reduce_scatter:layers.7.ffn.w2,9492,9875,0,0,2050,,:2050,:fsdp:backward:reduce_scatter:layers.7.ffn.w2
1070706067,1070827363,121296,0,121296,:fsdp:backward:all_gather:layers.7.ffn.w3,9491,9872,0,0,2953,,:2953,:fsdp:backward:all_gather:layers.7.ffn.w3
1070707978,1070825432,117454,0,117454,:fsdp:backward:all_gather:layers.7.ffn.w3,9492,9875,0,0,2051,,:2051,:fsdp:backward:all_gather:layers.7.ffn.w3
1070831788,1070874291,42503,0,42503,:fsdp:backward:wait_weights:layers.7.ffn.w3,9492,9875,0,0,2052,,:2052,:fsdp:backward:wait_weights:layers.7.ffn.w3
1070834308,1070877863,43555,0,43555,:fsdp:backward:wait_weights:layers.7.ffn.w3,9491,9872,0,0,2954,,:2954,:fsdp:backward:wait_weights:layers.7.ffn.w3
1070885844,1070968987,83143,0,83143,:fsdp:backward:compute:layers.7.ffn.w3,9492,9875,0,0,2053,,:2053,:fsdp:backward:compute:layers.7.ffn.w3
1070889999,1070976117,86118,0,86118,:fsdp:backward:compute:layers.7.ffn.w3,9491,9872,0,0,2955,,:2955,:fsdp:backward:compute:layers.7.ffn.w3
1076181317,1076346508,165191,0,165191,:fsdp:backward:reduce_scatter:layers.7.ffn.w3,9491,9872,0,0,2956,,:2956,:fsdp:backward:reduce_scatter:layers.7.ffn.w3
1076191176,1076357087,165911,0,165911,:fsdp:backward:reduce_scatter:layers.7.ffn.w3,9492,9875,0,0,2054,,:2054,:fsdp:backward:reduce_scatter:layers.7.ffn.w3
1076470843,1076580911,110068,0,110068,:fsdp:backward:all_gather:layers.7.ffn.w1,9491,9872,0,0,2957,,:2957,:fsdp:backward:all_gather:layers.7.ffn.w1
1076484801,1076596648,111847,0,111847,:fsdp:backward:all_gather:layers.7.ffn.w1,9492,9875,0,0,2055,,:2055,:fsdp:backward:all_gather:layers.7.ffn.w1
1076586969,1076627549,40580,0,40580,:fsdp:backward:wait_weights:layers.7.ffn.w1,9491,9872,0,0,2958,,:2958,:fsdp:backward:wait_weights:layers.7.ffn.w1
1076602644,1076644023,41379,0,41379,:fsdp:backward:wait_weights:layers.7.ffn.w1,9492,9875,0,0,2056,,:2056,:fsdp:backward:wait_weights:layers.7.ffn.w1
1076639806,1076720397,80591,0,80591,:fsdp:backward:compute:layers.7.ffn.w1,9491,9872,0,0,2959,,:2959,:fsdp:backward:compute:layers.7.ffn.w1
1076656134,1076737358,81224,0,81224,:fsdp:backward:compute:layers.7.ffn.w1,9492,9875,0,0,2057,,:2057,:fsdp:backward:compute:layers.7.ffn.w1
1076770105,1076911172,141067,0,141067,:fsdp:backward:reduce_scatter:layers.7.ffn.w1,9491,9872,0,0,2960,,:2960,:fsdp:backward:reduce_scatter:layers.7.ffn.w1
1076787642,1076932244,144602,0,144602,:fsdp:backward:reduce_scatter:layers.7.ffn.w1,9492,9875,0,0,2058,,:2058,:fsdp:backward:reduce_scatter:layers.7.ffn.w1
1078406415,1078535348,128933,0,128933,:fsdp:backward:all_gather:layers.7.attn.output_proj,9491,9872,0,0,2961,,:2961,:fsdp:backward:all_gather:layers.7.attn.output_proj
1078410699,1078530711,120012,0,120012,:fsdp:backward:all_gather:layers.7.attn.output_proj,9492,9875,0,0,2059,,:2059,:fsdp:backward:all_gather:layers.7.attn.output_proj
1078543951,1078586678,42727,0,42727,:fsdp:backward:wait_weights:layers.7.attn.output_proj,9492,9875,0,0,2060,,:2060,:fsdp:backward:wait_weights:layers.7.attn.output_proj
1078549912,1078595560,45648,0,45648,:fsdp:backward:wait_weights:layers.7.attn.output_proj,9491,9872,0,0,2962,,:2962,:fsdp:backward:wait_weights:layers.7.attn.output_proj
1078598517,1078684451,85934,0,85934,:fsdp:backward:compute:layers.7.attn.output_proj,9492,9875,0,0,2061,,:2061,:fsdp:backward:compute:layers.7.attn.output_proj
1078609070,1078701009,91939,0,91939,:fsdp:backward:compute:layers.7.attn.output_proj,9491,9872,0,0,2963,,:2963,:fsdp:backward:compute:layers.7.attn.output_proj
1078738938,1078886384,147446,0,147446,:fsdp:backward:reduce_scatter:layers.7.attn.output_proj,9492,9875,0,0,2062,,:2062,:fsdp:backward:reduce_scatter:layers.7.attn.output_proj
1078759735,1078917233,157498,0,157498,:fsdp:backward:reduce_scatter:layers.7.attn.output_proj,9491,9872,0,0,2964,,:2964,:fsdp:backward:reduce_scatter:layers.7.attn.output_proj
1084732972,1084896826,163854,0,163854,:fsdp:backward:all_gather:layers.7.attn.v_proj,9491,9872,0,0,2965,,:2965,:fsdp:backward:all_gather:layers.7.attn.v_proj
1084736987,1084909825,172838,0,172838,:fsdp:backward:all_gather:layers.7.attn.v_proj,9492,9875,0,0,2063,,:2063,:fsdp:backward:all_gather:layers.7.attn.v_proj
1084904725,1084948740,44015,0,44015,:fsdp:backward:wait_weights:layers.7.attn.v_proj,9491,9872,0,0,2966,,:2966,:fsdp:backward:wait_weights:layers.7.attn.v_proj
1084918742,1084965139,46397,0,46397,:fsdp:backward:wait_weights:layers.7.attn.v_proj,9492,9875,0,0,2064,,:2064,:fsdp:backward:wait_weights:layers.7.attn.v_proj
1084963696,1086223654,1259958,0,1259958,:fsdp:backward:compute:layers.7.attn.v_proj,9491,9872,0,0,2967,,:2967,:fsdp:backward:compute:layers.7.attn.v_proj
1084980970,1086223951,1242981,0,1242981,:fsdp:backward:compute:layers.7.attn.v_proj,9492,9875,0,0,2065,,:2065,:fsdp:backward:compute:layers.7.attn.v_proj
1086279370,1086452107,172737,0,172737,:fsdp:backward:reduce_scatter:layers.7.attn.v_proj,9491,9872,0,0,2968,,:2968,:fsdp:backward:reduce_scatter:layers.7.attn.v_proj
1086283312,1086452831,169519,0,169519,:fsdp:backward:reduce_scatter:layers.7.attn.v_proj,9492,9875,0,0,2066,,:2066,:fsdp:backward:reduce_scatter:layers.7.attn.v_proj
1086516699,1086642739,126040,0,126040,:fsdp:backward:all_gather:layers.7.attn.k_proj,9491,9872,0,0,2969,,:2969,:fsdp:backward:all_gather:layers.7.attn.k_proj
1086519058,1086653108,134050,0,134050,:fsdp:backward:all_gather:layers.7.attn.k_proj,9492,9875,0,0,2067,,:2067,:fsdp:backward:all_gather:layers.7.attn.k_proj
1086649553,1086693150,43597,0,43597,:fsdp:backward:wait_weights:layers.7.attn.k_proj,9491,9872,0,0,2970,,:2970,:fsdp:backward:wait_weights:layers.7.attn.k_proj
1086659373,1086702449,43076,0,43076,:fsdp:backward:wait_weights:layers.7.attn.k_proj,9492,9875,0,0,2068,,:2068,:fsdp:backward:wait_weights:layers.7.attn.k_proj
1086706076,1087624648,918572,0,918572,:fsdp:backward:compute:layers.7.attn.k_proj,9491,9872,0,0,2971,,:2971,:fsdp:backward:compute:layers.7.attn.k_proj
1086714209,1087619420,905211,0,905211,:fsdp:backward:compute:layers.7.attn.k_proj,9492,9875,0,0,2069,,:2069,:fsdp:backward:compute:layers.7.attn.k_proj
1087673368,1087835186,161818,0,161818,:fsdp:backward:reduce_scatter:layers.7.attn.k_proj,9492,9875,0,0,2070,,:2070,:fsdp:backward:reduce_scatter:layers.7.attn.k_proj
1087678319,1087834426,156107,0,156107,:fsdp:backward:reduce_scatter:layers.7.attn.k_proj,9491,9872,0,0,2972,,:2972,:fsdp:backward:reduce_scatter:layers.7.attn.k_proj
1087912831,1088024515,111684,0,111684,:fsdp:backward:all_gather:layers.7.attn.q_proj,9492,9875,0,0,2071,,:2071,:fsdp:backward:all_gather:layers.7.attn.q_proj
1087914031,1088021789,107758,0,107758,:fsdp:backward:all_gather:layers.7.attn.q_proj,9491,9872,0,0,2973,,:2973,:fsdp:backward:all_gather:layers.7.attn.q_proj
1088028068,1088068121,40053,0,40053,:fsdp:backward:wait_weights:layers.7.attn.q_proj,9491,9872,0,0,2974,,:2974,:fsdp:backward:wait_weights:layers.7.attn.q_proj
1088030870,1088071179,40309,0,40309,:fsdp:backward:wait_weights:layers.7.attn.q_proj,9492,9875,0,0,2072,,:2072,:fsdp:backward:wait_weights:layers.7.attn.q_proj
1088079616,1088160196,80580,0,80580,:fsdp:backward:compute:layers.7.attn.q_proj,9491,9872,0,0,2975,,:2975,:fsdp:backward:compute:layers.7.attn.q_proj
1088082936,1088163503,80567,0,80567,:fsdp:backward:compute:layers.7.attn.q_proj,9492,9875,0,0,2073,,:2073,:fsdp:backward:compute:layers.7.attn.q_proj
1088210228,1088361567,151339,0,151339,:fsdp:backward:reduce_scatter:layers.7.attn.q_proj,9491,9872,0,0,2976,,:2976,:fsdp:backward:reduce_scatter:layers.7.attn.q_proj
1088214262,1088365899,151637,0,151637,:fsdp:backward:reduce_scatter:layers.7.attn.q_proj,9492,9875,0,0,2074,,:2074,:fsdp:backward:reduce_scatter:layers.7.attn.q_proj
1098031505,1098170134,138629,0,138629,:fsdp:backward:all_gather:layers.6.ffn.w2,9492,9875,0,0,2075,,:2075,:fsdp:backward:all_gather:layers.6.ffn.w2
1098034722,1098163416,128694,0,128694,:fsdp:backward:all_gather:layers.6.ffn.w2,9491,9872,0,0,2977,,:2977,:fsdp:backward:all_gather:layers.6.ffn.w2
1098170216,1098214041,43825,0,43825,:fsdp:backward:wait_weights:layers.6.ffn.w2,9491,9872,0,0,2978,,:2978,:fsdp:backward:wait_weights:layers.6.ffn.w2
1098177299,1098223362,46063,0,46063,:fsdp:backward:wait_weights:layers.6.ffn.w2,9492,9875,0,0,2076,,:2076,:fsdp:backward:wait_weights:layers.6.ffn.w2
1098226228,1103396950,5170722,0,5170722,:fsdp:backward:compute:layers.6.ffn.w2,9491,9872,0,0,2979,,:2979,:fsdp:backward:compute:layers.6.ffn.w2
1098236717,1103391263,5154546,0,5154546,:fsdp:backward:compute:layers.6.ffn.w2,9492,9875,0,0,2077,,:2077,:fsdp:backward:compute:layers.6.ffn.w2
1103453018,1103623901,170883,0,170883,:fsdp:backward:reduce_scatter:layers.6.ffn.w2,9492,9875,0,0,2078,,:2078,:fsdp:backward:reduce_scatter:layers.6.ffn.w2
1103454848,1103612684,157836,0,157836,:fsdp:backward:reduce_scatter:layers.6.ffn.w2,9491,9872,0,0,2980,,:2980,:fsdp:backward:reduce_scatter:layers.6.ffn.w2
1106247142,1106364071,116929,0,116929,:fsdp:backward:all_gather:layers.6.ffn.w3,9492,9875,0,0,2079,,:2079,:fsdp:backward:all_gather:layers.6.ffn.w3
1106250248,1106364799,114551,0,114551,:fsdp:backward:all_gather:layers.6.ffn.w3,9491,9872,0,0,2981,,:2981,:fsdp:backward:all_gather:layers.6.ffn.w3
1106370326,1106412034,41708,0,41708,:fsdp:backward:wait_weights:layers.6.ffn.w3,9492,9875,0,0,2080,,:2080,:fsdp:backward:wait_weights:layers.6.ffn.w3
1106371159,1106415066,43907,0,43907,:fsdp:backward:wait_weights:layers.6.ffn.w3,9491,9872,0,0,2982,,:2982,:fsdp:backward:wait_weights:layers.6.ffn.w3
1106424373,1106506937,82564,0,82564,:fsdp:backward:compute:layers.6.ffn.w3,9492,9875,0,0,2081,,:2081,:fsdp:backward:compute:layers.6.ffn.w3
1106427509,1106508658,81149,0,81149,:fsdp:backward:compute:layers.6.ffn.w3,9491,9872,0,0,2983,,:2983,:fsdp:backward:compute:layers.6.ffn.w3
1111712018,1111867856,155838,0,155838,:fsdp:backward:reduce_scatter:layers.6.ffn.w3,9491,9872,0,0,2984,,:2984,:fsdp:backward:reduce_scatter:layers.6.ffn.w3
1111720515,1111872575,152060,0,152060,:fsdp:backward:reduce_scatter:layers.6.ffn.w3,9492,9875,0,0,2082,,:2082,:fsdp:backward:reduce_scatter:layers.6.ffn.w3
1111995286,1112108098,112812,0,112812,:fsdp:backward:all_gather:layers.6.ffn.w1,9491,9872,0,0,2985,,:2985,:fsdp:backward:all_gather:layers.6.ffn.w1
1111996313,1112111213,114900,0,114900,:fsdp:backward:all_gather:layers.6.ffn.w1,9492,9875,0,0,2083,,:2083,:fsdp:backward:all_gather:layers.6.ffn.w1
1112114023,1112155805,41782,0,41782,:fsdp:backward:wait_weights:layers.6.ffn.w1,9491,9872,0,0,2986,,:2986,:fsdp:backward:wait_weights:layers.6.ffn.w1
1112116783,1112157025,40242,0,40242,:fsdp:backward:wait_weights:layers.6.ffn.w1,9492,9875,0,0,2084,,:2084,:fsdp:backward:wait_weights:layers.6.ffn.w1
1112167675,1112250052,82377,0,82377,:fsdp:backward:compute:layers.6.ffn.w1,9491,9872,0,0,2987,,:2987,:fsdp:backward:compute:layers.6.ffn.w1
1112168530,1112248318,79788,0,79788,:fsdp:backward:compute:layers.6.ffn.w1,9492,9875,0,0,2085,,:2085,:fsdp:backward:compute:layers.6.ffn.w1
1112298172,1112445106,146934,0,146934,:fsdp:backward:reduce_scatter:layers.6.ffn.w1,9492,9875,0,0,2086,,:2086,:fsdp:backward:reduce_scatter:layers.6.ffn.w1
1112298865,1112436925,138060,0,138060,:fsdp:backward:reduce_scatter:layers.6.ffn.w1,9491,9872,0,0,2988,,:2988,:fsdp:backward:reduce_scatter:layers.6.ffn.w1
1113936751,1114065239,128488,0,128488,:fsdp:backward:all_gather:layers.6.attn.output_proj,9491,9872,0,0,2989,,:2989,:fsdp:backward:all_gather:layers.6.attn.output_proj
1113943735,1114072596,128861,0,128861,:fsdp:backward:all_gather:layers.6.attn.output_proj,9492,9875,0,0,2087,,:2087,:fsdp:backward:all_gather:layers.6.attn.output_proj
1114071573,1114116079,44506,0,44506,:fsdp:backward:wait_weights:layers.6.attn.output_proj,9491,9872,0,0,2990,,:2990,:fsdp:backward:wait_weights:layers.6.attn.output_proj
1114079272,1114121555,42283,0,42283,:fsdp:backward:wait_weights:layers.6.attn.output_proj,9492,9875,0,0,2088,,:2088,:fsdp:backward:wait_weights:layers.6.attn.output_proj
1114129005,1114215560,86555,0,86555,:fsdp:backward:compute:layers.6.attn.output_proj,9491,9872,0,0,2991,,:2991,:fsdp:backward:compute:layers.6.attn.output_proj
1114134968,1114220444,85476,0,85476,:fsdp:backward:compute:layers.6.attn.output_proj,9492,9875,0,0,2089,,:2089,:fsdp:backward:compute:layers.6.attn.output_proj
1114267854,1114418170,150316,0,150316,:fsdp:backward:reduce_scatter:layers.6.attn.output_proj,9491,9872,0,0,2992,,:2992,:fsdp:backward:reduce_scatter:layers.6.attn.output_proj
1114273314,1114422379,149065,0,149065,:fsdp:backward:reduce_scatter:layers.6.attn.output_proj,9492,9875,0,0,2090,,:2090,:fsdp:backward:reduce_scatter:layers.6.attn.output_proj
1120280102,1120439682,159580,0,159580,:fsdp:backward:all_gather:layers.6.attn.v_proj,9492,9875,0,0,2091,,:2091,:fsdp:backward:all_gather:layers.6.attn.v_proj
1120282998,1120459812,176814,0,176814,:fsdp:backward:all_gather:layers.6.attn.v_proj,9491,9872,0,0,2993,,:2993,:fsdp:backward:all_gather:layers.6.attn.v_proj
1120448924,1120493551,44627,0,44627,:fsdp:backward:wait_weights:layers.6.attn.v_proj,9492,9875,0,0,2092,,:2092,:fsdp:backward:wait_weights:layers.6.attn.v_proj
1120469489,1120516629,47140,0,47140,:fsdp:backward:wait_weights:layers.6.attn.v_proj,9491,9872,0,0,2994,,:2994,:fsdp:backward:wait_weights:layers.6.attn.v_proj
1120507883,1121768228,1260345,0,1260345,:fsdp:backward:compute:layers.6.attn.v_proj,9492,9875,0,0,2093,,:2093,:fsdp:backward:compute:layers.6.attn.v_proj
1120532052,1121768152,1236100,0,1236100,:fsdp:backward:compute:layers.6.attn.v_proj,9491,9872,0,0,2995,,:2995,:fsdp:backward:compute:layers.6.attn.v_proj
1121825878,1121991165,165287,0,165287,:fsdp:backward:reduce_scatter:layers.6.attn.v_proj,9492,9875,0,0,2094,,:2094,:fsdp:backward:reduce_scatter:layers.6.attn.v_proj
1121827338,1122003126,175788,0,175788,:fsdp:backward:reduce_scatter:layers.6.attn.v_proj,9491,9872,0,0,2996,,:2996,:fsdp:backward:reduce_scatter:layers.6.attn.v_proj
1122056738,1122176836,120098,0,120098,:fsdp:backward:all_gather:layers.6.attn.k_proj,9492,9875,0,0,2095,,:2095,:fsdp:backward:all_gather:layers.6.attn.k_proj
1122072231,1122193972,121741,0,121741,:fsdp:backward:all_gather:layers.6.attn.k_proj,9491,9872,0,0,2997,,:2997,:fsdp:backward:all_gather:layers.6.attn.k_proj
1122182831,1122224766,41935,0,41935,:fsdp:backward:wait_weights:layers.6.attn.k_proj,9492,9875,0,0,2096,,:2096,:fsdp:backward:wait_weights:layers.6.attn.k_proj
1122200241,1122243202,42961,0,42961,:fsdp:backward:wait_weights:layers.6.attn.k_proj,9491,9872,0,0,2998,,:2998,:fsdp:backward:wait_weights:layers.6.attn.k_proj
1122237487,1123170910,933423,0,933423,:fsdp:backward:compute:layers.6.attn.k_proj,9492,9875,0,0,2097,,:2097,:fsdp:backward:compute:layers.6.attn.k_proj
1122255287,1123172246,916959,0,916959,:fsdp:backward:compute:layers.6.attn.k_proj,9491,9872,0,0,2999,,:2999,:fsdp:backward:compute:layers.6.attn.k_proj
1123225724,1123377262,151538,0,151538,:fsdp:backward:reduce_scatter:layers.6.attn.k_proj,9492,9875,0,0,2098,,:2098,:fsdp:backward:reduce_scatter:layers.6.attn.k_proj
1123226754,1123384975,158221,0,158221,:fsdp:backward:reduce_scatter:layers.6.attn.k_proj,9491,9872,0,0,3000,,:3000,:fsdp:backward:reduce_scatter:layers.6.attn.k_proj
1123453699,1123561155,107456,0,107456,:fsdp:backward:all_gather:layers.6.attn.q_proj,9492,9875,0,0,2099,,:2099,:fsdp:backward:all_gather:layers.6.attn.q_proj
1123461683,1123571530,109847,0,109847,:fsdp:backward:all_gather:layers.6.attn.q_proj,9491,9872,0,0,3001,,:3001,:fsdp:backward:all_gather:layers.6.attn.q_proj
1123566715,1123606785,40070,0,40070,:fsdp:backward:wait_weights:layers.6.attn.q_proj,9492,9875,0,0,2100,,:2100,:fsdp:backward:wait_weights:layers.6.attn.q_proj
1123577366,1123617733,40367,0,40367,:fsdp:backward:wait_weights:layers.6.attn.q_proj,9491,9872,0,0,3002,,:3002,:fsdp:backward:wait_weights:layers.6.attn.q_proj
1123618967,1123699049,80082,0,80082,:fsdp:backward:compute:layers.6.attn.q_proj,9492,9875,0,0,2101,,:2101,:fsdp:backward:compute:layers.6.attn.q_proj
1123629529,1123708575,79046,0,79046,:fsdp:backward:compute:layers.6.attn.q_proj,9491,9872,0,0,3003,,:3003,:fsdp:backward:compute:layers.6.attn.q_proj
1123751243,1123908667,157424,0,157424,:fsdp:backward:reduce_scatter:layers.6.attn.q_proj,9492,9875,0,0,2102,,:2102,:fsdp:backward:reduce_scatter:layers.6.attn.q_proj
1123757498,1123904773,147275,0,147275,:fsdp:backward:reduce_scatter:layers.6.attn.q_proj,9491,9872,0,0,3004,,:3004,:fsdp:backward:reduce_scatter:layers.6.attn.q_proj
1133574187,1133711087,136900,0,136900,:fsdp:backward:all_gather:layers.5.ffn.w2,9492,9875,0,0,2103,,:2103,:fsdp:backward:all_gather:layers.5.ffn.w2
1133578722,1133725017,146295,0,146295,:fsdp:backward:all_gather:layers.5.ffn.w2,9491,9872,0,0,3005,,:3005,:fsdp:backward:all_gather:layers.5.ffn.w2
1133718281,1133762175,43894,0,43894,:fsdp:backward:wait_weights:layers.5.ffn.w2,9492,9875,0,0,2104,,:2104,:fsdp:backward:wait_weights:layers.5.ffn.w2
1133732570,1133779394,46824,0,46824,:fsdp:backward:wait_weights:layers.5.ffn.w2,9491,9872,0,0,3006,,:3006,:fsdp:backward:wait_weights:layers.5.ffn.w2
1133775416,1138916504,5141088,0,5141088,:fsdp:backward:compute:layers.5.ffn.w2,9492,9875,0,0,2105,,:2105,:fsdp:backward:compute:layers.5.ffn.w2
1133793259,1138917178,5123919,0,5123919,:fsdp:backward:compute:layers.5.ffn.w2,9491,9872,0,0,3007,,:3007,:fsdp:backward:compute:layers.5.ffn.w2
1138970929,1139128172,157243,0,157243,:fsdp:backward:reduce_scatter:layers.5.ffn.w2,9492,9875,0,0,2106,,:2106,:fsdp:backward:reduce_scatter:layers.5.ffn.w2
1138975401,1139136370,160969,0,160969,:fsdp:backward:reduce_scatter:layers.5.ffn.w2,9491,9872,0,0,3008,,:3008,:fsdp:backward:reduce_scatter:layers.5.ffn.w2
1141764713,1141878551,113838,0,113838,:fsdp:backward:all_gather:layers.5.ffn.w3,9492,9875,0,0,2107,,:2107,:fsdp:backward:all_gather:layers.5.ffn.w3
1141767450,1141880310,112860,0,112860,:fsdp:backward:all_gather:layers.5.ffn.w3,9491,9872,0,0,3009,,:3009,:fsdp:backward:all_gather:layers.5.ffn.w3
1141884507,1141925055,40548,0,40548,:fsdp:backward:wait_weights:layers.5.ffn.w3,9492,9875,0,0,2108,,:2108,:fsdp:backward:wait_weights:layers.5.ffn.w3
1141886221,1141928415,42194,0,42194,:fsdp:backward:wait_weights:layers.5.ffn.w3,9491,9872,0,0,3010,,:3010,:fsdp:backward:wait_weights:layers.5.ffn.w3
1141937051,1142015284,78233,0,78233,:fsdp:backward:compute:layers.5.ffn.w3,9492,9875,0,0,2109,,:2109,:fsdp:backward:compute:layers.5.ffn.w3
1141940107,1142022652,82545,0,82545,:fsdp:backward:compute:layers.5.ffn.w3,9491,9872,0,0,3011,,:3011,:fsdp:backward:compute:layers.5.ffn.w3
1147217896,1147372528,154632,0,154632,:fsdp:backward:reduce_scatter:layers.5.ffn.w3,9491,9872,0,0,3012,,:3012,:fsdp:backward:reduce_scatter:layers.5.ffn.w3
1147226326,1147373633,147307,0,147307,:fsdp:backward:reduce_scatter:layers.5.ffn.w3,9492,9875,0,0,2110,,:2110,:fsdp:backward:reduce_scatter:layers.5.ffn.w3
1147503426,1147620868,117442,0,117442,:fsdp:backward:all_gather:layers.5.ffn.w1,9492,9875,0,0,2111,,:2111,:fsdp:backward:all_gather:layers.5.ffn.w1
1147504995,1147628127,123132,0,123132,:fsdp:backward:all_gather:layers.5.ffn.w1,9491,9872,0,0,3013,,:3013,:fsdp:backward:all_gather:layers.5.ffn.w1
1147627034,1147667063,40029,0,40029,:fsdp:backward:wait_weights:layers.5.ffn.w1,9492,9875,0,0,2112,,:2112,:fsdp:backward:wait_weights:layers.5.ffn.w1
1147634757,1147678242,43485,0,43485,:fsdp:backward:wait_weights:layers.5.ffn.w1,9491,9872,0,0,3014,,:3014,:fsdp:backward:wait_weights:layers.5.ffn.w1
1147678351,1147757045,78694,0,78694,:fsdp:backward:compute:layers.5.ffn.w1,9492,9875,0,0,2113,,:2113,:fsdp:backward:compute:layers.5.ffn.w1
1147690827,1147778231,87404,0,87404,:fsdp:backward:compute:layers.5.ffn.w1,9491,9872,0,0,3015,,:3015,:fsdp:backward:compute:layers.5.ffn.w1
1147805227,1147944407,139180,0,139180,:fsdp:backward:reduce_scatter:layers.5.ffn.w1,9492,9875,0,0,2114,,:2114,:fsdp:backward:reduce_scatter:layers.5.ffn.w1
1147829967,1147983558,153591,0,153591,:fsdp:backward:reduce_scatter:layers.5.ffn.w1,9491,9872,0,0,3016,,:3016,:fsdp:backward:reduce_scatter:layers.5.ffn.w1
1149444987,1149568867,123880,0,123880,:fsdp:backward:all_gather:layers.5.attn.output_proj,9491,9872,0,0,3017,,:3017,:fsdp:backward:all_gather:layers.5.attn.output_proj
1149450690,1149580032,129342,0,129342,:fsdp:backward:all_gather:layers.5.attn.output_proj,9492,9875,0,0,2115,,:2115,:fsdp:backward:all_gather:layers.5.attn.output_proj
1149575515,1149620443,44928,0,44928,:fsdp:backward:wait_weights:layers.5.attn.output_proj,9491,9872,0,0,3018,,:3018,:fsdp:backward:wait_weights:layers.5.attn.output_proj
1149586892,1149631976,45084,0,45084,:fsdp:backward:wait_weights:layers.5.attn.output_proj,9492,9875,0,0,2116,,:2116,:fsdp:backward:wait_weights:layers.5.attn.output_proj
1149632769,1149721761,88992,0,88992,:fsdp:backward:compute:layers.5.attn.output_proj,9491,9872,0,0,3019,,:3019,:fsdp:backward:compute:layers.5.attn.output_proj
1149644836,1149736102,91266,0,91266,:fsdp:backward:compute:layers.5.attn.output_proj,9492,9875,0,0,2117,,:2117,:fsdp:backward:compute:layers.5.attn.output_proj
1149775202,1149933951,158749,0,158749,:fsdp:backward:reduce_scatter:layers.5.attn.output_proj,9491,9872,0,0,3020,,:3020,:fsdp:backward:reduce_scatter:layers.5.attn.output_proj
1149792283,1149960532,168249,0,168249,:fsdp:backward:reduce_scatter:layers.5.attn.output_proj,9492,9875,0,0,2118,,:2118,:fsdp:backward:reduce_scatter:layers.5.attn.output_proj
1155777403,1155961199,183796,0,183796,:fsdp:backward:all_gather:layers.5.attn.v_proj,9492,9875,0,0,2119,,:2119,:fsdp:backward:all_gather:layers.5.attn.v_proj
1155777406,1155949016,171610,0,171610,:fsdp:backward:all_gather:layers.5.attn.v_proj,9491,9872,0,0,3021,,:3021,:fsdp:backward:all_gather:layers.5.attn.v_proj
1155957770,1156004673,46903,0,46903,:fsdp:backward:wait_weights:layers.5.attn.v_proj,9491,9872,0,0,3022,,:3022,:fsdp:backward:wait_weights:layers.5.attn.v_proj
1155969769,1156014909,45140,0,45140,:fsdp:backward:wait_weights:layers.5.attn.v_proj,9492,9875,0,0,2120,,:2120,:fsdp:backward:wait_weights:layers.5.attn.v_proj
1156019655,1157268776,1249121,0,1249121,:fsdp:backward:compute:layers.5.attn.v_proj,9491,9872,0,0,3023,,:3023,:fsdp:backward:compute:layers.5.attn.v_proj
1156029079,1157269980,1240901,0,1240901,:fsdp:backward:compute:layers.5.attn.v_proj,9492,9875,0,0,2121,,:2121,:fsdp:backward:compute:layers.5.attn.v_proj
1157327551,1157490132,162581,0,162581,:fsdp:backward:reduce_scatter:layers.5.attn.v_proj,9492,9875,0,0,2122,,:2122,:fsdp:backward:reduce_scatter:layers.5.attn.v_proj
1157328139,1157498839,170700,0,170700,:fsdp:backward:reduce_scatter:layers.5.attn.v_proj,9491,9872,0,0,3024,,:3024,:fsdp:backward:reduce_scatter:layers.5.attn.v_proj
1157553434,1157673328,119894,0,119894,:fsdp:backward:all_gather:layers.5.attn.k_proj,9492,9875,0,0,2123,,:2123,:fsdp:backward:all_gather:layers.5.attn.k_proj
1157563746,1157676216,112470,0,112470,:fsdp:backward:all_gather:layers.5.attn.k_proj,9491,9872,0,0,3025,,:3025,:fsdp:backward:all_gather:layers.5.attn.k_proj
1157679582,1157720807,41225,0,41225,:fsdp:backward:wait_weights:layers.5.attn.k_proj,9492,9875,0,0,2124,,:2124,:fsdp:backward:wait_weights:layers.5.attn.k_proj
1157682085,1157723250,41165,0,41165,:fsdp:backward:wait_weights:layers.5.attn.k_proj,9491,9872,0,0,3026,,:3026,:fsdp:backward:wait_weights:layers.5.attn.k_proj
1157732934,1158664244,931310,0,931310,:fsdp:backward:compute:layers.5.attn.k_proj,9492,9875,0,0,2125,,:2125,:fsdp:backward:compute:layers.5.attn.k_proj
1157735953,1158666900,930947,0,930947,:fsdp:backward:compute:layers.5.attn.k_proj,9491,9872,0,0,3027,,:3027,:fsdp:backward:compute:layers.5.attn.k_proj
1158717609,1158869228,151619,0,151619,:fsdp:backward:reduce_scatter:layers.5.attn.k_proj,9492,9875,0,0,2126,,:2126,:fsdp:backward:reduce_scatter:layers.5.attn.k_proj
1158720793,1158885825,165032,0,165032,:fsdp:backward:reduce_scatter:layers.5.attn.k_proj,9491,9872,0,0,3028,,:3028,:fsdp:backward:reduce_scatter:layers.5.attn.k_proj
1158946733,1159067809,121076,0,121076,:fsdp:backward:all_gather:layers.5.attn.q_proj,9492,9875,0,0,2127,,:2127,:fsdp:backward:all_gather:layers.5.attn.q_proj
1158964262,1159073608,109346,0,109346,:fsdp:backward:all_gather:layers.5.attn.q_proj,9491,9872,0,0,3029,,:3029,:fsdp:backward:all_gather:layers.5.attn.q_proj
1159074088,1159116264,42176,0,42176,:fsdp:backward:wait_weights:layers.5.attn.q_proj,9492,9875,0,0,2128,,:2128,:fsdp:backward:wait_weights:layers.5.attn.q_proj
1159079723,1159121424,41701,0,41701,:fsdp:backward:wait_weights:layers.5.attn.q_proj,9491,9872,0,0,3030,,:3030,:fsdp:backward:wait_weights:layers.5.attn.q_proj
1159128813,1159213018,84205,0,84205,:fsdp:backward:compute:layers.5.attn.q_proj,9492,9875,0,0,2129,,:2129,:fsdp:backward:compute:layers.5.attn.q_proj
1159133057,1159214259,81202,0,81202,:fsdp:backward:compute:layers.5.attn.q_proj,9491,9872,0,0,3031,,:3031,:fsdp:backward:compute:layers.5.attn.q_proj
1159264827,1159419150,154323,0,154323,:fsdp:backward:reduce_scatter:layers.5.attn.q_proj,9491,9872,0,0,3032,,:3032,:fsdp:backward:reduce_scatter:layers.5.attn.q_proj
1159266550,1159426125,159575,0,159575,:fsdp:backward:reduce_scatter:layers.5.attn.q_proj,9492,9875,0,0,2130,,:2130,:fsdp:backward:reduce_scatter:layers.5.attn.q_proj
1169091290,1169224995,133705,0,133705,:fsdp:backward:all_gather:layers.4.ffn.w2,9492,9875,0,0,2131,,:2131,:fsdp:backward:all_gather:layers.4.ffn.w2
1169101754,1169234615,132861,0,132861,:fsdp:backward:all_gather:layers.4.ffn.w2,9491,9872,0,0,3033,,:3033,:fsdp:backward:all_gather:layers.4.ffn.w2
1169232018,1169275439,43421,0,43421,:fsdp:backward:wait_weights:layers.4.ffn.w2,9492,9875,0,0,2132,,:2132,:fsdp:backward:wait_weights:layers.4.ffn.w2
1169242118,1169286958,44840,0,44840,:fsdp:backward:wait_weights:layers.4.ffn.w2,9491,9872,0,0,3034,,:3034,:fsdp:backward:wait_weights:layers.4.ffn.w2
1169287993,1174430653,5142660,0,5142660,:fsdp:backward:compute:layers.4.ffn.w2,9492,9875,0,0,2133,,:2133,:fsdp:backward:compute:layers.4.ffn.w2
1169300081,1174417550,5117469,0,5117469,:fsdp:backward:compute:layers.4.ffn.w2,9491,9872,0,0,3035,,:3035,:fsdp:backward:compute:layers.4.ffn.w2
1174470667,1174629918,159251,0,159251,:fsdp:backward:reduce_scatter:layers.4.ffn.w2,9491,9872,0,0,3036,,:3036,:fsdp:backward:reduce_scatter:layers.4.ffn.w2
1174484300,1174650117,165817,0,165817,:fsdp:backward:reduce_scatter:layers.4.ffn.w2,9492,9875,0,0,2134,,:2134,:fsdp:backward:reduce_scatter:layers.4.ffn.w2
1177270285,1177389201,118916,0,118916,:fsdp:backward:all_gather:layers.4.ffn.w3,9491,9872,0,0,3037,,:3037,:fsdp:backward:all_gather:layers.4.ffn.w3
1177271236,1177382073,110837,0,110837,:fsdp:backward:all_gather:layers.4.ffn.w3,9492,9875,0,0,2135,,:2135,:fsdp:backward:all_gather:layers.4.ffn.w3
1177387837,1177427791,39954,0,39954,:fsdp:backward:wait_weights:layers.4.ffn.w3,9492,9875,0,0,2136,,:2136,:fsdp:backward:wait_weights:layers.4.ffn.w3
1177395431,1177438918,43487,0,43487,:fsdp:backward:wait_weights:layers.4.ffn.w3,9491,9872,0,0,3038,,:3038,:fsdp:backward:wait_weights:layers.4.ffn.w3
1177439157,1177518731,79574,0,79574,:fsdp:backward:compute:layers.4.ffn.w3,9492,9875,0,0,2137,,:2137,:fsdp:backward:compute:layers.4.ffn.w3
1177451442,1177536934,85492,0,85492,:fsdp:backward:compute:layers.4.ffn.w3,9491,9872,0,0,3039,,:3039,:fsdp:backward:compute:layers.4.ffn.w3
1182722514,1182883027,160513,0,160513,:fsdp:backward:reduce_scatter:layers.4.ffn.w3,9491,9872,0,0,3040,,:3040,:fsdp:backward:reduce_scatter:layers.4.ffn.w3
1182730812,1182887023,156211,0,156211,:fsdp:backward:reduce_scatter:layers.4.ffn.w3,9492,9875,0,0,2138,,:2138,:fsdp:backward:reduce_scatter:layers.4.ffn.w3
1183010511,1183118223,107712,0,107712,:fsdp:backward:all_gather:layers.4.ffn.w1,9492,9875,0,0,2139,,:2139,:fsdp:backward:all_gather:layers.4.ffn.w1
1183011747,1183120387,108640,0,108640,:fsdp:backward:all_gather:layers.4.ffn.w1,9491,9872,0,0,3041,,:3041,:fsdp:backward:all_gather:layers.4.ffn.w1
1183123957,1183163053,39096,0,39096,:fsdp:backward:wait_weights:layers.4.ffn.w1,9492,9875,0,0,2140,,:2140,:fsdp:backward:wait_weights:layers.4.ffn.w1
1183126366,1183168791,42425,0,42425,:fsdp:backward:wait_weights:layers.4.ffn.w1,9491,9872,0,0,3042,,:3042,:fsdp:backward:wait_weights:layers.4.ffn.w1
1183174978,1183253120,78142,0,78142,:fsdp:backward:compute:layers.4.ffn.w1,9492,9875,0,0,2141,,:2141,:fsdp:backward:compute:layers.4.ffn.w1
1183181290,1183264080,82790,0,82790,:fsdp:backward:compute:layers.4.ffn.w1,9491,9872,0,0,3043,,:3043,:fsdp:backward:compute:layers.4.ffn.w1
1183304638,1183453672,149034,0,149034,:fsdp:backward:reduce_scatter:layers.4.ffn.w1,9492,9875,0,0,2142,,:2142,:fsdp:backward:reduce_scatter:layers.4.ffn.w1
1183316062,1183458208,142146,0,142146,:fsdp:backward:reduce_scatter:layers.4.ffn.w1,9491,9872,0,0,3044,,:3044,:fsdp:backward:reduce_scatter:layers.4.ffn.w1
1184952539,1185078913,126374,0,126374,:fsdp:backward:all_gather:layers.4.attn.output_proj,9491,9872,0,0,3045,,:3045,:fsdp:backward:all_gather:layers.4.attn.output_proj
1184959432,1185086198,126766,0,126766,:fsdp:backward:all_gather:layers.4.attn.output_proj,9492,9875,0,0,2143,,:2143,:fsdp:backward:all_gather:layers.4.attn.output_proj
1185085436,1185127579,42143,0,42143,:fsdp:backward:wait_weights:layers.4.attn.output_proj,9491,9872,0,0,3046,,:3046,:fsdp:backward:wait_weights:layers.4.attn.output_proj
1185092907,1185135653,42746,0,42746,:fsdp:backward:wait_weights:layers.4.attn.output_proj,9492,9875,0,0,2144,,:2144,:fsdp:backward:wait_weights:layers.4.attn.output_proj
1185140713,1185228098,87385,0,87385,:fsdp:backward:compute:layers.4.attn.output_proj,9491,9872,0,0,3047,,:3047,:fsdp:backward:compute:layers.4.attn.output_proj
1185148743,1185232631,83888,0,83888,:fsdp:backward:compute:layers.4.attn.output_proj,9492,9875,0,0,2145,,:2145,:fsdp:backward:compute:layers.4.attn.output_proj
1185278692,1185431547,152855,0,152855,:fsdp:backward:reduce_scatter:layers.4.attn.output_proj,9491,9872,0,0,3048,,:3048,:fsdp:backward:reduce_scatter:layers.4.attn.output_proj
1185283015,1185427683,144668,0,144668,:fsdp:backward:reduce_scatter:layers.4.attn.output_proj,9492,9875,0,0,2146,,:2146,:fsdp:backward:reduce_scatter:layers.4.attn.output_proj
1191288788,1191455021,166233,0,166233,:fsdp:backward:all_gather:layers.4.attn.v_proj,9492,9875,0,0,2147,,:2147,:fsdp:backward:all_gather:layers.4.attn.v_proj
1191291948,1191465037,173089,0,173089,:fsdp:backward:all_gather:layers.4.attn.v_proj,9491,9872,0,0,3049,,:3049,:fsdp:backward:all_gather:layers.4.attn.v_proj
1191463681,1191509789,46108,0,46108,:fsdp:backward:wait_weights:layers.4.attn.v_proj,9492,9875,0,0,2148,,:2148,:fsdp:backward:wait_weights:layers.4.attn.v_proj
1191474389,1191521491,47102,0,47102,:fsdp:backward:wait_weights:layers.4.attn.v_proj,9491,9872,0,0,3050,,:3050,:fsdp:backward:wait_weights:layers.4.attn.v_proj
1191525472,1192779992,1254520,0,1254520,:fsdp:backward:compute:layers.4.attn.v_proj,9492,9875,0,0,2149,,:2149,:fsdp:backward:compute:layers.4.attn.v_proj
1191536088,1192778460,1242372,0,1242372,:fsdp:backward:compute:layers.4.attn.v_proj,9491,9872,0,0,3051,,:3051,:fsdp:backward:compute:layers.4.attn.v_proj
1192836814,1193005184,168370,0,168370,:fsdp:backward:reduce_scatter:layers.4.attn.v_proj,9491,9872,0,0,3052,,:3052,:fsdp:backward:reduce_scatter:layers.4.attn.v_proj
1192837394,1193021537,184143,0,184143,:fsdp:backward:reduce_scatter:layers.4.attn.v_proj,9492,9875,0,0,2150,,:2150,:fsdp:backward:reduce_scatter:layers.4.attn.v_proj
1193070653,1193186101,115448,0,115448,:fsdp:backward:all_gather:layers.4.attn.k_proj,9491,9872,0,0,3053,,:3053,:fsdp:backward:all_gather:layers.4.attn.k_proj
1193086616,1193205906,119290,0,119290,:fsdp:backward:all_gather:layers.4.attn.k_proj,9492,9875,0,0,2151,,:2151,:fsdp:backward:all_gather:layers.4.attn.k_proj
1193193029,1193234769,41740,0,41740,:fsdp:backward:wait_weights:layers.4.attn.k_proj,9491,9872,0,0,3054,,:3054,:fsdp:backward:wait_weights:layers.4.attn.k_proj
1193212434,1193254263,41829,0,41829,:fsdp:backward:wait_weights:layers.4.attn.k_proj,9492,9875,0,0,2152,,:2152,:fsdp:backward:wait_weights:layers.4.attn.k_proj
1193247368,1194175986,928618,0,928618,:fsdp:backward:compute:layers.4.attn.k_proj,9491,9872,0,0,3055,,:3055,:fsdp:backward:compute:layers.4.attn.k_proj
1193266287,1194176061,909774,0,909774,:fsdp:backward:compute:layers.4.attn.k_proj,9492,9875,0,0,2153,,:2153,:fsdp:backward:compute:layers.4.attn.k_proj
1194227442,1194378711,151269,0,151269,:fsdp:backward:reduce_scatter:layers.4.attn.k_proj,9491,9872,0,0,3056,,:3056,:fsdp:backward:reduce_scatter:layers.4.attn.k_proj
1194228156,1194378220,150064,0,150064,:fsdp:backward:reduce_scatter:layers.4.attn.k_proj,9492,9875,0,0,2154,,:2154,:fsdp:backward:reduce_scatter:layers.4.attn.k_proj
1194451961,1194573967,122006,0,122006,:fsdp:backward:all_gather:layers.4.attn.q_proj,9492,9875,0,0,2155,,:2155,:fsdp:backward:all_gather:layers.4.attn.q_proj
1194454500,1194568991,114491,0,114491,:fsdp:backward:all_gather:layers.4.attn.q_proj,9491,9872,0,0,3057,,:3057,:fsdp:backward:all_gather:layers.4.attn.q_proj
1194575161,1194616253,41092,0,41092,:fsdp:backward:wait_weights:layers.4.attn.q_proj,9491,9872,0,0,3058,,:3058,:fsdp:backward:wait_weights:layers.4.attn.q_proj
1194579660,1194619279,39619,0,39619,:fsdp:backward:wait_weights:layers.4.attn.q_proj,9492,9875,0,0,2156,,:2156,:fsdp:backward:wait_weights:layers.4.attn.q_proj
1194628196,1194707422,79226,0,79226,:fsdp:backward:compute:layers.4.attn.q_proj,9491,9872,0,0,3059,,:3059,:fsdp:backward:compute:layers.4.attn.q_proj
1194631040,1194709650,78610,0,78610,:fsdp:backward:compute:layers.4.attn.q_proj,9492,9875,0,0,2157,,:2157,:fsdp:backward:compute:layers.4.attn.q_proj
1194756786,1194925171,168385,0,168385,:fsdp:backward:reduce_scatter:layers.4.attn.q_proj,9491,9872,0,0,3060,,:3060,:fsdp:backward:reduce_scatter:layers.4.attn.q_proj
1194759643,1194900608,140965,0,140965,:fsdp:backward:reduce_scatter:layers.4.attn.q_proj,9492,9875,0,0,2158,,:2158,:fsdp:backward:reduce_scatter:layers.4.attn.q_proj
1204590111,1204742798,152687,0,152687,:fsdp:backward:all_gather:layers.3.ffn.w2,9492,9875,0,0,2159,,:2159,:fsdp:backward:all_gather:layers.3.ffn.w2
1204593790,1204749922,156132,0,156132,:fsdp:backward:all_gather:layers.3.ffn.w2,9491,9872,0,0,3061,,:3061,:fsdp:backward:all_gather:layers.3.ffn.w2
1204750921,1204796959,46038,0,46038,:fsdp:backward:wait_weights:layers.3.ffn.w2,9492,9875,0,0,2160,,:2160,:fsdp:backward:wait_weights:layers.3.ffn.w2
1204757735,1204806096,48361,0,48361,:fsdp:backward:wait_weights:layers.3.ffn.w2,9491,9872,0,0,3062,,:3062,:fsdp:backward:wait_weights:layers.3.ffn.w2
1204810680,1209922772,5112092,0,5112092,:fsdp:backward:compute:layers.3.ffn.w2,9492,9875,0,0,2161,,:2161,:fsdp:backward:compute:layers.3.ffn.w2
1204819757,1209910339,5090582,0,5090582,:fsdp:backward:compute:layers.3.ffn.w2,9491,9872,0,0,3063,,:3063,:fsdp:backward:compute:layers.3.ffn.w2
1209968400,1210137763,169363,0,169363,:fsdp:backward:reduce_scatter:layers.3.ffn.w2,9491,9872,0,0,3064,,:3064,:fsdp:backward:reduce_scatter:layers.3.ffn.w2
1209980309,1210158977,178668,0,178668,:fsdp:backward:reduce_scatter:layers.3.ffn.w2,9492,9875,0,0,2162,,:2162,:fsdp:backward:reduce_scatter:layers.3.ffn.w2
1212757172,1212872822,115650,0,115650,:fsdp:backward:all_gather:layers.3.ffn.w3,9491,9872,0,0,3065,,:3065,:fsdp:backward:all_gather:layers.3.ffn.w3
1212758897,1212877011,118114,0,118114,:fsdp:backward:all_gather:layers.3.ffn.w3,9492,9875,0,0,2163,,:2163,:fsdp:backward:all_gather:layers.3.ffn.w3
1212879175,1212922814,43639,0,43639,:fsdp:backward:wait_weights:layers.3.ffn.w3,9491,9872,0,0,3066,,:3066,:fsdp:backward:wait_weights:layers.3.ffn.w3
1212883156,1212926546,43390,0,43390,:fsdp:backward:wait_weights:layers.3.ffn.w3,9492,9875,0,0,2164,,:2164,:fsdp:backward:wait_weights:layers.3.ffn.w3
1212935258,1213017939,82681,0,82681,:fsdp:backward:compute:layers.3.ffn.w3,9491,9872,0,0,3067,,:3067,:fsdp:backward:compute:layers.3.ffn.w3
1212938877,1213022264,83387,0,83387,:fsdp:backward:compute:layers.3.ffn.w3,9492,9875,0,0,2165,,:2165,:fsdp:backward:compute:layers.3.ffn.w3
1218201179,1218376876,175697,0,175697,:fsdp:backward:reduce_scatter:layers.3.ffn.w3,9491,9872,0,0,3068,,:3068,:fsdp:backward:reduce_scatter:layers.3.ffn.w3
1218214890,1218389978,175088,0,175088,:fsdp:backward:reduce_scatter:layers.3.ffn.w3,9492,9875,0,0,2166,,:2166,:fsdp:backward:reduce_scatter:layers.3.ffn.w3
1218504809,1218627292,122483,0,122483,:fsdp:backward:all_gather:layers.3.ffn.w1,9491,9872,0,0,3069,,:3069,:fsdp:backward:all_gather:layers.3.ffn.w1
1218518269,1218645796,127527,0,127527,:fsdp:backward:all_gather:layers.3.ffn.w1,9492,9875,0,0,2167,,:2167,:fsdp:backward:all_gather:layers.3.ffn.w1
1218633530,1218675217,41687,0,41687,:fsdp:backward:wait_weights:layers.3.ffn.w1,9491,9872,0,0,3070,,:3070,:fsdp:backward:wait_weights:layers.3.ffn.w1
1218651472,1218692718,41246,0,41246,:fsdp:backward:wait_weights:layers.3.ffn.w1,9492,9875,0,0,2168,,:2168,:fsdp:backward:wait_weights:layers.3.ffn.w1
1218687593,1218770066,82473,0,82473,:fsdp:backward:compute:layers.3.ffn.w1,9491,9872,0,0,3071,,:3071,:fsdp:backward:compute:layers.3.ffn.w1
1218705641,1218787685,82044,0,82044,:fsdp:backward:compute:layers.3.ffn.w1,9492,9875,0,0,2169,,:2169,:fsdp:backward:compute:layers.3.ffn.w1
1218821307,1218979755,158448,0,158448,:fsdp:backward:reduce_scatter:layers.3.ffn.w1,9491,9872,0,0,3072,,:3072,:fsdp:backward:reduce_scatter:layers.3.ffn.w1
1218838534,1218988330,149796,0,149796,:fsdp:backward:reduce_scatter:layers.3.ffn.w1,9492,9875,0,0,2170,,:2170,:fsdp:backward:reduce_scatter:layers.3.ffn.w1
1220428480,1220558255,129775,0,129775,:fsdp:backward:all_gather:layers.3.attn.output_proj,9491,9872,0,0,3073,,:3073,:fsdp:backward:all_gather:layers.3.attn.output_proj
1220439747,1220576639,136892,0,136892,:fsdp:backward:all_gather:layers.3.attn.output_proj,9492,9875,0,0,2171,,:2171,:fsdp:backward:all_gather:layers.3.attn.output_proj
1220565103,1220608376,43273,0,43273,:fsdp:backward:wait_weights:layers.3.attn.output_proj,9491,9872,0,0,3074,,:3074,:fsdp:backward:wait_weights:layers.3.attn.output_proj
1220584386,1220629369,44983,0,44983,:fsdp:backward:wait_weights:layers.3.attn.output_proj,9492,9875,0,0,2172,,:2172,:fsdp:backward:wait_weights:layers.3.attn.output_proj
1220621142,1220709208,88066,0,88066,:fsdp:backward:compute:layers.3.attn.output_proj,9491,9872,0,0,3075,,:3075,:fsdp:backward:compute:layers.3.attn.output_proj
1220642898,1220734391,91493,0,91493,:fsdp:backward:compute:layers.3.attn.output_proj,9492,9875,0,0,2173,,:2173,:fsdp:backward:compute:layers.3.attn.output_proj
1220763574,1220926947,163373,0,163373,:fsdp:backward:reduce_scatter:layers.3.attn.output_proj,9491,9872,0,0,3076,,:3076,:fsdp:backward:reduce_scatter:layers.3.attn.output_proj
1220791151,1220949415,158264,0,158264,:fsdp:backward:reduce_scatter:layers.3.attn.output_proj,9492,9875,0,0,2174,,:2174,:fsdp:backward:reduce_scatter:layers.3.attn.output_proj
1226778486,1226955633,177147,0,177147,:fsdp:backward:all_gather:layers.3.attn.v_proj,9492,9875,0,0,2175,,:2175,:fsdp:backward:all_gather:layers.3.attn.v_proj
1226781227,1226958827,177600,0,177600,:fsdp:backward:all_gather:layers.3.attn.v_proj,9491,9872,0,0,3077,,:3077,:fsdp:backward:all_gather:layers.3.attn.v_proj
1226963924,1227009129,45205,0,45205,:fsdp:backward:wait_weights:layers.3.attn.v_proj,9492,9875,0,0,2176,,:2176,:fsdp:backward:wait_weights:layers.3.attn.v_proj
1226967479,1227014035,46556,0,46556,:fsdp:backward:wait_weights:layers.3.attn.v_proj,9491,9872,0,0,3078,,:3078,:fsdp:backward:wait_weights:layers.3.attn.v_proj
1227023281,1228272234,1248953,0,1248953,:fsdp:backward:compute:layers.3.attn.v_proj,9492,9875,0,0,2177,,:2177,:fsdp:backward:compute:layers.3.attn.v_proj
1227028297,1228271544,1243247,0,1243247,:fsdp:backward:compute:layers.3.attn.v_proj,9491,9872,0,0,3079,,:3079,:fsdp:backward:compute:layers.3.attn.v_proj
1228327127,1228496846,169719,0,169719,:fsdp:backward:reduce_scatter:layers.3.attn.v_proj,9491,9872,0,0,3080,,:3080,:fsdp:backward:reduce_scatter:layers.3.attn.v_proj
1228329085,1228491218,162133,0,162133,:fsdp:backward:reduce_scatter:layers.3.attn.v_proj,9492,9875,0,0,2178,,:2178,:fsdp:backward:reduce_scatter:layers.3.attn.v_proj
1228556625,1228681840,125215,0,125215,:fsdp:backward:all_gather:layers.3.attn.k_proj,9492,9875,0,0,2179,,:2179,:fsdp:backward:all_gather:layers.3.attn.k_proj
1228562545,1228682709,120164,0,120164,:fsdp:backward:all_gather:layers.3.attn.k_proj,9491,9872,0,0,3081,,:3081,:fsdp:backward:all_gather:layers.3.attn.k_proj
1228687871,1228729099,41228,0,41228,:fsdp:backward:wait_weights:layers.3.attn.k_proj,9492,9875,0,0,2180,,:2180,:fsdp:backward:wait_weights:layers.3.attn.k_proj
1228689370,1228731130,41760,0,41760,:fsdp:backward:wait_weights:layers.3.attn.k_proj,9491,9872,0,0,3082,,:3082,:fsdp:backward:wait_weights:layers.3.attn.k_proj
1228740765,1229673884,933119,0,933119,:fsdp:backward:compute:layers.3.attn.k_proj,9492,9875,0,0,2181,,:2181,:fsdp:backward:compute:layers.3.attn.k_proj
1228743201,1229668047,924846,0,924846,:fsdp:backward:compute:layers.3.attn.k_proj,9491,9872,0,0,3083,,:3083,:fsdp:backward:compute:layers.3.attn.k_proj
1229721237,1229884573,163336,0,163336,:fsdp:backward:reduce_scatter:layers.3.attn.k_proj,9491,9872,0,0,3084,,:3084,:fsdp:backward:reduce_scatter:layers.3.attn.k_proj
1229726955,1229896687,169732,0,169732,:fsdp:backward:reduce_scatter:layers.3.attn.k_proj,9492,9875,0,0,2182,,:2182,:fsdp:backward:reduce_scatter:layers.3.attn.k_proj
1229963753,1230086117,122364,0,122364,:fsdp:backward:all_gather:layers.3.attn.q_proj,9491,9872,0,0,3085,,:3085,:fsdp:backward:all_gather:layers.3.attn.q_proj
1229974186,1230083030,108844,0,108844,:fsdp:backward:all_gather:layers.3.attn.q_proj,9492,9875,0,0,2183,,:2183,:fsdp:backward:all_gather:layers.3.attn.q_proj
1230088850,1230128837,39987,0,39987,:fsdp:backward:wait_weights:layers.3.attn.q_proj,9492,9875,0,0,2184,,:2184,:fsdp:backward:wait_weights:layers.3.attn.q_proj
1230092237,1230134745,42508,0,42508,:fsdp:backward:wait_weights:layers.3.attn.q_proj,9491,9872,0,0,3086,,:3086,:fsdp:backward:wait_weights:layers.3.attn.q_proj
1230140361,1230221036,80675,0,80675,:fsdp:backward:compute:layers.3.attn.q_proj,9492,9875,0,0,2185,,:2185,:fsdp:backward:compute:layers.3.attn.q_proj
1230146573,1230227311,80738,0,80738,:fsdp:backward:compute:layers.3.attn.q_proj,9491,9872,0,0,3087,,:3087,:fsdp:backward:compute:layers.3.attn.q_proj
1230270058,1230417917,147859,0,147859,:fsdp:backward:reduce_scatter:layers.3.attn.q_proj,9492,9875,0,0,2186,,:2186,:fsdp:backward:reduce_scatter:layers.3.attn.q_proj
1230276204,1230422006,145802,0,145802,:fsdp:backward:reduce_scatter:layers.3.attn.q_proj,9491,9872,0,0,3088,,:3088,:fsdp:backward:reduce_scatter:layers.3.attn.q_proj
1240076175,1240215552,139377,0,139377,:fsdp:backward:all_gather:layers.2.ffn.w2,9491,9872,0,0,3089,,:3089,:fsdp:backward:all_gather:layers.2.ffn.w2
1240216541,1240562896,346355,0,346355,:fsdp:backward:all_gather:layers.2.ffn.w2,9492,9875,0,0,2187,,:2187,:fsdp:backward:all_gather:layers.2.ffn.w2
1240222388,1240268960,46572,0,46572,:fsdp:backward:wait_weights:layers.2.ffn.w2,9491,9872,0,0,3090,,:3090,:fsdp:backward:wait_weights:layers.2.ffn.w2
1240281987,1245407770,5125783,0,5125783,:fsdp:backward:compute:layers.2.ffn.w2,9491,9872,0,0,3091,,:3091,:fsdp:backward:compute:layers.2.ffn.w2
1240576088,1240640851,64763,0,64763,:fsdp:backward:wait_weights:layers.2.ffn.w2,9492,9875,0,0,2188,,:2188,:fsdp:backward:wait_weights:layers.2.ffn.w2
1240658065,1245415197,4757132,0,4757132,:fsdp:backward:compute:layers.2.ffn.w2,9492,9875,0,0,2189,,:2189,:fsdp:backward:compute:layers.2.ffn.w2
1245461687,1245627435,165748,0,165748,:fsdp:backward:reduce_scatter:layers.2.ffn.w2,9491,9872,0,0,3092,,:3092,:fsdp:backward:reduce_scatter:layers.2.ffn.w2
1245480073,1245681253,201180,0,201180,:fsdp:backward:reduce_scatter:layers.2.ffn.w2,9492,9875,0,0,2190,,:2190,:fsdp:backward:reduce_scatter:layers.2.ffn.w2
1248247180,1248371830,124650,0,124650,:fsdp:backward:all_gather:layers.2.ffn.w3,9492,9875,0,0,2191,,:2191,:fsdp:backward:all_gather:layers.2.ffn.w3
1248248586,1248365546,116960,0,116960,:fsdp:backward:all_gather:layers.2.ffn.w3,9491,9872,0,0,3093,,:3093,:fsdp:backward:all_gather:layers.2.ffn.w3
1248372361,1248417033,44672,0,44672,:fsdp:backward:wait_weights:layers.2.ffn.w3,9491,9872,0,0,3094,,:3094,:fsdp:backward:wait_weights:layers.2.ffn.w3
1248378770,1248423785,45015,0,45015,:fsdp:backward:wait_weights:layers.2.ffn.w3,9492,9875,0,0,2192,,:2192,:fsdp:backward:wait_weights:layers.2.ffn.w3
1248429596,1248516347,86751,0,86751,:fsdp:backward:compute:layers.2.ffn.w3,9491,9872,0,0,3095,,:3095,:fsdp:backward:compute:layers.2.ffn.w3
1248436954,1248526464,89510,0,89510,:fsdp:backward:compute:layers.2.ffn.w3,9492,9875,0,0,2193,,:2193,:fsdp:backward:compute:layers.2.ffn.w3
1253710486,1253884532,174046,0,174046,:fsdp:backward:reduce_scatter:layers.2.ffn.w3,9491,9872,0,0,3096,,:3096,:fsdp:backward:reduce_scatter:layers.2.ffn.w3
1253720106,1253903173,183067,0,183067,:fsdp:backward:reduce_scatter:layers.2.ffn.w3,9492,9875,0,0,2194,,:2194,:fsdp:backward:reduce_scatter:layers.2.ffn.w3
1254013382,1254124324,110942,0,110942,:fsdp:backward:all_gather:layers.2.ffn.w1,9491,9872,0,0,3097,,:3097,:fsdp:backward:all_gather:layers.2.ffn.w1
1254038261,1254165294,127033,0,127033,:fsdp:backward:all_gather:layers.2.ffn.w1,9492,9875,0,0,2195,,:2195,:fsdp:backward:all_gather:layers.2.ffn.w1
1254130235,1254173044,42809,0,42809,:fsdp:backward:wait_weights:layers.2.ffn.w1,9491,9872,0,0,3098,,:3098,:fsdp:backward:wait_weights:layers.2.ffn.w1
1254171791,1254216642,44851,0,44851,:fsdp:backward:wait_weights:layers.2.ffn.w1,9492,9875,0,0,2196,,:2196,:fsdp:backward:wait_weights:layers.2.ffn.w1
1254185297,1254268691,83394,0,83394,:fsdp:backward:compute:layers.2.ffn.w1,9491,9872,0,0,3099,,:3099,:fsdp:backward:compute:layers.2.ffn.w1
1254230249,1254319253,89004,0,89004,:fsdp:backward:compute:layers.2.ffn.w1,9492,9875,0,0,2197,,:2197,:fsdp:backward:compute:layers.2.ffn.w1
1254317438,1254472618,155180,0,155180,:fsdp:backward:reduce_scatter:layers.2.ffn.w1,9491,9872,0,0,3100,,:3100,:fsdp:backward:reduce_scatter:layers.2.ffn.w1
1254372606,1254529696,157090,0,157090,:fsdp:backward:reduce_scatter:layers.2.ffn.w1,9492,9875,0,0,2198,,:2198,:fsdp:backward:reduce_scatter:layers.2.ffn.w1
1255945158,1256088288,143130,0,143130,:fsdp:backward:all_gather:layers.2.attn.output_proj,9491,9872,0,0,3101,,:3101,:fsdp:backward:all_gather:layers.2.attn.output_proj
1255946943,1256081709,134766,0,134766,:fsdp:backward:all_gather:layers.2.attn.output_proj,9492,9875,0,0,2199,,:2199,:fsdp:backward:all_gather:layers.2.attn.output_proj
1256088635,1256132635,44000,0,44000,:fsdp:backward:wait_weights:layers.2.attn.output_proj,9492,9875,0,0,2200,,:2200,:fsdp:backward:wait_weights:layers.2.attn.output_proj
1256095943,1256142667,46724,0,46724,:fsdp:backward:wait_weights:layers.2.attn.output_proj,9491,9872,0,0,3102,,:3102,:fsdp:backward:wait_weights:layers.2.attn.output_proj
1256146065,1256237350,91285,0,91285,:fsdp:backward:compute:layers.2.attn.output_proj,9492,9875,0,0,2201,,:2201,:fsdp:backward:compute:layers.2.attn.output_proj
1256156437,1256250292,93855,0,93855,:fsdp:backward:compute:layers.2.attn.output_proj,9491,9872,0,0,3103,,:3103,:fsdp:backward:compute:layers.2.attn.output_proj
1256290846,1256446164,155318,0,155318,:fsdp:backward:reduce_scatter:layers.2.attn.output_proj,9492,9875,0,0,2202,,:2202,:fsdp:backward:reduce_scatter:layers.2.attn.output_proj
1256305958,1256468894,162936,0,162936,:fsdp:backward:reduce_scatter:layers.2.attn.output_proj,9491,9872,0,0,3104,,:3104,:fsdp:backward:reduce_scatter:layers.2.attn.output_proj
1262288896,1262463769,174873,0,174873,:fsdp:backward:all_gather:layers.2.attn.v_proj,9492,9875,0,0,2203,,:2203,:fsdp:backward:all_gather:layers.2.attn.v_proj
1262290985,1262465808,174823,0,174823,:fsdp:backward:all_gather:layers.2.attn.v_proj,9491,9872,0,0,3105,,:3105,:fsdp:backward:all_gather:layers.2.attn.v_proj
1262472388,1262518618,46230,0,46230,:fsdp:backward:wait_weights:layers.2.attn.v_proj,9492,9875,0,0,2204,,:2204,:fsdp:backward:wait_weights:layers.2.attn.v_proj
1262474191,1262519403,45212,0,45212,:fsdp:backward:wait_weights:layers.2.attn.v_proj,9491,9872,0,0,3106,,:3106,:fsdp:backward:wait_weights:layers.2.attn.v_proj
1262533227,1263789769,1256542,0,1256542,:fsdp:backward:compute:layers.2.attn.v_proj,9492,9875,0,0,2205,,:2205,:fsdp:backward:compute:layers.2.attn.v_proj
1262533404,1263781426,1248022,0,1248022,:fsdp:backward:compute:layers.2.attn.v_proj,9491,9872,0,0,3107,,:3107,:fsdp:backward:compute:layers.2.attn.v_proj
1263838903,1264020547,181644,0,181644,:fsdp:backward:reduce_scatter:layers.2.attn.v_proj,9491,9872,0,0,3108,,:3108,:fsdp:backward:reduce_scatter:layers.2.attn.v_proj
1263866188,1265128929,1262741,0,1262741,:fsdp:backward:reduce_scatter:layers.2.attn.v_proj,9492,9875,0,0,2206,,:2206,:fsdp:backward:reduce_scatter:layers.2.attn.v_proj
1264089128,1264205527,116399,0,116399,:fsdp:backward:all_gather:layers.2.attn.k_proj,9491,9872,0,0,3109,,:3109,:fsdp:backward:all_gather:layers.2.attn.k_proj
1264212078,1264254983,42905,0,42905,:fsdp:backward:wait_weights:layers.2.attn.k_proj,9491,9872,0,0,3110,,:3110,:fsdp:backward:wait_weights:layers.2.attn.k_proj
1264267269,1265179049,911780,0,911780,:fsdp:backward:compute:layers.2.attn.k_proj,9491,9872,0,0,3111,,:3111,:fsdp:backward:compute:layers.2.attn.k_proj
1265231489,1265399534,168045,0,168045,:fsdp:backward:reduce_scatter:layers.2.attn.k_proj,9491,9872,0,0,3112,,:3112,:fsdp:backward:reduce_scatter:layers.2.attn.k_proj
1265253022,1265421144,168122,0,168122,:fsdp:backward:all_gather:layers.2.attn.k_proj,9492,9875,0,0,2207,,:2207,:fsdp:backward:all_gather:layers.2.attn.k_proj
1265430534,1265483263,52729,0,52729,:fsdp:backward:wait_weights:layers.2.attn.k_proj,9492,9875,0,0,2208,,:2208,:fsdp:backward:wait_weights:layers.2.attn.k_proj
1265477196,1265587628,110432,0,110432,:fsdp:backward:all_gather:layers.2.attn.q_proj,9491,9872,0,0,3113,,:3113,:fsdp:backward:all_gather:layers.2.attn.q_proj
1265496658,1265586122,89464,0,89464,:fsdp:backward:compute:layers.2.attn.k_proj,9492,9875,0,0,2209,,:2209,:fsdp:backward:compute:layers.2.attn.k_proj
1265594225,1265634858,40633,0,40633,:fsdp:backward:wait_weights:layers.2.attn.q_proj,9491,9872,0,0,3114,,:3114,:fsdp:backward:wait_weights:layers.2.attn.q_proj
1265646479,1265729026,82547,0,82547,:fsdp:backward:compute:layers.2.attn.q_proj,9491,9872,0,0,3115,,:3115,:fsdp:backward:compute:layers.2.attn.q_proj
1265655814,1265834143,178329,0,178329,:fsdp:backward:reduce_scatter:layers.2.attn.k_proj,9492,9875,0,0,2210,,:2210,:fsdp:backward:reduce_scatter:layers.2.attn.k_proj
1265777537,1265930131,152594,0,152594,:fsdp:backward:reduce_scatter:layers.2.attn.q_proj,9491,9872,0,0,3116,,:3116,:fsdp:backward:reduce_scatter:layers.2.attn.q_proj
1265912523,1266024988,112465,0,112465,:fsdp:backward:all_gather:layers.2.attn.q_proj,9492,9875,0,0,2211,,:2211,:fsdp:backward:all_gather:layers.2.attn.q_proj
1266031115,1266070726,39611,0,39611,:fsdp:backward:wait_weights:layers.2.attn.q_proj,9492,9875,0,0,2212,,:2212,:fsdp:backward:wait_weights:layers.2.attn.q_proj
1266082626,1266164357,81731,0,81731,:fsdp:backward:compute:layers.2.attn.q_proj,9492,9875,0,0,2213,,:2213,:fsdp:backward:compute:layers.2.attn.q_proj
1266215042,1266370446,155404,0,155404,:fsdp:backward:reduce_scatter:layers.2.attn.q_proj,9492,9875,0,0,2214,,:2214,:fsdp:backward:reduce_scatter:layers.2.attn.q_proj
1275599289,1275737439,138150,0,138150,:fsdp:backward:all_gather:layers.1.ffn.w2,9492,9875,0,0,2215,,:2215,:fsdp:backward:all_gather:layers.1.ffn.w2
1275650580,1275812380,161800,0,161800,:fsdp:backward:all_gather:layers.1.ffn.w2,9491,9872,0,0,3117,,:3117,:fsdp:backward:all_gather:layers.1.ffn.w2
1275744279,1275789618,45339,0,45339,:fsdp:backward:wait_weights:layers.1.ffn.w2,9492,9875,0,0,2216,,:2216,:fsdp:backward:wait_weights:layers.1.ffn.w2
1275803203,1280917902,5114699,0,5114699,:fsdp:backward:compute:layers.1.ffn.w2,9492,9875,0,0,2217,,:2217,:fsdp:backward:compute:layers.1.ffn.w2
1275821677,1275868858,47181,0,47181,:fsdp:backward:wait_weights:layers.1.ffn.w2,9491,9872,0,0,3118,,:3118,:fsdp:backward:wait_weights:layers.1.ffn.w2
1275882650,1280905897,5023247,0,5023247,:fsdp:backward:compute:layers.1.ffn.w2,9491,9872,0,0,3119,,:3119,:fsdp:backward:compute:layers.1.ffn.w2
1280968834,1281136506,167672,0,167672,:fsdp:backward:reduce_scatter:layers.1.ffn.w2,9491,9872,0,0,3120,,:3120,:fsdp:backward:reduce_scatter:layers.1.ffn.w2
1280977738,1281142781,165043,0,165043,:fsdp:backward:reduce_scatter:layers.1.ffn.w2,9492,9875,0,0,2218,,:2218,:fsdp:backward:reduce_scatter:layers.1.ffn.w2
1283752847,1283871136,118289,0,118289,:fsdp:backward:all_gather:layers.1.ffn.w3,9492,9875,0,0,2219,,:2219,:fsdp:backward:all_gather:layers.1.ffn.w3
1283755895,1283874147,118252,0,118252,:fsdp:backward:all_gather:layers.1.ffn.w3,9491,9872,0,0,3121,,:3121,:fsdp:backward:all_gather:layers.1.ffn.w3
1283876976,1283920161,43185,0,43185,:fsdp:backward:wait_weights:layers.1.ffn.w3,9492,9875,0,0,2220,,:2220,:fsdp:backward:wait_weights:layers.1.ffn.w3
1283880399,1283926787,46388,0,46388,:fsdp:backward:wait_weights:layers.1.ffn.w3,9491,9872,0,0,3122,,:3122,:fsdp:backward:wait_weights:layers.1.ffn.w3
1283932098,1284013414,81316,0,81316,:fsdp:backward:compute:layers.1.ffn.w3,9492,9875,0,0,2221,,:2221,:fsdp:backward:compute:layers.1.ffn.w3
1283939681,1284023820,84139,0,84139,:fsdp:backward:compute:layers.1.ffn.w3,9491,9872,0,0,3123,,:3123,:fsdp:backward:compute:layers.1.ffn.w3
1289210553,1289365903,155350,0,155350,:fsdp:backward:reduce_scatter:layers.1.ffn.w3,9491,9872,0,0,3124,,:3124,:fsdp:backward:reduce_scatter:layers.1.ffn.w3
1289214003,1289369363,155360,0,155360,:fsdp:backward:reduce_scatter:layers.1.ffn.w3,9492,9875,0,0,2222,,:2222,:fsdp:backward:reduce_scatter:layers.1.ffn.w3
1289491532,1289609783,118251,0,118251,:fsdp:backward:all_gather:layers.1.ffn.w1,9491,9872,0,0,3125,,:3125,:fsdp:backward:all_gather:layers.1.ffn.w1
1289496645,1289613828,117183,0,117183,:fsdp:backward:all_gather:layers.1.ffn.w1,9492,9875,0,0,2223,,:2223,:fsdp:backward:all_gather:layers.1.ffn.w1
1289616229,1289658231,42002,0,42002,:fsdp:backward:wait_weights:layers.1.ffn.w1,9491,9872,0,0,3126,,:3126,:fsdp:backward:wait_weights:layers.1.ffn.w1
1289619793,1289660050,40257,0,40257,:fsdp:backward:wait_weights:layers.1.ffn.w1,9492,9875,0,0,2224,,:2224,:fsdp:backward:wait_weights:layers.1.ffn.w1
1289670222,1289751126,80904,0,80904,:fsdp:backward:compute:layers.1.ffn.w1,9491,9872,0,0,3127,,:3127,:fsdp:backward:compute:layers.1.ffn.w1
1289671766,1289750616,78850,0,78850,:fsdp:backward:compute:layers.1.ffn.w1,9492,9875,0,0,2225,,:2225,:fsdp:backward:compute:layers.1.ffn.w1
1289799455,1289942506,143051,0,143051,:fsdp:backward:reduce_scatter:layers.1.ffn.w1,9492,9875,0,0,2226,,:2226,:fsdp:backward:reduce_scatter:layers.1.ffn.w1
1289800237,1289947966,147729,0,147729,:fsdp:backward:reduce_scatter:layers.1.ffn.w1,9491,9872,0,0,3128,,:3128,:fsdp:backward:reduce_scatter:layers.1.ffn.w1
1291444246,1291569707,125461,0,125461,:fsdp:backward:all_gather:layers.1.attn.output_proj,9492,9875,0,0,2227,,:2227,:fsdp:backward:all_gather:layers.1.attn.output_proj
1291446116,1291579557,133441,0,133441,:fsdp:backward:all_gather:layers.1.attn.output_proj,9491,9872,0,0,3129,,:3129,:fsdp:backward:all_gather:layers.1.attn.output_proj
1291575552,1291618648,43096,0,43096,:fsdp:backward:wait_weights:layers.1.attn.output_proj,9492,9875,0,0,2228,,:2228,:fsdp:backward:wait_weights:layers.1.attn.output_proj
1291587072,1291635645,48573,0,48573,:fsdp:backward:wait_weights:layers.1.attn.output_proj,9491,9872,0,0,3130,,:3130,:fsdp:backward:wait_weights:layers.1.attn.output_proj
1291631533,1291717199,85666,0,85666,:fsdp:backward:compute:layers.1.attn.output_proj,9492,9875,0,0,2229,,:2229,:fsdp:backward:compute:layers.1.attn.output_proj
1291649424,1291743450,94026,0,94026,:fsdp:backward:compute:layers.1.attn.output_proj,9491,9872,0,0,3131,,:3131,:fsdp:backward:compute:layers.1.attn.output_proj
1291769804,1291922268,152464,0,152464,:fsdp:backward:reduce_scatter:layers.1.attn.output_proj,9492,9875,0,0,2230,,:2230,:fsdp:backward:reduce_scatter:layers.1.attn.output_proj
1291802144,1291956743,154599,0,154599,:fsdp:backward:reduce_scatter:layers.1.attn.output_proj,9491,9872,0,0,3132,,:3132,:fsdp:backward:reduce_scatter:layers.1.attn.output_proj
1297774441,1297951442,177001,0,177001,:fsdp:backward:all_gather:layers.1.attn.v_proj,9492,9875,0,0,2231,,:2231,:fsdp:backward:all_gather:layers.1.attn.v_proj
1297777649,1297949885,172236,0,172236,:fsdp:backward:all_gather:layers.1.attn.v_proj,9491,9872,0,0,3133,,:3133,:fsdp:backward:all_gather:layers.1.attn.v_proj
1297959346,1298006421,47075,0,47075,:fsdp:backward:wait_weights:layers.1.attn.v_proj,9491,9872,0,0,3134,,:3134,:fsdp:backward:wait_weights:layers.1.attn.v_proj
1297961298,1298010709,49411,0,49411,:fsdp:backward:wait_weights:layers.1.attn.v_proj,9492,9875,0,0,2232,,:2232,:fsdp:backward:wait_weights:layers.1.attn.v_proj
1298020659,1299264342,1243683,0,1243683,:fsdp:backward:compute:layers.1.attn.v_proj,9491,9872,0,0,3135,,:3135,:fsdp:backward:compute:layers.1.attn.v_proj
1298025141,1299264430,1239289,0,1239289,:fsdp:backward:compute:layers.1.attn.v_proj,9492,9875,0,0,2233,,:2233,:fsdp:backward:compute:layers.1.attn.v_proj
1299324175,1299498257,174082,0,174082,:fsdp:backward:reduce_scatter:layers.1.attn.v_proj,9491,9872,0,0,3136,,:3136,:fsdp:backward:reduce_scatter:layers.1.attn.v_proj
1299325705,1299497924,172219,0,172219,:fsdp:backward:reduce_scatter:layers.1.attn.v_proj,9492,9875,0,0,2234,,:2234,:fsdp:backward:reduce_scatter:layers.1.attn.v_proj
1299563862,1299676554,112692,0,112692,:fsdp:backward:all_gather:layers.1.attn.k_proj,9492,9875,0,0,2235,,:2235,:fsdp:backward:all_gather:layers.1.attn.k_proj
1299565467,1299683742,118275,0,118275,:fsdp:backward:all_gather:layers.1.attn.k_proj,9491,9872,0,0,3137,,:3137,:fsdp:backward:all_gather:layers.1.attn.k_proj
1299682736,1299723724,40988,0,40988,:fsdp:backward:wait_weights:layers.1.attn.k_proj,9492,9875,0,0,2236,,:2236,:fsdp:backward:wait_weights:layers.1.attn.k_proj
1299689861,1299731823,41962,0,41962,:fsdp:backward:wait_weights:layers.1.attn.k_proj,9491,9872,0,0,3138,,:3138,:fsdp:backward:wait_weights:layers.1.attn.k_proj
1299735186,1300663390,928204,0,928204,:fsdp:backward:compute:layers.1.attn.k_proj,9492,9875,0,0,2237,,:2237,:fsdp:backward:compute:layers.1.attn.k_proj
1299743720,1300664497,920777,0,920777,:fsdp:backward:compute:layers.1.attn.k_proj,9491,9872,0,0,3139,,:3139,:fsdp:backward:compute:layers.1.attn.k_proj
1300715412,1300869148,153736,0,153736,:fsdp:backward:reduce_scatter:layers.1.attn.k_proj,9492,9875,0,0,2238,,:2238,:fsdp:backward:reduce_scatter:layers.1.attn.k_proj
1300715787,1300867985,152198,0,152198,:fsdp:backward:reduce_scatter:layers.1.attn.k_proj,9491,9872,0,0,3140,,:3140,:fsdp:backward:reduce_scatter:layers.1.attn.k_proj
1300942907,1301059787,116880,0,116880,:fsdp:backward:all_gather:layers.1.attn.q_proj,9491,9872,0,0,3141,,:3141,:fsdp:backward:all_gather:layers.1.attn.q_proj
1300944920,1301062861,117941,0,117941,:fsdp:backward:all_gather:layers.1.attn.q_proj,9492,9875,0,0,2239,,:2239,:fsdp:backward:all_gather:layers.1.attn.q_proj
1301065687,1301107059,41372,0,41372,:fsdp:backward:wait_weights:layers.1.attn.q_proj,9491,9872,0,0,3142,,:3142,:fsdp:backward:wait_weights:layers.1.attn.q_proj
1301068692,1301108317,39625,0,39625,:fsdp:backward:wait_weights:layers.1.attn.q_proj,9492,9875,0,0,2240,,:2240,:fsdp:backward:wait_weights:layers.1.attn.q_proj
1301119146,1301199491,80345,0,80345,:fsdp:backward:compute:layers.1.attn.q_proj,9491,9872,0,0,3143,,:3143,:fsdp:backward:compute:layers.1.attn.q_proj
1301119634,1301200372,80738,0,80738,:fsdp:backward:compute:layers.1.attn.q_proj,9492,9875,0,0,2241,,:2241,:fsdp:backward:compute:layers.1.attn.q_proj
1301249548,1301406257,156709,0,156709,:fsdp:backward:reduce_scatter:layers.1.attn.q_proj,9491,9872,0,0,3144,,:3144,:fsdp:backward:reduce_scatter:layers.1.attn.q_proj
1301253071,1301405767,152696,0,152696,:fsdp:backward:reduce_scatter:layers.1.attn.q_proj,9492,9875,0,0,2242,,:2242,:fsdp:backward:reduce_scatter:layers.1.attn.q_proj
1311069798,1311225203,155405,0,155405,:fsdp:backward:all_gather:layers.0.ffn.w2,9491,9872,0,0,3145,,:3145,:fsdp:backward:all_gather:layers.0.ffn.w2
1311072327,1311230402,158075,0,158075,:fsdp:backward:all_gather:layers.0.ffn.w2,9492,9875,0,0,2243,,:2243,:fsdp:backward:all_gather:layers.0.ffn.w2
1311233047,1311284931,51884,0,51884,:fsdp:backward:wait_weights:layers.0.ffn.w2,9491,9872,0,0,3146,,:3146,:fsdp:backward:wait_weights:layers.0.ffn.w2
1311238193,1311287082,48889,0,48889,:fsdp:backward:wait_weights:layers.0.ffn.w2,9492,9875,0,0,2244,,:2244,:fsdp:backward:wait_weights:layers.0.ffn.w2
1311298704,1316390796,5092092,0,5092092,:fsdp:backward:compute:layers.0.ffn.w2,9491,9872,0,0,3147,,:3147,:fsdp:backward:compute:layers.0.ffn.w2
1311301089,1316402510,5101421,0,5101421,:fsdp:backward:compute:layers.0.ffn.w2,9492,9875,0,0,2245,,:2245,:fsdp:backward:compute:layers.0.ffn.w2
1316448120,1316618137,170017,0,170017,:fsdp:backward:reduce_scatter:layers.0.ffn.w2,9491,9872,0,0,3148,,:3148,:fsdp:backward:reduce_scatter:layers.0.ffn.w2
1316461449,1316633803,172354,0,172354,:fsdp:backward:reduce_scatter:layers.0.ffn.w2,9492,9875,0,0,2246,,:2246,:fsdp:backward:reduce_scatter:layers.0.ffn.w2
1319233945,1319350670,116725,0,116725,:fsdp:backward:all_gather:layers.0.ffn.w3,9492,9875,0,0,2247,,:2247,:fsdp:backward:all_gather:layers.0.ffn.w3
1319235498,1319349677,114179,0,114179,:fsdp:backward:all_gather:layers.0.ffn.w3,9491,9872,0,0,3149,,:3149,:fsdp:backward:all_gather:layers.0.ffn.w3
1319355767,1319398200,42433,0,42433,:fsdp:backward:wait_weights:layers.0.ffn.w3,9491,9872,0,0,3150,,:3150,:fsdp:backward:wait_weights:layers.0.ffn.w3
1319356633,1319398272,41639,0,41639,:fsdp:backward:wait_weights:layers.0.ffn.w3,9492,9875,0,0,2248,,:2248,:fsdp:backward:wait_weights:layers.0.ffn.w3
1319410241,1319494630,84389,0,84389,:fsdp:backward:compute:layers.0.ffn.w3,9492,9875,0,0,2249,,:2249,:fsdp:backward:compute:layers.0.ffn.w3
1319410681,1319497561,86880,0,86880,:fsdp:backward:compute:layers.0.ffn.w3,9491,9872,0,0,3151,,:3151,:fsdp:backward:compute:layers.0.ffn.w3
1324695593,1324847097,151504,0,151504,:fsdp:backward:reduce_scatter:layers.0.ffn.w3,9491,9872,0,0,3152,,:3152,:fsdp:backward:reduce_scatter:layers.0.ffn.w3
1324707042,1324867917,160875,0,160875,:fsdp:backward:reduce_scatter:layers.0.ffn.w3,9492,9875,0,0,2250,,:2250,:fsdp:backward:reduce_scatter:layers.0.ffn.w3
1324970366,1325092914,122548,0,122548,:fsdp:backward:all_gather:layers.0.ffn.w1,9491,9872,0,0,3153,,:3153,:fsdp:backward:all_gather:layers.0.ffn.w1
1324997544,1325113230,115686,0,115686,:fsdp:backward:all_gather:layers.0.ffn.w1,9492,9875,0,0,2251,,:2251,:fsdp:backward:all_gather:layers.0.ffn.w1
1325099832,1325143849,44017,0,44017,:fsdp:backward:wait_weights:layers.0.ffn.w1,9491,9872,0,0,3154,,:3154,:fsdp:backward:wait_weights:layers.0.ffn.w1
1325119150,1325162953,43803,0,43803,:fsdp:backward:wait_weights:layers.0.ffn.w1,9492,9875,0,0,2252,,:2252,:fsdp:backward:wait_weights:layers.0.ffn.w1
1325156745,1325239237,82492,0,82492,:fsdp:backward:compute:layers.0.ffn.w1,9491,9872,0,0,3155,,:3155,:fsdp:backward:compute:layers.0.ffn.w1
1325175117,1325257099,81982,0,81982,:fsdp:backward:compute:layers.0.ffn.w1,9492,9875,0,0,2253,,:2253,:fsdp:backward:compute:layers.0.ffn.w1
1325290584,1325435262,144678,0,144678,:fsdp:backward:reduce_scatter:layers.0.ffn.w1,9491,9872,0,0,3156,,:3156,:fsdp:backward:reduce_scatter:layers.0.ffn.w1
1325307790,1325456822,149032,0,149032,:fsdp:backward:reduce_scatter:layers.0.ffn.w1,9492,9875,0,0,2254,,:2254,:fsdp:backward:reduce_scatter:layers.0.ffn.w1
1326937243,1327071793,134550,0,134550,:fsdp:backward:all_gather:layers.0.attn.output_proj,9491,9872,0,0,3157,,:3157,:fsdp:backward:all_gather:layers.0.attn.output_proj
1326938979,1327075737,136758,0,136758,:fsdp:backward:all_gather:layers.0.attn.output_proj,9492,9875,0,0,2255,,:2255,:fsdp:backward:all_gather:layers.0.attn.output_proj
1327078327,1327125736,47409,0,47409,:fsdp:backward:wait_weights:layers.0.attn.output_proj,9491,9872,0,0,3158,,:3158,:fsdp:backward:wait_weights:layers.0.attn.output_proj
1327082125,1327124586,42461,0,42461,:fsdp:backward:wait_weights:layers.0.attn.output_proj,9492,9875,0,0,2256,,:2256,:fsdp:backward:wait_weights:layers.0.attn.output_proj
1327136762,1327226899,90137,0,90137,:fsdp:backward:compute:layers.0.attn.output_proj,9492,9875,0,0,2257,,:2257,:fsdp:backward:compute:layers.0.attn.output_proj
1327137938,1327228711,90773,0,90773,:fsdp:backward:compute:layers.0.attn.output_proj,9491,9872,0,0,3159,,:3159,:fsdp:backward:compute:layers.0.attn.output_proj
1327279898,1327434503,154605,0,154605,:fsdp:backward:reduce_scatter:layers.0.attn.output_proj,9492,9875,0,0,2258,,:2258,:fsdp:backward:reduce_scatter:layers.0.attn.output_proj
1327281323,1327440576,159253,0,159253,:fsdp:backward:reduce_scatter:layers.0.attn.output_proj,9491,9872,0,0,3160,,:3160,:fsdp:backward:reduce_scatter:layers.0.attn.output_proj
1333270114,1333441931,171817,0,171817,:fsdp:backward:all_gather:layers.0.attn.v_proj,9491,9872,0,0,3161,,:3161,:fsdp:backward:all_gather:layers.0.attn.v_proj
1333273213,1333440954,167741,0,167741,:fsdp:backward:all_gather:layers.0.attn.v_proj,9492,9875,0,0,2259,,:2259,:fsdp:backward:all_gather:layers.0.attn.v_proj
1333449723,1333494438,44715,0,44715,:fsdp:backward:wait_weights:layers.0.attn.v_proj,9492,9875,0,0,2260,,:2260,:fsdp:backward:wait_weights:layers.0.attn.v_proj
1333450217,1333498297,48080,0,48080,:fsdp:backward:wait_weights:layers.0.attn.v_proj,9491,9872,0,0,3162,,:3162,:fsdp:backward:wait_weights:layers.0.attn.v_proj
1333508064,1334760049,1251985,0,1251985,:fsdp:backward:compute:layers.0.attn.v_proj,9492,9875,0,0,2261,,:2261,:fsdp:backward:compute:layers.0.attn.v_proj
1333512594,1334758095,1245501,0,1245501,:fsdp:backward:compute:layers.0.attn.v_proj,9491,9872,0,0,3163,,:3163,:fsdp:backward:compute:layers.0.attn.v_proj
1334816301,1334982394,166093,0,166093,:fsdp:backward:reduce_scatter:layers.0.attn.v_proj,9491,9872,0,0,3164,,:3164,:fsdp:backward:reduce_scatter:layers.0.attn.v_proj
1334819063,1334991199,172136,0,172136,:fsdp:backward:reduce_scatter:layers.0.attn.v_proj,9492,9875,0,0,2262,,:2262,:fsdp:backward:reduce_scatter:layers.0.attn.v_proj
1335053830,1335177344,123514,0,123514,:fsdp:backward:all_gather:layers.0.attn.k_proj,9491,9872,0,0,3165,,:3165,:fsdp:backward:all_gather:layers.0.attn.k_proj
1335062413,1335176451,114038,0,114038,:fsdp:backward:all_gather:layers.0.attn.k_proj,9492,9875,0,0,2263,,:2263,:fsdp:backward:all_gather:layers.0.attn.k_proj
1335182389,1335224602,42213,0,42213,:fsdp:backward:wait_weights:layers.0.attn.k_proj,9492,9875,0,0,2264,,:2264,:fsdp:backward:wait_weights:layers.0.attn.k_proj
1335183910,1335229209,45299,0,45299,:fsdp:backward:wait_weights:layers.0.attn.k_proj,9491,9872,0,0,3166,,:3166,:fsdp:backward:wait_weights:layers.0.attn.k_proj
1335236318,1336154392,918074,0,918074,:fsdp:backward:compute:layers.0.attn.k_proj,9492,9875,0,0,2265,,:2265,:fsdp:backward:compute:layers.0.attn.k_proj
1335241611,1336156926,915315,0,915315,:fsdp:backward:compute:layers.0.attn.k_proj,9491,9872,0,0,3167,,:3167,:fsdp:backward:compute:layers.0.attn.k_proj
1336209023,1336363201,154178,0,154178,:fsdp:backward:reduce_scatter:layers.0.attn.k_proj,9491,9872,0,0,3168,,:3168,:fsdp:backward:reduce_scatter:layers.0.attn.k_proj
1336209169,1336376167,166998,0,166998,:fsdp:backward:reduce_scatter:layers.0.attn.k_proj,9492,9875,0,0,2266,,:2266,:fsdp:backward:reduce_scatter:layers.0.attn.k_proj
1336443550,1336563427,119877,0,119877,:fsdp:backward:all_gather:layers.0.attn.q_proj,9491,9872,0,0,3169,,:3169,:fsdp:backward:all_gather:layers.0.attn.q_proj
1336461179,1336574705,113526,0,113526,:fsdp:backward:all_gather:layers.0.attn.q_proj,9492,9875,0,0,2267,,:2267,:fsdp:backward:all_gather:layers.0.attn.q_proj
1336569443,1336611258,41815,0,41815,:fsdp:backward:wait_weights:layers.0.attn.q_proj,9491,9872,0,0,3170,,:3170,:fsdp:backward:wait_weights:layers.0.attn.q_proj
1336580945,1336623901,42956,0,42956,:fsdp:backward:wait_weights:layers.0.attn.q_proj,9492,9875,0,0,2268,,:2268,:fsdp:backward:wait_weights:layers.0.attn.q_proj
1336622816,1336702932,80116,0,80116,:fsdp:backward:compute:layers.0.attn.q_proj,9491,9872,0,0,3171,,:3171,:fsdp:backward:compute:layers.0.attn.q_proj
1336636454,1336723091,86637,0,86637,:fsdp:backward:compute:layers.0.attn.q_proj,9492,9875,0,0,2269,,:2269,:fsdp:backward:compute:layers.0.attn.q_proj
1336752743,1336901627,148884,0,148884,:fsdp:backward:reduce_scatter:layers.0.attn.q_proj,9491,9872,0,0,3172,,:3172,:fsdp:backward:reduce_scatter:layers.0.attn.q_proj
1336774636,1336923806,149170,0,149170,:fsdp:backward:reduce_scatter:layers.0.attn.q_proj,9492,9875,0,0,2270,,:2270,:fsdp:backward:reduce_scatter:layers.0.attn.q_proj
1346551376,1346620320,68944,0,68944,:fsdp:backward:compute:token_embeddings,9492,9875,0,0,2271,,:2271,:fsdp:backward:compute:token_embeddings
1346551640,1346619652,68012,0,68012,:fsdp:backward:compute:token_embeddings,9491,9872,0,0,3173,,:3173,:fsdp:backward:compute:token_embeddings
1351860460,1352040683,180223,0,180223,:fsdp:backward:reduce_scatter:token_embeddings,9491,9872,0,0,3174,,:3174,:fsdp:backward:reduce_scatter:token_embeddings
1351868614,1352037662,169048,0,169048,:fsdp:backward:reduce_scatter:token_embeddings,9492,9875,0,0,2272,,:2272,:fsdp:backward:reduce_scatter:token_embeddings
