Name,Projected Start (ns),Projected Duration (ns),Orig Start (ns),Orig Duration (ns),Style,PID,TID,NumGPUOps,Lvl,NumChild,RangeId,ParentId,RangeStack
:measurement,22969813,1695916108,21072018,1699472608,PushPop,9492,9492,3466,0,2,9,,:9
:fsdp_forward,22969813,453235401,22129149,232319799,PushPop,9492,9492,2673,1,678,10,9,:9:10
:fsdp:forward:all_gather:token_embeddings,22969813,9518430,22660016,491868,PushPop,9492,9492,3,2,0,11,10,:9:10:11
:fsdp:forward:wait_weights:token_embeddings,32490899,127651,23165302,90032,PushPop,9492,9492,1,2,0,12,10,:9:10:12
:fsdp:forward:all_gather:layers.0.attn.q_proj,32633014,559817,23308574,161456,PushPop,9492,9492,3,2,0,13,10,:9:10:13
:fsdp:forward:compute:token_embeddings,32618838,19264,23477331,76487,PushPop,9492,9492,1,2,0,14,10,:9:10:14
:fsdp:forward:wait_weights:layers.0.attn.q_proj,33195391,9792,23847486,47610,PushPop,9492,9492,1,2,0,15,10,:9:10:15
:fsdp:forward:all_gather:layers.0.attn.k_proj,33208127,565034,23928366,150244,PushPop,9492,9492,3,2,0,16,10,:9:10:16
:fsdp:forward:compute:layers.0.attn.q_proj,33205471,587562,24087795,120235,PushPop,9492,9492,1,2,0,17,10,:9:10:17
:fsdp:forward:wait_weights:layers.0.attn.k_proj,33794601,9440,24260637,46276,PushPop,9492,9492,1,2,0,18,10,:9:10:18
:fsdp:forward:all_gather:layers.0.attn.v_proj,33805033,565162,24338152,136608,PushPop,9492,9492,3,2,0,19,10,:9:10:19
:fsdp:forward:compute:layers.0.attn.k_proj,33804361,592042,24483470,49252,PushPop,9492,9492,1,2,0,20,10,:9:10:20
:fsdp:forward:wait_weights:layers.0.attn.v_proj,34398739,9344,24574131,39715,PushPop,9492,9492,1,2,0,21,10,:9:10:21
:fsdp:forward:all_gather:layers.0.attn.output_proj,34410675,562602,24642096,128780,PushPop,9492,9492,3,2,0,22,10,:9:10:22
:fsdp:forward:compute:layers.0.attn.v_proj,34408403,592874,24779107,40546,PushPop,9492,9492,1,2,0,23,10,:9:10:23
:fsdp:forward:wait_weights:layers.0.attn.output_proj,36580919,21633,25841427,53319,PushPop,9492,9492,1,2,0,24,10,:9:10:24
:fsdp:forward:all_gather:layers.0.ffn.w1,36604312,2169092,25935770,184123,PushPop,9492,9492,3,2,0,25,10,:9:10:25
:fsdp:forward:compute:layers.0.attn.output_proj,36602840,583305,26130644,49252,PushPop,9492,9492,1,2,0,26,10,:9:10:26
:fsdp:forward:wait_weights:layers.0.ffn.w1,38774268,131266,26392002,46381,PushPop,9492,9492,1,2,0,27,10,:9:10:27
:fsdp:forward:all_gather:layers.0.ffn.w3,38909310,2207013,26470401,155717,PushPop,9492,9492,3,2,0,28,10,:9:10:28
:fsdp:forward:compute:layers.0.ffn.w1,38907582,2183460,26634933,66822,PushPop,9492,9492,2,2,0,29,10,:9:10:29
:fsdp:forward:wait_weights:layers.0.ffn.w3,41340550,141123,26789302,39825,PushPop,9492,9492,1,2,0,30,10,:9:10:30
:fsdp:forward:all_gather:layers.0.ffn.w2,41485577,2216773,26857646,139312,PushPop,9492,9492,3,2,0,31,10,:9:10:31
:fsdp:forward:compute:layers.0.ffn.w3,41484009,2164612,27004812,52867,PushPop,9492,9492,2,2,0,32,10,:9:10:32
:fsdp:forward:wait_weights:layers.0.ffn.w2,43848368,148707,27117696,36755,PushPop,9492,9492,1,2,0,33,10,:9:10:33
:fsdp:forward:all_gather:layers.1.attn.q_proj,45961395,548073,27182748,127621,PushPop,9492,9492,3,2,0,34,10,:9:10:34
:fsdp:forward:compute:layers.0.ffn.w2,43998067,2004897,27317720,45662,PushPop,9492,9492,2,2,0,35,10,:9:10:35
:fsdp:forward:wait_weights:layers.1.attn.q_proj,46510716,9952,27553614,38220,PushPop,9492,9492,1,2,0,36,10,:9:10:36
:fsdp:forward:all_gather:layers.1.attn.k_proj,46523869,564201,27620337,142591,PushPop,9492,9492,3,2,0,37,10,:9:10:37
:fsdp:forward:compute:layers.1.attn.q_proj,46520956,583114,27770447,44068,PushPop,9492,9492,1,2,0,38,10,:9:10:38
:fsdp:forward:wait_weights:layers.1.attn.k_proj,47106790,9728,27853279,36393,PushPop,9492,9492,1,2,0,39,10,:9:10:39
:fsdp:forward:all_gather:layers.1.attn.v_proj,47120518,560778,27917069,126279,PushPop,9492,9492,3,2,0,40,10,:9:10:40
:fsdp:forward:compute:layers.1.attn.k_proj,47116838,587594,28051521,37447,PushPop,9492,9492,1,2,0,41,10,:9:10:41
:fsdp:forward:wait_weights:layers.1.attn.v_proj,47706864,9536,28126641,34440,PushPop,9492,9492,1,2,0,42,10,:9:10:42
:fsdp:forward:all_gather:layers.1.attn.output_proj,47721200,562442,28187149,115615,PushPop,9492,9492,3,2,0,43,10,:9:10:43
:fsdp:forward:compute:layers.1.attn.v_proj,47716720,589738,28310204,35742,PushPop,9492,9492,1,2,0,44,10,:9:10:44
:fsdp:forward:wait_weights:layers.1.attn.output_proj,49891092,21857,29155473,49687,PushPop,9492,9492,1,2,0,45,10,:9:10:45
:fsdp:forward:all_gather:layers.1.ffn.w1,49916821,2160868,29243810,177733,PushPop,9492,9492,3,2,0,46,10,:9:10:46
:fsdp:forward:compute:layers.1.attn.output_proj,49913237,581641,29431939,46874,PushPop,9492,9492,1,2,0,47,10,:9:10:47
:fsdp:forward:wait_weights:layers.1.ffn.w1,52079321,135874,29674777,42287,PushPop,9492,9492,1,2,0,48,10,:9:10:48
:fsdp:forward:all_gather:layers.1.ffn.w3,52218427,2206949,29748750,153041,PushPop,9492,9492,3,2,0,49,10,:9:10:49
:fsdp:forward:compute:layers.1.ffn.w1,52216827,2175844,29910452,56163,PushPop,9492,9492,2,2,0,50,10,:9:10:50
:fsdp:forward:wait_weights:layers.1.ffn.w3,54652804,142978,30047236,37330,PushPop,9492,9492,1,2,0,51,10,:9:10:51
:fsdp:forward:all_gather:layers.1.ffn.w2,54799430,2313350,30115881,130179,PushPop,9492,9492,3,2,0,52,10,:9:10:52
:fsdp:forward:compute:layers.1.ffn.w3,54797222,2039682,30253694,50067,PushPop,9492,9492,2,2,0,53,10,:9:10:53
:fsdp:forward:wait_weights:layers.1.ffn.w2,57114380,130211,30360564,36287,PushPop,9492,9492,1,2,0,54,10,:9:10:54
:fsdp:forward:all_gather:layers.2.attn.q_proj,59143502,549609,30425857,141549,PushPop,9492,9492,3,2,0,55,10,:9:10:55
:fsdp:forward:compute:layers.1.ffn.w2,57245711,1941152,30576654,47075,PushPop,9492,9492,2,2,0,56,10,:9:10:56
:fsdp:forward:wait_weights:layers.2.attn.q_proj,59693847,9408,30825409,44835,PushPop,9492,9492,1,2,0,57,10,:9:10:57
:fsdp:forward:all_gather:layers.2.attn.k_proj,59704855,558314,30902092,145511,PushPop,9492,9492,3,2,0,58,10,:9:10:58
:fsdp:forward:compute:layers.2.attn.q_proj,59703543,565674,31055895,42395,PushPop,9492,9492,1,2,0,59,10,:9:10:59
:fsdp:forward:wait_weights:layers.2.attn.k_proj,60271489,8832,31140072,42454,PushPop,9492,9492,1,2,0,60,10,:9:10:60
:fsdp:forward:all_gather:layers.2.attn.v_proj,60282529,553513,31211203,129241,PushPop,9492,9492,3,2,0,61,10,:9:10:61
:fsdp:forward:compute:layers.2.attn.k_proj,60280577,565897,31350701,37487,PushPop,9492,9492,1,2,0,62,10,:9:10:62
:fsdp:forward:wait_weights:layers.2.attn.v_proj,60849066,9153,31429394,37119,PushPop,9492,9492,1,2,0,63,10,:9:10:63
:fsdp:forward:all_gather:layers.2.attn.output_proj,60862027,553513,31495647,125542,PushPop,9492,9492,3,2,0,64,10,:9:10:64
:fsdp:forward:compute:layers.2.attn.v_proj,60858507,566537,31629096,36606,PushPop,9492,9492,1,2,0,65,10,:9:10:65
:fsdp:forward:wait_weights:layers.2.attn.output_proj,62992270,26593,32479690,49514,PushPop,9492,9492,1,2,0,66,10,:9:10:66
:fsdp:forward:all_gather:layers.2.ffn.w1,63022191,2154339,32567309,165099,PushPop,9492,9492,3,2,0,67,10,:9:10:67
:fsdp:forward:compute:layers.2.attn.output_proj,63019119,566697,32741266,43531,PushPop,9492,9492,1,2,0,68,10,:9:10:68
:fsdp:forward:wait_weights:layers.2.ffn.w1,65178514,131203,32975845,41611,PushPop,9492,9492,1,2,0,69,10,:9:10:69
:fsdp:forward:all_gather:layers.2.ffn.w3,65312821,2411080,33047654,138748,PushPop,9492,9492,3,2,0,70,10,:9:10:70
:fsdp:forward:compute:layers.2.ffn.w1,65310837,2026369,33194523,53319,PushPop,9492,9492,2,2,0,71,10,:9:10:71
:fsdp:forward:wait_weights:layers.2.ffn.w3,67726269,136162,33327716,37462,PushPop,9492,9492,1,2,0,72,10,:9:10:72
:fsdp:forward:all_gather:layers.2.ffn.w2,67865247,2283238,33394118,128636,PushPop,9492,9492,3,2,0,73,10,:9:10:73
:fsdp:forward:compute:layers.2.ffn.w3,67863775,2006209,33530262,44776,PushPop,9492,9492,2,2,0,74,10,:9:10:74
:fsdp:forward:wait_weights:layers.2.ffn.w2,70150085,126530,33634678,35009,PushPop,9492,9492,1,2,0,75,10,:9:10:75
:fsdp:forward:all_gather:layers.3.attn.q_proj,72169543,555849,33697795,129814,PushPop,9492,9492,3,2,0,76,10,:9:10:76
:fsdp:forward:compute:layers.2.ffn.w2,70278919,1932832,33835631,43236,PushPop,9492,9492,2,2,0,77,10,:9:10:77
:fsdp:forward:wait_weights:layers.3.attn.q_proj,72727568,9440,34067306,40992,PushPop,9492,9492,1,2,0,78,10,:9:10:78
:fsdp:forward:all_gather:layers.3.attn.k_proj,72738544,557833,34137652,137717,PushPop,9492,9492,3,2,0,79,10,:9:10:79
:fsdp:forward:compute:layers.3.attn.q_proj,72737264,568521,34283215,41477,PushPop,9492,9492,1,2,0,80,10,:9:10:80
:fsdp:forward:wait_weights:layers.3.attn.k_proj,73307257,8961,34363539,35422,PushPop,9492,9492,1,2,0,81,10,:9:10:81
:fsdp:forward:all_gather:layers.3.attn.v_proj,73318202,555081,34425688,124186,PushPop,9492,9492,3,2,0,82,10,:9:10:82
:fsdp:forward:compute:layers.3.attn.k_proj,73316506,567273,34558317,37347,PushPop,9492,9492,1,2,0,83,10,:9:10:83
:fsdp:forward:wait_weights:layers.3.attn.v_proj,73885827,8928,34634735,35613,PushPop,9492,9492,1,2,0,84,10,:9:10:84
:fsdp:forward:all_gather:layers.3.attn.output_proj,73898595,553417,34696774,126864,PushPop,9492,9492,3,2,0,85,10,:9:10:85
:fsdp:forward:compute:layers.3.attn.v_proj,73895011,568778,34831509,37964,PushPop,9492,9492,1,2,0,86,10,:9:10:86
:fsdp:forward:wait_weights:layers.3.attn.output_proj,76024967,26880,35657134,45335,PushPop,9492,9492,1,2,0,87,10,:9:10:87
:fsdp:forward:all_gather:layers.3.ffn.w1,76054887,2157700,35739160,170933,PushPop,9492,9492,3,2,0,88,10,:9:10:88
:fsdp:forward:compute:layers.3.attn.output_proj,76052103,563977,35918875,43656,PushPop,9492,9492,1,2,0,89,10,:9:10:89
:fsdp:forward:wait_weights:layers.3.ffn.w1,78213291,131778,36155653,39344,PushPop,9492,9492,1,2,0,90,10,:9:10:90
:fsdp:forward:all_gather:layers.3.ffn.w3,78348045,2404040,36226537,145203,PushPop,9492,9492,3,2,0,91,10,:9:10:91
:fsdp:forward:compute:layers.3.ffn.w1,78346541,2018658,36380352,55221,PushPop,9492,9492,2,2,0,92,10,:9:10:92
:fsdp:forward:wait_weights:layers.3.ffn.w3,80753781,137730,36512852,36545,PushPop,9492,9492,1,2,0,93,10,:9:10:93
:fsdp:forward:all_gather:layers.3.ffn.w2,80895287,2299943,36577028,137927,PushPop,9492,9492,3,2,0,94,10,:9:10:94
:fsdp:forward:compute:layers.3.ffn.w3,80893207,2022146,36722414,51010,PushPop,9492,9492,2,2,0,95,10,:9:10:95
:fsdp:forward:wait_weights:layers.3.ffn.w2,83196094,129058,36831865,35864,PushPop,9492,9492,1,2,0,96,10,:9:10:96
:fsdp:forward:all_gather:layers.4.attn.q_proj,83328864,1926912,36895681,122132,PushPop,9492,9492,3,2,0,97,10,:9:10:97
:fsdp:forward:compute:layers.3.ffn.w2,83327488,1953920,37025984,43065,PushPop,9492,9492,2,2,0,98,10,:9:10:98
:fsdp:forward:wait_weights:layers.4.attn.q_proj,85351713,12097,37250768,36765,PushPop,9492,9492,1,2,0,99,10,:9:10:99
:fsdp:forward:all_gather:layers.4.attn.k_proj,85366850,553353,37315415,136162,PushPop,9492,9492,3,2,0,100,10,:9:10:100
:fsdp:forward:compute:layers.4.attn.q_proj,85364066,563401,37459659,41022,PushPop,9492,9492,1,2,0,101,10,:9:10:101
:fsdp:forward:wait_weights:layers.4.attn.k_proj,85929291,8768,37536324,36082,PushPop,9492,9492,1,2,0,102,10,:9:10:102
:fsdp:forward:all_gather:layers.4.attn.v_proj,85940235,550953,37600315,118061,PushPop,9492,9492,3,2,0,103,10,:9:10:103
:fsdp:forward:compute:layers.4.attn.k_proj,85938347,564074,37726253,36556,PushPop,9492,9492,1,2,0,104,10,:9:10:104
:fsdp:forward:wait_weights:layers.4.attn.v_proj,86503733,8928,37794732,33137,PushPop,9492,9492,1,2,0,105,10,:9:10:105
:fsdp:forward:all_gather:layers.4.attn.output_proj,86515637,552329,37853091,108810,PushPop,9492,9492,3,2,0,106,10,:9:10:106
:fsdp:forward:compute:layers.4.attn.v_proj,86512949,564041,37968497,33879,PushPop,9492,9492,1,2,0,107,10,:9:10:107
:fsdp:forward:wait_weights:layers.4.attn.output_proj,88636760,26336,38804688,49206,PushPop,9492,9492,1,2,0,108,10,:9:10:108
:fsdp:forward:all_gather:layers.4.ffn.w1,88666585,2155139,38893620,188350,PushPop,9492,9492,3,2,0,109,10,:9:10:109
:fsdp:forward:compute:layers.4.attn.output_proj,88663353,567689,39092926,45642,PushPop,9492,9492,1,2,0,110,10,:9:10:110
:fsdp:forward:wait_weights:layers.4.ffn.w1,90822972,131811,39339810,43391,PushPop,9492,9492,1,2,0,111,10,:9:10:111
:fsdp:forward:all_gather:layers.4.ffn.w3,92913695,2289446,39414782,148562,PushPop,9492,9492,3,2,0,112,10,:9:10:112
:fsdp:forward:compute:layers.4.ffn.w1,90956351,2011873,39573199,55621,PushPop,9492,9492,2,2,0,113,10,:9:10:113
:fsdp:forward:wait_weights:layers.4.ffn.w3,95203813,133026,39708661,44093,PushPop,9492,9492,1,2,0,114,10,:9:10:114
:fsdp:forward:all_gather:layers.4.ffn.w2,97288072,2254501,39781358,138890,PushPop,9492,9492,3,2,0,115,10,:9:10:115
:fsdp:forward:compute:layers.4.ffn.w3,95339047,2008322,39928892,49623,PushPop,9492,9492,2,2,0,116,10,:9:10:116
:fsdp:forward:wait_weights:layers.4.ffn.w2,99544525,129346,40037476,36353,PushPop,9492,9492,1,2,0,117,10,:9:10:117
:fsdp:forward:all_gather:layers.5.attn.q_proj,101577775,558473,40102060,132610,PushPop,9492,9492,3,2,0,118,10,:9:10:118
:fsdp:forward:compute:layers.4.ffn.w2,99675951,1941185,40242070,44386,PushPop,9492,9492,2,2,0,119,10,:9:10:119
:fsdp:forward:wait_weights:layers.5.attn.q_proj,102137304,10048,40469880,41278,PushPop,9492,9492,1,2,0,120,10,:9:10:120
:fsdp:forward:all_gather:layers.5.attn.k_proj,102151001,554345,40541087,141293,PushPop,9492,9492,3,2,0,121,10,:9:10:121
:fsdp:forward:compute:layers.5.attn.q_proj,102147608,561770,40691134,44394,PushPop,9492,9492,1,2,0,122,10,:9:10:122
:fsdp:forward:wait_weights:layers.5.attn.k_proj,102710882,8768,40777217,38121,PushPop,9492,9492,1,2,0,123,10,:9:10:123
:fsdp:forward:all_gather:layers.5.attn.v_proj,102722626,551529,40842666,124556,PushPop,9492,9492,3,2,0,124,10,:9:10:124
:fsdp:forward:compute:layers.5.attn.k_proj,102719906,561673,40974935,37109,PushPop,9492,9492,1,2,0,125,10,:9:10:125
:fsdp:forward:wait_weights:layers.5.attn.v_proj,103283307,8801,41048433,35509,PushPop,9492,9492,1,2,0,126,10,:9:10:126
:fsdp:forward:all_gather:layers.5.attn.output_proj,103296940,553865,41109300,114808,PushPop,9492,9492,3,2,0,127,10,:9:10:127
:fsdp:forward:compute:layers.5.attn.v_proj,103292396,563849,41231454,35300,PushPop,9492,9492,1,2,0,128,10,:9:10:128
:fsdp:forward:wait_weights:layers.5.attn.output_proj,105420399,26496,42050633,53900,PushPop,9492,9492,1,2,0,129,10,:9:10:129
:fsdp:forward:all_gather:layers.5.ffn.w1,105450543,2162148,42144242,173740,PushPop,9492,9492,3,2,0,130,10,:9:10:130
:fsdp:forward:compute:layers.5.attn.output_proj,105447151,560394,42329127,46571,PushPop,9492,9492,1,2,0,131,10,:9:10:131
:fsdp:forward:wait_weights:layers.5.ffn.w1,107614803,130914,42580144,42159,PushPop,9492,9492,1,2,0,132,10,:9:10:132
:fsdp:forward:all_gather:layers.5.ffn.w3,109706358,2308646,42653746,158062,PushPop,9492,9492,3,2,0,133,10,:9:10:133
:fsdp:forward:compute:layers.5.ffn.w1,107748118,2011681,42820399,56457,PushPop,9492,9492,2,2,0,134,10,:9:10:134
:fsdp:forward:wait_weights:layers.5.ffn.w3,112016028,129507,42959595,37091,PushPop,9492,9492,1,2,0,135,10,:9:10:135
:fsdp:forward:all_gather:layers.5.ffn.w2,113873883,2236197,43025007,1394658,PushPop,9492,9492,3,2,0,136,10,:9:10:136
:fsdp:forward:compute:layers.5.ffn.w3,112147327,2011265,44428695,54848,PushPop,9492,9492,2,2,0,137,10,:9:10:137
:fsdp:forward:wait_weights:layers.5.ffn.w2,116112096,134787,44549583,38542,PushPop,9492,9492,1,2,0,138,10,:9:10:138
:fsdp:forward:all_gather:layers.6.attn.q_proj,118150082,556522,44618062,142354,PushPop,9492,9492,3,2,0,139,10,:9:10:139
:fsdp:forward:compute:layers.5.ffn.w2,116249091,1947552,44771219,65559,PushPop,9492,9492,2,2,0,140,10,:9:10:140
:fsdp:forward:wait_weights:layers.6.attn.q_proj,118707948,11040,45097970,56181,PushPop,9492,9492,1,2,0,141,10,:9:10:141
:fsdp:forward:all_gather:layers.6.attn.k_proj,118721548,558089,45197417,201995,PushPop,9492,9492,3,2,0,142,10,:9:10:142
:fsdp:forward:compute:layers.6.attn.q_proj,118719276,566089,45410896,58801,PushPop,9492,9492,1,2,0,143,10,:9:10:143
:fsdp:forward:wait_weights:layers.6.attn.k_proj,119287637,8576,45526429,53553,PushPop,9492,9492,1,2,0,144,10,:9:10:144
:fsdp:forward:all_gather:layers.6.attn.v_proj,119298581,552202,45620708,179588,PushPop,9492,9492,3,2,0,145,10,:9:10:145
:fsdp:forward:compute:layers.6.attn.k_proj,119296501,565322,45811471,54996,PushPop,9492,9492,1,2,0,146,10,:9:10:146
:fsdp:forward:wait_weights:layers.6.attn.v_proj,119864191,9056,45919954,53998,PushPop,9492,9492,1,2,0,147,10,:9:10:147
:fsdp:forward:all_gather:layers.6.attn.output_proj,119876095,552585,46014843,177098,PushPop,9492,9492,3,2,0,148,10,:9:10:148
:fsdp:forward:compute:layers.6.attn.v_proj,119873535,565673,46203134,50149,PushPop,9492,9492,1,2,0,149,10,:9:10:149
:fsdp:forward:wait_weights:layers.6.attn.output_proj,122005346,26945,47358467,66819,PushPop,9492,9492,1,2,0,150,10,:9:10:150
:fsdp:forward:all_gather:layers.6.ffn.w1,122035587,2163012,47479175,225665,PushPop,9492,9492,3,2,0,151,10,:9:10:151
:fsdp:forward:compute:layers.6.attn.output_proj,122032547,560553,47718277,58555,PushPop,9492,9492,1,2,0,152,10,:9:10:152
:fsdp:forward:wait_weights:layers.6.ffn.w1,124199783,134018,48044759,59479,PushPop,9492,9492,1,2,0,153,10,:9:10:153
:fsdp:forward:all_gather:layers.6.ffn.w3,124337225,3978978,48152917,203304,PushPop,9492,9492,3,2,0,154,10,:9:10:154
:fsdp:forward:compute:layers.6.ffn.w1,124335145,2011585,48369046,78170,PushPop,9492,9492,2,2,0,155,10,:9:10:155
:fsdp:forward:wait_weights:layers.6.ffn.w3,128318379,131202,48559641,53179,PushPop,9492,9492,1,2,0,156,10,:9:10:156
:fsdp:forward:all_gather:layers.6.ffn.w2,130177546,2471177,48654394,188333,PushPop,9492,9492,3,2,0,157,10,:9:10:157
:fsdp:forward:compute:layers.6.ffn.w3,128451725,2011458,48853892,65171,PushPop,9492,9492,2,2,0,158,10,:9:10:158
:fsdp:forward:wait_weights:layers.6.ffn.w2,132649939,130914,48999467,50795,PushPop,9492,9492,1,2,0,159,10,:9:10:159
:fsdp:forward:all_gather:layers.7.attn.q_proj,134677205,558569,49091438,181260,PushPop,9492,9492,3,2,0,160,10,:9:10:160
:fsdp:forward:compute:layers.6.ffn.w2,132782869,1933889,49284662,59740,PushPop,9492,9492,2,2,0,161,10,:9:10:161
:fsdp:forward:wait_weights:layers.7.attn.q_proj,135237630,10048,49596336,56043,PushPop,9492,9492,1,2,0,162,10,:9:10:162
:fsdp:forward:all_gather:layers.7.attn.k_proj,135251326,555018,49698534,186374,PushPop,9492,9492,3,2,0,163,10,:9:10:163
:fsdp:forward:compute:layers.7.attn.q_proj,135247934,561290,49899135,58298,PushPop,9492,9492,1,2,0,164,10,:9:10:164
:fsdp:forward:wait_weights:layers.7.attn.k_proj,135811208,9312,50011979,50968,PushPop,9492,9492,1,2,0,165,10,:9:10:165
:fsdp:forward:all_gather:layers.7.attn.v_proj,135822056,555913,50102701,169599,PushPop,9492,9492,3,2,0,166,10,:9:10:166
:fsdp:forward:compute:layers.7.attn.k_proj,135820776,562409,50283379,50200,PushPop,9492,9492,1,2,0,167,10,:9:10:167
:fsdp:forward:wait_weights:layers.7.attn.v_proj,136384657,8576,50382680,48312,PushPop,9492,9492,1,2,0,168,10,:9:10:168
:fsdp:forward:all_gather:layers.7.attn.output_proj,136396049,553034,50468234,181238,PushPop,9492,9492,3,2,0,169,10,:9:10:169
:fsdp:forward:compute:layers.7.attn.v_proj,136393489,559722,50661095,51073,PushPop,9492,9492,1,2,0,170,10,:9:10:170
:fsdp:forward:wait_weights:layers.7.attn.output_proj,138509461,22016,51807514,75356,PushPop,9492,9492,1,2,0,171,10,:9:10:171
:fsdp:forward:all_gather:layers.7.ffn.w1,138535541,2164324,51938664,238086,PushPop,9492,9492,3,2,0,172,10,:9:10:172
:fsdp:forward:compute:layers.7.attn.output_proj,138531733,564745,52192620,63877,PushPop,9492,9492,1,2,0,173,10,:9:10:173
:fsdp:forward:wait_weights:layers.7.ffn.w1,140701817,131170,52531398,59456,PushPop,9492,9492,1,2,0,174,10,:9:10:174
:fsdp:forward:all_gather:layers.7.ffn.w3,142552696,2288358,52637874,205553,PushPop,9492,9492,3,2,0,175,10,:9:10:175
:fsdp:forward:compute:layers.7.ffn.w1,140833691,2001825,52858246,74977,PushPop,9492,9492,2,2,0,176,10,:9:10:176
:fsdp:forward:wait_weights:layers.7.ffn.w3,144842910,131906,53047896,54565,PushPop,9492,9492,1,2,0,177,10,:9:10:177
:fsdp:forward:all_gather:layers.7.ffn.w2,144979360,2293798,53144407,188471,PushPop,9492,9492,3,2,0,178,10,:9:10:178
:fsdp:forward:compute:layers.7.ffn.w3,144977440,2018817,53345693,65961,PushPop,9492,9492,2,2,0,179,10,:9:10:179
:fsdp:forward:wait_weights:layers.7.ffn.w2,147273958,131010,53496981,53191,PushPop,9492,9492,1,2,0,180,10,:9:10:180
:fsdp:forward:all_gather:layers.8.attn.q_proj,147408776,2425705,53592461,189612,PushPop,9492,9492,3,2,0,181,10,:9:10:181
:fsdp:forward:compute:layers.7.ffn.w2,147407368,2215461,53794133,63823,PushPop,9492,9492,2,2,0,182,10,:9:10:182
:fsdp:forward:wait_weights:layers.8.attn.q_proj,149837041,9344,54125018,57891,PushPop,9492,9492,1,2,0,183,10,:9:10:183
:fsdp:forward:all_gather:layers.8.attn.k_proj,149849265,560329,54229676,205810,PushPop,9492,9492,3,2,0,184,10,:9:10:184
:fsdp:forward:compute:layers.8.attn.q_proj,149846641,568105,54449277,62368,PushPop,9492,9492,1,2,0,185,10,:9:10:185
:fsdp:forward:wait_weights:layers.8.attn.k_proj,150416762,8736,54578821,56080,PushPop,9492,9492,1,2,0,186,10,:9:10:186
:fsdp:forward:all_gather:layers.8.attn.v_proj,150428411,557065,54677552,179267,PushPop,9492,9492,3,2,0,187,10,:9:10:187
:fsdp:forward:compute:layers.8.attn.k_proj,150425754,569290,54868469,56559,PushPop,9492,9492,1,2,0,188,10,:9:10:188
:fsdp:forward:wait_weights:layers.8.attn.v_proj,150996356,8768,54976928,50763,PushPop,9492,9492,1,2,0,189,10,:9:10:189
:fsdp:forward:all_gather:layers.8.attn.output_proj,151008836,554473,55065754,162690,PushPop,9492,9492,3,2,0,190,10,:9:10:190
:fsdp:forward:compute:layers.8.attn.v_proj,151005380,568650,55239728,50487,PushPop,9492,9492,1,2,0,191,10,:9:10:191
:fsdp:forward:wait_weights:layers.8.attn.output_proj,153133447,21697,56377125,69625,PushPop,9492,9492,1,2,0,192,10,:9:10:192
:fsdp:forward:all_gather:layers.8.ffn.w1,153157448,2162692,56502408,250209,PushPop,9492,9492,3,2,0,193,10,:9:10:193
:fsdp:forward:compute:layers.8.attn.output_proj,153155432,560073,56768498,63780,PushPop,9492,9492,1,2,0,194,10,:9:10:194
:fsdp:forward:wait_weights:layers.8.ffn.w1,155321676,132610,57106085,56972,PushPop,9492,9492,1,2,0,195,10,:9:10:195
:fsdp:forward:all_gather:layers.8.ffn.w3,157419887,2298630,57207607,228613,PushPop,9492,9492,3,2,0,196,10,:9:10:196
:fsdp:forward:compute:layers.8.ffn.w1,155456046,2005153,57449175,77526,PushPop,9492,9492,2,2,0,197,10,:9:10:197
:fsdp:forward:wait_weights:layers.8.ffn.w3,159719861,131778,57637485,54413,PushPop,9492,9492,1,2,0,198,10,:9:10:198
:fsdp:forward:all_gather:layers.8.ffn.w2,159854839,2290342,57733655,180452,PushPop,9492,9492,3,2,0,199,10,:9:10:199
:fsdp:forward:compute:layers.8.ffn.w3,159853239,2013698,57926867,65842,PushPop,9492,9492,2,2,0,200,10,:9:10:200
:fsdp:forward:wait_weights:layers.8.ffn.w2,162147805,128834,58074091,50690,PushPop,9492,9492,1,2,0,201,10,:9:10:201
:fsdp:forward:all_gather:layers.9.attn.q_proj,164174399,549961,58166603,173979,PushPop,9492,9492,3,2,0,202,10,:9:10:202
:fsdp:forward:compute:layers.8.ffn.w2,162278655,1939297,58352189,60802,PushPop,9492,9492,2,2,0,203,10,:9:10:203
:fsdp:forward:wait_weights:layers.9.attn.q_proj,164725224,9312,58675883,53985,PushPop,9492,9492,1,2,0,204,10,:9:10:204
:fsdp:forward:all_gather:layers.9.attn.k_proj,164736232,560009,58776109,191703,PushPop,9492,9492,3,2,0,205,10,:9:10:205
:fsdp:forward:compute:layers.9.attn.q_proj,164734824,563274,58979786,62038,PushPop,9492,9492,1,2,0,206,10,:9:10:206
:fsdp:forward:wait_weights:layers.9.attn.k_proj,165298802,8608,59095894,51270,PushPop,9492,9492,1,2,0,207,10,:9:10:207
:fsdp:forward:all_gather:layers.9.attn.v_proj,165310034,553641,59186553,166543,PushPop,9492,9492,3,2,0,208,10,:9:10:208
:fsdp:forward:compute:layers.9.attn.k_proj,165307698,559849,59363303,49648,PushPop,9492,9492,1,2,0,209,10,:9:10:209
:fsdp:forward:wait_weights:layers.9.attn.v_proj,165870203,8768,59459948,47515,PushPop,9492,9492,1,2,0,210,10,:9:10:210
:fsdp:forward:all_gather:layers.9.attn.output_proj,165881883,555145,59545253,160332,PushPop,9492,9492,3,2,0,211,10,:9:10:211
:fsdp:forward:compute:layers.9.attn.v_proj,165879227,562153,59716689,49354,PushPop,9492,9492,1,2,0,212,10,:9:10:212
:fsdp:forward:wait_weights:layers.9.attn.output_proj,168010367,21568,60837149,71695,PushPop,9492,9492,1,2,0,213,10,:9:10:213
:fsdp:forward:all_gather:layers.9.ffn.w1,168033983,2154660,60963156,217167,PushPop,9492,9492,3,2,0,214,10,:9:10:214
:fsdp:forward:compute:layers.9.attn.output_proj,168032191,561577,61197011,59751,PushPop,9492,9492,1,2,0,215,10,:9:10:215
:fsdp:forward:wait_weights:layers.9.ffn.w1,170190435,133890,61521749,57255,PushPop,9492,9492,1,2,0,216,10,:9:10:216
:fsdp:forward:all_gather:layers.9.ffn.w3,170327557,2406664,61622494,188126,PushPop,9492,9492,3,2,0,217,10,:9:10:217
:fsdp:forward:compute:layers.9.ffn.w1,170325989,2019874,61821526,70419,PushPop,9492,9492,2,2,0,218,10,:9:10:218
:fsdp:forward:wait_weights:layers.9.ffn.w3,172735117,138434,62002408,52994,PushPop,9492,9492,1,2,0,219,10,:9:10:219
:fsdp:forward:all_gather:layers.9.ffn.w2,172876655,2294823,62097442,172237,PushPop,9492,9492,3,2,0,220,10,:9:10:220
:fsdp:forward:compute:layers.9.ffn.w3,172874607,2019298,62281411,62534,PushPop,9492,9492,2,2,0,221,10,:9:10:221
:fsdp:forward:wait_weights:layers.9.ffn.w2,175173302,127970,62425121,53815,PushPop,9492,9492,1,2,0,222,10,:9:10:222
:fsdp:forward:all_gather:layers.10.attn.q_proj,177193367,559977,62521873,189449,PushPop,9492,9492,3,2,0,223,10,:9:10:223
:fsdp:forward:compute:layers.9.ffn.w2,175302616,1936416,62723564,72227,PushPop,9492,9492,2,2,0,224,10,:9:10:224
:fsdp:forward:wait_weights:layers.10.attn.q_proj,177754816,9857,63060745,55832,PushPop,9492,9492,1,2,0,225,10,:9:10:225
:fsdp:forward:all_gather:layers.10.attn.k_proj,177768417,557321,63161849,188641,PushPop,9492,9492,3,2,0,226,10,:9:10:226
:fsdp:forward:compute:layers.10.attn.q_proj,177764961,562985,63362952,57990,PushPop,9492,9492,1,2,0,227,10,:9:10:227
:fsdp:forward:wait_weights:layers.10.attn.k_proj,178330442,8960,63475904,53220,PushPop,9492,9492,1,2,0,228,10,:9:10:228
:fsdp:forward:all_gather:layers.10.attn.v_proj,178341386,556233,63569628,173152,PushPop,9492,9492,3,2,0,229,10,:9:10:229
:fsdp:forward:compute:layers.10.attn.k_proj,178339658,565258,63754698,51774,PushPop,9492,9492,1,2,0,230,10,:9:10:230
:fsdp:forward:wait_weights:layers.10.attn.v_proj,178906964,9120,63860106,49008,PushPop,9492,9492,1,2,0,231,10,:9:10:231
:fsdp:forward:all_gather:layers.10.attn.output_proj,178919412,555017,63945961,159712,PushPop,9492,9492,3,2,0,232,10,:9:10:232
:fsdp:forward:compute:layers.10.attn.v_proj,178916372,564265,64116187,46904,PushPop,9492,9492,1,2,0,233,10,:9:10:233
:fsdp:forward:wait_weights:layers.10.attn.output_proj,181056311,22433,65244598,69165,PushPop,9492,9492,1,2,0,234,10,:9:10:234
:fsdp:forward:all_gather:layers.10.ffn.w1,181082712,2157572,65367898,237325,PushPop,9492,9492,3,2,0,235,10,:9:10:235
:fsdp:forward:compute:layers.10.attn.output_proj,181079032,560905,65621906,63491,PushPop,9492,9492,1,2,0,236,10,:9:10:236
:fsdp:forward:wait_weights:layers.10.ffn.w1,183242556,130594,65956431,58768,PushPop,9492,9492,1,2,0,237,10,:9:10:237
:fsdp:forward:all_gather:layers.10.ffn.w3,183378014,3960802,66059859,202011,PushPop,9492,9492,3,2,0,238,10,:9:10:238
:fsdp:forward:compute:layers.10.ffn.w1,183375902,2010145,66275346,76061,PushPop,9492,9492,2,2,0,239,10,:9:10:239
:fsdp:forward:wait_weights:layers.10.ffn.w3,187340672,131682,66462404,53905,PushPop,9492,9492,1,2,0,240,10,:9:10:240
:fsdp:forward:all_gather:layers.10.ffn.w2,187475618,3944417,66568042,186023,PushPop,9492,9492,3,2,0,241,10,:9:10:241
:fsdp:forward:compute:layers.10.ffn.w3,187474114,2015265,66766657,65881,PushPop,9492,9492,2,2,0,242,10,:9:10:242
:fsdp:forward:wait_weights:layers.10.ffn.w2,191422371,128067,66914813,52753,PushPop,9492,9492,1,2,0,243,10,:9:10:243
:fsdp:forward:all_gather:layers.11.attn.q_proj,193458949,558890,67009487,178858,PushPop,9492,9492,3,2,0,244,10,:9:10:244
:fsdp:forward:compute:layers.10.ffn.w2,191551206,1947168,67200343,60205,PushPop,9492,9492,2,2,0,245,10,:9:10:245
:fsdp:forward:wait_weights:layers.11.attn.q_proj,194020303,9888,67514031,54521,PushPop,9492,9492,1,2,0,246,10,:9:10:246
:fsdp:forward:all_gather:layers.11.attn.k_proj,194033967,556361,67611109,189628,PushPop,9492,9492,3,2,0,247,10,:9:10:247
:fsdp:forward:compute:layers.11.attn.q_proj,194030447,560745,67812996,58905,PushPop,9492,9492,1,2,0,248,10,:9:10:248
:fsdp:forward:wait_weights:layers.11.attn.k_proj,194593880,9184,67928023,51969,PushPop,9492,9492,1,2,0,249,10,:9:10:249
:fsdp:forward:all_gather:layers.11.attn.v_proj,194604760,554602,68021429,188921,PushPop,9492,9492,3,2,0,250,10,:9:10:250
:fsdp:forward:compute:layers.11.attn.k_proj,194603320,561866,68223124,54707,PushPop,9492,9492,1,2,0,251,10,:9:10:251
:fsdp:forward:wait_weights:layers.11.attn.v_proj,195167298,8672,68334005,55816,PushPop,9492,9492,1,2,0,252,10,:9:10:252
:fsdp:forward:all_gather:layers.11.attn.output_proj,195179682,553417,68429744,166247,PushPop,9492,9492,3,2,0,253,10,:9:10:253
:fsdp:forward:compute:layers.11.attn.v_proj,195176258,561609,68606499,50316,PushPop,9492,9492,1,2,0,254,10,:9:10:254
:fsdp:forward:wait_weights:layers.11.attn.output_proj,197298277,22560,69738581,73675,PushPop,9492,9492,1,2,0,255,10,:9:10:255
:fsdp:forward:all_gather:layers.11.ffn.w1,197325030,2165507,69868512,232337,PushPop,9492,9492,3,2,0,256,10,:9:10:256
:fsdp:forward:compute:layers.11.attn.output_proj,197321093,564170,70118241,63176,PushPop,9492,9492,1,2,0,257,10,:9:10:257
:fsdp:forward:wait_weights:layers.11.ffn.w1,199491658,128834,70453725,57121,PushPop,9492,9492,1,2,0,258,10,:9:10:258
:fsdp:forward:all_gather:layers.11.ffn.w3,199624556,2412104,70564475,196462,PushPop,9492,9492,3,2,0,259,10,:9:10:259
:fsdp:forward:compute:layers.11.ffn.w1,199623020,2025601,70773745,74204,PushPop,9492,9492,2,2,0,260,10,:9:10:260
:fsdp:forward:wait_weights:layers.11.ffn.w3,202038388,137922,70959378,51707,PushPop,9492,9492,1,2,0,261,10,:9:10:261
:fsdp:forward:all_gather:layers.11.ffn.w2,202179318,2294598,71051119,178704,PushPop,9492,9492,3,2,0,262,10,:9:10:262
:fsdp:forward:compute:layers.11.ffn.w3,202177846,2018530,71241218,63068,PushPop,9492,9492,2,2,0,263,10,:9:10:263
:fsdp:forward:wait_weights:layers.11.ffn.w2,204474588,126978,71383047,51693,PushPop,9492,9492,1,2,0,264,10,:9:10:264
:fsdp:forward:all_gather:layers.12.attn.q_proj,204605310,1926304,71474824,168247,PushPop,9492,9492,3,2,0,265,10,:9:10:265
:fsdp:forward:compute:layers.11.ffn.w2,204603870,1956897,71654929,58086,PushPop,9492,9492,2,2,0,266,10,:9:10:266
:fsdp:forward:wait_weights:layers.12.attn.q_proj,206628096,11680,71968857,55257,PushPop,9492,9492,1,2,0,267,10,:9:10:267
:fsdp:forward:all_gather:layers.12.attn.k_proj,206643264,562858,72065719,199658,PushPop,9492,9492,3,2,0,268,10,:9:10:268
:fsdp:forward:compute:layers.12.attn.q_proj,206640032,563274,72276870,60733,PushPop,9492,9492,1,2,0,269,10,:9:10:269
:fsdp:forward:wait_weights:layers.12.attn.k_proj,207207594,9152,72393561,51850,PushPop,9492,9492,1,2,0,270,10,:9:10:270
:fsdp:forward:all_gather:layers.12.attn.v_proj,207219210,551785,72485414,173875,PushPop,9492,9492,3,2,0,271,10,:9:10:271
:fsdp:forward:compute:layers.12.attn.k_proj,207217034,560297,72670280,51324,PushPop,9492,9492,1,2,0,272,10,:9:10:272
:fsdp:forward:wait_weights:layers.12.attn.v_proj,207779091,8704,72771896,51844,PushPop,9492,9492,1,2,0,273,10,:9:10:273
:fsdp:forward:all_gather:layers.12.attn.output_proj,207791315,552106,72861072,156118,PushPop,9492,9492,3,2,0,274,10,:9:10:274
:fsdp:forward:compute:layers.12.attn.v_proj,207788083,560586,73027550,47408,PushPop,9492,9492,1,2,0,275,10,:9:10:275
:fsdp:forward:wait_weights:layers.12.attn.output_proj,209910071,21184,74166687,70557,PushPop,9492,9492,1,2,0,276,10,:9:10:276
:fsdp:forward:all_gather:layers.12.ffn.w1,209933719,2160420,74293162,266098,PushPop,9492,9492,3,2,0,277,10,:9:10:277
:fsdp:forward:compute:layers.12.attn.output_proj,209931511,559721,74576411,66179,PushPop,9492,9492,1,2,0,278,10,:9:10:278
:fsdp:forward:wait_weights:layers.12.ffn.w1,212095259,128226,74921290,59582,PushPop,9492,9492,1,2,0,279,10,:9:10:279
:fsdp:forward:all_gather:layers.12.ffn.w3,212226589,2371047,75027140,213355,PushPop,9492,9492,3,2,0,280,10,:9:10:280
:fsdp:forward:compute:layers.12.ffn.w1,212224605,2018754,75254252,74383,PushPop,9492,9492,2,2,0,281,10,:9:10:281
:fsdp:forward:wait_weights:layers.12.ffn.w3,214598980,129187,75440219,55195,PushPop,9492,9492,1,2,0,282,10,:9:10:282
:fsdp:forward:all_gather:layers.12.ffn.w2,214731879,2296518,75537710,186853,PushPop,9492,9492,3,2,0,283,10,:9:10:283
:fsdp:forward:compute:layers.12.ffn.w3,214730375,2019521,75737537,65925,PushPop,9492,9492,2,2,0,284,10,:9:10:284
:fsdp:forward:wait_weights:layers.12.ffn.w2,217029069,126466,75883990,51684,PushPop,9492,9492,1,2,0,285,10,:9:10:285
:fsdp:forward:all_gather:layers.13.attn.q_proj,217160271,2438249,75977057,173849,PushPop,9492,9492,3,2,0,286,10,:9:10:286
:fsdp:forward:compute:layers.12.ffn.w2,217158319,2212293,76162672,61097,PushPop,9492,9492,2,2,0,287,10,:9:10:287
:fsdp:forward:wait_weights:layers.13.attn.q_proj,219600280,9824,76478333,55188,PushPop,9492,9492,1,2,0,288,10,:9:10:288
:fsdp:forward:all_gather:layers.13.attn.k_proj,219613944,558057,76578022,191543,PushPop,9492,9492,3,2,0,289,10,:9:10:289
:fsdp:forward:compute:layers.13.attn.q_proj,219610392,562857,76782624,60141,PushPop,9492,9492,1,2,0,290,10,:9:10:290
:fsdp:forward:wait_weights:layers.13.attn.k_proj,220174817,9280,76902259,52435,PushPop,9492,9492,1,2,0,291,10,:9:10:291
:fsdp:forward:all_gather:layers.13.attn.v_proj,220185729,554441,76994516,166864,PushPop,9492,9492,3,2,0,292,10,:9:10:292
:fsdp:forward:compute:layers.13.attn.k_proj,220184385,563242,77173870,49926,PushPop,9492,9492,1,2,0,293,10,:9:10:293
:fsdp:forward:wait_weights:layers.13.attn.v_proj,220750347,8800,77281745,50083,PushPop,9492,9492,1,2,0,294,10,:9:10:294
:fsdp:forward:all_gather:layers.13.attn.output_proj,220761931,553225,77370213,156073,PushPop,9492,9492,3,2,0,295,10,:9:10:295
:fsdp:forward:compute:layers.13.attn.v_proj,220759403,560969,77537936,48104,PushPop,9492,9492,1,2,0,296,10,:9:10:296
:fsdp:forward:wait_weights:layers.13.attn.output_proj,222889486,23553,78693791,71899,PushPop,9492,9492,1,2,0,297,10,:9:10:297
:fsdp:forward:all_gather:layers.13.ffn.w1,222916015,2188868,78820946,239649,PushPop,9492,9492,3,2,0,298,10,:9:10:298
:fsdp:forward:compute:layers.13.attn.output_proj,222913327,561001,79076589,65286,PushPop,9492,9492,1,2,0,299,10,:9:10:299
:fsdp:forward:wait_weights:layers.13.ffn.w1,225106419,129698,79419620,60696,PushPop,9492,9492,1,2,0,300,10,:9:10:300
:fsdp:forward:all_gather:layers.13.ffn.w3,225239317,4000803,79526120,213217,PushPop,9492,9492,3,2,0,301,10,:9:10:301
:fsdp:forward:compute:layers.13.ffn.w1,225237749,2007458,79753063,75251,PushPop,9492,9492,2,2,0,302,10,:9:10:302
:fsdp:forward:wait_weights:layers.13.ffn.w3,229241400,133634,79939218,55382,PushPop,9492,9492,1,2,0,303,10,:9:10:303
:fsdp:forward:all_gather:layers.13.ffn.w2,231094646,2224613,80038706,179592,PushPop,9492,9492,3,2,0,304,10,:9:10:304
:fsdp:forward:compute:layers.13.ffn.w3,229376762,2004353,80230706,63171,PushPop,9492,9492,2,2,0,305,10,:9:10:305
:fsdp:forward:wait_weights:layers.13.ffn.w2,233321083,131491,80374127,51791,PushPop,9492,9492,1,2,0,306,10,:9:10:306
:fsdp:forward:all_gather:layers.14.attn.q_proj,233456030,1930304,80467470,180507,PushPop,9492,9492,3,2,0,307,10,:9:10:307
:fsdp:forward:compute:layers.13.ffn.w2,233454590,1960672,80660320,60063,PushPop,9492,9492,2,2,0,308,10,:9:10:308
:fsdp:forward:wait_weights:layers.14.attn.q_proj,235482879,19681,80980068,55014,PushPop,9492,9492,1,2,0,309,10,:9:10:309
:fsdp:forward:all_gather:layers.14.attn.k_proj,235504800,553897,81080057,191541,PushPop,9492,9492,3,2,0,310,10,:9:10:310
:fsdp:forward:compute:layers.14.attn.q_proj,235502848,560905,81284743,57487,PushPop,9492,9492,1,2,0,311,10,:9:10:311
:fsdp:forward:wait_weights:layers.14.attn.k_proj,236064521,8384,81394987,50294,PushPop,9492,9492,1,2,0,312,10,:9:10:312
:fsdp:forward:all_gather:layers.14.attn.v_proj,236075721,551241,81485066,161856,PushPop,9492,9492,3,2,0,313,10,:9:10:313
:fsdp:forward:compute:layers.14.attn.k_proj,236073193,564842,81658491,49123,PushPop,9492,9492,1,2,0,314,10,:9:10:314
:fsdp:forward:wait_weights:layers.14.attn.v_proj,236640019,8864,81755150,46910,PushPop,9492,9492,1,2,0,315,10,:9:10:315
:fsdp:forward:all_gather:layers.14.attn.output_proj,236652627,555561,81838610,306652,PushPop,9492,9492,3,2,0,316,10,:9:10:316
:fsdp:forward:compute:layers.14.attn.v_proj,236649171,566153,82161102,58624,PushPop,9492,9492,1,2,0,317,10,:9:10:317
:fsdp:forward:wait_weights:layers.14.attn.output_proj,238775062,21920,83332484,70395,PushPop,9492,9492,1,2,0,318,10,:9:10:318
:fsdp:forward:all_gather:layers.14.ffn.w1,238800758,2168036,83463499,221322,PushPop,9492,9492,3,2,0,319,10,:9:10:319
:fsdp:forward:compute:layers.14.attn.output_proj,238797238,560970,83698843,59923,PushPop,9492,9492,1,2,0,320,10,:9:10:320
:fsdp:forward:wait_weights:layers.14.ffn.w1,240969499,133282,84027154,59115,PushPop,9492,9492,1,2,0,321,10,:9:10:321
:fsdp:forward:all_gather:layers.14.ffn.w3,242821785,2287974,84130422,197040,PushPop,9492,9492,3,2,0,322,10,:9:10:322
:fsdp:forward:compute:layers.14.ffn.w1,241104829,1998113,84339649,70826,PushPop,9492,9492,2,2,0,323,10,:9:10:323
:fsdp:forward:wait_weights:layers.14.ffn.w3,245111615,129378,84519093,53570,PushPop,9492,9492,1,2,0,324,10,:9:10:324
:fsdp:forward:all_gather:layers.14.ffn.w2,245244450,2300774,84612338,182344,PushPop,9492,9492,3,2,0,325,10,:9:10:325
:fsdp:forward:compute:layers.14.ffn.w3,245242945,2024482,84807352,69784,PushPop,9492,9492,2,2,0,326,10,:9:10:326
:fsdp:forward:wait_weights:layers.14.ffn.w2,247546728,127362,84959517,53835,PushPop,9492,9492,1,2,0,327,10,:9:10:327
:fsdp:forward:all_gather:layers.15.attn.q_proj,249592970,550825,85057595,183275,PushPop,9492,9492,3,2,0,328,10,:9:10:328
:fsdp:forward:compute:layers.14.ffn.w2,247675530,1959424,85252782,63229,PushPop,9492,9492,2,2,0,329,10,:9:10:329
:fsdp:forward:wait_weights:layers.15.attn.q_proj,250145651,9440,85576405,55688,PushPop,9492,9492,1,2,0,330,10,:9:10:330
:fsdp:forward:all_gather:layers.15.attn.k_proj,250156659,562313,85676959,186833,PushPop,9492,9492,3,2,0,331,10,:9:10:331
:fsdp:forward:compute:layers.15.attn.q_proj,250155379,570314,85875552,58607,PushPop,9492,9492,1,2,0,332,10,:9:10:332
:fsdp:forward:wait_weights:layers.15.attn.k_proj,250727389,8928,85986763,50813,PushPop,9492,9492,1,2,0,333,10,:9:10:333
:fsdp:forward:all_gather:layers.15.attn.v_proj,250738845,554601,86077928,168212,PushPop,9492,9492,3,2,0,334,10,:9:10:334
:fsdp:forward:compute:layers.15.attn.k_proj,250736573,568649,86256262,50350,PushPop,9492,9492,1,2,0,335,10,:9:10:335
:fsdp:forward:wait_weights:layers.15.attn.v_proj,251307014,9088,86355237,49674,PushPop,9492,9492,1,2,0,336,10,:9:10:336
:fsdp:forward:all_gather:layers.15.attn.output_proj,251319878,556522,86441141,162643,PushPop,9492,9492,3,2,0,337,10,:9:10:337
:fsdp:forward:compute:layers.15.attn.v_proj,251316358,568906,86613901,48376,PushPop,9492,9492,1,2,0,338,10,:9:10:338
:fsdp:forward:wait_weights:layers.15.attn.output_proj,253446154,21440,87745842,68905,PushPop,9492,9492,1,2,0,339,10,:9:10:339
:fsdp:forward:all_gather:layers.15.ffn.w1,253469898,2149028,87870492,245741,PushPop,9492,9492,3,2,0,340,10,:9:10:340
:fsdp:forward:compute:layers.15.attn.output_proj,253467850,559881,88133074,64278,PushPop,9492,9492,1,2,0,341,10,:9:10:341
:fsdp:forward:wait_weights:layers.15.ffn.w1,255620046,132194,88465706,59390,PushPop,9492,9492,1,2,0,342,10,:9:10:342
:fsdp:forward:all_gather:layers.15.ffn.w3,255755568,2415144,88570554,201130,PushPop,9492,9492,3,2,0,343,10,:9:10:343
:fsdp:forward:compute:layers.15.ffn.w1,255753456,2030274,88785228,72881,PushPop,9492,9492,2,2,0,344,10,:9:10:344
:fsdp:forward:wait_weights:layers.15.ffn.w3,258172952,137059,89435866,287274,PushPop,9492,9492,1,2,0,345,10,:9:10:345
:fsdp:forward:all_gather:layers.15.ffn.w2,260256315,2237925,89784537,237950,PushPop,9492,9492,3,2,0,346,10,:9:10:346
:fsdp:forward:compute:layers.15.ffn.w3,258311419,1998113,90037385,351676,PushPop,9492,9492,2,2,0,347,10,:9:10:347
:fsdp:forward:wait_weights:layers.15.ffn.w2,262495328,129538,90503223,292151,PushPop,9492,9492,1,2,0,348,10,:9:10:348
:fsdp:forward:all_gather:layers.16.attn.q_proj,262628098,2388456,90858801,247366,PushPop,9492,9492,3,2,0,349,10,:9:10:349
:fsdp:forward:compute:layers.15.ffn.w2,262626722,2217701,91122124,89071,PushPop,9492,9492,2,2,0,350,10,:9:10:350
:fsdp:forward:wait_weights:layers.16.attn.q_proj,265017450,9472,91508647,63341,PushPop,9492,9492,1,2,0,351,10,:9:10:351
:fsdp:forward:all_gather:layers.16.attn.k_proj,265028458,555945,91619387,206564,PushPop,9492,9492,3,2,0,352,10,:9:10:352
:fsdp:forward:compute:layers.16.attn.q_proj,265027210,562057,91838580,66469,PushPop,9492,9492,1,2,0,353,10,:9:10:353
:fsdp:forward:wait_weights:layers.16.attn.k_proj,265591028,8704,91964469,56368,PushPop,9492,9492,1,2,0,354,10,:9:10:354
:fsdp:forward:all_gather:layers.16.attn.v_proj,265602228,551849,92062060,174029,PushPop,9492,9492,3,2,0,355,10,:9:10:355
:fsdp:forward:compute:layers.16.attn.k_proj,265600020,563881,92249394,54296,PushPop,9492,9492,1,2,0,356,10,:9:10:356
:fsdp:forward:wait_weights:layers.16.attn.v_proj,266166525,8928,92356531,51014,PushPop,9492,9492,1,2,0,357,10,:9:10:357
:fsdp:forward:all_gather:layers.16.attn.output_proj,266178493,556073,92446613,160405,PushPop,9492,9492,3,2,0,358,10,:9:10:358
:fsdp:forward:compute:layers.16.attn.v_proj,266175709,562922,92617870,48411,PushPop,9492,9492,1,2,0,359,10,:9:10:359
:fsdp:forward:wait_weights:layers.16.attn.output_proj,268299520,27041,94706810,82990,PushPop,9492,9492,1,2,0,360,10,:9:10:360
:fsdp:forward:all_gather:layers.16.ffn.w1,268329377,2194532,94850480,251484,PushPop,9492,9492,3,2,0,361,10,:9:10:361
:fsdp:forward:compute:layers.16.attn.output_proj,268326817,561193,95117996,69779,PushPop,9492,9492,1,2,0,362,10,:9:10:362
:fsdp:forward:wait_weights:layers.16.ffn.w1,270524645,134467,95470484,61315,PushPop,9492,9492,1,2,0,363,10,:9:10:363
:fsdp:forward:all_gather:layers.16.ffn.w3,270662120,2377191,95577601,213985,PushPop,9492,9492,3,2,0,364,10,:9:10:364
:fsdp:forward:compute:layers.16.ffn.w1,270660040,2021409,95805218,77110,PushPop,9492,9492,2,2,0,365,10,:9:10:365
:fsdp:forward:wait_weights:layers.16.ffn.w3,273041679,128738,95995859,378713,PushPop,9492,9492,1,2,0,366,10,:9:10:366
:fsdp:forward:all_gather:layers.16.ffn.w2,273174577,2285158,96434857,241118,PushPop,9492,9492,3,2,0,367,10,:9:10:367
:fsdp:forward:compute:layers.16.ffn.w3,273173009,2009730,96691573,331581,PushPop,9492,9492,2,2,0,368,10,:9:10:368
:fsdp:forward:wait_weights:layers.16.ffn.w2,275461431,129635,97137130,282722,PushPop,9492,9492,1,2,0,369,10,:9:10:369
:fsdp:forward:all_gather:layers.17.attn.q_proj,277492665,553801,97480071,235926,PushPop,9492,9492,3,2,0,370,10,:9:10:370
:fsdp:forward:compute:layers.16.ffn.w2,275592282,1942496,97731001,88422,PushPop,9492,9492,2,2,0,371,10,:9:10:371
:fsdp:forward:wait_weights:layers.17.attn.q_proj,278047170,9857,98104365,61738,PushPop,9492,9492,1,2,0,372,10,:9:10:372
:fsdp:forward:all_gather:layers.17.attn.k_proj,278061411,554633,98214606,214137,PushPop,9492,9492,3,2,0,373,10,:9:10:373
:fsdp:forward:compute:layers.17.attn.q_proj,278057283,564105,98441656,68305,PushPop,9492,9492,1,2,0,374,10,:9:10:374
:fsdp:forward:wait_weights:layers.17.attn.k_proj,278622636,8512,98578969,58002,PushPop,9492,9492,1,2,0,375,10,:9:10:375
:fsdp:forward:all_gather:layers.17.attn.v_proj,278634092,551529,98681213,181384,PushPop,9492,9492,3,2,0,376,10,:9:10:376
:fsdp:forward:compute:layers.17.attn.k_proj,278631404,563433,98873737,56466,PushPop,9492,9492,1,2,0,377,10,:9:10:377
:fsdp:forward:wait_weights:layers.17.attn.v_proj,279196118,8704,98983986,51661,PushPop,9492,9492,1,2,0,378,10,:9:10:378
:fsdp:forward:all_gather:layers.17.attn.output_proj,279208566,554121,99074930,165328,PushPop,9492,9492,3,2,0,379,10,:9:10:379
:fsdp:forward:compute:layers.17.attn.v_proj,279205110,562825,99250554,50214,PushPop,9492,9492,1,2,0,380,10,:9:10:380
:fsdp:forward:wait_weights:layers.17.attn.output_proj,281330137,26272,101328810,77986,PushPop,9492,9492,1,2,0,381,10,:9:10:381
:fsdp:forward:all_gather:layers.17.ffn.w1,281360025,2156292,101470328,244236,PushPop,9492,9492,3,2,0,382,10,:9:10:382
:fsdp:forward:compute:layers.17.attn.output_proj,281356665,566538,101731703,69485,PushPop,9492,9492,1,2,0,383,10,:9:10:383
:fsdp:forward:wait_weights:layers.17.ffn.w1,283518397,132418,102083142,61456,PushPop,9492,9492,1,2,0,384,10,:9:10:384
:fsdp:forward:all_gather:layers.17.ffn.w3,283653344,2402247,102189890,198960,PushPop,9492,9492,3,2,0,385,10,:9:10:385
:fsdp:forward:compute:layers.17.ffn.w1,283651872,2018209,102402513,75386,PushPop,9492,9492,2,2,0,386,10,:9:10:386
:fsdp:forward:wait_weights:layers.17.ffn.w3,286056935,138307,102602226,356681,PushPop,9492,9492,1,2,0,387,10,:9:10:387
:fsdp:forward:all_gather:layers.17.ffn.w2,286198506,2291366,103015773,195785,PushPop,9492,9492,3,2,0,388,10,:9:10:388
:fsdp:forward:compute:layers.17.ffn.w3,286196426,2015297,103220783,347214,PushPop,9492,9492,2,2,0,389,10,:9:10:389
:fsdp:forward:wait_weights:layers.17.ffn.w2,288491024,127202,103657583,302641,PushPop,9492,9492,1,2,0,390,10,:9:10:390
:fsdp:forward:all_gather:layers.18.attn.q_proj,288621746,1920256,104004999,190344,PushPop,9492,9492,3,2,0,391,10,:9:10:391
:fsdp:forward:compute:layers.17.ffn.w2,288620338,1936288,104205769,65137,PushPop,9492,9492,2,2,0,392,10,:9:10:392
:fsdp:forward:wait_weights:layers.18.attn.q_proj,290622067,14721,104475779,43050,PushPop,9492,9492,1,2,0,393,10,:9:10:393
:fsdp:forward:all_gather:layers.18.attn.k_proj,290639220,555721,104551145,143467,PushPop,9492,9492,3,2,0,394,10,:9:10:394
:fsdp:forward:compute:layers.18.attn.q_proj,290637076,567241,104702888,47566,PushPop,9492,9492,1,2,0,395,10,:9:10:395
:fsdp:forward:wait_weights:layers.18.attn.k_proj,291205789,8864,104791495,37692,PushPop,9492,9492,1,2,0,396,10,:9:10:396
:fsdp:forward:all_gather:layers.18.attn.v_proj,291217565,553449,104857373,126952,PushPop,9492,9492,3,2,0,397,10,:9:10:397
:fsdp:forward:compute:layers.18.attn.k_proj,291214909,569258,104991650,39230,PushPop,9492,9492,1,2,0,398,10,:9:10:398
:fsdp:forward:wait_weights:layers.18.attn.v_proj,291785383,9056,105069410,36390,PushPop,9492,9492,1,2,0,399,10,:9:10:399
:fsdp:forward:all_gather:layers.18.attn.output_proj,291798183,554601,105133109,125723,PushPop,9492,9492,3,2,0,400,10,:9:10:400
:fsdp:forward:compute:layers.18.attn.v_proj,291794727,570217,105266924,37054,PushPop,9492,9492,1,2,0,401,10,:9:10:401
:fsdp:forward:wait_weights:layers.18.attn.output_proj,293927562,25249,106900281,61107,PushPop,9492,9492,1,2,0,402,10,:9:10:402
:fsdp:forward:all_gather:layers.18.ffn.w1,293955723,2158212,107009086,180949,PushPop,9492,9492,3,2,0,403,10,:9:10:403
:fsdp:forward:compute:layers.18.attn.output_proj,293953067,558793,107201104,53871,PushPop,9492,9492,1,2,0,404,10,:9:10:404
:fsdp:forward:wait_weights:layers.18.ffn.w1,296115855,132514,107459603,42998,PushPop,9492,9492,1,2,0,405,10,:9:10:405
:fsdp:forward:all_gather:layers.18.ffn.w3,296251313,2368903,107534258,143497,PushPop,9492,9492,3,2,0,406,10,:9:10:406
:fsdp:forward:compute:layers.18.ffn.w1,296249201,2016545,107687100,56570,PushPop,9492,9492,2,2,0,407,10,:9:10:407
:fsdp:forward:wait_weights:layers.18.ffn.w3,298621624,129026,107821622,261290,PushPop,9492,9492,1,2,0,408,10,:9:10:408
:fsdp:forward:all_gather:layers.18.ffn.w2,298754458,2289926,108123921,166382,PushPop,9492,9492,3,2,0,409,10,:9:10:409
:fsdp:forward:compute:layers.18.ffn.w3,298752922,2014690,108299727,246697,PushPop,9492,9492,2,2,0,410,10,:9:10:410
:fsdp:forward:wait_weights:layers.18.ffn.w2,301045440,129603,108628237,205719,PushPop,9492,9492,1,2,0,411,10,:9:10:411
:fsdp:forward:all_gather:layers.19.attn.q_proj,303069378,549257,108876414,168133,PushPop,9492,9492,3,2,0,412,10,:9:10:412
:fsdp:forward:compute:layers.18.ffn.w2,301176323,1924544,109054408,61737,PushPop,9492,9492,2,2,0,413,10,:9:10:413
:fsdp:forward:wait_weights:layers.19.attn.q_proj,303620875,9376,109316649,42961,PushPop,9492,9492,1,2,0,414,10,:9:10:414
:fsdp:forward:all_gather:layers.19.attn.k_proj,303631851,558250,109392535,151069,PushPop,9492,9492,3,2,0,415,10,:9:10:415
:fsdp:forward:compute:layers.19.attn.q_proj,303630539,568682,109552038,52508,PushPop,9492,9492,1,2,0,416,10,:9:10:416
:fsdp:forward:wait_weights:layers.19.attn.k_proj,304200565,9120,109646979,40627,PushPop,9492,9492,1,2,0,417,10,:9:10:417
:fsdp:forward:all_gather:layers.19.attn.v_proj,304211477,554793,109717213,129909,PushPop,9492,9492,3,2,0,418,10,:9:10:418
:fsdp:forward:compute:layers.19.attn.k_proj,304209941,567209,109855349,40607,PushPop,9492,9492,1,2,0,419,10,:9:10:419
:fsdp:forward:wait_weights:layers.19.attn.v_proj,304779134,8865,109934179,35948,PushPop,9492,9492,1,2,0,420,10,:9:10:420
:fsdp:forward:all_gather:layers.19.attn.output_proj,304791871,557385,109997648,122861,PushPop,9492,9492,3,2,0,421,10,:9:10:421
:fsdp:forward:compute:layers.19.attn.v_proj,304788287,566697,110127482,36401,PushPop,9492,9492,1,2,0,422,10,:9:10:422
:fsdp:forward:wait_weights:layers.19.attn.output_proj,306922370,26529,111733888,60329,PushPop,9492,9492,1,2,0,423,10,:9:10:423
:fsdp:forward:all_gather:layers.19.ffn.w1,306952259,2156771,111841812,178748,PushPop,9492,9492,3,2,0,424,10,:9:10:424
:fsdp:forward:compute:layers.19.attn.output_proj,306949187,562153,112032016,51111,PushPop,9492,9492,1,2,0,425,10,:9:10:425
:fsdp:forward:wait_weights:layers.19.ffn.w1,309110630,136163,112285745,42963,PushPop,9492,9492,1,2,0,426,10,:9:10:426
:fsdp:forward:all_gather:layers.19.ffn.w3,309249673,2375911,112360562,142486,PushPop,9492,9492,3,2,0,427,10,:9:10:427
:fsdp:forward:compute:layers.19.ffn.w1,309248105,2023169,112511707,56953,PushPop,9492,9492,2,2,0,428,10,:9:10:428
:fsdp:forward:wait_weights:layers.19.ffn.w3,311626608,127618,112648733,276155,PushPop,9492,9492,1,2,0,429,10,:9:10:429
:fsdp:forward:all_gather:layers.19.ffn.w2,311757970,2292806,112967737,165631,PushPop,9492,9492,3,2,0,430,10,:9:10:430
:fsdp:forward:compute:layers.19.ffn.w3,311755954,2018146,113143304,310218,PushPop,9492,9492,2,2,0,431,10,:9:10:431
:fsdp:forward:wait_weights:layers.19.ffn.w2,314052537,129506,113542087,212989,PushPop,9492,9492,1,2,0,432,10,:9:10:432
:fsdp:forward:all_gather:layers.20.attn.q_proj,314185371,2411240,113798883,174256,PushPop,9492,9492,3,2,0,433,10,:9:10:433
:fsdp:forward:compute:layers.19.ffn.w2,314183931,2213700,113983884,66231,PushPop,9492,9492,2,2,0,434,10,:9:10:434
:fsdp:forward:wait_weights:layers.20.attn.q_proj,316598243,9408,114257037,44254,PushPop,9492,9492,1,2,0,435,10,:9:10:435
:fsdp:forward:all_gather:layers.20.attn.k_proj,316609219,556585,114334912,145405,PushPop,9492,9492,3,2,0,436,10,:9:10:436
:fsdp:forward:compute:layers.20.attn.q_proj,316607939,564905,114488906,58630,PushPop,9492,9492,1,2,0,437,10,:9:10:437
:fsdp:forward:wait_weights:layers.20.attn.k_proj,317173836,8641,114598158,41292,PushPop,9492,9492,1,2,0,438,10,:9:10:438
:fsdp:forward:all_gather:layers.20.attn.v_proj,317185293,552137,114669550,137221,PushPop,9492,9492,3,2,0,439,10,:9:10:439
:fsdp:forward:compute:layers.20.attn.k_proj,317182765,563785,114814190,40778,PushPop,9492,9492,1,2,0,440,10,:9:10:440
:fsdp:forward:wait_weights:layers.20.attn.v_proj,317747254,8608,114892010,36466,PushPop,9492,9492,1,2,0,441,10,:9:10:441
:fsdp:forward:all_gather:layers.20.attn.output_proj,317760342,553257,114954509,123675,PushPop,9492,9492,3,2,0,442,10,:9:10:442
:fsdp:forward:compute:layers.20.attn.v_proj,317756150,566089,115085644,36233,PushPop,9492,9492,1,2,0,443,10,:9:10:443
:fsdp:forward:wait_weights:layers.20.attn.output_proj,319876185,25921,116801658,64750,PushPop,9492,9492,1,2,0,444,10,:9:10:444
:fsdp:forward:all_gather:layers.20.ffn.w1,319904282,2178532,116913038,182588,PushPop,9492,9492,3,2,0,445,10,:9:10:445
:fsdp:forward:compute:layers.20.attn.output_proj,319902362,560745,117108112,52416,PushPop,9492,9492,1,2,0,446,10,:9:10:446
:fsdp:forward:wait_weights:layers.20.ffn.w1,322084926,131554,117363588,49092,PushPop,9492,9492,1,2,0,447,10,:9:10:447
:fsdp:forward:all_gather:layers.20.ffn.w3,322220224,2371688,117444968,148869,PushPop,9492,9492,3,2,0,448,10,:9:10:448
:fsdp:forward:compute:layers.20.ffn.w1,322218272,2022978,117602969,57683,PushPop,9492,9492,2,2,0,449,10,:9:10:449
:fsdp:forward:wait_weights:layers.20.ffn.w3,324592744,129154,117738991,273813,PushPop,9492,9492,1,2,0,450,10,:9:10:450
:fsdp:forward:all_gather:layers.20.ffn.w2,324725578,2299302,118054687,166608,PushPop,9492,9492,3,2,0,451,10,:9:10:451
:fsdp:forward:compute:layers.20.ffn.w3,324724074,2022497,118231285,283931,PushPop,9492,9492,2,2,0,452,10,:9:10:452
:fsdp:forward:wait_weights:layers.20.ffn.w2,327026832,129890,118611234,218278,PushPop,9492,9492,1,2,0,453,10,:9:10:453
:fsdp:forward:all_gather:layers.21.attn.q_proj,327160114,1919008,118873515,180025,PushPop,9492,9492,3,2,0,454,10,:9:10:454
:fsdp:forward:compute:layers.20.ffn.w2,327158194,1939104,119064750,64431,PushPop,9492,9492,2,2,0,455,10,:9:10:455
:fsdp:forward:wait_weights:layers.21.attn.q_proj,329162996,16704,119335693,45350,PushPop,9492,9492,1,2,0,456,10,:9:10:456
:fsdp:forward:all_gather:layers.21.attn.k_proj,329182164,555849,119415697,149511,PushPop,9492,9492,3,2,0,457,10,:9:10:457
:fsdp:forward:compute:layers.21.attn.q_proj,329179988,569065,119574505,51110,PushPop,9492,9492,1,2,0,458,10,:9:10:458
:fsdp:forward:wait_weights:layers.21.attn.k_proj,329750813,9088,119671531,39787,PushPop,9492,9492,1,2,0,459,10,:9:10:459
:fsdp:forward:all_gather:layers.21.attn.v_proj,329761757,557194,119740401,139117,PushPop,9492,9492,3,2,0,460,10,:9:10:460
:fsdp:forward:compute:layers.21.attn.k_proj,329760189,568682,119887510,40846,PushPop,9492,9492,1,2,0,461,10,:9:10:461
:fsdp:forward:wait_weights:layers.21.attn.v_proj,330331431,8928,119966591,36379,PushPop,9492,9492,1,2,0,462,10,:9:10:462
:fsdp:forward:all_gather:layers.21.attn.output_proj,330343239,555657,120029833,121663,PushPop,9492,9492,3,2,0,463,10,:9:10:463
:fsdp:forward:compute:layers.21.attn.v_proj,330340615,573130,120159004,36049,PushPop,9492,9492,1,2,0,464,10,:9:10:464
:fsdp:forward:wait_weights:layers.21.attn.output_proj,332467498,26305,121811503,61200,PushPop,9492,9492,1,2,0,465,10,:9:10:465
:fsdp:forward:all_gather:layers.21.ffn.w1,332497355,2162692,121918229,175255,PushPop,9492,9492,3,2,0,466,10,:9:10:466
:fsdp:forward:compute:layers.21.attn.output_proj,332494091,562953,122106105,51634,PushPop,9492,9492,1,2,0,467,10,:9:10:467
:fsdp:forward:wait_weights:layers.21.ffn.w1,334660879,134402,122363860,42526,PushPop,9492,9492,1,2,0,468,10,:9:10:468
:fsdp:forward:all_gather:layers.21.ffn.w3,334797809,2367367,122438523,164134,PushPop,9492,9492,3,2,0,469,10,:9:10:469
:fsdp:forward:compute:layers.21.ffn.w1,334796305,2011009,122611990,59175,PushPop,9492,9492,2,2,0,470,10,:9:10:470
:fsdp:forward:wait_weights:layers.21.ffn.w3,337167672,127843,122754838,330674,PushPop,9492,9492,1,2,0,471,10,:9:10:471
:fsdp:forward:all_gather:layers.21.ffn.w2,337299099,2290342,123131754,182812,PushPop,9492,9492,3,2,0,472,10,:9:10:472
:fsdp:forward:compute:layers.21.ffn.w3,337296923,2013345,123325495,269069,PushPop,9492,9492,2,2,0,473,10,:9:10:473
:fsdp:forward:wait_weights:layers.21.ffn.w2,339591521,129314,123683991,217239,PushPop,9492,9492,1,2,0,474,10,:9:10:474
:fsdp:forward:all_gather:layers.22.attn.q_proj,339724323,1917888,123945684,171503,PushPop,9492,9492,3,2,0,475,10,:9:10:475
:fsdp:forward:compute:layers.21.ffn.w2,339722915,1942016,124127515,68464,PushPop,9492,9492,2,2,0,476,10,:9:10:476
:fsdp:forward:wait_weights:layers.22.attn.q_proj,341730756,16001,124403424,43941,PushPop,9492,9492,1,2,0,477,10,:9:10:477
:fsdp:forward:all_gather:layers.22.attn.k_proj,341749989,555369,124481321,149362,PushPop,9492,9492,3,2,0,478,10,:9:10:478
:fsdp:forward:compute:layers.22.attn.q_proj,341747045,568649,124639573,50275,PushPop,9492,9492,1,2,0,479,10,:9:10:479
:fsdp:forward:wait_weights:layers.22.attn.k_proj,342317550,8896,124733065,41066,PushPop,9492,9492,1,2,0,480,10,:9:10:480
:fsdp:forward:all_gather:layers.22.attn.v_proj,342328494,553993,124804152,123625,PushPop,9492,9492,3,2,0,481,10,:9:10:481
:fsdp:forward:compute:layers.22.attn.k_proj,342326734,570410,124935258,39335,PushPop,9492,9492,1,2,0,482,10,:9:10:482
:fsdp:forward:wait_weights:layers.22.attn.v_proj,342899192,9024,125012362,36074,PushPop,9492,9492,1,2,0,483,10,:9:10:483
:fsdp:forward:all_gather:layers.22.attn.output_proj,342911160,556457,125075238,118684,PushPop,9492,9492,3,2,0,484,10,:9:10:484
:fsdp:forward:compute:layers.22.attn.v_proj,342908504,570409,125200914,34893,PushPop,9492,9492,1,2,0,485,10,:9:10:485
:fsdp:forward:wait_weights:layers.22.attn.output_proj,345040379,26273,126850114,62910,PushPop,9492,9492,1,2,0,486,10,:9:10:486
:fsdp:forward:all_gather:layers.22.ffn.w1,345070236,2160388,126958479,177201,PushPop,9492,9492,3,2,0,487,10,:9:10:487
:fsdp:forward:compute:layers.22.attn.output_proj,345066940,562217,127147286,51890,PushPop,9492,9492,1,2,0,488,10,:9:10:488
:fsdp:forward:wait_weights:layers.22.ffn.w1,347232736,132226,127401657,43233,PushPop,9492,9492,1,2,0,489,10,:9:10:489
:fsdp:forward:all_gather:layers.22.ffn.w3,347368162,2365127,127477512,146749,PushPop,9492,9492,3,2,0,490,10,:9:10:490
:fsdp:forward:compute:layers.22.ffn.w1,347366050,2017729,127633745,61795,PushPop,9492,9492,2,2,0,491,10,:9:10:491
:fsdp:forward:wait_weights:layers.22.ffn.w3,349734409,128898,127777203,322471,PushPop,9492,9492,1,2,0,492,10,:9:10:492
:fsdp:forward:all_gather:layers.22.ffn.w2,349867243,2298951,128143064,180898,PushPop,9492,9492,3,2,0,493,10,:9:10:493
:fsdp:forward:compute:layers.22.ffn.w3,349865739,2023778,128334649,272376,PushPop,9492,9492,2,2,0,494,10,:9:10:494
:fsdp:forward:wait_weights:layers.22.ffn.w2,352168498,131426,128693925,217549,PushPop,9492,9492,1,2,0,495,10,:9:10:495
:fsdp:forward:all_gather:layers.23.attn.q_proj,354191635,548649,128954573,178386,PushPop,9492,9492,3,2,0,496,10,:9:10:496
:fsdp:forward:compute:layers.22.ffn.w2,352301396,1929888,129142851,65265,PushPop,9492,9492,2,2,0,497,10,:9:10:497
:fsdp:forward:wait_weights:layers.23.attn.q_proj,354740956,9409,129413659,43623,PushPop,9492,9492,1,2,0,498,10,:9:10:498
:fsdp:forward:all_gather:layers.23.attn.k_proj,354751805,555241,129490797,150685,PushPop,9492,9492,3,2,0,499,10,:9:10:499
:fsdp:forward:compute:layers.23.attn.q_proj,354750621,561705,129649840,50557,PushPop,9492,9492,1,2,0,500,10,:9:10:500
:fsdp:forward:wait_weights:layers.23.attn.k_proj,355314342,8832,129742276,37832,PushPop,9492,9492,1,2,0,501,10,:9:10:501
:fsdp:forward:all_gather:layers.23.attn.v_proj,355325350,552009,129807891,128599,PushPop,9492,9492,3,2,0,502,10,:9:10:502
:fsdp:forward:compute:layers.23.attn.k_proj,355323462,560841,129944210,39763,PushPop,9492,9492,1,2,0,503,10,:9:10:503
:fsdp:forward:wait_weights:layers.23.attn.v_proj,355885775,8769,130020714,35194,PushPop,9492,9492,1,2,0,504,10,:9:10:504
:fsdp:forward:all_gather:layers.23.attn.output_proj,355897488,554569,130083028,119817,PushPop,9492,9492,3,2,0,505,10,:9:10:505
:fsdp:forward:compute:layers.23.attn.v_proj,355894832,561673,130210594,36294,PushPop,9492,9492,1,2,0,506,10,:9:10:506
:fsdp:forward:wait_weights:layers.23.attn.output_proj,358010579,26048,136442050,57618,PushPop,9492,9492,1,2,0,507,10,:9:10:507
:fsdp:forward:all_gather:layers.23.ffn.w1,358040403,2152452,136544322,175458,PushPop,9492,9492,3,2,0,508,10,:9:10:508
:fsdp:forward:compute:layers.23.attn.output_proj,358036915,561865,136731485,50722,PushPop,9492,9492,1,2,0,509,10,:9:10:509
:fsdp:forward:wait_weights:layers.23.ffn.w1,360194711,134530,136992047,44104,PushPop,9492,9492,1,2,0,510,10,:9:10:510
:fsdp:forward:all_gather:layers.23.ffn.w3,360331673,2362952,137068477,155859,PushPop,9492,9492,3,2,0,511,10,:9:10:511
:fsdp:forward:compute:layers.23.ffn.w1,360330169,2011010,137233265,60637,PushPop,9492,9492,2,2,0,512,10,:9:10:512
:fsdp:forward:wait_weights:layers.23.ffn.w3,362696417,128290,137372973,255275,PushPop,9492,9492,1,2,0,513,10,:9:10:513
:fsdp:forward:all_gather:layers.23.ffn.w2,362827779,2296742,137669140,168360,PushPop,9492,9492,3,2,0,514,10,:9:10:514
:fsdp:forward:compute:layers.23.ffn.w3,362825699,2020577,137847562,296068,PushPop,9492,9492,2,2,0,515,10,:9:10:515
:fsdp:forward:wait_weights:layers.23.ffn.w2,365126409,128898,138234423,218846,PushPop,9492,9492,1,2,0,516,10,:9:10:516
:fsdp:forward:all_gather:layers.24.attn.q_proj,365258123,2409928,138499086,196872,PushPop,9492,9492,3,2,0,517,10,:9:10:517
:fsdp:forward:compute:layers.23.ffn.w2,365256747,2208741,138707989,64990,PushPop,9492,9492,2,2,0,518,10,:9:10:518
:fsdp:forward:wait_weights:layers.24.attn.q_proj,367670035,9504,138984427,44738,PushPop,9492,9492,1,2,0,519,10,:9:10:519
:fsdp:forward:all_gather:layers.24.attn.k_proj,367681043,559690,139063329,154933,PushPop,9492,9492,3,2,0,520,10,:9:10:520
:fsdp:forward:compute:layers.24.attn.q_proj,367679827,567466,139227521,49654,PushPop,9492,9492,1,2,0,521,10,:9:10:521
:fsdp:forward:wait_weights:layers.24.attn.k_proj,368249757,8896,139318701,38985,PushPop,9492,9492,1,2,0,522,10,:9:10:522
:fsdp:forward:all_gather:layers.24.attn.v_proj,368260733,552745,139386562,126333,PushPop,9492,9492,3,2,0,523,10,:9:10:523
:fsdp:forward:compute:layers.24.attn.k_proj,368258941,567721,139520596,38651,PushPop,9492,9492,1,2,0,524,10,:9:10:524
:fsdp:forward:wait_weights:layers.24.attn.v_proj,368829350,9185,139597323,36202,PushPop,9492,9492,1,2,0,525,10,:9:10:525
:fsdp:forward:all_gather:layers.24.attn.output_proj,368841159,556265,139660398,123563,PushPop,9492,9492,3,2,0,526,10,:9:10:526
:fsdp:forward:compute:layers.24.attn.v_proj,368838823,570345,139791363,35865,PushPop,9492,9492,1,2,0,527,10,:9:10:527
:fsdp:forward:wait_weights:layers.24.attn.output_proj,370976682,27169,151051553,58110,PushPop,9492,9492,1,2,0,528,10,:9:10:528
:fsdp:forward:all_gather:layers.24.ffn.w1,371006539,2166276,151155405,177503,PushPop,9492,9492,3,2,0,529,10,:9:10:529
:fsdp:forward:compute:layers.24.attn.output_proj,371004139,567721,151344086,52973,PushPop,9492,9492,1,2,0,530,10,:9:10:530
:fsdp:forward:wait_weights:layers.24.ffn.w1,373175183,134146,151610733,44229,PushPop,9492,9492,1,2,0,531,10,:9:10:531
:fsdp:forward:all_gather:layers.24.ffn.w3,373312593,2372551,151688742,153189,PushPop,9492,9492,3,2,0,532,10,:9:10:532
:fsdp:forward:compute:layers.24.ffn.w1,373310577,2017345,151851411,61030,PushPop,9492,9492,2,2,0,533,10,:9:10:533
:fsdp:forward:wait_weights:layers.24.ffn.w3,375687096,127202,151995226,378633,PushPop,9492,9492,1,2,0,534,10,:9:10:534
:fsdp:forward:all_gather:layers.24.ffn.w2,375816858,2293543,152420671,183076,PushPop,9492,9492,3,2,0,535,10,:9:10:535
:fsdp:forward:compute:layers.24.ffn.w3,375815354,2019106,152614602,316173,PushPop,9492,9492,2,2,0,536,10,:9:10:536
:fsdp:forward:wait_weights:layers.24.ffn.w2,378111969,128578,153018773,314646,PushPop,9492,9492,1,2,0,537,10,:9:10:537
:fsdp:forward:all_gather:layers.25.attn.q_proj,378245251,1915456,153379847,183520,PushPop,9492,9492,3,2,0,538,10,:9:10:538
:fsdp:forward:compute:layers.24.ffn.w2,378243363,1942688,153574240,68203,PushPop,9492,9492,2,2,0,539,10,:9:10:539
:fsdp:forward:wait_weights:layers.25.attn.q_proj,380253252,16896,153849772,44586,PushPop,9492,9492,1,2,0,540,10,:9:10:540
:fsdp:forward:all_gather:layers.25.attn.k_proj,380272517,565097,153927839,153424,PushPop,9492,9492,3,2,0,541,10,:9:10:541
:fsdp:forward:compute:layers.25.attn.q_proj,380270436,566602,154089584,49871,PushPop,9492,9492,1,2,0,542,10,:9:10:542
:fsdp:forward:wait_weights:layers.25.attn.k_proj,380838990,9088,154184063,38876,PushPop,9492,9492,1,2,0,543,10,:9:10:543
:fsdp:forward:all_gather:layers.25.attn.v_proj,380849934,563241,154253033,127252,PushPop,9492,9492,3,2,0,544,10,:9:10:544
:fsdp:forward:compute:layers.25.attn.k_proj,380848366,566793,154388180,38722,PushPop,9492,9492,1,2,0,545,10,:9:10:545
:fsdp:forward:wait_weights:layers.25.attn.v_proj,381416568,8448,154464171,35180,PushPop,9492,9492,1,2,0,546,10,:9:10:546
:fsdp:forward:all_gather:layers.25.attn.output_proj,381428728,560553,154526148,136058,PushPop,9492,9492,3,2,0,547,10,:9:10:547
:fsdp:forward:compute:layers.25.attn.v_proj,381425304,565161,154670154,38853,PushPop,9492,9492,1,2,0,548,10,:9:10:548
:fsdp:forward:wait_weights:layers.25.attn.output_proj,383553659,25280,165923904,62106,PushPop,9492,9492,1,2,0,549,10,:9:10:549
:fsdp:forward:all_gather:layers.25.ffn.w1,383581467,2193573,166030357,177167,PushPop,9492,9492,3,2,0,550,10,:9:10:550
:fsdp:forward:compute:layers.25.attn.output_proj,383579227,562570,166218802,51392,PushPop,9492,9492,1,2,0,551,10,:9:10:551
:fsdp:forward:wait_weights:layers.25.ffn.w1,385776736,133826,166480859,44525,PushPop,9492,9492,1,2,0,552,10,:9:10:552
:fsdp:forward:all_gather:layers.25.ffn.w3,385913698,2406024,166568341,157868,PushPop,9492,9492,3,2,0,553,10,:9:10:553
:fsdp:forward:compute:layers.25.ffn.w1,385912162,2019298,166735160,59621,PushPop,9492,9492,2,2,0,554,10,:9:10:554
:fsdp:forward:wait_weights:layers.25.ffn.w3,388320394,136802,166877297,322460,PushPop,9492,9492,1,2,0,555,10,:9:10:555
:fsdp:forward:all_gather:layers.25.ffn.w2,388461805,2288998,167243072,170493,PushPop,9492,9492,3,2,0,556,10,:9:10:556
:fsdp:forward:compute:layers.25.ffn.w3,388459885,2014049,167423000,365791,PushPop,9492,9492,2,2,0,557,10,:9:10:557
:fsdp:forward:wait_weights:layers.25.ffn.w2,390752435,128962,167876990,272524,PushPop,9492,9492,1,2,0,558,10,:9:10:558
:fsdp:forward:all_gather:layers.26.attn.q_proj,390885237,1925280,168193734,176338,PushPop,9492,9492,3,2,0,559,10,:9:10:559
:fsdp:forward:compute:layers.25.ffn.w2,390883829,1948352,168380078,62989,PushPop,9492,9492,2,2,0,560,10,:9:10:560
:fsdp:forward:wait_weights:layers.26.attn.q_proj,392897814,15168,168652357,45196,PushPop,9492,9492,1,2,0,561,10,:9:10:561
:fsdp:forward:all_gather:layers.26.attn.k_proj,392914903,554377,168731697,152355,PushPop,9492,9492,3,2,0,562,10,:9:10:562
:fsdp:forward:compute:layers.26.attn.q_proj,392913270,564138,168892923,50789,PushPop,9492,9492,1,2,0,563,10,:9:10:563
:fsdp:forward:wait_weights:layers.26.attn.k_proj,393479456,8896,168988696,39463,PushPop,9492,9492,1,2,0,564,10,:9:10:564
:fsdp:forward:all_gather:layers.26.attn.v_proj,393490496,554281,169057797,136750,PushPop,9492,9492,3,2,0,565,10,:9:10:565
:fsdp:forward:compute:layers.26.attn.k_proj,393488640,565257,169202861,40209,PushPop,9492,9492,1,2,0,566,10,:9:10:566
:fsdp:forward:wait_weights:layers.26.attn.v_proj,394054985,8961,169280449,35640,PushPop,9492,9492,1,2,0,567,10,:9:10:567
:fsdp:forward:all_gather:layers.26.attn.output_proj,394068426,553289,169342554,120163,PushPop,9492,9492,3,2,0,568,10,:9:10:568
:fsdp:forward:compute:layers.26.attn.v_proj,394064234,565577,169470520,35823,PushPop,9492,9492,1,2,0,569,10,:9:10:569
:fsdp:forward:wait_weights:layers.26.attn.output_proj,396187949,27680,178964538,59126,PushPop,9492,9492,1,2,0,570,10,:9:10:570
:fsdp:forward:all_gather:layers.26.ffn.w1,396217805,2158852,179070296,178121,PushPop,9492,9492,3,2,0,571,10,:9:10:571
:fsdp:forward:compute:layers.26.attn.output_proj,396215885,562634,179260265,50754,PushPop,9492,9492,1,2,0,572,10,:9:10:572
:fsdp:forward:wait_weights:layers.26.ffn.w1,398377393,134210,179520081,44871,PushPop,9492,9492,1,2,0,573,10,:9:10:573
:fsdp:forward:all_gather:layers.26.ffn.w3,398514580,2372839,179597888,152739,PushPop,9492,9492,3,2,0,574,10,:9:10:574
:fsdp:forward:compute:layers.26.ffn.w1,398512628,2022145,179759669,58479,PushPop,9492,9492,2,2,0,575,10,:9:10:575
:fsdp:forward:wait_weights:layers.26.ffn.w3,400889179,130722,179900203,310260,PushPop,9492,9492,1,2,0,576,10,:9:10:576
:fsdp:forward:all_gather:layers.26.ffn.w2,401024125,2293606,180254060,173220,PushPop,9492,9492,3,2,0,577,10,:9:10:577
:fsdp:forward:compute:layers.26.ffn.w3,401022557,2016322,180437920,370943,PushPop,9492,9492,2,2,0,578,10,:9:10:578
:fsdp:forward:wait_weights:layers.26.ffn.w2,403319139,127266,180904556,274911,PushPop,9492,9492,1,2,0,579,10,:9:10:579
:fsdp:forward:all_gather:layers.27.attn.q_proj,403450182,1929856,181225520,185102,PushPop,9492,9492,3,2,0,580,10,:9:10:580
:fsdp:forward:compute:layers.26.ffn.w2,403448517,1946561,181421699,65282,PushPop,9492,9492,2,2,0,581,10,:9:10:581
:fsdp:forward:wait_weights:layers.27.attn.q_proj,405460455,15520,181698217,45852,PushPop,9492,9492,1,2,0,582,10,:9:10:582
:fsdp:forward:all_gather:layers.27.attn.k_proj,405477543,556873,181778033,150533,PushPop,9492,9492,3,2,0,583,10,:9:10:583
:fsdp:forward:compute:layers.27.attn.q_proj,405476231,561578,181937212,50323,PushPop,9492,9492,1,2,0,584,10,:9:10:584
:fsdp:forward:wait_weights:layers.27.attn.k_proj,406040049,8672,182030239,39899,PushPop,9492,9492,1,2,0,585,10,:9:10:585
:fsdp:forward:all_gather:layers.27.attn.v_proj,406050961,555209,182099303,129364,PushPop,9492,9492,3,2,0,586,10,:9:10:586
:fsdp:forward:compute:layers.27.attn.k_proj,406049009,562729,182236265,39632,PushPop,9492,9492,1,2,0,587,10,:9:10:587
:fsdp:forward:wait_weights:layers.27.attn.v_proj,406613530,8608,182313028,36369,PushPop,9492,9492,1,2,0,588,10,:9:10:588
:fsdp:forward:all_gather:layers.27.attn.output_proj,406625882,553673,182376491,125061,PushPop,9492,9492,3,2,0,589,10,:9:10:589
:fsdp:forward:compute:layers.27.attn.v_proj,406622426,562442,182509247,46235,PushPop,9492,9492,1,2,0,590,10,:9:10:590
:fsdp:forward:wait_weights:layers.27.attn.output_proj,408746526,27296,195225721,58469,PushPop,9492,9492,1,2,0,591,10,:9:10:591
:fsdp:forward:all_gather:layers.27.ffn.w1,408776382,2160388,195328111,178112,PushPop,9492,9492,3,2,0,592,10,:9:10:592
:fsdp:forward:compute:layers.27.attn.output_proj,408774110,564489,195517395,50298,PushPop,9492,9492,1,2,0,593,10,:9:10:593
:fsdp:forward:wait_weights:layers.27.ffn.w1,410938882,130210,195778387,46839,PushPop,9492,9492,1,2,0,594,10,:9:10:594
:fsdp:forward:all_gather:layers.27.ffn.w3,411071748,2371304,195858077,153793,PushPop,9492,9492,3,2,0,595,10,:9:10:595
:fsdp:forward:compute:layers.27.ffn.w1,411070244,2018946,196021691,59651,PushPop,9492,9492,2,2,0,596,10,:9:10:596
:fsdp:forward:wait_weights:layers.27.ffn.w3,413444620,128578,196163243,342606,PushPop,9492,9492,1,2,0,597,10,:9:10:597
:fsdp:forward:all_gather:layers.27.ffn.w2,413577166,2287046,196547644,169593,PushPop,9492,9492,3,2,0,598,10,:9:10:598
:fsdp:forward:compute:layers.27.ffn.w3,413574926,2013153,196727174,311149,PushPop,9492,9492,2,2,0,599,10,:9:10:599
:fsdp:forward:wait_weights:layers.27.ffn.w2,415865428,129058,197128161,270609,PushPop,9492,9492,1,2,0,600,10,:9:10:600
:fsdp:forward:all_gather:layers.28.attn.q_proj,415998294,2440136,197443828,177534,PushPop,9492,9492,3,2,0,601,10,:9:10:601
:fsdp:forward:compute:layers.27.ffn.w2,415996790,2223781,197631966,65298,PushPop,9492,9492,2,2,0,602,10,:9:10:602
:fsdp:forward:wait_weights:layers.28.attn.q_proj,418440831,9504,197902376,45176,PushPop,9492,9492,1,2,0,603,10,:9:10:603
:fsdp:forward:all_gather:layers.28.attn.k_proj,418451807,560617,197981148,149374,PushPop,9492,9492,3,2,0,604,10,:9:10:604
:fsdp:forward:compute:layers.28.attn.q_proj,418450623,568137,198138994,52080,PushPop,9492,9492,1,2,0,605,10,:9:10:605
:fsdp:forward:wait_weights:layers.28.attn.k_proj,419020520,8704,198233761,38314,PushPop,9492,9492,1,2,0,606,10,:9:10:606
:fsdp:forward:all_gather:layers.28.attn.v_proj,419031432,555626,198301090,124872,PushPop,9492,9492,3,2,0,607,10,:9:10:607
:fsdp:forward:compute:layers.28.attn.k_proj,419029480,566826,198433485,44340,PushPop,9492,9492,1,2,0,608,10,:9:10:608
:fsdp:forward:wait_weights:layers.28.attn.v_proj,419598034,8800,198516613,46909,PushPop,9492,9492,1,2,0,609,10,:9:10:609
:fsdp:forward:all_gather:layers.28.attn.output_proj,419609650,555017,198590744,125130,PushPop,9492,9492,3,2,0,610,10,:9:10:610
:fsdp:forward:compute:layers.28.attn.v_proj,419607122,569097,198724003,39178,PushPop,9492,9492,1,2,0,611,10,:9:10:611
:fsdp:forward:wait_weights:layers.28.attn.output_proj,421737205,26369,207833514,57090,PushPop,9492,9492,1,2,0,612,10,:9:10:612
:fsdp:forward:all_gather:layers.28.ffn.w1,421767094,2170436,207934256,181040,PushPop,9492,9492,3,2,0,613,10,:9:10:613
:fsdp:forward:compute:layers.28.attn.output_proj,421763830,562057,208126400,47889,PushPop,9492,9492,1,2,0,614,10,:9:10:614
:fsdp:forward:wait_weights:layers.28.ffn.w1,423939802,129666,208385670,45123,PushPop,9492,9492,1,2,0,615,10,:9:10:615
:fsdp:forward:all_gather:layers.28.ffn.w3,424074108,2367335,208464625,152044,PushPop,9492,9492,3,2,0,616,10,:9:10:616
:fsdp:forward:compute:layers.28.ffn.w1,424072092,2010529,208626370,58918,PushPop,9492,9492,2,2,0,617,10,:9:10:617
:fsdp:forward:wait_weights:layers.28.ffn.w3,426442499,126275,208772782,318913,PushPop,9492,9492,1,2,0,618,10,:9:10:618
:fsdp:forward:all_gather:layers.28.ffn.w2,426571558,2296902,209135072,253131,PushPop,9492,9492,3,2,0,619,10,:9:10:619
:fsdp:forward:compute:layers.28.ffn.w3,426569734,2018433,209399642,320755,PushPop,9492,9492,2,2,0,620,10,:9:10:620
:fsdp:forward:wait_weights:layers.28.ffn.w2,428870444,128322,209809883,276305,PushPop,9492,9492,1,2,0,621,10,:9:10:621
:fsdp:forward:all_gather:layers.29.attn.q_proj,429001646,2487273,210130527,177733,PushPop,9492,9492,3,2,0,622,10,:9:10:622
:fsdp:forward:compute:layers.28.ffn.w2,428999790,2213701,210318319,63363,PushPop,9492,9492,2,2,0,623,10,:9:10:623
:fsdp:forward:wait_weights:layers.29.attn.q_proj,431490903,9440,210603898,47275,PushPop,9492,9492,1,2,0,624,10,:9:10:624
:fsdp:forward:all_gather:layers.29.attn.k_proj,431501879,559530,210685427,148792,PushPop,9492,9492,3,2,0,625,10,:9:10:625
:fsdp:forward:compute:layers.29.attn.q_proj,431500599,569130,210842783,50747,PushPop,9492,9492,1,2,0,626,10,:9:10:626
:fsdp:forward:wait_weights:layers.29.attn.k_proj,432070593,8992,210935522,38529,PushPop,9492,9492,1,2,0,627,10,:9:10:627
:fsdp:forward:all_gather:layers.29.attn.v_proj,432081505,553545,211002441,127617,PushPop,9492,9492,3,2,0,628,10,:9:10:628
:fsdp:forward:compute:layers.29.attn.k_proj,432079841,569738,211137717,39495,PushPop,9492,9492,1,2,0,629,10,:9:10:629
:fsdp:forward:wait_weights:layers.29.attn.v_proj,432651211,9120,211214029,35731,PushPop,9492,9492,1,2,0,630,10,:9:10:630
:fsdp:forward:all_gather:layers.29.attn.output_proj,432664203,557321,211277077,116214,PushPop,9492,9492,3,2,0,631,10,:9:10:631
:fsdp:forward:compute:layers.29.attn.v_proj,432660619,571529,211401055,35565,PushPop,9492,9492,1,2,0,632,10,:9:10:632
:fsdp:forward:wait_weights:layers.29.attn.output_proj,434794446,27393,220803421,64423,PushPop,9492,9492,1,2,0,633,10,:9:10:633
:fsdp:forward:all_gather:layers.29.ffn.w1,434824239,2160772,220913792,177132,PushPop,9492,9492,3,2,0,634,10,:9:10:634
:fsdp:forward:compute:layers.29.attn.output_proj,434822127,566697,221102333,50578,PushPop,9492,9492,1,2,0,635,10,:9:10:635
:fsdp:forward:wait_weights:layers.29.ffn.w1,436986803,133154,221359484,46788,PushPop,9492,9492,1,2,0,636,10,:9:10:636
:fsdp:forward:all_gather:layers.29.ffn.w3,437123861,2374855,221439586,155090,PushPop,9492,9492,3,2,0,637,10,:9:10:637
:fsdp:forward:compute:layers.29.ffn.w1,437122197,2019361,221605146,58386,PushPop,9492,9492,2,2,0,638,10,:9:10:638
:fsdp:forward:wait_weights:layers.29.ffn.w3,439500764,130819,221749172,321501,PushPop,9492,9492,1,2,0,639,10,:9:10:639
:fsdp:forward:all_gather:layers.29.ffn.w2,439636191,2295686,222116192,182207,PushPop,9492,9492,3,2,0,640,10,:9:10:640
:fsdp:forward:compute:layers.29.ffn.w3,439634175,2018913,222309346,324164,PushPop,9492,9492,2,2,0,641,10,:9:10:641
:fsdp:forward:wait_weights:layers.29.ffn.w2,441932805,131202,222725318,277214,PushPop,9492,9492,1,2,0,642,10,:9:10:642
:fsdp:forward:all_gather:layers.30.attn.q_proj,442067687,2463529,223048369,180887,PushPop,9492,9492,3,2,0,643,10,:9:10:643
:fsdp:forward:compute:layers.29.ffn.w2,442066247,2221957,223239952,64804,PushPop,9492,9492,2,2,0,644,10,:9:10:644
:fsdp:forward:wait_weights:layers.30.attn.q_proj,444532784,9344,223514388,43827,PushPop,9492,9492,1,2,0,645,10,:9:10:645
:fsdp:forward:all_gather:layers.30.attn.k_proj,444543760,561449,223591245,153361,PushPop,9492,9492,3,2,0,646,10,:9:10:646
:fsdp:forward:compute:layers.30.attn.q_proj,444542416,570858,223753424,50299,PushPop,9492,9492,1,2,0,647,10,:9:10:647
:fsdp:forward:wait_weights:layers.30.attn.k_proj,445115546,9248,223846232,39175,PushPop,9492,9492,1,2,0,648,10,:9:10:648
:fsdp:forward:all_gather:layers.30.attn.v_proj,445126458,553801,223914275,126129,PushPop,9492,9492,3,2,0,649,10,:9:10:649
:fsdp:forward:compute:layers.30.attn.k_proj,445125082,571721,224047786,39982,PushPop,9492,9492,1,2,0,650,10,:9:10:650
:fsdp:forward:wait_weights:layers.30.attn.v_proj,445699235,8960,224126186,37497,PushPop,9492,9492,1,2,0,651,10,:9:10:651
:fsdp:forward:all_gather:layers.30.attn.output_proj,445712484,555305,224191643,122046,PushPop,9492,9492,3,2,0,652,10,:9:10:652
:fsdp:forward:compute:layers.30.attn.v_proj,445708515,571242,224321505,37370,PushPop,9492,9492,1,2,0,653,10,:9:10:653
:fsdp:forward:wait_weights:layers.30.attn.output_proj,447838375,26848,236696235,59276,PushPop,9492,9492,1,2,0,654,10,:9:10:654
:fsdp:forward:all_gather:layers.30.ffn.w1,447868231,2177477,236801125,176814,PushPop,9492,9492,3,2,0,655,10,:9:10:655
:fsdp:forward:compute:layers.30.attn.output_proj,447865511,561994,236989965,51758,PushPop,9492,9492,1,2,0,656,10,:9:10:656
:fsdp:forward:wait_weights:layers.30.ffn.w1,450047116,133954,237255052,46120,PushPop,9492,9492,1,2,0,657,10,:9:10:657
:fsdp:forward:all_gather:layers.30.ffn.w3,450183982,2362503,237334744,148323,PushPop,9492,9492,3,2,0,658,10,:9:10:658
:fsdp:forward:compute:layers.30.ffn.w1,450182478,2013249,237492739,62390,PushPop,9492,9492,2,2,0,659,10,:9:10:659
:fsdp:forward:wait_weights:layers.30.ffn.w3,452548789,131170,237636752,328604,PushPop,9492,9492,1,2,0,660,10,:9:10:660
:fsdp:forward:all_gather:layers.30.ffn.w2,452683799,2296263,238009276,173375,PushPop,9492,9492,3,2,0,661,10,:9:10:661
:fsdp:forward:compute:layers.30.ffn.w3,452682199,2022242,238192725,330424,PushPop,9492,9492,2,2,0,662,10,:9:10:662
:fsdp:forward:wait_weights:layers.30.ffn.w2,454980830,130498,238624696,308082,PushPop,9492,9492,1,2,0,663,10,:9:10:663
:fsdp:forward:all_gather:layers.31.attn.q_proj,457021023,549322,238977663,179123,PushPop,9492,9492,3,2,0,664,10,:9:10:664
:fsdp:forward:compute:layers.30.ffn.w2,455111712,1948448,239167680,65007,PushPop,9492,9492,2,2,0,665,10,:9:10:665
:fsdp:forward:wait_weights:layers.31.attn.q_proj,457571561,9376,239441299,43678,PushPop,9492,9492,1,2,0,666,10,:9:10:666
:fsdp:forward:all_gather:layers.31.attn.k_proj,457582569,557513,239518722,151457,PushPop,9492,9492,3,2,0,667,10,:9:10:667
:fsdp:forward:compute:layers.31.attn.q_proj,457581225,561865,239678967,48967,PushPop,9492,9492,1,2,0,668,10,:9:10:668
:fsdp:forward:wait_weights:layers.31.attn.k_proj,458145138,8672,239768984,38822,PushPop,9492,9492,1,2,0,669,10,:9:10:669
:fsdp:forward:all_gather:layers.31.attn.v_proj,458156754,551593,239836998,132485,PushPop,9492,9492,3,2,0,670,10,:9:10:670
:fsdp:forward:compute:layers.31.attn.k_proj,458154098,565194,239977372,40293,PushPop,9492,9492,1,2,0,671,10,:9:10:671
:fsdp:forward:wait_weights:layers.31.attn.v_proj,458720636,9088,240054080,36272,PushPop,9492,9492,1,2,0,672,10,:9:10:672
:fsdp:forward:all_gather:layers.31.attn.output_proj,458732668,554985,240117944,125526,PushPop,9492,9492,3,2,0,673,10,:9:10:673
:fsdp:forward:compute:layers.31.attn.v_proj,458729980,565033,240251084,36979,PushPop,9492,9492,1,2,0,674,10,:9:10:674
:fsdp:forward:wait_weights:layers.31.attn.output_proj,460855679,25601,251361213,58867,PushPop,9492,9492,1,2,0,675,10,:9:10:675
:fsdp:forward:all_gather:layers.31.ffn.w1,460883584,2169316,251465339,180927,PushPop,9492,9492,3,2,0,676,10,:9:10:676
:fsdp:forward:compute:layers.31.attn.output_proj,460881568,566569,251658032,52178,PushPop,9492,9492,1,2,0,677,10,:9:10:677
:fsdp:forward:wait_weights:layers.31.ffn.w1,463055172,131714,251924421,44154,PushPop,9492,9492,1,2,0,678,10,:9:10:678
:fsdp:forward:all_gather:layers.31.ffn.w3,463190214,2410824,252000886,150724,PushPop,9492,9492,3,2,0,679,10,:9:10:679
:fsdp:forward:compute:layers.31.ffn.w1,463188550,2024001,252160793,59209,PushPop,9492,9492,2,2,0,680,10,:9:10:680
:fsdp:forward:wait_weights:layers.31.ffn.w3,465602958,135298,252299777,335792,PushPop,9492,9492,1,2,0,681,10,:9:10:681
:fsdp:forward:all_gather:layers.31.ffn.w2,467694033,2233637,252679630,172919,PushPop,9492,9492,3,2,0,682,10,:9:10:682
:fsdp:forward:compute:layers.31.ffn.w3,465739952,2005154,252862401,316190,PushPop,9492,9492,2,2,0,683,10,:9:10:683
:fsdp:forward:wait_weights:layers.31.ffn.w2,469928406,132258,253267437,270738,PushPop,9492,9492,1,2,0,684,10,:9:10:684
:fsdp:forward:all_gather:lm_head,471964952,2102787,253582802,175018,PushPop,9492,9492,3,2,0,685,10,:9:10:685
:fsdp:forward:compute:layers.31.ffn.w2,470061752,1938912,253768750,64320,PushPop,9492,9492,2,2,0,686,10,:9:10:686
:fsdp:forward:wait_weights:lm_head,474069499,126306,254032916,45175,PushPop,9492,9492,1,2,0,687,10,:9:10:687
:fsdp:forward:compute:lm_head,474196829,2008385,254095524,45379,PushPop,9492,9492,2,2,0,688,10,:9:10:688
:fsdp_backward,476284031,704,254527115,1097929802,PushPop,9492,9492,1,1,0,689,9,:9:689
:measurement,30404407,1688717120,28573373,1692023068,PushPop,9491,9491,3467,0,2,690,,:690
:fsdp_forward,30404407,445796390,29631297,224785235,PushPop,9491,9491,2673,1,678,691,690,:690:691
:fsdp:forward:all_gather:token_embeddings,30404407,2093053,30133430,444148,PushPop,9491,9491,3,2,0,692,691,:690:691:692
:fsdp:forward:wait_weights:token_embeddings,32499924,127074,30592897,83305,PushPop,9491,9491,1,2,0,693,691,:690:691:693
:fsdp:forward:all_gather:layers.0.attn.q_proj,32642070,557160,30734658,175481,PushPop,9491,9491,3,2,0,694,691,:690:691:694
:fsdp:forward:compute:token_embeddings,32627286,18944,30919043,68461,PushPop,9491,9491,1,2,0,695,691,:690:691:695
:fsdp:forward:wait_weights:layers.0.attn.q_proj,33200350,9600,31275830,48441,PushPop,9491,9491,1,2,0,696,691,:690:691:696
:fsdp:forward:all_gather:layers.0.attn.k_proj,33211870,567976,31358968,150328,PushPop,9491,9491,3,2,0,697,691,:690:691:697
:fsdp:forward:compute:layers.0.attn.q_proj,33210270,598696,31519208,99969,PushPop,9491,9491,1,2,0,698,691,:690:691:698
:fsdp:forward:wait_weights:layers.0.attn.k_proj,33810790,9408,31668307,45594,PushPop,9491,9491,1,2,0,699,691,:690:691:699
:fsdp:forward:all_gather:layers.0.attn.v_proj,33821254,565448,31746885,142527,PushPop,9491,9491,3,2,0,700,691,:690:691:700
:fsdp:forward:compute:layers.0.attn.k_proj,33820486,594408,31898444,49203,PushPop,9491,9491,1,2,0,701,691,:690:691:701
:fsdp:forward:wait_weights:layers.0.attn.v_proj,34417006,9408,31988396,39473,PushPop,9491,9491,1,2,0,702,691,:690:691:702
:fsdp:forward:all_gather:layers.0.attn.output_proj,34428911,565895,32056843,128518,PushPop,9491,9491,3,2,0,703,691,:690:691:703
:fsdp:forward:compute:layers.0.attn.v_proj,34426734,597993,32193038,40186,PushPop,9491,9491,1,2,0,704,691,:690:691:704
:fsdp:forward:wait_weights:layers.0.attn.output_proj,36609421,20768,33218564,51300,PushPop,9491,9491,1,2,0,705,691,:690:691:705
:fsdp:forward:all_gather:layers.0.ffn.w1,36632973,2162942,33311044,188369,PushPop,9491,9491,3,2,0,706,691,:690:691:706
:fsdp:forward:compute:layers.0.attn.output_proj,36630477,594376,33509938,50554,PushPop,9491,9491,1,2,0,707,691,:690:691:707
:fsdp:forward:wait_weights:layers.0.ffn.w1,38796683,132226,33767254,47737,PushPop,9491,9491,1,2,0,708,691,:690:691:708
:fsdp:forward:all_gather:layers.0.ffn.w3,38931885,2202398,33846835,155485,PushPop,9491,9491,3,2,0,709,691,:690:691:709
:fsdp:forward:compute:layers.0.ffn.w1,38930029,2207422,34010573,63380,PushPop,9491,9491,2,2,0,710,691,:690:691:710
:fsdp:forward:wait_weights:layers.0.ffn.w3,41372110,144642,34156757,38732,PushPop,9491,9491,1,2,0,711,691,:690:691:711
:fsdp:forward:all_gather:layers.0.ffn.w2,41519344,2198975,34224760,137326,PushPop,9491,9491,3,2,0,712,691,:690:691:712
:fsdp:forward:compute:layers.0.ffn.w3,41517680,2203967,34370140,53029,PushPop,9491,9491,2,2,0,713,691,:690:691:713
:fsdp:forward:wait_weights:layers.0.ffn.w2,43888113,148386,34481733,37526,PushPop,9491,9491,1,2,0,714,691,:690:691:714
:fsdp:forward:all_gather:layers.1.attn.q_proj,44039091,2437506,34555517,128359,PushPop,9491,9491,3,2,0,715,691,:690:691:715
:fsdp:forward:compute:layers.0.ffn.w2,44037779,2331456,34691689,45293,PushPop,9491,9491,2,2,0,716,691,:690:691:716
:fsdp:forward:wait_weights:layers.1.attn.q_proj,46477749,10176,34925704,40884,PushPop,9491,9491,1,2,0,717,691,:690:691:717
:fsdp:forward:all_gather:layers.1.attn.k_proj,46490581,571336,34997090,143752,PushPop,9491,9491,3,2,0,718,691,:690:691:718
:fsdp:forward:compute:layers.1.attn.q_proj,46488213,590408,35151566,61561,PushPop,9491,9491,1,2,0,719,691,:690:691:719
:fsdp:forward:wait_weights:layers.1.attn.k_proj,47079965,9504,35264861,45556,PushPop,9491,9491,1,2,0,720,691,:690:691:720
:fsdp:forward:all_gather:layers.1.attn.v_proj,47092861,564680,35341601,141563,PushPop,9491,9491,3,2,0,721,691,:690:691:721
:fsdp:forward:compute:layers.1.attn.k_proj,47089789,591688,35491459,45185,PushPop,9491,9491,1,2,0,722,691,:690:691:722
:fsdp:forward:wait_weights:layers.1.attn.v_proj,47683109,9440,35574331,37615,PushPop,9491,9491,1,2,0,723,691,:690:691:723
:fsdp:forward:all_gather:layers.1.attn.output_proj,47695206,564647,35638732,118314,PushPop,9491,9491,3,2,0,724,691,:690:691:724
:fsdp:forward:compute:layers.1.attn.v_proj,47692837,594633,35764709,38175,PushPop,9491,9491,1,2,0,725,691,:690:691:725
:fsdp:forward:wait_weights:layers.1.attn.output_proj,49877540,21568,36620465,50352,PushPop,9491,9491,1,2,0,726,691,:690:691:726
:fsdp:forward:all_gather:layers.1.ffn.w1,49901348,2177694,36710087,183432,PushPop,9491,9491,3,2,0,727,691,:690:691:727
:fsdp:forward:compute:layers.1.attn.output_proj,49899396,596136,36904279,47836,PushPop,9491,9491,1,2,0,728,691,:690:691:728
:fsdp:forward:wait_weights:layers.1.ffn.w1,52080130,134050,37148592,43976,PushPop,9491,9491,1,2,0,729,691,:690:691:729
:fsdp:forward:all_gather:layers.1.ffn.w3,52217252,2438370,37225118,155150,PushPop,9491,9491,3,2,0,730,691,:690:691:730
:fsdp:forward:compute:layers.1.ffn.w1,52215716,2052284,37389560,55853,PushPop,9491,9491,2,2,0,731,691,:690:691:731
:fsdp:forward:wait_weights:layers.1.ffn.w3,54657574,136545,37521869,37221,PushPop,9491,9491,1,2,0,732,691,:690:691:732
:fsdp:forward:all_gather:layers.1.ffn.w2,54797095,2295328,37591103,136784,PushPop,9491,9491,3,2,0,733,691,:690:691:733
:fsdp:forward:compute:layers.1.ffn.w3,54795079,2018716,37736599,50932,PushPop,9491,9491,2,2,0,734,691,:690:691:734
:fsdp:forward:wait_weights:layers.1.ffn.w2,57093671,130050,37843041,36941,PushPop,9491,9491,1,2,0,735,691,:690:691:735
:fsdp:forward:all_gather:layers.2.attn.q_proj,59119299,548136,37908600,130562,PushPop,9491,9491,3,2,0,736,691,:690:691:736
:fsdp:forward:compute:layers.1.ffn.w2,57225001,1935931,38047673,42601,PushPop,9491,9491,2,2,0,737,691,:690:691:737
:fsdp:forward:wait_weights:layers.2.attn.q_proj,59669035,9280,38274045,37835,PushPop,9491,9491,1,2,0,738,691,:690:691:738
:fsdp:forward:all_gather:layers.2.attn.k_proj,59680011,557480,38341432,134727,PushPop,9491,9491,3,2,0,739,691,:690:691:739
:fsdp:forward:compute:layers.2.attn.q_proj,59678571,565608,38483979,40994,PushPop,9491,9491,1,2,0,740,691,:690:691:740
:fsdp:forward:wait_weights:layers.2.attn.k_proj,60245651,8736,38569918,45349,PushPop,9491,9491,1,2,0,741,691,:690:691:741
:fsdp:forward:all_gather:layers.2.attn.v_proj,60256659,552135,38645813,131100,PushPop,9491,9491,3,2,0,742,691,:690:691:742
:fsdp:forward:compute:layers.2.attn.k_proj,60254675,563400,38786367,39518,PushPop,9491,9491,1,2,0,743,691,:690:691:743
:fsdp:forward:wait_weights:layers.2.attn.v_proj,60819131,8896,38862041,35974,PushPop,9491,9491,1,2,0,744,691,:690:691:744
:fsdp:forward:all_gather:layers.2.attn.output_proj,60830971,553127,38925291,129585,PushPop,9491,9491,3,2,0,745,691,:690:691:745
:fsdp:forward:compute:layers.2.attn.v_proj,60828315,565191,39062640,36145,PushPop,9491,9491,1,2,0,746,691,:690:691:746
:fsdp:forward:wait_weights:layers.2.attn.output_proj,62956184,26976,39904369,49423,PushPop,9491,9491,1,2,0,747,691,:690:691:747
:fsdp:forward:all_gather:layers.2.ffn.w1,62986072,2174046,39994925,183664,PushPop,9491,9491,3,2,0,748,691,:690:691:748
:fsdp:forward:compute:layers.2.attn.output_proj,62983448,562248,40189176,47241,PushPop,9491,9491,1,2,0,749,691,:690:691:749
:fsdp:forward:wait_weights:layers.2.ffn.w1,65160854,133602,40434732,43888,PushPop,9491,9491,1,2,0,750,691,:690:691:750
:fsdp:forward:all_gather:layers.2.ffn.w3,65298264,2369569,40509906,148145,PushPop,9491,9491,3,2,0,751,691,:690:691:751
:fsdp:forward:compute:layers.2.ffn.w1,65296344,2018396,40666543,54314,PushPop,9491,9491,2,2,0,752,691,:690:691:752
:fsdp:forward:wait_weights:layers.2.ffn.w3,67668665,127170,40796281,38392,PushPop,9491,9491,1,2,0,753,691,:690:691:753
:fsdp:forward:all_gather:layers.2.ffn.w2,67799643,2298528,40863009,129957,PushPop,9491,9491,3,2,0,754,691,:690:691:754
:fsdp:forward:compute:layers.2.ffn.w3,67798075,2022780,41000942,47630,PushPop,9491,9491,2,2,0,755,691,:690:691:755
:fsdp:forward:wait_weights:layers.2.ffn.w2,70100667,125665,41103360,35822,PushPop,9491,9491,1,2,0,756,691,:690:691:756
:fsdp:forward:all_gather:layers.3.attn.q_proj,72116886,563880,41168368,136680,PushPop,9491,9491,3,2,0,757,691,:690:691:757
:fsdp:forward:compute:layers.2.ffn.w2,70227900,1927931,41312995,44534,PushPop,9491,9491,2,2,0,758,691,:690:691:758
:fsdp:forward:wait_weights:layers.3.attn.q_proj,72683230,9280,41544000,44270,PushPop,9491,9491,1,2,0,759,691,:690:691:759
:fsdp:forward:all_gather:layers.3.attn.k_proj,72694206,557416,41619608,144423,PushPop,9491,9491,3,2,0,760,691,:690:691:760
:fsdp:forward:compute:layers.3.attn.q_proj,72692798,567368,41772571,44919,PushPop,9491,9491,1,2,0,761,691,:690:691:761
:fsdp:forward:wait_weights:layers.3.attn.k_proj,73260870,8800,41858346,37808,PushPop,9491,9491,1,2,0,762,691,:690:691:762
:fsdp:forward:all_gather:layers.3.attn.v_proj,73272166,555624,41925030,123502,PushPop,9491,9491,3,2,0,763,691,:690:691:763
:fsdp:forward:compute:layers.3.attn.k_proj,73269958,563912,42057172,37463,PushPop,9491,9491,1,2,0,764,691,:690:691:764
:fsdp:forward:wait_weights:layers.3.attn.v_proj,73836366,8896,42130829,34475,PushPop,9491,9491,1,2,0,765,691,:690:691:765
:fsdp:forward:all_gather:layers.3.attn.output_proj,73848974,555816,42191856,119133,PushPop,9491,9491,3,2,0,766,691,:690:691:766
:fsdp:forward:compute:layers.3.attn.v_proj,73845550,564232,42318836,34890,PushPop,9491,9491,1,2,0,767,691,:690:691:767
:fsdp:forward:wait_weights:layers.3.attn.output_proj,75975532,26496,43160499,52617,PushPop,9491,9491,1,2,0,768,691,:690:691:768
:fsdp:forward:all_gather:layers.3.ffn.w1,76005420,2189342,43254236,989008,PushPop,9491,9491,3,2,0,769,691,:690:691:769
:fsdp:forward:compute:layers.3.attn.output_proj,76002284,566696,44255474,54808,PushPop,9491,9491,1,2,0,770,691,:690:691:770
:fsdp:forward:wait_weights:layers.3.ffn.w1,78196554,130274,44515326,44639,PushPop,9491,9491,1,2,0,771,691,:690:691:771
:fsdp:forward:all_gather:layers.3.ffn.w3,78329388,2373089,44593867,156621,PushPop,9491,9491,3,2,0,772,691,:690:691:772
:fsdp:forward:compute:layers.3.ffn.w1,78327884,2023132,44759064,75931,PushPop,9491,9491,2,2,0,773,691,:690:691:773
:fsdp:forward:wait_weights:layers.3.ffn.w3,80704333,129410,44942882,55005,PushPop,9491,9491,1,2,0,774,691,:690:691:774
:fsdp:forward:all_gather:layers.3.ffn.w2,80837839,2284991,45039981,195418,PushPop,9491,9491,3,2,0,775,691,:690:691:775
:fsdp:forward:compute:layers.3.ffn.w3,80835759,2008027,45247745,68737,PushPop,9491,9491,2,2,0,776,691,:690:691:776
:fsdp:forward:wait_weights:layers.3.ffn.w2,83125134,128866,45394677,53290,PushPop,9491,9491,1,2,0,777,691,:690:691:777
:fsdp:forward:all_gather:layers.4.attn.q_proj,83257904,1929883,45490326,180441,PushPop,9491,9491,3,2,0,778,691,:690:691:778
:fsdp:forward:compute:layers.3.ffn.w2,83256528,1964251,45681739,60778,PushPop,9491,9491,2,2,0,779,691,:690:691:779
:fsdp:forward:wait_weights:layers.4.attn.q_proj,85290988,12800,45991182,53638,PushPop,9491,9491,1,2,0,780,691,:690:691:780
:fsdp:forward:all_gather:layers.4.attn.k_proj,85306092,563528,46087317,206757,PushPop,9491,9491,3,2,0,781,691,:690:691:781
:fsdp:forward:compute:layers.4.attn.q_proj,85304044,567848,46307747,60885,PushPop,9491,9491,1,2,0,782,691,:690:691:782
:fsdp:forward:wait_weights:layers.4.attn.k_proj,85872628,9088,46426420,57377,PushPop,9491,9491,1,2,0,783,691,:690:691:783
:fsdp:forward:all_gather:layers.4.attn.v_proj,85883540,557736,46529179,190966,PushPop,9491,9491,3,2,0,784,691,:690:691:784
:fsdp:forward:compute:layers.4.attn.k_proj,85882004,566056,46731581,55868,PushPop,9491,9491,1,2,0,785,691,:690:691:785
:fsdp:forward:wait_weights:layers.4.attn.v_proj,86450172,8832,46841026,52317,PushPop,9491,9491,1,2,0,786,691,:690:691:786
:fsdp:forward:all_gather:layers.4.attn.output_proj,86463004,557736,46933277,169056,PushPop,9491,9491,3,2,0,787,691,:690:691:787
:fsdp:forward:compute:layers.4.attn.v_proj,86459292,567336,47112982,49969,PushPop,9491,9491,1,2,0,788,691,:690:691:788
:fsdp:forward:wait_weights:layers.4.attn.output_proj,88585242,26400,48264810,70879,PushPop,9491,9491,1,2,0,789,691,:690:691:789
:fsdp:forward:all_gather:layers.4.ffn.w1,88615034,2190942,48392476,245810,PushPop,9491,9491,3,2,0,790,691,:690:691:790
:fsdp:forward:compute:layers.4.attn.output_proj,88611930,567624,48653350,64546,PushPop,9491,9491,1,2,0,791,691,:690:691:791
:fsdp:forward:wait_weights:layers.4.ffn.w1,90808312,132994,48990227,61124,PushPop,9491,9491,1,2,0,792,691,:690:691:792
:fsdp:forward:all_gather:layers.4.ffn.w3,90945882,4239995,49097017,203342,PushPop,9491,9491,3,2,0,793,691,:690:691:793
:fsdp:forward:compute:layers.4.ffn.w1,90943898,2008956,49315181,75237,PushPop,9491,9491,2,2,0,794,691,:690:691:794
:fsdp:forward:wait_weights:layers.4.ffn.w3,95186997,131457,49495702,52987,PushPop,9491,9491,1,2,0,795,691,:690:691:795
:fsdp:forward:all_gather:layers.4.ffn.w2,95321911,4204890,49589663,188244,PushPop,9491,9491,3,2,0,796,691,:690:691:796
:fsdp:forward:compute:layers.4.ffn.w3,95320343,2001755,49790686,65330,PushPop,9491,9491,2,2,0,797,691,:690:691:797
:fsdp:forward:wait_weights:layers.4.ffn.w2,99527761,131873,49934899,52153,PushPop,9491,9491,1,2,0,798,691,:690:691:798
:fsdp:forward:all_gather:layers.5.attn.q_proj,101555629,553767,50029035,176611,PushPop,9491,9491,3,2,0,799,691,:690:691:799
:fsdp:forward:compute:layers.4.ffn.w2,99661106,1928187,50215633,59574,PushPop,9491,9491,2,2,0,800,691,:690:691:800
:fsdp:forward:wait_weights:layers.5.attn.q_proj,102111348,9824,50533032,70338,PushPop,9491,9491,1,2,0,801,691,:690:691:801
:fsdp:forward:all_gather:layers.5.attn.k_proj,102124436,556328,50648864,203976,PushPop,9491,9491,3,2,0,802,691,:690:691:802
:fsdp:forward:compute:layers.5.attn.q_proj,102121428,561928,50865977,64635,PushPop,9491,9491,1,2,0,803,691,:690:691:803
:fsdp:forward:wait_weights:layers.5.attn.k_proj,102684924,9088,50990183,55845,PushPop,9491,9491,1,2,0,804,691,:690:691:804
:fsdp:forward:all_gather:layers.5.attn.v_proj,102695772,553064,51090073,187665,PushPop,9491,9491,3,2,0,805,691,:690:691:805
:fsdp:forward:compute:layers.5.attn.k_proj,102694268,564968,51289384,53784,PushPop,9491,9491,1,2,0,806,691,:690:691:806
:fsdp:forward:wait_weights:layers.5.attn.v_proj,103260420,8800,51401223,54643,PushPop,9491,9491,1,2,0,807,691,:690:691:807
:fsdp:forward:all_gather:layers.5.attn.output_proj,103273348,553384,51495305,170689,PushPop,9491,9491,3,2,0,808,691,:690:691:808
:fsdp:forward:compute:layers.5.attn.v_proj,103269508,565896,51677105,51616,PushPop,9491,9491,1,2,0,809,691,:690:691:809
:fsdp:forward:wait_weights:layers.5.attn.output_proj,105403650,26720,52827308,75019,PushPop,9491,9491,1,2,0,810,691,:690:691:810
:fsdp:forward:all_gather:layers.5.ffn.w1,105433794,2179550,52959285,239347,PushPop,9491,9491,3,2,0,811,691,:690:691:811
:fsdp:forward:compute:layers.5.attn.output_proj,105430626,559464,53214519,63614,PushPop,9491,9491,1,2,0,812,691,:690:691:812
:fsdp:forward:wait_weights:layers.5.ffn.w1,107614432,129890,53553118,60885,PushPop,9491,9491,1,2,0,813,691,:690:691:813
:fsdp:forward:all_gather:layers.5.ffn.w3,109467322,2531587,53660235,206769,PushPop,9491,9491,3,2,0,814,691,:690:691:814
:fsdp:forward:compute:layers.5.ffn.w1,107745282,2009436,53880402,73015,PushPop,9491,9491,2,2,0,815,691,:690:691:815
:fsdp:forward:wait_weights:layers.5.ffn.w3,112001309,129601,54062232,53928,PushPop,9491,9491,1,2,0,816,691,:690:691:816
:fsdp:forward:all_gather:layers.5.ffn.w2,113849462,2251295,54158760,184116,PushPop,9491,9491,3,2,0,817,691,:690:691:817
:fsdp:forward:compute:layers.5.ffn.w3,112132158,2005916,54354971,64653,PushPop,9491,9491,2,2,0,818,691,:690:691:818
:fsdp:forward:wait_weights:layers.5.ffn.w2,116101461,134914,54501051,59933,PushPop,9491,9491,1,2,0,819,691,:690:691:819
:fsdp:forward:all_gather:layers.6.attn.q_proj,118141713,555624,54603598,180106,PushPop,9491,9491,3,2,0,820,691,:690:691:820
:fsdp:forward:compute:layers.5.ffn.w2,116238871,1947675,54794795,62021,PushPop,9491,9491,2,2,0,821,691,:690:691:821
:fsdp:forward:wait_weights:layers.6.attn.q_proj,118699353,9920,55106823,55381,PushPop,9491,9491,1,2,0,822,691,:690:691:822
:fsdp:forward:all_gather:layers.6.attn.k_proj,118712985,555304,55206957,203900,PushPop,9491,9491,3,2,0,823,691,:690:691:823
:fsdp:forward:compute:layers.6.attn.q_proj,118709529,562344,55423822,61316,PushPop,9491,9491,1,2,0,824,691,:690:691:824
:fsdp:forward:wait_weights:layers.6.attn.k_proj,119273953,8864,55548491,58891,PushPop,9491,9491,1,2,0,825,691,:690:691:825
:fsdp:forward:all_gather:layers.6.attn.v_proj,119284865,552488,55650493,177318,PushPop,9491,9491,3,2,0,826,691,:690:691:826
:fsdp:forward:compute:layers.6.attn.k_proj,119283105,562792,55839416,55075,PushPop,9491,9491,1,2,0,827,691,:690:691:827
:fsdp:forward:wait_weights:layers.6.attn.v_proj,119847369,9056,55945685,51186,PushPop,9491,9491,1,2,0,828,691,:690:691:828
:fsdp:forward:all_gather:layers.6.attn.output_proj,119859273,553864,56036604,176097,PushPop,9491,9491,3,2,0,829,691,:690:691:829
:fsdp:forward:compute:layers.6.attn.v_proj,119856713,562824,56223178,49884,PushPop,9491,9491,1,2,0,830,691,:690:691:830
:fsdp:forward:wait_weights:layers.6.attn.output_proj,121986502,26881,57371051,70694,PushPop,9491,9491,1,2,0,831,691,:690:691:831
:fsdp:forward:all_gather:layers.6.ffn.w1,122016807,2174974,57497346,242828,PushPop,9491,9491,3,2,0,832,691,:690:691:832
:fsdp:forward:compute:layers.6.attn.output_proj,122013671,562888,57755515,63609,PushPop,9491,9491,1,2,0,833,691,:690:691:833
:fsdp:forward:wait_weights:layers.6.ffn.w1,124194245,133762,58088581,59298,PushPop,9491,9491,1,2,0,834,691,:690:691:834
:fsdp:forward:all_gather:layers.6.ffn.w3,126047550,2288224,58196398,200580,PushPop,9491,9491,3,2,0,835,691,:690:691:835
:fsdp:forward:compute:layers.6.ffn.w1,124329799,2000571,58409182,75812,PushPop,9491,9491,2,2,0,836,691,:690:691:836
:fsdp:forward:wait_weights:layers.6.ffn.w3,128336478,131938,58602209,54590,PushPop,9491,9491,1,2,0,837,691,:690:691:837
:fsdp:forward:all_gather:layers.6.ffn.w2,130415739,2255327,58699385,187885,PushPop,9491,9491,3,2,0,838,691,:690:691:838
:fsdp:forward:compute:layers.6.ffn.w3,128469280,2004539,58898979,64669,PushPop,9491,9491,2,2,0,839,691,:690:691:839
:fsdp:forward:wait_weights:layers.6.ffn.w2,132672026,132418,59043928,51308,PushPop,9491,9491,1,2,0,840,691,:690:691:840
:fsdp:forward:all_gather:layers.7.attn.q_proj,134701110,549223,59137859,181132,PushPop,9491,9491,3,2,0,841,691,:690:691:841
:fsdp:forward:compute:layers.6.ffn.w2,132805500,1930906,59330805,60181,PushPop,9491,9491,2,2,0,842,691,:690:691:842
:fsdp:forward:wait_weights:layers.7.attn.q_proj,135251517,10016,59639868,56997,PushPop,9491,9491,1,2,0,843,691,:690:691:843
:fsdp:forward:all_gather:layers.7.attn.k_proj,135264606,558343,59742623,191435,PushPop,9491,9491,3,2,0,844,691,:690:691:844
:fsdp:forward:compute:layers.7.attn.q_proj,135261789,562792,59947383,57468,PushPop,9491,9491,1,2,0,845,691,:690:691:845
:fsdp:forward:wait_weights:layers.7.attn.k_proj,135826085,9248,60057003,53494,PushPop,9491,9491,1,2,0,846,691,:690:691:846
:fsdp:forward:all_gather:layers.7.attn.v_proj,135837573,553224,60151823,163194,PushPop,9491,9491,3,2,0,847,691,:690:691:847
:fsdp:forward:compute:layers.7.attn.k_proj,135835589,562504,60325097,49461,PushPop,9491,9491,1,2,0,848,691,:690:691:848
:fsdp:forward:wait_weights:layers.7.attn.v_proj,136399533,8672,60422774,50814,PushPop,9491,9491,1,2,0,849,691,:690:691:849
:fsdp:forward:all_gather:layers.7.attn.output_proj,136411949,550600,60512714,173093,PushPop,9491,9491,3,2,0,850,691,:690:691:850
:fsdp:forward:compute:layers.7.attn.v_proj,136408493,559720,60698199,48444,PushPop,9491,9491,1,2,0,851,691,:690:691:851
:fsdp:forward:wait_weights:layers.7.attn.output_proj,138528427,21888,61817623,69522,PushPop,9491,9491,1,2,0,852,691,:690:691:852
:fsdp:forward:all_gather:layers.7.ffn.w1,138552555,2156766,61937399,230356,PushPop,9491,9491,3,2,0,853,691,:690:691:853
:fsdp:forward:compute:layers.7.attn.output_proj,138550571,566984,62181186,59547,PushPop,9491,9491,1,2,0,854,691,:690:691:854
:fsdp:forward:wait_weights:layers.7.ffn.w1,140710537,134370,62500288,68238,PushPop,9491,9491,1,2,0,855,691,:690:691:855
:fsdp:forward:all_gather:layers.7.ffn.w3,142560258,2291712,62612845,191535,PushPop,9491,9491,3,2,0,856,691,:690:691:856
:fsdp:forward:compute:layers.7.ffn.w1,140845515,2000027,62817436,70168,PushPop,9491,9491,2,2,0,857,691,:690:691:857
:fsdp:forward:wait_weights:layers.7.ffn.w3,144853698,132674,62989010,52163,PushPop,9491,9491,1,2,0,858,691,:690:691:858
:fsdp:forward:all_gather:layers.7.ffn.w2,144991460,2295039,63080105,189240,PushPop,9491,9491,3,2,0,859,691,:690:691:859
:fsdp:forward:compute:layers.7.ffn.w3,144989188,2017404,63281881,65605,PushPop,9491,9491,2,2,0,860,691,:690:691:860
:fsdp:forward:wait_weights:layers.7.ffn.w2,147287811,129762,63431291,54706,PushPop,9491,9491,1,2,0,861,691,:690:691:861
:fsdp:forward:all_gather:layers.8.attn.q_proj,149322047,545736,63529887,182761,PushPop,9491,9491,3,2,0,862,691,:690:691:862
:fsdp:forward:compute:layers.7.ffn.w2,147419141,1933179,63724817,61625,PushPop,9491,9491,2,2,0,863,691,:690:691:863
:fsdp:forward:wait_weights:layers.8.attn.q_proj,149869319,9248,64047513,55444,PushPop,9491,9491,1,2,0,864,691,:690:691:864
:fsdp:forward:all_gather:layers.8.attn.k_proj,149880295,558696,64148771,184863,PushPop,9491,9491,3,2,0,865,691,:690:691:865
:fsdp:forward:compute:layers.8.attn.q_proj,149878855,565096,64345368,57970,PushPop,9491,9491,1,2,0,866,691,:690:691:866
:fsdp:forward:wait_weights:layers.8.attn.k_proj,150445935,8512,64454977,50843,PushPop,9491,9491,1,2,0,867,691,:690:691:867
:fsdp:forward:all_gather:layers.8.attn.v_proj,150457647,554984,64544624,163699,PushPop,9491,9491,3,2,0,868,691,:690:691:868
:fsdp:forward:compute:layers.8.attn.k_proj,150454735,562568,64719534,51264,PushPop,9491,9491,1,2,0,869,691,:690:691:869
:fsdp:forward:wait_weights:layers.8.attn.v_proj,151019383,8672,64817593,48127,PushPop,9491,9491,1,2,0,870,691,:690:691:870
:fsdp:forward:all_gather:layers.8.attn.output_proj,151031735,553192,64902464,151846,PushPop,9491,9491,3,2,0,871,691,:690:691:871
:fsdp:forward:compute:layers.8.attn.v_proj,151028343,561704,65065213,46380,PushPop,9491,9491,1,2,0,872,691,:690:691:872
:fsdp:forward:wait_weights:layers.8.attn.output_proj,153150356,21473,66191971,72339,PushPop,9491,9491,1,2,0,873,691,:690:691:873
:fsdp:forward:all_gather:layers.8.ffn.w1,153174005,2157309,66319341,251139,PushPop,9491,9491,3,2,0,874,691,:690:691:874
:fsdp:forward:compute:layers.8.attn.output_proj,153172085,558887,66586158,66352,PushPop,9491,9491,1,2,0,875,691,:690:691:875
:fsdp:forward:wait_weights:layers.8.ffn.w1,155332466,133154,66923461,59664,PushPop,9491,9491,1,2,0,876,691,:690:691:876
:fsdp:forward:all_gather:layers.8.ffn.w3,155469492,4236347,67028729,235726,PushPop,9491,9491,3,2,0,877,691,:690:691:877
:fsdp:forward:compute:layers.8.ffn.w1,155467924,2010396,67278765,77446,PushPop,9491,9491,2,2,0,878,691,:690:691:878
:fsdp:forward:wait_weights:layers.8.ffn.w3,159707055,130306,67466029,56373,PushPop,9491,9491,1,2,0,879,691,:690:691:879
:fsdp:forward:all_gather:layers.8.ffn.w2,159839889,2287679,67564524,190487,PushPop,9491,9491,3,2,0,880,691,:690:691:880
:fsdp:forward:compute:layers.8.ffn.w3,159838417,2011099,67767812,66410,PushPop,9491,9491,2,2,0,881,691,:690:691:881
:fsdp:forward:wait_weights:layers.8.ffn.w2,162128848,129026,67913461,51994,PushPop,9491,9491,1,2,0,882,691,:690:691:882
:fsdp:forward:all_gather:layers.9.attn.q_proj,162262066,2424961,68007035,179296,PushPop,9491,9491,3,2,0,883,691,:690:691:883
:fsdp:forward:compute:layers.8.ffn.w2,162260306,2209310,68197521,59779,PushPop,9491,9491,2,2,0,884,691,:690:691:884
:fsdp:forward:wait_weights:layers.9.attn.q_proj,164687827,9793,68509539,53871,PushPop,9491,9491,1,2,0,885,691,:690:691:885
:fsdp:forward:all_gather:layers.9.attn.k_proj,164701716,554727,68610174,189356,PushPop,9491,9491,3,2,0,886,691,:690:691:886
:fsdp:forward:compute:layers.9.attn.q_proj,164697908,563719,68813750,61789,PushPop,9491,9491,1,2,0,887,691,:690:691:887
:fsdp:forward:wait_weights:layers.9.attn.k_proj,165262427,8448,68935473,56554,PushPop,9491,9491,1,2,0,888,691,:690:691:888
:fsdp:forward:all_gather:layers.9.attn.v_proj,165273756,552135,69036415,175742,PushPop,9491,9491,3,2,0,889,691,:690:691:889
:fsdp:forward:compute:layers.9.attn.k_proj,165271131,563624,69224052,51847,PushPop,9491,9491,1,2,0,890,691,:690:691:890
:fsdp:forward:wait_weights:layers.9.attn.v_proj,165835843,8928,69330363,51242,PushPop,9491,9491,1,2,0,891,691,:690:691:891
:fsdp:forward:all_gather:layers.9.attn.output_proj,165847587,555944,69420230,163785,PushPop,9491,9491,3,2,0,892,691,:690:691:892
:fsdp:forward:compute:layers.9.attn.v_proj,165845027,562888,69594735,49095,PushPop,9491,9491,1,2,0,893,691,:690:691:893
:fsdp:forward:wait_weights:layers.9.attn.output_proj,167975009,22400,70734205,73607,PushPop,9491,9491,1,2,0,894,691,:690:691:894
:fsdp:forward:all_gather:layers.9.ffn.w1,168001089,2172254,70860361,230682,PushPop,9491,9491,3,2,0,895,691,:690:691:895
:fsdp:forward:compute:layers.9.attn.output_proj,167997697,560168,71108397,64435,PushPop,9491,9491,1,2,0,896,691,:690:691:896
:fsdp:forward:wait_weights:layers.9.ffn.w1,170175551,131202,71441178,59768,PushPop,9491,9491,1,2,0,897,691,:690:691:897
:fsdp:forward:all_gather:layers.9.ffn.w3,170310465,2369121,71545533,202028,PushPop,9491,9491,3,2,0,898,691,:690:691:898
:fsdp:forward:compute:layers.9.ffn.w1,170308993,2020732,71760695,73326,PushPop,9491,9491,2,2,0,899,691,:690:691:899
:fsdp:forward:wait_weights:layers.9.ffn.w3,172681314,128449,71946894,53500,PushPop,9491,9491,1,2,0,900,691,:690:691:900
:fsdp:forward:all_gather:layers.9.ffn.w2,172814660,2301151,72043395,195992,PushPop,9491,9491,3,2,0,901,691,:690:691:901
:fsdp:forward:compute:layers.9.ffn.w3,172812676,2024859,72252244,64202,PushPop,9491,9491,2,2,0,902,691,:690:691:902
:fsdp:forward:wait_weights:layers.9.ffn.w2,175117443,128130,72392762,52550,PushPop,9491,9491,1,2,0,903,691,:690:691:903
:fsdp:forward:all_gather:layers.10.attn.q_proj,175248165,2469442,72486557,175133,PushPop,9491,9491,3,2,0,904,691,:690:691:904
:fsdp:forward:compute:layers.9.ffn.w2,175246789,2223743,72673141,64600,PushPop,9491,9491,2,2,0,905,691,:690:691:905
:fsdp:forward:wait_weights:layers.10.attn.q_proj,177718439,10016,72993420,53527,PushPop,9491,9491,1,2,0,906,691,:690:691:906
:fsdp:forward:all_gather:layers.10.attn.k_proj,177732615,558216,73089638,185930,PushPop,9491,9491,3,2,0,907,691,:690:691:907
:fsdp:forward:compute:layers.10.attn.q_proj,177728743,567304,73287154,57041,PushPop,9491,9491,1,2,0,908,691,:690:691:908
:fsdp:forward:wait_weights:layers.10.attn.k_proj,178298095,8672,73394923,50612,PushPop,9491,9491,1,2,0,909,691,:690:691:909
:fsdp:forward:all_gather:layers.10.attn.v_proj,178309039,554824,73485057,164553,PushPop,9491,9491,3,2,0,910,691,:690:691:910
:fsdp:forward:compute:layers.10.attn.k_proj,178307023,568552,73660415,50585,PushPop,9491,9491,1,2,0,911,691,:690:691:911
:fsdp:forward:wait_weights:layers.10.attn.v_proj,178877719,9088,73763977,50766,PushPop,9491,9491,1,2,0,912,691,:690:691:912
:fsdp:forward:all_gather:layers.10.attn.output_proj,178889751,557064,73852079,155936,PushPop,9491,9491,3,2,0,913,691,:690:691:913
:fsdp:forward:compute:layers.10.attn.v_proj,178887095,567560,74018796,48406,PushPop,9491,9491,1,2,0,914,691,:690:691:914
:fsdp:forward:wait_weights:layers.10.attn.output_proj,181025013,21920,75163001,71699,PushPop,9491,9491,1,2,0,915,691,:690:691:915
:fsdp:forward:all_gather:layers.10.ffn.w1,181051445,2172574,75289632,235867,PushPop,9491,9491,3,2,0,916,691,:690:691:916
:fsdp:forward:compute:layers.10.attn.output_proj,181047189,561960,75540699,63535,PushPop,9491,9491,1,2,0,917,691,:690:691:917
:fsdp:forward:wait_weights:layers.10.ffn.w1,183225587,130114,75871940,59104,PushPop,9491,9491,1,2,0,918,691,:690:691:918
:fsdp:forward:all_gather:layers.10.ffn.w3,185077581,2280895,75975697,204917,PushPop,9491,9491,3,2,0,919,691,:690:691:919
:fsdp:forward:compute:layers.10.ffn.w1,183356981,2010460,76193301,74741,PushPop,9491,9491,2,2,0,920,691,:690:691:920
:fsdp:forward:wait_weights:layers.10.ffn.w3,187360556,132354,76382725,56033,PushPop,9491,9491,1,2,0,921,691,:690:691:921
:fsdp:forward:all_gather:layers.10.ffn.w2,189211910,2226430,76480879,188315,PushPop,9491,9491,3,2,0,922,691,:690:691:922
:fsdp:forward:compute:layers.10.ffn.w3,187493934,2002812,76680984,68922,PushPop,9491,9491,2,2,0,923,691,:690:691:923
:fsdp:forward:wait_weights:layers.10.ffn.w2,191439172,131874,76828636,51637,PushPop,9491,9491,1,2,0,924,691,:690:691:924
:fsdp:forward:all_gather:layers.11.attn.q_proj,193473185,551527,76921402,190370,PushPop,9491,9491,3,2,0,925,691,:690:691:925
:fsdp:forward:compute:layers.10.ffn.w2,191572518,1946427,77123587,61353,PushPop,9491,9491,2,2,0,926,691,:690:691:926
:fsdp:forward:wait_weights:layers.11.attn.q_proj,194025832,9408,77440411,58002,PushPop,9491,9491,1,2,0,927,691,:690:691:927
:fsdp:forward:all_gather:layers.11.attn.k_proj,194036808,560360,77542111,187302,PushPop,9491,9491,3,2,0,928,691,:690:691:928
:fsdp:forward:compute:layers.11.attn.q_proj,194035496,563720,77740106,58876,PushPop,9491,9491,1,2,0,929,691,:690:691:929
:fsdp:forward:wait_weights:layers.11.attn.k_proj,194600400,9472,77851290,51383,PushPop,9491,9491,1,2,0,930,691,:690:691:930
:fsdp:forward:all_gather:layers.11.attn.v_proj,194612368,554152,77941151,164185,PushPop,9491,9491,3,2,0,931,691,:690:691:931
:fsdp:forward:compute:layers.11.attn.k_proj,194610160,561032,78116154,49371,PushPop,9491,9491,1,2,0,932,691,:690:691:932
:fsdp:forward:wait_weights:layers.11.attn.v_proj,195173848,8576,78212771,56800,PushPop,9491,9491,1,2,0,933,691,:690:691:933
:fsdp:forward:all_gather:layers.11.attn.output_proj,195186040,553288,78307704,165595,PushPop,9491,9491,3,2,0,934,691,:690:691:934
:fsdp:forward:compute:layers.11.attn.v_proj,195182712,561608,78483943,51574,PushPop,9491,9491,1,2,0,935,691,:690:691:935
:fsdp:forward:wait_weights:layers.11.attn.output_proj,197308917,23265,79645613,65271,PushPop,9491,9491,1,2,0,936,691,:690:691:936
:fsdp:forward:all_gather:layers.11.ffn.w1,197335030,2159262,79768387,234656,PushPop,9491,9491,3,2,0,937,691,:690:691:937
:fsdp:forward:compute:layers.11.attn.output_proj,197332438,559463,80018008,64931,PushPop,9491,9491,1,2,0,938,691,:690:691:938
:fsdp:forward:wait_weights:layers.11.ffn.w1,199495092,131425,80355005,60123,PushPop,9491,9491,1,2,0,939,691,:690:691:939
:fsdp:forward:all_gather:layers.11.ffn.w3,199630133,2358369,80458299,195252,PushPop,9491,9491,3,2,0,940,691,:690:691:940
:fsdp:forward:compute:layers.11.ffn.w1,199628565,2009212,80665540,73577,PushPop,9491,9491,2,2,0,941,691,:690:691:941
:fsdp:forward:wait_weights:layers.11.ffn.w3,201990614,126658,80843758,54878,PushPop,9491,9491,1,2,0,942,691,:690:691:942
:fsdp:forward:all_gather:layers.11.ffn.w2,202121880,2299552,80938866,178064,PushPop,9491,9491,3,2,0,943,691,:690:691:943
:fsdp:forward:compute:layers.11.ffn.w3,202119992,2022332,81127460,63410,PushPop,9491,9491,2,2,0,944,691,:690:691:944
:fsdp:forward:wait_weights:layers.11.ffn.w2,204422680,127969,81266265,51862,PushPop,9491,9491,1,2,0,945,691,:690:691:945
:fsdp:forward:all_gather:layers.12.attn.q_proj,204553465,1926427,81358082,173110,PushPop,9491,9491,3,2,0,946,691,:690:691:946
:fsdp:forward:compute:layers.11.ffn.w2,204551993,1955099,81543335,58477,PushPop,9491,9491,2,2,0,947,691,:690:691:947
:fsdp:forward:wait_weights:layers.12.attn.q_proj,206574197,11776,81853950,55407,PushPop,9491,9491,1,2,0,948,691,:690:691:948
:fsdp:forward:all_gather:layers.12.attn.k_proj,206589941,565832,81952014,189054,PushPop,9491,9491,3,2,0,949,691,:690:691:949
:fsdp:forward:compute:layers.12.attn.q_proj,206586261,563368,82152277,56702,PushPop,9491,9491,1,2,0,950,691,:690:691:950
:fsdp:forward:wait_weights:layers.12.attn.k_proj,207156765,9280,82259026,51828,PushPop,9491,9491,1,2,0,951,691,:690:691:951
:fsdp:forward:all_gather:layers.12.attn.v_proj,207167741,556392,82348419,163209,PushPop,9491,9491,3,2,0,952,691,:690:691:952
:fsdp:forward:compute:layers.12.attn.k_proj,207166333,561576,82522245,56632,PushPop,9491,9491,1,2,0,953,691,:690:691:953
:fsdp:forward:wait_weights:layers.12.attn.v_proj,207730309,8672,82627967,50556,PushPop,9491,9491,1,2,0,954,691,:690:691:954
:fsdp:forward:all_gather:layers.12.attn.output_proj,207741861,553736,82715764,155939,PushPop,9491,9491,3,2,0,955,691,:690:691:955
:fsdp:forward:compute:layers.12.attn.v_proj,207739269,560072,82882505,46819,PushPop,9491,9491,1,2,0,956,691,:690:691:956
:fsdp:forward:wait_weights:layers.12.attn.output_proj,209869475,21568,84018539,69451,PushPop,9491,9491,1,2,0,957,691,:690:691:957
:fsdp:forward:all_gather:layers.12.ffn.w1,209894019,2183358,84142519,247563,PushPop,9491,9491,3,2,0,958,691,:690:691:958
:fsdp:forward:compute:layers.12.attn.output_proj,209891299,564872,84405800,64816,PushPop,9491,9491,1,2,0,959,691,:690:691:959
:fsdp:forward:wait_weights:layers.12.ffn.w1,212078209,130114,84742433,65102,PushPop,9491,9491,1,2,0,960,691,:690:691:960
:fsdp:forward:all_gather:layers.12.ffn.w3,212211651,2412961,84854376,208027,PushPop,9491,9491,3,2,0,961,691,:690:691:961
:fsdp:forward:compute:layers.12.ffn.w1,212209603,2026460,85076149,73726,PushPop,9491,9491,2,2,0,962,691,:690:691:962
:fsdp:forward:wait_weights:layers.12.ffn.w3,214625956,137634,85259952,56073,PushPop,9491,9491,1,2,0,963,691,:690:691:963
:fsdp:forward:all_gather:layers.12.ffn.w2,214767046,2294272,85359158,182352,PushPop,9491,9491,3,2,0,964,691,:690:691:964
:fsdp:forward:compute:layers.12.ffn.w3,214765542,2016220,85553093,65203,PushPop,9491,9491,2,2,0,965,691,:690:691:965
:fsdp:forward:wait_weights:layers.12.ffn.w2,217063110,128642,85695474,52186,PushPop,9491,9491,1,2,0,966,691,:690:691:966
:fsdp:forward:all_gather:layers.13.attn.q_proj,219082498,552807,85789841,176128,PushPop,9491,9491,3,2,0,967,691,:690:691:967
:fsdp:forward:compute:layers.12.ffn.w2,217194408,1923290,85978352,59734,PushPop,9491,9491,2,2,0,968,691,:690:691:968
:fsdp:forward:wait_weights:layers.13.attn.q_proj,219637449,9889,86293576,56381,PushPop,9491,9491,1,2,0,969,691,:690:691:969
:fsdp:forward:all_gather:layers.13.attn.k_proj,219651722,559943,86395946,210138,PushPop,9491,9491,3,2,0,970,691,:690:691:970
:fsdp:forward:compute:layers.13.attn.q_proj,219647626,568135,86619532,63584,PushPop,9491,9491,1,2,0,971,691,:690:691:971
:fsdp:forward:wait_weights:layers.13.attn.k_proj,220217137,8641,86742103,53948,PushPop,9491,9491,1,2,0,972,691,:690:691:972
:fsdp:forward:all_gather:layers.13.attn.v_proj,220228146,553767,86838423,190041,PushPop,9491,9491,3,2,0,973,691,:690:691:973
:fsdp:forward:compute:layers.13.attn.k_proj,220226066,567879,87040549,54339,PushPop,9491,9491,1,2,0,974,691,:690:691:974
:fsdp:forward:wait_weights:layers.13.attn.v_proj,220794713,8929,87145502,52826,PushPop,9491,9491,1,2,0,975,691,:690:691:975
:fsdp:forward:all_gather:layers.13.attn.output_proj,220807354,554887,87235819,166509,PushPop,9491,9491,3,2,0,976,691,:690:691:976
:fsdp:forward:compute:layers.13.attn.v_proj,220803930,569799,87413116,49369,PushPop,9491,9491,1,2,0,977,691,:690:691:977
:fsdp:forward:wait_weights:layers.13.attn.output_proj,222939991,23072,88542091,71469,PushPop,9491,9491,1,2,0,978,691,:690:691:978
:fsdp:forward:all_gather:layers.13.ffn.w1,222965687,2158942,88669332,234071,PushPop,9491,9491,3,2,0,979,691,:690:691:979
:fsdp:forward:compute:layers.13.attn.output_proj,222963319,564040,88917970,64183,PushPop,9491,9491,1,2,0,980,691,:690:691:980
:fsdp:forward:wait_weights:layers.13.ffn.w1,225126197,130274,89252007,60392,PushPop,9491,9491,1,2,0,981,691,:690:691:981
:fsdp:forward:all_gather:layers.13.ffn.w3,226972335,2287039,89357063,198640,PushPop,9491,9491,3,2,0,982,691,:690:691:982
:fsdp:forward:compute:layers.13.ffn.w1,225257047,1999324,89568489,72686,PushPop,9491,9491,2,2,0,983,691,:690:691:983
:fsdp:forward:wait_weights:layers.13.ffn.w3,229261166,131586,89749769,54153,PushPop,9491,9491,1,2,0,984,691,:690:691:984
:fsdp:forward:all_gather:layers.13.ffn.w2,229396688,3903222,89845790,178643,PushPop,9491,9491,3,2,0,985,691,:690:691:985
:fsdp:forward:compute:layers.13.ffn.w3,229394640,2001820,90036894,63032,PushPop,9491,9491,2,2,0,986,691,:690:691:986
:fsdp:forward:wait_weights:layers.13.ffn.w2,233301926,131970,90178668,52477,PushPop,9491,9491,1,2,0,987,691,:690:691:987
:fsdp:forward:all_gather:layers.14.attn.q_proj,233436712,1914298,90272273,191947,PushPop,9491,9491,3,2,0,988,691,:690:691:988
:fsdp:forward:compute:layers.13.ffn.w2,233435400,1934746,90475925,59696,PushPop,9491,9491,2,2,0,989,691,:690:691:989
:fsdp:forward:wait_weights:layers.14.attn.q_proj,235435011,19297,90807698,57670,PushPop,9491,9491,1,2,0,990,691,:690:691:990
:fsdp:forward:all_gather:layers.14.attn.k_proj,235456196,559143,90911675,199161,PushPop,9491,9491,3,2,0,991,691,:690:691:991
:fsdp:forward:compute:layers.14.attn.q_proj,235454596,562151,91123823,61859,PushPop,9491,9491,1,2,0,992,691,:690:691:992
:fsdp:forward:wait_weights:layers.14.attn.k_proj,236018699,9729,91241729,53455,PushPop,9491,9491,1,2,0,993,691,:690:691:993
:fsdp:forward:all_gather:layers.14.attn.v_proj,236032172,552167,91335955,176059,PushPop,9491,9491,3,2,0,994,691,:690:691:994
:fsdp:forward:compute:layers.14.attn.k_proj,236028716,561895,91523336,53971,PushPop,9491,9491,1,2,0,995,691,:690:691:995
:fsdp:forward:wait_weights:layers.14.attn.v_proj,236593171,8768,91627505,50147,PushPop,9491,9491,1,2,0,996,691,:690:691:996
:fsdp:forward:all_gather:layers.14.attn.output_proj,236604724,555015,91715926,313362,PushPop,9491,9491,3,2,0,997,691,:690:691:997
:fsdp:forward:compute:layers.14.attn.v_proj,236602227,562344,92043465,56831,PushPop,9491,9491,1,2,0,998,691,:690:691:998
:fsdp:forward:wait_weights:layers.14.attn.output_proj,238726193,21952,93197565,71786,PushPop,9491,9491,1,2,0,999,691,:690:691:999
:fsdp:forward:all_gather:layers.14.ffn.w1,238751921,2199294,93325526,236445,PushPop,9491,9491,3,2,0,1000,691,:690:691:1000
:fsdp:forward:compute:layers.14.attn.output_proj,238748401,562568,93577238,63013,PushPop,9491,9491,1,2,0,1001,691,:690:691:1001
:fsdp:forward:wait_weights:layers.14.ffn.w1,240953360,131073,93910169,59386,PushPop,9491,9491,1,2,0,1002,691,:690:691:1002
:fsdp:forward:all_gather:layers.14.ffn.w3,241088753,4002552,94015963,199461,PushPop,9491,9491,3,2,0,1003,691,:690:691:1003
:fsdp:forward:compute:layers.14.ffn.w1,241086801,2003452,94227765,71712,PushPop,9491,9491,2,2,0,1004,691,:690:691:1004
:fsdp:forward:wait_weights:layers.14.ffn.w3,245092425,131233,94407369,54283,PushPop,9491,9491,1,2,0,1005,691,:690:691:1005
:fsdp:forward:all_gather:layers.14.ffn.w2,245227402,2295136,94502528,194174,PushPop,9491,9491,3,2,0,1006,691,:690:691:1006
:fsdp:forward:compute:layers.14.ffn.w3,245225866,2015964,94709596,71954,PushPop,9491,9491,2,2,0,1007,691,:690:691:1007
:fsdp:forward:wait_weights:layers.14.ffn.w2,247523434,126850,94861549,53144,PushPop,9491,9491,1,2,0,1008,691,:690:691:1008
:fsdp:forward:all_gather:layers.15.attn.q_proj,249555142,559752,94958926,175727,PushPop,9491,9491,3,2,0,1009,691,:690:691:1009
:fsdp:forward:compute:layers.14.ffn.w2,247652716,1940731,95146560,59712,PushPop,9491,9491,2,2,0,1010,691,:690:691:1010
:fsdp:forward:wait_weights:layers.15.attn.q_proj,250116206,10080,95462232,53688,PushPop,9491,9491,1,2,0,1011,691,:690:691:1011
:fsdp:forward:all_gather:layers.15.attn.k_proj,250129870,556328,95559462,181840,PushPop,9491,9491,3,2,0,1012,691,:690:691:1012
:fsdp:forward:compute:layers.15.attn.q_proj,250126542,563976,95752907,54349,PushPop,9491,9491,1,2,0,1013,691,:690:691:1013
:fsdp:forward:wait_weights:layers.15.attn.k_proj,250691798,8640,95858559,51876,PushPop,9491,9491,1,2,0,1014,691,:690:691:1014
:fsdp:forward:all_gather:layers.15.attn.v_proj,250702806,552488,95950137,169632,PushPop,9491,9491,3,2,0,1015,691,:690:691:1015
:fsdp:forward:compute:layers.15.attn.k_proj,250700726,560680,96130857,49693,PushPop,9491,9491,1,2,0,1016,691,:690:691:1016
:fsdp:forward:wait_weights:layers.15.attn.v_proj,251262174,8672,96229386,49543,PushPop,9491,9491,1,2,0,1017,691,:690:691:1017
:fsdp:forward:all_gather:layers.15.attn.output_proj,251274590,554856,96315631,163667,PushPop,9491,9491,3,2,0,1018,691,:690:691:1018
:fsdp:forward:compute:layers.15.attn.v_proj,251271134,562568,96491001,49104,PushPop,9491,9491,1,2,0,1019,691,:690:691:1019
:fsdp:forward:wait_weights:layers.15.attn.output_proj,253397243,21792,97633208,70921,PushPop,9491,9491,1,2,0,1020,691,:690:691:1020
:fsdp:forward:all_gather:layers.15.ffn.w1,253421243,2179807,97759117,231246,PushPop,9491,9491,3,2,0,1021,691,:690:691:1021
:fsdp:forward:compute:layers.15.attn.output_proj,253419291,559816,98004156,61548,PushPop,9491,9491,1,2,0,1022,691,:690:691:1022
:fsdp:forward:wait_weights:layers.15.ffn.w1,255601850,132705,98331772,58643,PushPop,9491,9491,1,2,0,1023,691,:690:691:1023
:fsdp:forward:all_gather:layers.15.ffn.w3,255738843,2381089,98437130,203481,PushPop,9491,9491,3,2,0,1024,691,:690:691:1024
:fsdp:forward:compute:layers.15.ffn.w1,255737371,2025340,98652405,71317,PushPop,9491,9491,2,2,0,1025,691,:690:691:1025
:fsdp:forward:wait_weights:layers.15.ffn.w3,258121948,127522,99227712,304566,PushPop,9491,9491,1,2,0,1026,691,:690:691:1026
:fsdp:forward:all_gather:layers.15.ffn.w2,258253534,4227226,99597381,246111,PushPop,9491,9491,3,2,0,1027,691,:690:691:1027
:fsdp:forward:compute:layers.15.ffn.w3,258251454,2000348,99859604,478533,PushPop,9491,9491,2,2,0,1028,691,:690:691:1028
:fsdp:forward:wait_weights:layers.15.ffn.w2,262482232,127298,100460439,280362,PushPop,9491,9491,1,2,0,1029,691,:690:691:1029
:fsdp:forward:all_gather:layers.16.attn.q_proj,264504500,549576,100803100,238261,PushPop,9491,9491,3,2,0,1030,691,:690:691:1030
:fsdp:forward:compute:layers.15.ffn.w2,262611514,1939067,101056129,88167,PushPop,9491,9491,2,2,0,1031,691,:690:691:1031
:fsdp:forward:wait_weights:layers.16.attn.q_proj,265055548,9600,101439958,63810,PushPop,9491,9491,1,2,0,1032,691,:690:691:1032
:fsdp:forward:all_gather:layers.16.attn.k_proj,265066524,559240,101551568,216285,PushPop,9491,9491,3,2,0,1033,691,:690:691:1033
:fsdp:forward:compute:layers.16.attn.q_proj,265065404,568776,101780565,67808,PushPop,9491,9491,1,2,0,1034,691,:690:691:1034
:fsdp:forward:wait_weights:layers.16.attn.k_proj,265635268,8992,101906108,55263,PushPop,9491,9491,1,2,0,1035,691,:690:691:1035
:fsdp:forward:all_gather:layers.16.attn.v_proj,265646148,554632,102003486,181613,PushPop,9491,9491,3,2,0,1036,691,:690:691:1036
:fsdp:forward:compute:layers.16.attn.k_proj,265644548,570408,102197551,54590,PushPop,9491,9491,1,2,0,1037,691,:690:691:1037
:fsdp:forward:wait_weights:layers.16.attn.v_proj,266215884,9056,102304173,52097,PushPop,9491,9491,1,2,0,1038,691,:690:691:1038
:fsdp:forward:all_gather:layers.16.attn.output_proj,266228748,551592,102395020,172945,PushPop,9491,9491,3,2,0,1039,691,:690:691:1039
:fsdp:forward:compute:layers.16.attn.v_proj,266225228,568968,102579450,50791,PushPop,9491,9491,1,2,0,1040,691,:690:691:1040
:fsdp:forward:wait_weights:layers.16.attn.output_proj,268352969,27137,104776401,81592,PushPop,9491,9491,1,2,0,1041,691,:690:691:1041
:fsdp:forward:all_gather:layers.16.ffn.w1,268382858,2161982,104919002,256137,PushPop,9491,9491,3,2,0,1042,691,:690:691:1042
:fsdp:forward:compute:layers.16.attn.output_proj,268380362,564360,105191341,69900,PushPop,9491,9491,1,2,0,1043,691,:690:691:1043
:fsdp:forward:wait_weights:layers.16.ffn.w1,270547368,134786,105536836,61673,PushPop,9491,9491,1,2,0,1044,691,:690:691:1044
:fsdp:forward:all_gather:layers.16.ffn.w3,270686474,2371264,105644558,228907,PushPop,9491,9491,3,2,0,1045,691,:690:691:1045
:fsdp:forward:compute:layers.16.ffn.w1,270684970,2019868,105887647,78603,PushPop,9491,9491,2,2,0,1046,691,:690:691:1046
:fsdp:forward:wait_weights:layers.16.ffn.w3,273059274,131266,106076065,385094,PushPop,9491,9491,1,2,0,1047,691,:690:691:1047
:fsdp:forward:all_gather:layers.16.ffn.w2,273194700,2301056,106522582,247892,PushPop,9491,9491,3,2,0,1048,691,:690:691:1048
:fsdp:forward:compute:layers.16.ffn.w3,273192716,2023804,106784983,357480,PushPop,9491,9491,2,2,0,1049,691,:690:691:1049
:fsdp:forward:wait_weights:layers.16.ffn.w2,275497452,128162,107262635,285944,PushPop,9491,9491,1,2,0,1050,691,:690:691:1050
:fsdp:forward:all_gather:layers.17.attn.q_proj,275628238,2382625,107611061,246310,PushPop,9491,9491,3,2,0,1051,691,:690:691:1051
:fsdp:forward:compute:layers.16.ffn.w2,275626798,2204542,107872899,88029,PushPop,9491,9491,2,2,0,1052,691,:690:691:1052
:fsdp:forward:wait_weights:layers.17.attn.q_proj,278013455,9472,108248274,63612,PushPop,9491,9491,1,2,0,1053,691,:690:691:1053
:fsdp:forward:all_gather:layers.17.attn.k_proj,278024399,556488,108360316,215426,PushPop,9491,9491,3,2,0,1054,691,:690:691:1054
:fsdp:forward:compute:layers.17.attn.q_proj,278023215,561480,108588392,67063,PushPop,9491,9491,1,2,0,1055,691,:690:691:1055
:fsdp:forward:wait_weights:layers.17.attn.k_proj,278585943,8544,108713299,56436,PushPop,9491,9491,1,2,0,1056,691,:690:691:1056
:fsdp:forward:all_gather:layers.17.attn.v_proj,278597527,553671,108813877,179619,PushPop,9491,9491,3,2,0,1057,691,:690:691:1057
:fsdp:forward:compute:layers.17.attn.k_proj,278594775,561992,109005239,54141,PushPop,9491,9491,1,2,0,1058,691,:690:691:1058
:fsdp:forward:wait_weights:layers.17.attn.v_proj,279159391,8736,109111767,52135,PushPop,9491,9491,1,2,0,1059,691,:690:691:1059
:fsdp:forward:all_gather:layers.17.attn.output_proj,279172767,553959,109203145,173801,PushPop,9491,9491,3,2,0,1060,691,:690:691:1060
:fsdp:forward:compute:layers.17.attn.v_proj,279168383,562535,109388756,50334,PushPop,9491,9491,1,2,0,1061,691,:690:691:1061
:fsdp:forward:wait_weights:layers.17.attn.output_proj,281292412,26016,111466875,61121,PushPop,9491,9491,1,2,0,1062,691,:690:691:1062
:fsdp:forward:all_gather:layers.17.ffn.w1,281322236,2176670,111574883,181960,PushPop,9491,9491,3,2,0,1063,691,:690:691:1063
:fsdp:forward:compute:layers.17.attn.output_proj,281318684,566120,111768552,52530,PushPop,9491,9491,1,2,0,1064,691,:690:691:1064
:fsdp:forward:wait_weights:layers.17.ffn.w1,283500122,133538,112021097,43923,PushPop,9491,9491,1,2,0,1065,691,:690:691:1065
:fsdp:forward:all_gather:layers.17.ffn.w3,283637724,2406786,112096765,147009,PushPop,9491,9491,3,2,0,1066,691,:690:691:1066
:fsdp:forward:compute:layers.17.ffn.w1,283635612,2021212,112253099,57832,PushPop,9491,9491,2,2,0,1067,691,:690:691:1067
:fsdp:forward:wait_weights:layers.17.ffn.w3,286046846,136065,112386698,250029,PushPop,9491,9491,1,2,0,1068,691,:690:691:1068
:fsdp:forward:all_gather:layers.17.ffn.w2,286186015,2289824,112677324,177239,PushPop,9491,9491,3,2,0,1069,691,:690:691:1069
:fsdp:forward:compute:layers.17.ffn.w3,286184447,2013820,112864557,252363,PushPop,9491,9491,2,2,0,1070,691,:690:691:1070
:fsdp:forward:wait_weights:layers.17.ffn.w2,288477855,128450,113204877,272292,PushPop,9491,9491,1,2,0,1071,691,:690:691:1071
:fsdp:forward:all_gather:layers.18.attn.q_proj,288609025,1919610,113523338,200631,PushPop,9491,9491,3,2,0,1072,691,:690:691:1072
:fsdp:forward:compute:layers.17.ffn.w2,288607265,1946107,113735299,67137,PushPop,9491,9491,2,2,0,1073,691,:690:691:1073
:fsdp:forward:wait_weights:layers.18.attn.q_proj,290619133,15168,114010647,45028,PushPop,9491,9491,1,2,0,1074,691,:690:691:1074
:fsdp:forward:all_gather:layers.18.attn.k_proj,290636861,558600,114089684,150149,PushPop,9491,9491,3,2,0,1075,691,:690:691:1075
:fsdp:forward:compute:layers.18.attn.q_proj,290634589,565896,114248432,50516,PushPop,9491,9491,1,2,0,1076,691,:690:691:1076
:fsdp:forward:wait_weights:layers.18.attn.k_proj,291201797,8640,114339582,40415,PushPop,9491,9491,1,2,0,1077,691,:690:691:1077
:fsdp:forward:all_gather:layers.18.attn.v_proj,291213477,555079,114409722,123454,PushPop,9491,9491,3,2,0,1078,691,:690:691:1078
:fsdp:forward:compute:layers.18.attn.k_proj,291210725,567272,114551596,40867,PushPop,9491,9491,1,2,0,1079,691,:690:691:1079
:fsdp:forward:wait_weights:layers.18.attn.v_proj,291779373,9056,114631632,37803,PushPop,9491,9491,1,2,0,1080,691,:690:691:1080
:fsdp:forward:all_gather:layers.18.attn.output_proj,291791341,555271,114696153,131765,PushPop,9491,9491,3,2,0,1081,691,:690:691:1081
:fsdp:forward:compute:layers.18.attn.v_proj,291788717,568104,114837008,38482,PushPop,9491,9491,1,2,0,1082,691,:690:691:1082
:fsdp:forward:wait_weights:layers.18.attn.output_proj,293912330,25312,116510544,60654,PushPop,9491,9491,1,2,0,1083,691,:690:691:1083
:fsdp:forward:all_gather:layers.18.ffn.w1,293940170,2164958,116616312,184034,PushPop,9491,9491,3,2,0,1084,691,:690:691:1084
:fsdp:forward:compute:layers.18.attn.output_proj,293937898,564456,116811013,51854,PushPop,9491,9491,1,2,0,1085,691,:690:691:1085
:fsdp:forward:wait_weights:layers.18.ffn.w1,296106760,131106,117060959,44625,PushPop,9491,9491,1,2,0,1086,691,:690:691:1086
:fsdp:forward:all_gather:layers.18.ffn.w3,296241706,2372801,117137533,150234,PushPop,9491,9491,3,2,0,1087,691,:690:691:1087
:fsdp:forward:compute:layers.18.ffn.w1,296240170,2017244,117296230,57574,PushPop,9491,9491,2,2,0,1088,691,:690:691:1088
:fsdp:forward:wait_weights:layers.18.ffn.w3,298616619,128514,117430552,279841,PushPop,9491,9491,1,2,0,1089,691,:690:691:1089
:fsdp:forward:all_gather:layers.18.ffn.w2,298749965,2291007,117751832,170274,PushPop,9491,9491,3,2,0,1090,691,:690:691:1090
:fsdp:forward:compute:layers.18.ffn.w3,298748013,2015964,117931681,254835,PushPop,9491,9491,2,2,0,1091,691,:690:691:1091
:fsdp:forward:wait_weights:layers.18.ffn.w2,301042476,128098,118267715,263326,PushPop,9491,9491,1,2,0,1092,691,:690:691:1092
:fsdp:forward:all_gather:layers.19.attn.q_proj,303053320,549224,118581570,176324,PushPop,9491,9491,3,2,0,1093,691,:690:691:1093
:fsdp:forward:compute:layers.18.ffn.w2,301171790,1931259,118768322,63969,PushPop,9491,9491,2,2,0,1094,691,:690:691:1094
:fsdp:forward:wait_weights:layers.19.attn.q_proj,303604592,9280,119031821,44153,PushPop,9491,9491,1,2,0,1095,691,:690:691:1095
:fsdp:forward:all_gather:layers.19.attn.k_proj,303615536,559432,119108538,142502,PushPop,9491,9491,3,2,0,1096,691,:690:691:1096
:fsdp:forward:compute:layers.19.attn.q_proj,303614128,569992,119259362,55370,PushPop,9491,9491,1,2,0,1097,691,:690:691:1097
:fsdp:forward:wait_weights:layers.19.attn.k_proj,304186328,9120,119354468,38690,PushPop,9491,9491,1,2,0,1098,691,:690:691:1098
:fsdp:forward:all_gather:layers.19.attn.v_proj,304197240,556712,119422080,122463,PushPop,9491,9491,3,2,0,1099,691,:690:691:1099
:fsdp:forward:compute:layers.19.attn.k_proj,304195736,567656,119552684,38344,PushPop,9491,9491,1,2,0,1100,691,:690:691:1100
:fsdp:forward:wait_weights:layers.19.attn.v_proj,304765920,9024,119625763,35600,PushPop,9491,9491,1,2,0,1101,691,:690:691:1101
:fsdp:forward:all_gather:layers.19.attn.output_proj,304779520,558664,119687892,118884,PushPop,9491,9491,3,2,0,1102,691,:690:691:1102
:fsdp:forward:compute:layers.19.attn.v_proj,304775232,570568,119814697,35732,PushPop,9491,9491,1,2,0,1103,691,:690:691:1103
:fsdp:forward:wait_weights:layers.19.attn.output_proj,306911197,26433,121372927,58729,PushPop,9491,9491,1,2,0,1104,691,:690:691:1104
:fsdp:forward:all_gather:layers.19.ffn.w1,306941054,2168958,121476690,179532,PushPop,9491,9491,3,2,0,1105,691,:690:691:1105
:fsdp:forward:compute:layers.19.attn.output_proj,306937886,566440,121667199,50265,PushPop,9491,9491,1,2,0,1106,691,:690:691:1106
:fsdp:forward:wait_weights:layers.19.ffn.w1,309111740,133442,121915662,42545,PushPop,9491,9491,1,2,0,1107,691,:690:691:1107
:fsdp:forward:all_gather:layers.19.ffn.w3,309249214,2374528,121989184,158159,PushPop,9491,9491,3,2,0,1108,691,:690:691:1108
:fsdp:forward:compute:layers.19.ffn.w1,309247230,2020059,122156873,56023,PushPop,9491,9491,2,2,0,1109,691,:690:691:1109
:fsdp:forward:wait_weights:layers.19.ffn.w3,311625662,127458,122289859,262534,PushPop,9491,9491,1,2,0,1110,691,:690:691:1110
:fsdp:forward:all_gather:layers.19.ffn.w2,311756704,2294944,122593692,173498,PushPop,9491,9491,3,2,0,1111,691,:690:691:1111
:fsdp:forward:compute:layers.19.ffn.w3,311755136,2020252,122777559,346854,PushPop,9491,9491,2,2,0,1112,691,:690:691:1112
:fsdp:forward:wait_weights:layers.19.ffn.w2,314052608,129314,123208535,207287,PushPop,9491,9491,1,2,0,1113,691,:690:691:1113
:fsdp:forward:all_gather:layers.20.attn.q_proj,316083388,549479,123457682,171333,PushPop,9491,9491,3,2,0,1114,691,:690:691:1114
:fsdp:forward:compute:layers.19.ffn.w2,314183906,1939994,123639321,63671,PushPop,9491,9491,2,2,0,1115,691,:690:691:1115
:fsdp:forward:wait_weights:layers.20.attn.q_proj,316634116,8896,123906845,50311,PushPop,9491,9491,1,2,0,1116,691,:690:691:1116
:fsdp:forward:all_gather:layers.20.attn.k_proj,316645092,556103,123991261,158165,PushPop,9491,9491,3,2,0,1117,691,:690:691:1117
:fsdp:forward:compute:layers.20.attn.q_proj,316643300,566087,124158704,51388,PushPop,9491,9491,1,2,0,1118,691,:690:691:1118
:fsdp:forward:wait_weights:layers.20.attn.k_proj,317211787,8897,124253229,41021,PushPop,9491,9491,1,2,0,1119,691,:690:691:1119
:fsdp:forward:all_gather:layers.20.attn.v_proj,317222732,552871,124323463,125084,PushPop,9491,9491,3,2,0,1120,691,:690:691:1120
:fsdp:forward:compute:layers.20.attn.k_proj,317220972,566631,124456020,39139,PushPop,9491,9491,1,2,0,1121,691,:690:691:1121
:fsdp:forward:wait_weights:layers.20.attn.v_proj,317789299,8961,124530313,36653,PushPop,9491,9491,1,2,0,1122,691,:690:691:1122
:fsdp:forward:all_gather:layers.20.attn.output_proj,317801268,553191,124592628,119774,PushPop,9491,9491,3,2,0,1123,691,:690:691:1123
:fsdp:forward:compute:layers.20.attn.v_proj,317798548,565927,124720010,35306,PushPop,9491,9491,1,2,0,1124,691,:690:691:1124
:fsdp:forward:wait_weights:layers.20.attn.output_proj,319924369,25408,126356862,64148,PushPop,9491,9491,1,2,0,1125,691,:690:691:1125
:fsdp:forward:all_gather:layers.20.ffn.w1,319952177,2153310,126465871,187512,PushPop,9491,9491,3,2,0,1126,691,:690:691:1126
:fsdp:forward:compute:layers.20.attn.output_proj,319950033,566088,126665660,52433,PushPop,9491,9491,1,2,0,1127,691,:690:691:1127
:fsdp:forward:wait_weights:layers.20.ffn.w1,322106479,131810,126918798,44180,PushPop,9491,9491,1,2,0,1128,691,:690:691:1128
:fsdp:forward:all_gather:layers.20.ffn.w3,322241425,2358752,126995575,144640,PushPop,9491,9491,3,2,0,1129,691,:690:691:1129
:fsdp:forward:compute:layers.20.ffn.w1,322239921,2010844,127149376,57136,PushPop,9491,9491,2,2,0,1130,691,:690:691:1130
:fsdp:forward:wait_weights:layers.20.ffn.w3,324600977,130274,127283466,258025,PushPop,9491,9491,1,2,0,1131,691,:690:691:1131
:fsdp:forward:all_gather:layers.20.ffn.w2,324734419,2298368,127583298,173891,PushPop,9491,9491,3,2,0,1132,691,:690:691:1132
:fsdp:forward:compute:layers.20.ffn.w3,324732371,2021980,127767463,337365,PushPop,9491,9491,2,2,0,1133,691,:690:691:1133
:fsdp:forward:wait_weights:layers.20.ffn.w2,327035059,129890,128190511,274397,PushPop,9491,9491,1,2,0,1134,691,:690:691:1134
:fsdp:forward:all_gather:layers.21.attn.q_proj,327167925,1921786,128508863,178955,PushPop,9491,9491,3,2,0,1135,691,:690:691:1135
:fsdp:forward:compute:layers.20.ffn.w2,327166389,1946299,128697907,64982,PushPop,9491,9491,2,2,0,1136,691,:690:691:1136
:fsdp:forward:wait_weights:layers.21.attn.q_proj,329178385,17440,128966086,44678,PushPop,9491,9491,1,2,0,1137,691,:690:691:1137
:fsdp:forward:all_gather:layers.21.attn.k_proj,329197489,556680,129043581,152624,PushPop,9491,9491,3,2,0,1138,691,:690:691:1138
:fsdp:forward:compute:layers.21.attn.q_proj,329196081,566664,129205152,49703,PushPop,9491,9491,1,2,0,1139,691,:690:691:1139
:fsdp:forward:wait_weights:layers.21.attn.k_proj,329764153,8960,129297338,40842,PushPop,9491,9491,1,2,0,1140,691,:690:691:1140
:fsdp:forward:all_gather:layers.21.attn.v_proj,329775129,555655,129368341,138948,PushPop,9491,9491,3,2,0,1141,691,:690:691:1141
:fsdp:forward:compute:layers.21.attn.k_proj,329773401,566888,129516153,41601,PushPop,9491,9491,1,2,0,1142,691,:690:691:1142
:fsdp:forward:wait_weights:layers.21.attn.v_proj,330341697,8864,129597468,38356,PushPop,9491,9491,1,2,0,1143,691,:690:691:1143
:fsdp:forward:all_gather:layers.21.attn.output_proj,330353345,554407,129663126,120507,PushPop,9491,9491,3,2,0,1144,691,:690:691:1144
:fsdp:forward:compute:layers.21.attn.v_proj,330350849,567784,129791209,36602,PushPop,9491,9491,1,2,0,1145,691,:690:691:1145
:fsdp:forward:wait_weights:layers.21.attn.output_proj,332480830,26272,131317035,60083,PushPop,9491,9491,1,2,0,1146,691,:690:691:1146
:fsdp:forward:all_gather:layers.21.ffn.w1,332510655,2162045,131421806,177850,PushPop,9491,9491,3,2,0,1147,691,:690:691:1147
:fsdp:forward:compute:layers.21.attn.output_proj,332507358,562312,131611781,54233,PushPop,9491,9491,1,2,0,1148,691,:690:691:1148
:fsdp:forward:wait_weights:layers.21.ffn.w1,334675228,133410,131867493,44623,PushPop,9491,9491,1,2,0,1149,691,:690:691:1149
:fsdp:forward:all_gather:layers.21.ffn.w3,334812606,2365345,131943619,149740,PushPop,9491,9491,3,2,0,1150,691,:690:691:1150
:fsdp:forward:compute:layers.21.ffn.w1,334810686,2008636,132102705,56676,PushPop,9491,9491,2,2,0,1151,691,:690:691:1151
:fsdp:forward:wait_weights:layers.21.ffn.w3,337179967,128354,132238282,252194,PushPop,9491,9491,1,2,0,1152,691,:690:691:1152
:fsdp:forward:all_gather:layers.21.ffn.w2,337310913,2292991,132530126,173233,PushPop,9491,9491,3,2,0,1153,691,:690:691:1153
:fsdp:forward:compute:layers.21.ffn.w3,337309281,2016188,132713263,250942,PushPop,9491,9491,2,2,0,1154,691,:690:691:1154
:fsdp:forward:wait_weights:layers.21.ffn.w2,339605856,129282,133049285,240908,PushPop,9491,9491,1,2,0,1155,691,:690:691:1155
:fsdp:forward:all_gather:layers.22.attn.q_proj,339739042,1922971,133333161,178584,PushPop,9491,9491,3,2,0,1156,691,:690:691:1156
:fsdp:forward:compute:layers.21.ffn.w2,339737218,1951739,133522126,65847,PushPop,9491,9491,2,2,0,1157,691,:690:691:1157
:fsdp:forward:wait_weights:layers.22.attn.q_proj,341755326,15232,133795843,44807,PushPop,9491,9491,1,2,0,1158,691,:690:691:1158
:fsdp:forward:all_gather:layers.22.attn.k_proj,341772446,556264,133875434,150789,PushPop,9491,9491,3,2,0,1159,691,:690:691:1159
:fsdp:forward:compute:layers.22.attn.q_proj,341770846,567784,134035065,53667,PushPop,9491,9491,1,2,0,1160,691,:690:691:1160
:fsdp:forward:wait_weights:layers.22.attn.k_proj,342341094,8928,134131659,39954,PushPop,9491,9491,1,2,0,1161,691,:690:691:1161
:fsdp:forward:all_gather:layers.22.attn.v_proj,342352038,553608,134200199,124534,PushPop,9491,9491,3,2,0,1162,691,:690:691:1162
:fsdp:forward:compute:layers.22.attn.k_proj,342350310,568712,134332639,41273,PushPop,9491,9491,1,2,0,1163,691,:690:691:1163
:fsdp:forward:wait_weights:layers.22.attn.v_proj,342920686,8992,134410928,35848,PushPop,9491,9491,1,2,0,1164,691,:690:691:1164
:fsdp:forward:all_gather:layers.22.attn.output_proj,342932558,555272,134473824,129625,PushPop,9491,9491,3,2,0,1165,691,:690:691:1165
:fsdp:forward:compute:layers.22.attn.v_proj,342929966,568968,134611042,39764,PushPop,9491,9491,1,2,0,1166,691,:690:691:1166
:fsdp:forward:wait_weights:layers.22.attn.output_proj,345063884,25792,136235311,59528,PushPop,9491,9491,1,2,0,1167,691,:690:691:1167
:fsdp:forward:all_gather:layers.22.ffn.w1,345091692,2147902,136340540,187278,PushPop,9491,9491,3,2,0,1168,691,:690:691:1168
:fsdp:forward:compute:layers.22.attn.output_proj,345089932,561832,136539410,51941,PushPop,9491,9491,1,2,0,1169,691,:690:691:1169
:fsdp:forward:wait_weights:layers.22.ffn.w1,347240906,132610,136796230,44087,PushPop,9491,9491,1,2,0,1170,691,:690:691:1170
:fsdp:forward:all_gather:layers.22.ffn.w3,347378028,2371712,136872757,149545,PushPop,9491,9491,3,2,0,1171,691,:690:691:1171
:fsdp:forward:compute:layers.22.ffn.w1,347376396,2022652,137031535,57503,PushPop,9491,9491,2,2,0,1172,691,:690:691:1172
:fsdp:forward:wait_weights:layers.22.ffn.w3,349750764,129698,137167947,265979,PushPop,9491,9491,1,2,0,1173,691,:690:691:1173
:fsdp:forward:all_gather:layers.22.ffn.w2,349884238,2289152,137475499,171791,PushPop,9491,9491,3,2,0,1174,691,:690:691:1174
:fsdp:forward:compute:layers.22.ffn.w3,349882126,2012412,137657202,276897,PushPop,9491,9491,2,2,0,1175,691,:690:691:1175
:fsdp:forward:wait_weights:layers.22.ffn.w2,352174574,131138,138019731,222271,PushPop,9491,9491,1,2,0,1176,691,:690:691:1176
:fsdp:forward:all_gather:layers.23.attn.q_proj,352309424,2395905,138285249,178421,PushPop,9491,9491,3,2,0,1177,691,:690:691:1177
:fsdp:forward:compute:layers.22.ffn.w2,352308080,2224542,138474480,74933,PushPop,9491,9491,2,2,0,1178,691,:690:691:1178
:fsdp:forward:wait_weights:layers.23.attn.q_proj,354706961,9536,138760818,45842,PushPop,9491,9491,1,2,0,1179,691,:690:691:1179
:fsdp:forward:all_gather:layers.23.attn.k_proj,354717937,556968,138841776,156446,PushPop,9491,9491,3,2,0,1180,691,:690:691:1180
:fsdp:forward:compute:layers.23.attn.q_proj,354716785,562888,139007382,51574,PushPop,9491,9491,1,2,0,1181,691,:690:691:1181
:fsdp:forward:wait_weights:layers.23.attn.k_proj,355280537,8416,139102198,39831,PushPop,9491,9491,1,2,0,1182,691,:690:691:1182
:fsdp:forward:all_gather:layers.23.attn.v_proj,355291737,552167,139171102,126169,PushPop,9491,9491,3,2,0,1183,691,:690:691:1183
:fsdp:forward:compute:layers.23.attn.k_proj,355289209,562568,139305506,38570,PushPop,9491,9491,1,2,0,1184,691,:690:691:1184
:fsdp:forward:wait_weights:layers.23.attn.v_proj,355853985,9024,139380265,36238,PushPop,9491,9491,1,2,0,1185,691,:690:691:1185
:fsdp:forward:all_gather:layers.23.attn.output_proj,355866017,554439,139443365,116609,PushPop,9491,9491,3,2,0,1186,691,:690:691:1186
:fsdp:forward:compute:layers.23.attn.v_proj,355863265,564071,139567560,36820,PushPop,9491,9491,1,2,0,1187,691,:690:691:1187
:fsdp:forward:wait_weights:layers.23.attn.output_proj,357990046,25920,141110344,58655,PushPop,9491,9491,1,2,0,1188,691,:690:691:1188
:fsdp:forward:all_gather:layers.23.ffn.w1,358018078,2161150,141213498,187330,PushPop,9491,9491,3,2,0,1189,691,:690:691:1189
:fsdp:forward:compute:layers.23.attn.output_proj,358016254,561608,141412070,52196,PushPop,9491,9491,1,2,0,1190,691,:690:691:1190
:fsdp:forward:wait_weights:layers.23.ffn.w1,360180316,133698,141664894,43519,PushPop,9491,9491,1,2,0,1191,691,:690:691:1191
:fsdp:forward:all_gather:layers.23.ffn.w3,360317918,2366849,141740935,149297,PushPop,9491,9491,3,2,0,1192,691,:690:691:1192
:fsdp:forward:compute:layers.23.ffn.w1,360315902,2017180,141899805,58350,PushPop,9491,9491,2,2,0,1193,691,:690:691:1193
:fsdp:forward:wait_weights:layers.23.ffn.w3,362686111,128610,142037738,256151,PushPop,9491,9491,1,2,0,1194,691,:690:691:1194
:fsdp:forward:all_gather:layers.23.ffn.w2,362818945,2299743,142335257,175611,PushPop,9491,9491,3,2,0,1195,691,:690:691:1195
:fsdp:forward:compute:layers.23.ffn.w3,362817473,2023836,142521431,264189,PushPop,9491,9491,2,2,0,1196,691,:690:691:1196
:fsdp:forward:wait_weights:layers.23.ffn.w2,365120192,129250,142875049,254729,PushPop,9491,9491,1,2,0,1197,691,:690:691:1197
:fsdp:forward:all_gather:layers.24.attn.q_proj,367158364,544616,143175467,183406,PushPop,9491,9491,3,2,0,1198,691,:690:691:1198
:fsdp:forward:compute:layers.23.ffn.w2,365251458,1943803,143370034,66483,PushPop,9491,9491,2,2,0,1199,691,:690:691:1199
:fsdp:forward:wait_weights:layers.24.attn.q_proj,367703748,9856,143646744,45180,PushPop,9491,9491,1,2,0,1200,691,:690:691:1200
:fsdp:forward:all_gather:layers.24.attn.k_proj,367716836,557576,143727619,151543,PushPop,9491,9491,3,2,0,1201,691,:690:691:1201
:fsdp:forward:compute:layers.24.attn.q_proj,367713892,566856,143888176,48969,PushPop,9491,9491,1,2,0,1202,691,:690:691:1202
:fsdp:forward:wait_weights:layers.24.attn.k_proj,368283468,8768,143978207,39372,PushPop,9491,9491,1,2,0,1203,691,:690:691:1203
:fsdp:forward:all_gather:layers.24.attn.v_proj,368294412,551592,144046876,127727,PushPop,9491,9491,3,2,0,1204,691,:690:691:1204
:fsdp:forward:compute:layers.24.attn.k_proj,368292524,565480,144182866,39058,PushPop,9491,9491,1,2,0,1205,691,:690:691:1205
:fsdp:forward:wait_weights:layers.24.attn.v_proj,368859988,9152,144257098,36579,PushPop,9491,9491,1,2,0,1206,691,:690:691:1206
:fsdp:forward:all_gather:layers.24.attn.output_proj,368871924,553864,144321742,2138335,PushPop,9491,9491,3,2,0,1207,691,:690:691:1207
:fsdp:forward:compute:layers.24.attn.v_proj,368869396,567880,146468301,51699,PushPop,9491,9491,1,2,0,1208,691,:690:691:1208
:fsdp:forward:wait_weights:layers.24.attn.output_proj,371003218,27328,151078644,59232,PushPop,9491,9491,1,2,0,1209,691,:690:691:1209
:fsdp:forward:all_gather:layers.24.ffn.w1,371033074,2158462,151183313,183071,PushPop,9491,9491,3,2,0,1210,691,:690:691:1210
:fsdp:forward:compute:layers.24.attn.output_proj,371030834,562120,151377726,52082,PushPop,9491,9491,1,2,0,1211,691,:690:691:1211
:fsdp:forward:wait_weights:layers.24.ffn.w1,373193520,131266,151634777,44754,PushPop,9491,9491,1,2,0,1212,691,:690:691:1212
:fsdp:forward:all_gather:layers.24.ffn.w3,373328594,2408961,151713109,154531,PushPop,9491,9491,3,2,0,1213,691,:690:691:1213
:fsdp:forward:compute:layers.24.ffn.w1,373327090,2021339,151877070,59627,PushPop,9491,9491,2,2,0,1214,691,:690:691:1214
:fsdp:forward:wait_weights:layers.24.ffn.w3,375738227,135842,152020107,331674,PushPop,9491,9491,1,2,0,1215,691,:690:691:1215
:fsdp:forward:all_gather:layers.24.ffn.w2,375877717,2299071,152396302,176548,PushPop,9491,9491,3,2,0,1216,691,:690:691:1216
:fsdp:forward:compute:layers.24.ffn.w3,375875733,2022588,152584466,370386,PushPop,9491,9491,2,2,0,1217,691,:690:691:1217
:fsdp:forward:wait_weights:layers.24.ffn.w2,378178421,128321,153042553,267494,PushPop,9491,9491,1,2,0,1218,691,:690:691:1218
:fsdp:forward:all_gather:layers.25.attn.q_proj,378309206,1925211,153354220,179181,PushPop,9491,9491,3,2,0,1219,691,:690:691:1219
:fsdp:forward:compute:layers.24.ffn.w2,378307734,1945819,153543624,65459,PushPop,9491,9491,2,2,0,1220,691,:690:691:1220
:fsdp:forward:wait_weights:layers.25.attn.q_proj,380319698,17568,153816930,44122,PushPop,9491,9491,1,2,0,1221,691,:690:691:1221
:fsdp:forward:all_gather:layers.25.attn.k_proj,380338834,553224,153894880,151306,PushPop,9491,9491,3,2,0,1222,691,:690:691:1222
:fsdp:forward:compute:layers.25.attn.q_proj,380337554,562664,154054794,48740,PushPop,9491,9491,1,2,0,1223,691,:690:691:1223
:fsdp:forward:wait_weights:layers.25.attn.k_proj,380901338,8832,154145036,39447,PushPop,9491,9491,1,2,0,1224,691,:690:691:1224
:fsdp:forward:all_gather:layers.25.attn.v_proj,380912346,556424,154215251,130972,PushPop,9491,9491,3,2,0,1225,691,:690:691:1225
:fsdp:forward:compute:layers.25.attn.k_proj,380910426,566472,154353866,39118,PushPop,9491,9491,1,2,0,1226,691,:690:691:1226
:fsdp:forward:wait_weights:layers.25.attn.v_proj,381477858,8768,154428015,36485,PushPop,9491,9491,1,2,0,1227,691,:690:691:1227
:fsdp:forward:all_gather:layers.25.attn.output_proj,381490370,552488,154492071,133676,PushPop,9491,9491,3,2,0,1228,691,:690:691:1228
:fsdp:forward:compute:layers.25.attn.v_proj,381486914,565416,154634014,38616,PushPop,9491,9491,1,2,0,1229,691,:690:691:1229
:fsdp:forward:wait_weights:layers.25.attn.output_proj,383614976,25376,165890744,65357,PushPop,9491,9491,1,2,0,1230,691,:690:691:1230
:fsdp:forward:all_gather:layers.25.ffn.w1,383642720,2152926,166000880,185392,PushPop,9491,9491,3,2,0,1231,691,:690:691:1231
:fsdp:forward:compute:layers.25.attn.output_proj,383640608,567656,166197648,51777,PushPop,9491,9491,1,2,0,1232,691,:690:691:1232
:fsdp:forward:wait_weights:layers.25.ffn.w1,385797086,132993,166453777,43751,PushPop,9491,9491,1,2,0,1233,691,:690:691:1233
:fsdp:forward:all_gather:layers.25.ffn.w3,385934592,2364032,166528486,163760,PushPop,9491,9491,3,2,0,1234,691,:690:691:1234
:fsdp:forward:compute:layers.25.ffn.w1,385932607,2012284,166700729,58016,PushPop,9491,9491,2,2,0,1235,691,:690:691:1235
:fsdp:forward:wait_weights:layers.25.ffn.w3,388300800,130434,166843303,374107,PushPop,9491,9491,1,2,0,1236,691,:690:691:1236
:fsdp:forward:all_gather:layers.25.ffn.w2,388433666,2287136,167261324,184339,PushPop,9491,9491,3,2,0,1237,691,:690:691:1237
:fsdp:forward:compute:layers.25.ffn.w3,388432162,2009788,167455515,305020,PushPop,9491,9491,2,2,0,1238,691,:690:691:1238
:fsdp:forward:wait_weights:layers.25.ffn.w2,390722594,131361,167847386,323131,PushPop,9491,9491,1,2,0,1239,691,:690:691:1239
:fsdp:forward:all_gather:layers.26.attn.q_proj,390857827,1930267,168214075,175647,PushPop,9491,9491,3,2,0,1240,691,:690:691:1240
:fsdp:forward:compute:layers.25.ffn.w2,390856003,1961147,168400230,67374,PushPop,9491,9491,2,2,0,1241,691,:690:691:1241
:fsdp:forward:wait_weights:layers.26.attn.q_proj,392884351,15265,168671721,44455,PushPop,9491,9491,1,2,0,1242,691,:690:691:1242
:fsdp:forward:all_gather:layers.26.attn.k_proj,392901440,556455,168749579,146657,PushPop,9491,9491,3,2,0,1243,691,:690:691:1243
:fsdp:forward:compute:layers.26.attn.q_proj,392899872,567751,168905651,49046,PushPop,9491,9491,1,2,0,1244,691,:690:691:1244
:fsdp:forward:wait_weights:layers.26.attn.k_proj,393470087,9057,168999695,40527,PushPop,9491,9491,1,2,0,1245,691,:690:691:1245
:fsdp:forward:all_gather:layers.26.attn.v_proj,393481064,554215,169071457,132716,PushPop,9491,9491,3,2,0,1246,691,:690:691:1246
:fsdp:forward:compute:layers.26.attn.k_proj,393479432,568583,169212907,39281,PushPop,9491,9491,1,2,0,1247,691,:690:691:1247
:fsdp:forward:wait_weights:layers.26.attn.v_proj,394050735,9185,169288915,35920,PushPop,9491,9491,1,2,0,1248,691,:690:691:1248
:fsdp:forward:all_gather:layers.26.attn.output_proj,394062928,554151,169352010,115466,PushPop,9491,9491,3,2,0,1249,691,:690:691:1249
:fsdp:forward:compute:layers.26.attn.v_proj,394060208,569767,169475020,35849,PushPop,9491,9491,1,2,0,1250,691,:690:691:1250
:fsdp:forward:wait_weights:layers.26.attn.output_proj,396189837,27168,178933929,66112,PushPop,9491,9491,1,2,0,1251,691,:690:691:1251
:fsdp:forward:all_gather:layers.26.ffn.w1,396219661,2160158,179045635,181079,PushPop,9491,9491,3,2,0,1252,691,:690:691:1252
:fsdp:forward:compute:layers.26.attn.output_proj,396217261,562696,179237367,53134,PushPop,9491,9491,1,2,0,1253,691,:690:691:1253
:fsdp:forward:wait_weights:layers.26.ffn.w1,398382219,131170,179493306,46838,PushPop,9491,9491,1,2,0,1254,691,:690:691:1254
:fsdp:forward:all_gather:layers.26.ffn.w3,398517069,2370433,179572291,150584,PushPop,9491,9491,3,2,0,1255,691,:690:691:1255
:fsdp:forward:compute:layers.26.ffn.w1,398515565,2017276,179731759,57657,PushPop,9491,9491,2,2,0,1256,691,:690:691:1256
:fsdp:forward:wait_weights:layers.26.ffn.w3,400890030,128546,179869967,370793,PushPop,9491,9491,1,2,0,1257,691,:690:691:1257
:fsdp:forward:all_gather:layers.26.ffn.w2,401023408,2293823,180283996,182633,PushPop,9491,9491,3,2,0,1258,691,:690:691:1258
:fsdp:forward:compute:layers.26.ffn.w3,401021424,2017083,180477945,305944,PushPop,9491,9491,2,2,0,1259,691,:690:691:1259
:fsdp:forward:wait_weights:layers.26.ffn.w2,403317935,128482,180872886,258387,PushPop,9491,9491,1,2,0,1260,691,:690:691:1260
:fsdp:forward:all_gather:layers.27.attn.q_proj,403447793,1919163,181174737,180134,PushPop,9491,9491,3,2,0,1261,691,:690:691:1261
:fsdp:forward:compute:layers.26.ffn.w2,403449265,1946331,181365920,68653,PushPop,9491,9491,2,2,0,1262,691,:690:691:1262
:fsdp:forward:wait_weights:layers.27.attn.q_proj,405461293,15840,181644605,47426,PushPop,9491,9491,1,2,0,1263,691,:690:691:1263
:fsdp:forward:all_gather:layers.27.attn.k_proj,405480525,553032,181727018,156264,PushPop,9491,9491,3,2,0,1264,691,:690:691:1264
:fsdp:forward:compute:layers.27.attn.q_proj,405477389,563496,181892039,49534,PushPop,9491,9491,1,2,0,1265,691,:690:691:1265
:fsdp:forward:wait_weights:layers.27.attn.k_proj,406042933,8768,181983538,39397,PushPop,9491,9491,1,2,0,1266,691,:690:691:1266
:fsdp:forward:all_gather:layers.27.attn.v_proj,406054549,552360,182051723,128123,PushPop,9491,9491,3,2,0,1267,691,:690:691:1267
:fsdp:forward:compute:layers.27.attn.k_proj,406051989,566216,182187972,38731,PushPop,9491,9491,1,2,0,1268,691,:690:691:1268
:fsdp:forward:wait_weights:layers.27.attn.v_proj,406619485,8992,182261902,35865,PushPop,9491,9491,1,2,0,1269,691,:690:691:1269
:fsdp:forward:all_gather:layers.27.attn.output_proj,406632957,553096,182324287,116236,PushPop,9491,9491,3,2,0,1270,691,:690:691:1270
:fsdp:forward:compute:layers.27.attn.v_proj,406628765,566408,182447764,35139,PushPop,9491,9491,1,2,0,1271,691,:690:691:1271
:fsdp:forward:wait_weights:layers.27.attn.output_proj,408762682,27809,195230022,59800,PushPop,9491,9491,1,2,0,1272,691,:690:691:1272
:fsdp:forward:all_gather:layers.27.ffn.w1,408792603,2160574,195335877,179478,PushPop,9491,9491,3,2,0,1273,691,:690:691:1273
:fsdp:forward:compute:layers.27.attn.output_proj,408790779,567176,195526967,51660,PushPop,9491,9491,1,2,0,1274,691,:690:691:1274
:fsdp:forward:wait_weights:layers.27.ffn.w1,410955033,131425,195784343,44938,PushPop,9491,9491,1,2,0,1275,691,:690:691:1275
:fsdp:forward:all_gather:layers.27.ffn.w3,411090491,2371456,195862497,152800,PushPop,9491,9491,3,2,0,1276,691,:690:691:1276
:fsdp:forward:compute:layers.27.ffn.w1,411088475,2018875,196024786,57837,PushPop,9491,9491,2,2,0,1277,691,:690:691:1277
:fsdp:forward:wait_weights:layers.27.ffn.w3,413462875,130850,196161736,371222,PushPop,9491,9491,1,2,0,1278,691,:690:691:1278
:fsdp:forward:all_gather:layers.27.ffn.w2,413598045,2295072,196576366,172779,PushPop,9491,9491,3,2,0,1279,691,:690:691:1279
:fsdp:forward:compute:layers.27.ffn.w3,413596317,2021724,196759067,330308,PushPop,9491,9491,2,2,0,1280,691,:690:691:1280
:fsdp:forward:wait_weights:layers.27.ffn.w2,415893885,129954,197176644,274111,PushPop,9491,9491,1,2,0,1281,691,:690:691:1281
:fsdp:forward:all_gather:layers.28.attn.q_proj,417925561,546375,197496469,186990,PushPop,9491,9491,3,2,0,1282,691,:690:691:1282
:fsdp:forward:compute:layers.27.ffn.w2,416025215,1936698,197694692,68235,PushPop,9491,9491,2,2,0,1283,691,:690:691:1283
:fsdp:forward:wait_weights:layers.28.attn.q_proj,418474368,9761,197975834,46819,PushPop,9491,9491,1,2,0,1284,691,:690:691:1284
:fsdp:forward:all_gather:layers.28.attn.k_proj,418487457,556583,198056342,157590,PushPop,9491,9491,3,2,0,1285,691,:690:691:1285
:fsdp:forward:compute:layers.28.attn.q_proj,418484417,568487,198223082,50941,PushPop,9491,9491,1,2,0,1286,691,:690:691:1286
:fsdp:forward:wait_weights:layers.28.attn.k_proj,419055112,8993,198316631,39689,PushPop,9491,9491,1,2,0,1287,691,:690:691:1287
:fsdp:forward:all_gather:layers.28.attn.v_proj,419066057,555367,198385560,131572,PushPop,9491,9491,3,2,0,1288,691,:690:691:1288
:fsdp:forward:compute:layers.28.attn.k_proj,419064393,568359,198525251,53472,PushPop,9491,9491,1,2,0,1289,691,:690:691:1289
:fsdp:forward:wait_weights:layers.28.attn.v_proj,419634672,9057,198617858,38057,PushPop,9491,9491,1,2,0,1290,691,:690:691:1290
:fsdp:forward:all_gather:layers.28.attn.output_proj,419647729,552359,198683730,127491,PushPop,9491,9491,3,2,0,1291,691,:690:691:1291
:fsdp:forward:compute:layers.28.attn.v_proj,419644017,568391,198819308,37761,PushPop,9491,9491,1,2,0,1292,691,:690:691:1292
:fsdp:forward:wait_weights:layers.28.attn.output_proj,421773838,25408,207784070,62025,PushPop,9491,9491,1,2,0,1293,691,:690:691:1293
:fsdp:forward:all_gather:layers.28.ffn.w1,421801550,2157182,207890979,180812,PushPop,9491,9491,3,2,0,1294,691,:690:691:1294
:fsdp:forward:compute:layers.28.attn.output_proj,421799534,561896,208083168,51890,PushPop,9491,9491,1,2,0,1295,691,:690:691:1295
:fsdp:forward:wait_weights:layers.28.ffn.w1,423960044,130594,208341137,44100,PushPop,9491,9491,1,2,0,1296,691,:690:691:1296
:fsdp:forward:all_gather:layers.28.ffn.w3,424095086,2411457,208419147,151070,PushPop,9491,9491,3,2,0,1297,691,:690:691:1297
:fsdp:forward:compute:layers.28.ffn.w1,424093486,2022268,208580222,57990,PushPop,9491,9491,2,2,0,1298,691,:690:691:1298
:fsdp:forward:wait_weights:layers.28.ffn.w3,426508815,134370,208720730,312353,PushPop,9491,9491,1,2,0,1299,691,:690:691:1299
:fsdp:forward:all_gather:layers.28.ffn.w2,426646321,2298848,209078910,257945,PushPop,9491,9491,3,2,0,1300,691,:690:691:1300
:fsdp:forward:compute:layers.28.ffn.w3,426644337,2020156,209349191,324719,PushPop,9491,9491,2,2,0,1301,691,:690:691:1301
:fsdp:forward:wait_weights:layers.28.ffn.w2,428946993,128610,209769802,275912,PushPop,9491,9491,1,2,0,1302,691,:690:691:1302
:fsdp:forward:all_gather:layers.29.attn.q_proj,430976397,548871,210092164,183886,PushPop,9491,9491,3,2,0,1303,691,:690:691:1303
:fsdp:forward:compute:layers.28.ffn.w2,429078291,1934010,210287414,69519,PushPop,9491,9491,2,2,0,1304,691,:690:691:1304
:fsdp:forward:wait_weights:layers.29.attn.q_proj,431527476,9729,210574958,45995,PushPop,9491,9491,1,2,0,1305,691,:690:691:1305
:fsdp:forward:all_gather:layers.29.attn.k_proj,431540565,554983,210655401,153792,PushPop,9491,9491,3,2,0,1306,691,:690:691:1306
:fsdp:forward:compute:layers.29.attn.q_proj,431537461,566727,210818280,50939,PushPop,9491,9491,1,2,0,1307,691,:690:691:1307
:fsdp:forward:wait_weights:layers.29.attn.k_proj,432105148,8865,210913492,41644,PushPop,9491,9491,1,2,0,1308,691,:690:691:1308
:fsdp:forward:all_gather:layers.29.attn.v_proj,432116093,554951,210984625,134405,PushPop,9491,9491,3,2,0,1309,691,:690:691:1309
:fsdp:forward:compute:layers.29.attn.k_proj,432114301,565383,211126949,39945,PushPop,9491,9491,1,2,0,1310,691,:690:691:1310
:fsdp:forward:wait_weights:layers.29.attn.v_proj,432680644,8800,211204565,36047,PushPop,9491,9491,1,2,0,1311,691,:690:691:1311
:fsdp:forward:all_gather:layers.29.attn.output_proj,432693253,555559,211268538,126168,PushPop,9491,9491,3,2,0,1312,691,:690:691:1312
:fsdp:forward:compute:layers.29.attn.v_proj,432689732,567624,211403441,38884,PushPop,9491,9491,1,2,0,1313,691,:690:691:1313
:fsdp:forward:wait_weights:layers.29.attn.output_proj,434817730,26816,220853010,58808,PushPop,9491,9491,1,2,0,1314,691,:690:691:1314
:fsdp:forward:all_gather:layers.29.ffn.w1,434847522,2154910,220957199,174483,PushPop,9491,9491,3,2,0,1315,691,:690:691:1315
:fsdp:forward:compute:layers.29.attn.output_proj,434844802,566376,221142585,51135,PushPop,9491,9491,1,2,0,1316,691,:690:691:1316
:fsdp:forward:wait_weights:layers.29.ffn.w1,437003936,129890,221411568,51353,PushPop,9491,9491,1,2,0,1317,691,:690:691:1317
:fsdp:forward:all_gather:layers.29.ffn.w3,437137154,2410785,221495680,147667,PushPop,9491,9491,3,2,0,1318,691,:690:691:1318
:fsdp:forward:compute:layers.29.ffn.w1,437135298,2021244,221652241,58103,PushPop,9491,9491,2,2,0,1319,691,:690:691:1319
:fsdp:forward:wait_weights:layers.29.ffn.w3,439548611,135298,221789161,331277,PushPop,9491,9491,1,2,0,1320,691,:690:691:1320
:fsdp:forward:all_gather:layers.29.ffn.w2,439687717,2292256,222163477,172353,PushPop,9491,9491,3,2,0,1321,691,:690:691:1321
:fsdp:forward:compute:layers.29.ffn.w3,439686117,2016828,222346264,333110,PushPop,9491,9491,2,2,0,1322,691,:690:691:1322
:fsdp:forward:wait_weights:layers.29.ffn.w2,441981669,131937,222769303,294418,PushPop,9491,9491,1,2,0,1323,691,:690:691:1323
:fsdp:forward:all_gather:layers.30.attn.q_proj,444016353,549095,223107719,180769,PushPop,9491,9491,3,2,0,1324,691,:690:691:1324
:fsdp:forward:compute:layers.29.ffn.w2,442115015,1943226,223298805,65414,PushPop,9491,9491,2,2,0,1325,691,:690:691:1325
:fsdp:forward:wait_weights:layers.30.attn.q_proj,444567304,9440,223576428,47274,PushPop,9491,9491,1,2,0,1326,691,:690:691:1326
:fsdp:forward:all_gather:layers.30.attn.k_proj,444578248,558152,223658126,154851,PushPop,9491,9491,3,2,0,1327,691,:690:691:1327
:fsdp:forward:compute:layers.30.attn.q_proj,444577000,571976,223821724,53549,PushPop,9491,9491,1,2,0,1328,691,:690:691:1328
:fsdp:forward:wait_weights:layers.30.attn.k_proj,445151088,9153,223917781,40491,PushPop,9491,9491,1,2,0,1329,691,:690:691:1329
:fsdp:forward:all_gather:layers.30.attn.v_proj,445161969,554983,223987493,126746,PushPop,9491,9491,3,2,0,1330,691,:690:691:1330
:fsdp:forward:compute:layers.30.attn.k_proj,445160529,569959,224122232,39286,PushPop,9491,9491,1,2,0,1331,691,:690:691:1331
:fsdp:forward:wait_weights:layers.30.attn.v_proj,445732728,9153,224200523,36279,PushPop,9491,9491,1,2,0,1332,691,:690:691:1332
:fsdp:forward:all_gather:layers.30.attn.output_proj,445745625,553831,224264201,119005,PushPop,9491,9491,3,2,0,1333,691,:690:691:1333
:fsdp:forward:compute:layers.30.attn.v_proj,445742169,570759,224390781,35185,PushPop,9491,9491,1,2,0,1334,691,:690:691:1334
:fsdp:forward:wait_weights:layers.30.attn.output_proj,447880054,26624,236649131,64379,PushPop,9491,9491,1,2,0,1335,691,:690:691:1335
:fsdp:forward:all_gather:layers.30.ffn.w1,447909878,2153854,236759797,184749,PushPop,9491,9491,3,2,0,1336,691,:690:691:1336
:fsdp:forward:compute:layers.30.attn.output_proj,447906934,561064,236956817,53333,PushPop,9491,9491,1,2,0,1337,691,:690:691:1337
:fsdp:forward:wait_weights:layers.30.ffn.w1,450066260,130498,237212470,44273,PushPop,9491,9491,1,2,0,1338,691,:690:691:1338
:fsdp:forward:all_gather:layers.30.ffn.w3,450201334,2399105,237289679,148286,PushPop,9491,9491,3,2,0,1339,691,:690:691:1339
:fsdp:forward:compute:layers.30.ffn.w1,450199734,2013116,237447123,61295,PushPop,9491,9491,2,2,0,1340,691,:690:691:1340
:fsdp:forward:wait_weights:layers.30.ffn.w3,452601719,136994,237587227,323732,PushPop,9491,9491,1,2,0,1341,691,:690:691:1341
:fsdp:forward:all_gather:layers.30.ffn.w2,452743193,2290624,237955420,181353,PushPop,9491,9491,3,2,0,1342,691,:690:691:1342
:fsdp:forward:compute:layers.30.ffn.w3,452741305,2016220,238147693,328144,PushPop,9491,9491,2,2,0,1343,691,:690:691:1343
:fsdp:forward:wait_weights:layers.30.ffn.w2,455035801,129730,238577515,282647,PushPop,9491,9491,1,2,0,1344,691,:690:691:1344
:fsdp:forward:all_gather:layers.31.attn.q_proj,455168603,2366272,238907004,185608,PushPop,9491,9491,3,2,0,1345,691,:690:691:1345
:fsdp:forward:compute:layers.30.ffn.w2,455167163,2199262,239103842,67020,PushPop,9491,9491,2,2,0,1346,691,:690:691:1346
:fsdp:forward:wait_weights:layers.31.attn.q_proj,457537467,10080,239382076,45290,PushPop,9491,9491,1,2,0,1347,691,:690:691:1347
:fsdp:forward:all_gather:layers.31.attn.k_proj,457550523,555496,239461285,156968,PushPop,9491,9491,3,2,0,1348,691,:690:691:1348
:fsdp:forward:compute:layers.31.attn.q_proj,457547803,561992,239627550,50676,PushPop,9491,9491,1,2,0,1349,691,:690:691:1349
:fsdp:forward:wait_weights:layers.31.attn.k_proj,458110979,8928,239721634,40583,PushPop,9491,9491,1,2,0,1350,691,:690:691:1350
:fsdp:forward:all_gather:layers.31.attn.v_proj,458121891,553608,239791820,131504,PushPop,9491,9491,3,2,0,1351,691,:690:691:1351
:fsdp:forward:compute:layers.31.attn.k_proj,458120195,563368,239931268,40162,PushPop,9491,9491,1,2,0,1352,691,:690:691:1352
:fsdp:forward:wait_weights:layers.31.attn.v_proj,458685483,9120,240009097,36199,PushPop,9491,9491,1,2,0,1353,691,:690:691:1353
:fsdp:forward:all_gather:layers.31.attn.output_proj,458698539,554856,240072180,121715,PushPop,9491,9491,3,2,0,1354,691,:690:691:1354
:fsdp:forward:compute:layers.31.attn.v_proj,458694891,564008,240201062,36193,PushPop,9491,9491,1,2,0,1355,691,:690:691:1355
:fsdp:forward:wait_weights:layers.31.attn.output_proj,460816424,26209,251317092,60906,PushPop,9491,9491,1,2,0,1356,691,:690:691:1356
:fsdp:forward:all_gather:layers.31.ffn.w1,460846217,2188478,251424736,184985,PushPop,9491,9491,3,2,0,1357,691,:690:691:1357
:fsdp:forward:compute:layers.31.attn.output_proj,460842889,560584,251620402,52120,PushPop,9491,9491,1,2,0,1358,691,:690:691:1358
:fsdp:forward:wait_weights:layers.31.ffn.w1,463035399,132194,251870468,46260,PushPop,9491,9491,1,2,0,1359,691,:690:691:1359
:fsdp:forward:all_gather:layers.31.ffn.w3,463170793,2370689,251949599,153003,PushPop,9491,9491,3,2,0,1360,691,:690:691:1360
:fsdp:forward:compute:layers.31.ffn.w1,463168873,2010300,252111138,57728,PushPop,9491,9491,2,2,0,1361,691,:690:691:1361
:fsdp:forward:wait_weights:layers.31.ffn.w3,465543178,126401,252249530,331697,PushPop,9491,9491,1,2,0,1362,691,:690:691:1362
:fsdp:forward:all_gather:layers.31.ffn.w2,465671947,4239003,252624445,175557,PushPop,9491,9491,3,2,0,1363,691,:690:691:1363
:fsdp:forward:compute:layers.31.ffn.w3,465670411,2009724,252809746,318258,PushPop,9491,9491,2,2,0,1364,691,:690:691:1364
:fsdp:forward:wait_weights:layers.31.ffn.w2,469911654,130242,253219662,273929,PushPop,9491,9491,1,2,0,1365,691,:690:691:1365
:fsdp:forward:all_gather:lm_head,470044392,4016439,253538879,177772,PushPop,9491,9491,3,2,0,1366,691,:690:691:1366
:fsdp:forward:compute:layers.31.ffn.w2,470043016,2215390,253727778,67384,PushPop,9491,9491,2,2,0,1367,691,:690:691:1367
:fsdp:forward:wait_weights:lm_head,474063007,124642,253994907,45251,PushPop,9491,9491,1,2,0,1368,691,:690:691:1368
:fsdp:forward:compute:lm_head,474190241,2010556,254058214,44802,PushPop,9491,9491,2,2,0,1369,691,:690:691:1369
:fsdp_backward,476280766,704,254499249,1098323745,PushPop,9491,9491,1,1,0,1370,690,:690:1370
:fsdp:backward:all_gather:lm_head,476470594,2094467,256842208,246671,PushPop,9492,9875,3,0,0,1371,,:1371
:fsdp:backward:wait_weights:lm_head,478565957,124994,257099278,57337,PushPop,9492,9875,1,0,0,1372,,:1372
:fsdp:backward:compute:lm_head,478692743,3003442,257174014,119472,PushPop,9492,9875,3,0,0,1373,,:1373
:fsdp:backward:reduce_scatter:lm_head,481794811,2116611,257369271,580647,PushPop,9492,9875,4,0,0,1374,,:1374
:fsdp:backward:all_gather:layers.31.ffn.w2,484082145,2146020,265078842,159703,PushPop,9492,9875,3,0,0,1375,,:1375
:fsdp:backward:wait_weights:layers.31.ffn.w2,486230757,132610,265246832,48643,PushPop,9492,9875,1,0,0,1376,,:1376
:fsdp:backward:compute:layers.31.ffn.w2,486365703,2959121,265309121,864547,PushPop,9492,9875,3,0,0,1377,,:1377
:fsdp:backward:reduce_scatter:layers.31.ffn.w2,489425786,2161188,266234162,491365,PushPop,9492,9875,4,0,0,1378,,:1378
:fsdp:backward:all_gather:layers.31.ffn.w3,491924035,2149348,266959951,444420,PushPop,9492,9875,3,0,0,1379,,:1379
:fsdp:backward:wait_weights:layers.31.ffn.w3,494075751,130242,267431079,155690,PushPop,9492,9875,1,0,0,1380,,:1380
:fsdp:backward:compute:layers.31.ffn.w3,494207113,3091475,267632159,300489,PushPop,9492,9875,3,0,0,1381,,:1381
:fsdp:backward:reduce_scatter:layers.31.ffn.w3,497401854,2173636,268123977,576366,PushPop,9492,9875,4,0,0,1382,,:1382
:fsdp:backward:all_gather:layers.31.ffn.w1,500253390,2145187,269129277,413162,PushPop,9492,9875,3,0,0,1383,,:1383
:fsdp:backward:wait_weights:layers.31.ffn.w1,502399985,130018,269565599,144658,PushPop,9492,9875,1,0,0,1384,,:1384
:fsdp:backward:compute:layers.31.ffn.w1,502531283,3086260,269756702,270018,PushPop,9492,9875,3,0,0,1385,,:1385
:fsdp:backward:reduce_scatter:layers.31.ffn.w1,505720968,2158084,270206307,554050,PushPop,9492,9875,4,0,0,1386,,:1386
:fsdp:backward:all_gather:layers.31.attn.output_proj,508089168,537641,271871250,451746,PushPop,9492,9875,3,0,0,1387,,:1387
:fsdp:backward:wait_weights:layers.31.attn.output_proj,508629049,10016,272348106,154979,PushPop,9492,9875,1,0,0,1388,,:1388
:fsdp:backward:compute:layers.31.attn.output_proj,508641593,822254,272555030,295104,PushPop,9492,9875,4,0,0,1389,,:1389
:fsdp:backward:reduce_scatter:layers.31.attn.output_proj,509474983,550889,273043408,543525,PushPop,9492,9875,4,0,0,1390,,:1390
:fsdp:backward:all_gather:layers.31.attn.v_proj,513484201,537545,280347963,288947,PushPop,9492,9875,3,0,0,1391,,:1391
:fsdp:backward:wait_weights:layers.31.attn.v_proj,514023570,9376,280651044,76448,PushPop,9492,9875,1,0,0,1392,,:1392
:fsdp:backward:compute:layers.31.attn.v_proj,514033970,827438,280754655,147331,PushPop,9492,9875,4,0,0,1393,,:1393
:fsdp:backward:reduce_scatter:layers.31.attn.v_proj,514872576,549706,281385112,306779,PushPop,9492,9875,4,0,0,1394,,:1394
:fsdp:backward:all_gather:layers.31.attn.k_proj,515424202,534984,281802955,201096,PushPop,9492,9875,3,0,0,1395,,:1395
:fsdp:backward:wait_weights:layers.31.attn.k_proj,515960018,9217,282013798,70781,PushPop,9492,9875,1,0,0,1396,,:1396
:fsdp:backward:compute:layers.31.attn.k_proj,515970003,828077,282106962,134135,PushPop,9492,9875,4,0,0,1397,,:1397
:fsdp:backward:reduce_scatter:layers.31.attn.k_proj,516809025,549769,282329268,264567,PushPop,9492,9875,4,0,0,1398,,:1398
:fsdp:backward:all_gather:layers.31.attn.q_proj,517399498,535913,283609066,212508,PushPop,9492,9875,3,0,0,1399,,:1399
:fsdp:backward:wait_weights:layers.31.attn.q_proj,517937395,9248,283831520,70000,PushPop,9492,9875,1,0,0,1400,,:1400
:fsdp:backward:compute:layers.31.attn.q_proj,517947411,830350,283922999,2146255,PushPop,9492,9875,4,0,0,1401,,:1401
:fsdp:backward:reduce_scatter:layers.31.attn.q_proj,518788449,549674,286246265,264150,PushPop,9492,9875,4,0,0,1402,,:1402
:fsdp:backward:all_gather:layers.30.ffn.w2,519555118,2142020,291883569,213179,PushPop,9492,9875,3,0,0,1403,,:1403
:fsdp:backward:wait_weights:layers.30.ffn.w2,521699634,134338,292107803,70034,PushPop,9492,9875,1,0,0,1404,,:1404
:fsdp:backward:compute:layers.30.ffn.w2,521834580,2955185,292199682,135816,PushPop,9492,9875,3,0,0,1405,,:1405
:fsdp:backward:reduce_scatter:layers.30.ffn.w2,524890567,2192772,292421409,251900,PushPop,9492,9875,4,0,0,1406,,:1406
:fsdp:backward:all_gather:layers.30.ffn.w3,527425681,2154756,292830418,196015,PushPop,9492,9875,3,0,0,1407,,:1407
:fsdp:backward:wait_weights:layers.30.ffn.w3,529582517,135234,293036511,66359,PushPop,9492,9875,1,0,0,1408,,:1408
:fsdp:backward:compute:layers.30.ffn.w3,529720023,3089811,293124237,125654,PushPop,9492,9875,3,0,0,1409,,:1409
:fsdp:backward:reduce_scatter:layers.30.ffn.w3,532913740,2182628,293331213,238588,PushPop,9492,9875,4,0,0,1410,,:1410
:fsdp:backward:all_gather:layers.30.ffn.w1,535773468,2148931,293773251,207990,PushPop,9492,9875,3,0,0,1411,,:1411
:fsdp:backward:wait_weights:layers.30.ffn.w1,537924159,135523,293992798,69797,PushPop,9492,9875,1,0,0,1412,,:1412
:fsdp:backward:compute:layers.30.ffn.w1,538061570,3086035,294084667,134733,PushPop,9492,9875,3,0,0,1413,,:1413
:fsdp:backward:reduce_scatter:layers.30.ffn.w1,541249239,2182436,294308561,272223,PushPop,9492,9875,4,0,0,1414,,:1414
:fsdp:backward:all_gather:layers.30.attn.output_proj,543639934,537417,296367935,208816,PushPop,9492,9875,3,0,0,1415,,:1415
:fsdp:backward:wait_weights:layers.30.attn.output_proj,544179847,9920,296587814,71821,PushPop,9492,9875,1,0,0,1416,,:1416
:fsdp:backward:compute:layers.30.attn.output_proj,544192359,824302,296683250,2148122,PushPop,9492,9875,4,0,0,1417,,:1417
:fsdp:backward:reduce_scatter:layers.30.attn.output_proj,545027861,549769,301156824,493468,PushPop,9492,9875,4,0,0,1418,,:1418
:fsdp:backward:all_gather:layers.30.attn.v_proj,549046744,535273,307006414,389163,PushPop,9492,9875,3,0,0,1419,,:1419
:fsdp:backward:wait_weights:layers.30.attn.v_proj,549584609,9408,307415345,85697,PushPop,9492,9875,1,0,0,1420,,:1420
:fsdp:backward:compute:layers.30.attn.v_proj,549595041,824974,307528921,154241,PushPop,9492,9875,4,0,0,1421,,:1421
:fsdp:backward:reduce_scatter:layers.30.attn.v_proj,550431567,547753,307800039,303980,PushPop,9492,9875,4,0,0,1422,,:1422
:fsdp:backward:all_gather:layers.30.attn.k_proj,550981144,534601,308249355,220598,PushPop,9492,9875,3,0,0,1423,,:1423
:fsdp:backward:wait_weights:layers.30.attn.k_proj,551516929,9376,308482089,74302,PushPop,9492,9875,1,0,0,1424,,:1424
:fsdp:backward:compute:layers.30.attn.k_proj,551526945,829870,308579395,688801,PushPop,9492,9875,4,0,0,1425,,:1425
:fsdp:backward:reduce_scatter:layers.30.attn.k_proj,552367983,549929,309369030,283467,PushPop,9492,9875,4,0,0,1426,,:1426
:fsdp:backward:all_gather:layers.30.attn.q_proj,552958521,534025,311724151,214130,PushPop,9492,9875,3,0,0,1427,,:1427
:fsdp:backward:wait_weights:layers.30.attn.q_proj,553494338,9536,311949568,73642,PushPop,9492,9875,1,0,0,1428,,:1428
:fsdp:backward:compute:layers.30.attn.q_proj,553504354,827278,312046128,2150947,PushPop,9492,9875,4,0,0,1429,,:1429
:fsdp:backward:reduce_scatter:layers.30.attn.q_proj,554343312,549737,314289454,282010,PushPop,9492,9875,4,0,0,1430,,:1430
:fsdp:backward:all_gather:layers.29.ffn.w2,555116157,2149028,317979118,234419,PushPop,9492,9875,3,0,0,1431,,:1431
:fsdp:backward:wait_weights:layers.29.ffn.w2,557266817,132674,318225800,74901,PushPop,9492,9875,1,0,0,1432,,:1432
:fsdp:backward:compute:layers.29.ffn.w2,557401763,2957393,318323312,139993,PushPop,9492,9875,3,0,0,1433,,:1433
:fsdp:backward:reduce_scatter:layers.29.ffn.w2,560459798,2180516,318562898,276767,PushPop,9492,9875,4,0,0,1434,,:1434
:fsdp:backward:all_gather:layers.29.ffn.w3,562980576,2148483,318998811,192544,PushPop,9492,9875,3,0,0,1435,,:1435
:fsdp:backward:wait_weights:layers.29.ffn.w3,565131267,130082,319201196,68098,PushPop,9492,9875,1,0,0,1436,,:1436
:fsdp:backward:compute:layers.29.ffn.w3,565262661,3086644,319291292,130411,PushPop,9492,9875,3,0,0,1437,,:1437
:fsdp:backward:reduce_scatter:layers.29.ffn.w3,568452250,2186757,319505766,239504,PushPop,9492,9875,4,0,0,1438,,:1438
:fsdp:backward:all_gather:layers.29.ffn.w1,571318122,2147748,319944581,186866,PushPop,9492,9875,3,0,0,1439,,:1439
:fsdp:backward:wait_weights:layers.29.ffn.w1,573466734,135746,320141398,65368,PushPop,9492,9875,1,0,0,1440,,:1440
:fsdp:backward:compute:layers.29.ffn.w1,573604208,3090387,320227142,122535,PushPop,9492,9875,3,0,0,1441,,:1441
:fsdp:backward:reduce_scatter:layers.29.ffn.w1,576797989,2170244,320433376,238796,PushPop,9492,9875,4,0,0,1442,,:1442
:fsdp:backward:all_gather:layers.29.attn.output_proj,579181581,536457,324847455,222081,PushPop,9492,9875,3,0,0,1443,,:1443
:fsdp:backward:wait_weights:layers.29.attn.output_proj,579720406,9536,325081881,1982932,PushPop,9492,9875,1,0,0,1444,,:1444
:fsdp:backward:compute:layers.29.attn.output_proj,579730902,821837,327088516,154377,PushPop,9492,9875,4,0,0,1445,,:1445
:fsdp:backward:reduce_scatter:layers.29.attn.output_proj,580564324,552841,327336589,259626,PushPop,9492,9875,4,0,0,1446,,:1446
:fsdp:backward:all_gather:layers.29.attn.v_proj,584581158,532297,332697811,240698,PushPop,9492,9875,3,0,0,1447,,:1447
:fsdp:backward:wait_weights:layers.29.attn.v_proj,585114927,9344,332951161,72937,PushPop,9492,9875,1,0,0,1448,,:1448
:fsdp:backward:compute:layers.29.attn.v_proj,585125327,825518,333047609,1624957,PushPop,9492,9875,4,0,0,1449,,:1449
:fsdp:backward:reduce_scatter:layers.29.attn.v_proj,585961885,549705,334848025,280531,PushPop,9492,9875,4,0,0,1450,,:1450
:fsdp:backward:all_gather:layers.29.attn.k_proj,586513510,534537,335234046,191266,PushPop,9492,9875,3,0,0,1451,,:1451
:fsdp:backward:wait_weights:layers.29.attn.k_proj,587049295,9601,335435634,66894,PushPop,9492,9875,1,0,0,1452,,:1452
:fsdp:backward:compute:layers.29.attn.k_proj,587059312,827565,335523317,1792358,PushPop,9492,9875,4,0,0,1453,,:1453
:fsdp:backward:reduce_scatter:layers.29.attn.k_proj,587898301,547690,337401752,2202531,PushPop,9492,9875,4,0,0,1454,,:1454
:fsdp:backward:all_gather:layers.29.attn.q_proj,588486791,533769,339809016,186472,PushPop,9492,9875,3,0,0,1455,,:1455
:fsdp:backward:wait_weights:layers.29.attn.q_proj,589022576,9376,340004810,64331,PushPop,9492,9875,1,0,0,1456,,:1456
:fsdp:backward:compute:layers.29.attn.q_proj,589032592,826094,340088506,122159,PushPop,9492,9875,4,0,0,1457,,:1457
:fsdp:backward:reduce_scatter:layers.29.attn.q_proj,589869566,549673,340295191,228064,PushPop,9492,9875,4,0,0,1458,,:1458
:fsdp:backward:all_gather:layers.28.ffn.w2,590634187,2146980,343595537,190269,PushPop,9492,9875,3,0,0,1459,,:1459
:fsdp:backward:wait_weights:layers.28.ffn.w2,592782799,133250,343796268,64299,PushPop,9492,9875,1,0,0,1460,,:1460
:fsdp:backward:compute:layers.28.ffn.w2,592917745,2958289,343880800,124636,PushPop,9492,9875,3,0,0,1461,,:1461
:fsdp:backward:reduce_scatter:layers.28.ffn.w2,595978852,2160356,344085405,232113,PushPop,9492,9875,4,0,0,1462,,:1462
:fsdp:backward:all_gather:layers.28.ffn.w3,598476077,2148356,344456527,174401,PushPop,9492,9875,3,0,0,1463,,:1463
:fsdp:backward:wait_weights:layers.28.ffn.w3,600626769,134082,344640313,61464,PushPop,9492,9875,1,0,0,1464,,:1464
:fsdp:backward:compute:layers.28.ffn.w3,600762227,3087507,344721771,112498,PushPop,9492,9875,3,0,0,1465,,:1465
:fsdp:backward:reduce_scatter:layers.28.ffn.w3,603951848,2180580,344910236,219055,PushPop,9492,9875,4,0,0,1466,,:1466
:fsdp:backward:all_gather:layers.28.ffn.w1,606813624,2147459,345311019,179137,PushPop,9492,9875,3,0,0,1467,,:1467
:fsdp:backward:wait_weights:layers.28.ffn.w1,608962267,131491,345500389,62333,PushPop,9492,9875,1,0,0,1468,,:1468
:fsdp:backward:compute:layers.28.ffn.w1,609095678,3091859,345582384,120529,PushPop,9492,9875,3,0,0,1469,,:1469
:fsdp:backward:reduce_scatter:layers.28.ffn.w1,612293491,2174436,345782263,236144,PushPop,9492,9875,4,0,0,1470,,:1470
:fsdp:backward:all_gather:layers.28.attn.output_proj,614674938,535433,352416601,180802,PushPop,9492,9875,3,0,0,1471,,:1471
:fsdp:backward:wait_weights:layers.28.attn.output_proj,615211843,10592,352607449,60978,PushPop,9492,9875,1,0,0,1472,,:1472
:fsdp:backward:compute:layers.28.attn.output_proj,615224355,820526,352687308,120971,PushPop,9492,9875,4,0,0,1473,,:1473
:fsdp:backward:reduce_scatter:layers.28.attn.output_proj,616055729,549737,354782725,221867,PushPop,9492,9875,4,0,0,1474,,:1474
:fsdp:backward:all_gather:layers.28.attn.v_proj,620070516,536713,360268029,569060,PushPop,9492,9875,3,0,0,1475,,:1475
:fsdp:backward:wait_weights:layers.28.attn.v_proj,620608413,9248,360852928,73973,PushPop,9492,9875,1,0,0,1476,,:1476
:fsdp:backward:compute:layers.28.attn.v_proj,620618813,826830,360951072,1756003,PushPop,9492,9875,4,0,0,1477,,:1477
:fsdp:backward:reduce_scatter:layers.28.attn.v_proj,621457419,547785,362874524,263848,PushPop,9492,9875,4,0,0,1478,,:1478
:fsdp:backward:all_gather:layers.28.attn.k_proj,622006964,542825,363234444,153896,PushPop,9492,9875,3,0,0,1479,,:1479
:fsdp:backward:wait_weights:layers.28.attn.k_proj,622550941,9728,363394385,42269,PushPop,9492,9875,1,0,0,1480,,:1480
:fsdp:backward:compute:layers.28.attn.k_proj,622563549,827406,363449373,1852554,PushPop,9492,9875,4,0,0,1481,,:1481
:fsdp:backward:reduce_scatter:layers.28.attn.k_proj,623402027,549673,365355395,153818,PushPop,9492,9875,4,0,0,1482,,:1482
:fsdp:backward:all_gather:layers.28.attn.q_proj,623992533,534889,365581815,117018,PushPop,9492,9875,3,0,0,1483,,:1483
:fsdp:backward:wait_weights:layers.28.attn.q_proj,624528350,9344,365704414,40922,PushPop,9492,9875,1,0,0,1484,,:1484
:fsdp:backward:compute:layers.28.attn.q_proj,624538334,828078,365757487,1924278,PushPop,9492,9875,4,0,0,1485,,:1485
:fsdp:backward:reduce_scatter:layers.28.attn.q_proj,625378348,554025,368278242,156632,PushPop,9492,9875,4,0,0,1486,,:1486
:fsdp:backward:all_gather:layers.27.ffn.w2,626157337,2151908,369567577,129402,PushPop,9492,9875,3,0,0,1487,,:1487
:fsdp:backward:wait_weights:layers.27.ffn.w2,628311069,132610,369703791,43575,PushPop,9492,9875,1,0,0,1488,,:1488
:fsdp:backward:compute:layers.27.ffn.w2,628446015,2958641,369760326,86683,PushPop,9492,9875,3,0,0,1489,,:1489
:fsdp:backward:reduce_scatter:layers.27.ffn.w2,631507122,2172420,369899861,150219,PushPop,9492,9875,4,0,0,1490,,:1490
:fsdp:backward:all_gather:layers.27.ffn.w3,634016636,2146787,370139660,108607,PushPop,9492,9875,3,0,0,1491,,:1491
:fsdp:backward:wait_weights:layers.27.ffn.w3,636165279,133122,370254593,39326,PushPop,9492,9875,1,0,0,1492,,:1492
:fsdp:backward:compute:layers.27.ffn.w3,636300737,3087796,370305529,75545,PushPop,9492,9875,3,0,0,1493,,:1493
:fsdp:backward:reduce_scatter:layers.27.ffn.w3,639492406,2170405,370430411,554759,PushPop,9492,9875,4,0,0,1494,,:1494
:fsdp:backward:all_gather:layers.27.ffn.w1,642341894,2146051,371105909,112553,PushPop,9492,9875,3,0,0,1495,,:1495
:fsdp:backward:wait_weights:layers.27.ffn.w1,644490538,135490,371224411,38693,PushPop,9492,9875,1,0,0,1496,,:1496
:fsdp:backward:compute:layers.27.ffn.w1,644627980,3088691,371274643,79242,PushPop,9492,9875,3,0,0,1497,,:1497
:fsdp:backward:reduce_scatter:layers.27.ffn.w1,647819713,2170308,373203535,156516,PushPop,9492,9875,4,0,0,1498,,:1498
:fsdp:backward:all_gather:layers.27.attn.output_proj,650197096,538377,378416043,132258,PushPop,9492,9875,3,0,0,1499,,:1499
:fsdp:backward:wait_weights:layers.27.attn.output_proj,650738033,9408,378555916,1719928,PushPop,9492,9875,1,0,0,1500,,:1500
:fsdp:backward:compute:layers.27.attn.output_proj,650748561,821358,380289676,1133896,PushPop,9492,9875,4,0,0,1501,,:1501
:fsdp:backward:reduce_scatter:layers.27.attn.output_proj,651581919,547977,381481212,154182,PushPop,9492,9875,4,0,0,1502,,:1502
:fsdp:backward:all_gather:layers.27.attn.v_proj,655580354,536105,388369453,160528,PushPop,9492,9875,3,0,0,1503,,:1503
:fsdp:backward:wait_weights:layers.27.attn.v_proj,656118219,9440,388538135,43692,PushPop,9492,9875,1,0,0,1504,,:1504
:fsdp:backward:compute:layers.27.attn.v_proj,656128619,826990,388596189,2296113,PushPop,9492,9875,4,0,0,1505,,:1505
:fsdp:backward:reduce_scatter:layers.27.attn.v_proj,656967225,551785,390949275,178413,PushPop,9492,9875,4,0,0,1506,,:1506
:fsdp:backward:all_gather:layers.27.attn.k_proj,657520898,534057,391193207,113166,PushPop,9492,9875,3,0,0,1507,,:1507
:fsdp:backward:wait_weights:layers.27.attn.k_proj,658056683,9376,391312494,41781,PushPop,9492,9875,1,0,0,1508,,:1508
:fsdp:backward:compute:layers.27.attn.k_proj,658067339,826894,391366626,83797,PushPop,9492,9875,4,0,0,1509,,:1509
:fsdp:backward:reduce_scatter:layers.27.attn.k_proj,658904697,550761,391501328,1404877,PushPop,9492,9875,4,0,0,1510,,:1510
:fsdp:backward:all_gather:layers.27.attn.q_proj,659496227,534473,392982164,110449,PushPop,9492,9875,3,0,0,1511,,:1511
:fsdp:backward:wait_weights:layers.27.attn.q_proj,660032044,9376,393098740,400919,PushPop,9492,9875,1,0,0,1512,,:1512
:fsdp:backward:compute:layers.27.attn.q_proj,660042060,827374,393511301,586650,PushPop,9492,9875,4,0,0,1513,,:1513
:fsdp:backward:reduce_scatter:layers.27.attn.q_proj,660880026,548969,394147967,142582,PushPop,9492,9875,4,0,0,1514,,:1514
:fsdp:backward:all_gather:layers.26.ffn.w2,661645670,2145412,394863504,125382,PushPop,9492,9875,3,0,0,1515,,:1515
:fsdp:backward:wait_weights:layers.26.ffn.w2,663792234,134594,394995576,41706,PushPop,9492,9875,1,0,0,1516,,:1516
:fsdp:backward:compute:layers.26.ffn.w2,663929228,2955474,395049004,83117,PushPop,9492,9875,3,0,0,1517,,:1517
:fsdp:backward:reduce_scatter:layers.26.ffn.w2,666988287,2172324,395182715,202248,PushPop,9492,9875,4,0,0,1518,,:1518
:fsdp:backward:all_gather:layers.26.ffn.w3,669499817,2143076,395479727,121623,PushPop,9492,9875,3,0,0,1519,,:1519
:fsdp:backward:wait_weights:layers.26.ffn.w3,671644397,135554,395607459,601913,PushPop,9492,9875,1,0,0,1520,,:1520
:fsdp:backward:compute:layers.26.ffn.w3,671781903,3090291,396221414,82318,PushPop,9492,9875,3,0,0,1521,,:1521
:fsdp:backward:reduce_scatter:layers.26.ffn.w3,674975620,2182596,396355413,153129,PushPop,9492,9875,4,0,0,1522,,:1522
:fsdp:backward:all_gather:layers.26.ffn.w1,677838419,2143524,398414709,109598,PushPop,9492,9875,3,0,0,1523,,:1523
:fsdp:backward:wait_weights:layers.26.ffn.w1,679983991,134338,398530137,46323,PushPop,9492,9875,1,0,0,1524,,:1524
:fsdp:backward:compute:layers.26.ffn.w1,680119385,3092244,398588380,80865,PushPop,9492,9875,3,0,0,1525,,:1525
:fsdp:backward:reduce_scatter:layers.26.ffn.w1,683313166,2176293,400917523,152358,PushPop,9492,9875,4,0,0,1526,,:1526
:fsdp:backward:all_gather:layers.26.attn.output_proj,685696662,535305,406660466,130722,PushPop,9492,9875,3,0,0,1527,,:1527
:fsdp:backward:wait_weights:layers.26.attn.output_proj,686234559,9344,406797996,43652,PushPop,9492,9875,1,0,0,1528,,:1528
:fsdp:backward:compute:layers.26.attn.output_proj,686245023,821614,406854360,87519,PushPop,9492,9875,4,0,0,1529,,:1529
:fsdp:backward:reduce_scatter:layers.26.attn.output_proj,687077453,547785,406993856,152095,PushPop,9492,9875,4,0,0,1530,,:1530
:fsdp:backward:all_gather:layers.26.attn.v_proj,691084047,537545,416050476,163985,PushPop,9492,9875,3,0,0,1531,,:1531
:fsdp:backward:wait_weights:layers.26.attn.v_proj,691623992,9249,416224116,45970,PushPop,9492,9875,1,0,0,1532,,:1532
:fsdp:backward:compute:layers.26.attn.v_proj,691634393,825677,416284792,87970,PushPop,9492,9875,4,0,0,1533,,:1533
:fsdp:backward:reduce_scatter:layers.26.attn.v_proj,692471943,550953,416430513,171979,PushPop,9492,9875,4,0,0,1534,,:1534
:fsdp:backward:all_gather:layers.26.attn.k_proj,693024592,534729,416666825,112373,PushPop,9492,9875,3,0,0,1535,,:1535
:fsdp:backward:wait_weights:layers.26.attn.k_proj,693560377,9376,416785187,40137,PushPop,9492,9875,1,0,0,1536,,:1536
:fsdp:backward:compute:layers.26.attn.k_proj,693570905,826862,416837482,2193697,PushPop,9492,9875,4,0,0,1537,,:1537
:fsdp:backward:reduce_scatter:layers.26.attn.k_proj,694408391,550697,419626556,158987,PushPop,9492,9875,4,0,0,1538,,:1538
:fsdp:backward:all_gather:layers.26.attn.q_proj,694999921,533480,419859897,105277,PushPop,9492,9875,3,0,0,1539,,:1539
:fsdp:backward:wait_weights:layers.26.attn.q_proj,695535705,9345,419970855,39406,PushPop,9492,9875,1,0,0,1540,,:1540
:fsdp:backward:compute:layers.26.attn.q_proj,695546266,826093,420021742,79502,PushPop,9492,9875,4,0,0,1541,,:1541
:fsdp:backward:reduce_scatter:layers.26.attn.q_proj,696383720,552809,420151787,159087,PushPop,9492,9875,4,0,0,1542,,:1542
:fsdp:backward:all_gather:layers.25.ffn.w2,697151348,2143716,420632484,128863,PushPop,9492,9875,3,0,0,1543,,:1543
:fsdp:backward:wait_weights:layers.25.ffn.w2,699295928,135714,420768549,44550,PushPop,9492,9875,1,0,0,1544,,:1544
:fsdp:backward:compute:layers.25.ffn.w2,699432922,2957329,420825436,919986,PushPop,9492,9875,3,0,0,1545,,:1545
:fsdp:backward:reduce_scatter:layers.25.ffn.w2,702491981,2182436,421799768,157944,PushPop,9492,9875,4,0,0,1546,,:1546
:fsdp:backward:all_gather:layers.25.ffn.w3,705014807,2143044,422051021,111000,PushPop,9492,9875,3,0,0,1547,,:1547
:fsdp:backward:wait_weights:layers.25.ffn.w3,707160379,134466,422167717,39868,PushPop,9492,9875,1,0,0,1548,,:1548
:fsdp:backward:compute:layers.25.ffn.w3,707295837,3088787,422218826,77777,PushPop,9492,9875,3,0,0,1549,,:1549
:fsdp:backward:reduce_scatter:layers.25.ffn.w3,710487506,2182852,423968486,150555,PushPop,9492,9875,4,0,0,1550,,:1550
:fsdp:backward:all_gather:layers.25.ffn.w1,713348225,2148452,426479793,112157,PushPop,9492,9875,3,0,0,1551,,:1551
:fsdp:backward:wait_weights:layers.25.ffn.w1,715497925,132706,426598132,40343,PushPop,9492,9875,1,0,0,1552,,:1552
:fsdp:backward:compute:layers.25.ffn.w1,715633415,3089396,426650118,2227616,PushPop,9492,9875,3,0,0,1553,,:1553
:fsdp:backward:reduce_scatter:layers.25.ffn.w1,718827100,2178501,429029363,142406,PushPop,9492,9875,4,0,0,1554,,:1554
:fsdp:backward:all_gather:layers.25.attn.output_proj,721212676,539721,432776834,125222,PushPop,9492,9875,3,0,0,1555,,:1555
:fsdp:backward:wait_weights:layers.25.attn.output_proj,721754637,10560,432909367,44389,PushPop,9492,9875,1,0,0,1556,,:1556
:fsdp:backward:compute:layers.25.attn.output_proj,721767149,820910,432966910,297382,PushPop,9492,9875,4,0,0,1557,,:1557
:fsdp:backward:reduce_scatter:layers.25.attn.output_proj,722599579,549865,433320798,160682,PushPop,9492,9875,4,0,0,1558,,:1558
:fsdp:backward:all_gather:layers.25.attn.v_proj,726602078,536872,442223029,156021,PushPop,9492,9875,3,0,0,1559,,:1559
:fsdp:backward:wait_weights:layers.25.attn.v_proj,727139974,9345,442387174,43909,PushPop,9492,9875,1,0,0,1560,,:1560
:fsdp:backward:compute:layers.25.attn.v_proj,727150343,827053,442444537,2099444,PushPop,9492,9875,4,0,0,1561,,:1561
:fsdp:backward:reduce_scatter:layers.25.attn.v_proj,727987957,550729,445145769,172810,PushPop,9492,9875,4,0,0,1562,,:1562
:fsdp:backward:all_gather:layers.25.attn.k_proj,728540574,534249,445381491,109351,PushPop,9492,9875,3,0,0,1563,,:1563
:fsdp:backward:wait_weights:layers.25.attn.k_proj,729076359,9728,445496505,223451,PushPop,9492,9875,1,0,0,1564,,:1564
:fsdp:backward:compute:layers.25.attn.k_proj,729088935,827822,445731619,81660,PushPop,9492,9875,4,0,0,1565,,:1565
:fsdp:backward:reduce_scatter:layers.25.attn.k_proj,729928437,550793,445866434,152000,PushPop,9492,9875,4,0,0,1566,,:1566
:fsdp:backward:all_gather:layers.25.attn.q_proj,730519999,535656,446093663,109251,PushPop,9492,9875,3,0,0,1567,,:1567
:fsdp:backward:wait_weights:layers.25.attn.q_proj,731057832,10016,446208733,40860,PushPop,9492,9875,1,0,0,1568,,:1568
:fsdp:backward:compute:layers.25.attn.q_proj,731069896,827277,446261053,87612,PushPop,9492,9875,4,0,0,1569,,:1569
:fsdp:backward:reduce_scatter:layers.25.attn.q_proj,731907894,550793,446397991,154998,PushPop,9492,9875,4,0,0,1570,,:1570
:fsdp:backward:all_gather:layers.24.ffn.w2,732671426,2151300,447895215,125567,PushPop,9492,9875,3,0,0,1571,,:1571
:fsdp:backward:wait_weights:layers.24.ffn.w2,734824198,132738,448027202,42301,PushPop,9492,9875,1,0,0,1572,,:1572
:fsdp:backward:compute:layers.24.ffn.w2,734959144,2958769,448081381,81082,PushPop,9492,9875,3,0,0,1573,,:1573
:fsdp:backward:reduce_scatter:layers.24.ffn.w2,738020251,2170084,448213499,153773,PushPop,9492,9875,4,0,0,1574,,:1574
:fsdp:backward:all_gather:layers.24.ffn.w3,740532869,2145476,450086735,109007,PushPop,9492,9875,3,0,0,1575,,:1575
:fsdp:backward:wait_weights:layers.24.ffn.w3,742679433,134370,450201355,40180,PushPop,9492,9875,1,0,0,1576,,:1576
:fsdp:backward:compute:layers.24.ffn.w3,742814987,3087219,450252605,75007,PushPop,9492,9875,3,0,0,1577,,:1577
:fsdp:backward:reduce_scatter:layers.24.ffn.w3,746007584,2184484,452578068,648793,PushPop,9492,9875,4,0,0,1578,,:1578
:fsdp:backward:all_gather:layers.24.ffn.w1,748870383,2156292,455154285,128529,PushPop,9492,9875,3,0,0,1579,,:1579
:fsdp:backward:wait_weights:layers.24.ffn.w1,751029267,133090,455289549,44223,PushPop,9492,9875,1,0,0,1580,,:1580
:fsdp:backward:compute:layers.24.ffn.w1,751164662,3092019,455346591,90588,PushPop,9492,9875,3,0,0,1581,,:1581
:fsdp:backward:reduce_scatter:layers.24.ffn.w1,754359467,2186596,455489655,153182,PushPop,9492,9875,4,0,0,1582,,:1582
:fsdp:backward:all_gather:layers.24.attn.output_proj,756757362,535177,459367969,133261,PushPop,9492,9875,3,0,0,1583,,:1583
:fsdp:backward:wait_weights:layers.24.attn.output_proj,757293179,10624,459507633,44933,PushPop,9492,9875,1,0,0,1584,,:1584
:fsdp:backward:compute:layers.24.attn.output_proj,757305628,820589,459565475,90559,PushPop,9492,9875,4,0,0,1585,,:1585
:fsdp:backward:reduce_scatter:layers.24.attn.output_proj,758138057,549737,459709393,145293,PushPop,9492,9875,4,0,0,1586,,:1586
:fsdp:backward:all_gather:layers.24.attn.v_proj,762150828,536009,474250840,170764,PushPop,9492,9875,3,0,0,1587,,:1587
:fsdp:backward:wait_weights:layers.24.attn.v_proj,762688693,9312,474430143,47340,PushPop,9492,9875,1,0,0,1588,,:1588
:fsdp:backward:compute:layers.24.attn.v_proj,762699093,823086,474492233,95366,PushPop,9492,9875,4,0,0,1589,,:1589
:fsdp:backward:reduce_scatter:layers.24.attn.v_proj,763532611,548681,474645559,178171,PushPop,9492,9875,4,0,0,1590,,:1590
:fsdp:backward:all_gather:layers.24.attn.k_proj,764083180,532617,474887528,116830,PushPop,9492,9875,3,0,0,1591,,:1591
:fsdp:backward:wait_weights:layers.24.attn.k_proj,764616917,9312,475010651,3606990,PushPop,9492,9875,1,0,0,1592,,:1592
:fsdp:backward:compute:layers.24.attn.k_proj,764627445,826830,478645121,163203,PushPop,9492,9875,4,0,0,1593,,:1593
:fsdp:backward:reduce_scatter:layers.24.attn.k_proj,765464931,548713,483952338,230898,PushPop,9492,9875,4,0,0,1594,,:1594
:fsdp:backward:all_gather:layers.24.attn.q_proj,766054413,532041,484276686,125628,PushPop,9492,9875,3,0,0,1595,,:1595
:fsdp:backward:wait_weights:layers.24.attn.q_proj,766588182,9440,484409557,47267,PushPop,9492,9875,1,0,0,1596,,:1596
:fsdp:backward:compute:layers.24.attn.q_proj,766598166,827470,484469683,100605,PushPop,9492,9875,4,0,0,1597,,:1597
:fsdp:backward:reduce_scatter:layers.24.attn.q_proj,767436164,551945,484626939,160205,PushPop,9492,9875,4,0,0,1598,,:1598
:fsdp:backward:all_gather:layers.23.ffn.w2,768205841,2146339,494268055,138165,PushPop,9492,9875,3,0,0,1599,,:1599
:fsdp:backward:wait_weights:layers.23.ffn.w2,770354516,134499,494412975,45512,PushPop,9492,9875,1,0,0,1600,,:1600
:fsdp:backward:compute:layers.23.ffn.w2,770489463,2957841,494471524,5133966,PushPop,9492,9875,3,0,0,1601,,:1601
:fsdp:backward:reduce_scatter:layers.23.ffn.w2,773548521,2172548,499663225,169528,PushPop,9492,9875,4,0,0,1602,,:1602
:fsdp:backward:all_gather:layers.23.ffn.w3,776063187,2151908,502443535,136316,PushPop,9492,9875,3,0,0,1603,,:1603
:fsdp:backward:wait_weights:layers.23.ffn.w3,778215895,135906,502586437,44775,PushPop,9492,9875,1,0,0,1604,,:1604
:fsdp:backward:compute:layers.23.ffn.w3,778353401,3089203,502644374,86101,PushPop,9492,9875,3,0,0,1605,,:1605
:fsdp:backward:reduce_scatter:layers.23.ffn.w3,781546094,2188677,507892594,173985,PushPop,9492,9875,4,0,0,1606,,:1606
:fsdp:backward:all_gather:layers.23.ffn.w1,784410942,2159172,508193427,116788,PushPop,9492,9875,3,0,0,1607,,:1607
:fsdp:backward:wait_weights:layers.23.ffn.w1,786571874,134434,508316239,41492,PushPop,9492,9875,1,0,0,1608,,:1608
:fsdp:backward:compute:layers.23.ffn.w1,786707268,3089683,508370303,81030,PushPop,9492,9875,3,0,0,1609,,:1609
:fsdp:backward:reduce_scatter:layers.23.ffn.w1,789900025,2168196,508503383,146407,PushPop,9492,9875,4,0,0,1610,,:1610
:fsdp:backward:all_gather:layers.23.attn.output_proj,792279488,535689,510120735,125173,PushPop,9492,9875,3,0,0,1611,,:1611
:fsdp:backward:wait_weights:layers.23.attn.output_proj,792817321,9377,510252925,43211,PushPop,9492,9875,1,0,0,1612,,:1612
:fsdp:backward:compute:layers.23.attn.output_proj,792827754,822797,510309458,85334,PushPop,9492,9875,4,0,0,1613,,:1613
:fsdp:backward:reduce_scatter:layers.23.attn.output_proj,793662231,549834,510447733,152793,PushPop,9492,9875,4,0,0,1614,,:1614
:fsdp:backward:all_gather:layers.23.attn.v_proj,797677050,535945,516452017,167111,PushPop,9492,9875,3,0,0,1615,,:1615
:fsdp:backward:wait_weights:layers.23.attn.v_proj,798214915,9280,516627853,46467,PushPop,9492,9875,1,0,0,1616,,:1616
:fsdp:backward:compute:layers.23.attn.v_proj,798225411,824686,516689261,1255127,PushPop,9492,9875,4,0,0,1617,,:1617
:fsdp:backward:reduce_scatter:layers.23.attn.v_proj,799060849,548745,518008281,174757,PushPop,9492,9875,4,0,0,1618,,:1618
:fsdp:backward:all_gather:layers.23.attn.k_proj,799611450,534185,518248158,112987,PushPop,9492,9875,3,0,0,1619,,:1619
:fsdp:backward:wait_weights:layers.23.attn.k_proj,800147235,9504,518367336,41158,PushPop,9492,9875,1,0,0,1620,,:1620
:fsdp:backward:compute:layers.23.attn.k_proj,800157763,827630,518420299,924060,PushPop,9492,9875,4,0,0,1621,,:1621
:fsdp:backward:reduce_scatter:layers.23.attn.k_proj,800997297,547753,519398534,157135,PushPop,9492,9875,4,0,0,1622,,:1622
:fsdp:backward:all_gather:layers.23.attn.q_proj,801585755,533897,519631880,109659,PushPop,9492,9875,3,0,0,1623,,:1623
:fsdp:backward:wait_weights:layers.23.attn.q_proj,802120548,9984,519747523,39721,PushPop,9492,9875,1,0,0,1624,,:1624
:fsdp:backward:compute:layers.23.attn.q_proj,802132580,827150,519799215,80644,PushPop,9492,9875,4,0,0,1625,,:1625
:fsdp:backward:reduce_scatter:layers.23.attn.q_proj,802970578,551817,519930710,167634,PushPop,9492,9875,4,0,0,1626,,:1626
:fsdp:backward:all_gather:layers.22.ffn.w2,803739295,2145347,529782626,131408,PushPop,9492,9875,3,0,0,1627,,:1627
:fsdp:backward:wait_weights:layers.22.ffn.w2,805886883,131842,529921186,44922,PushPop,9492,9875,1,0,0,1628,,:1628
:fsdp:backward:compute:layers.22.ffn.w2,806019781,2959057,529978099,5148019,PushPop,9492,9875,3,0,0,1629,,:1629
:fsdp:backward:reduce_scatter:layers.22.ffn.w2,809080888,2174212,535184070,162295,PushPop,9492,9875,4,0,0,1630,,:1630
:fsdp:backward:all_gather:layers.22.ffn.w3,811593441,2141348,537966019,110336,PushPop,9492,9875,3,0,0,1631,,:1631
:fsdp:backward:wait_weights:layers.22.ffn.w3,813735973,136514,538082629,41499,PushPop,9492,9875,1,0,0,1632,,:1632
:fsdp:backward:compute:layers.22.ffn.w3,813873511,3090772,538136259,82825,PushPop,9492,9875,3,0,0,1633,,:1633
:fsdp:backward:reduce_scatter:layers.22.ffn.w3,817066172,2188741,543444325,159322,PushPop,9492,9875,4,0,0,1634,,:1634
:fsdp:backward:all_gather:layers.22.ffn.w1,819931020,2145859,543724936,109496,PushPop,9492,9875,3,0,0,1635,,:1635
:fsdp:backward:wait_weights:layers.22.ffn.w1,822077615,134627,543840126,40602,PushPop,9492,9875,1,0,0,1636,,:1636
:fsdp:backward:compute:layers.22.ffn.w1,822215154,3089715,543891902,80240,PushPop,9492,9875,3,0,0,1637,,:1637
:fsdp:backward:reduce_scatter:layers.22.ffn.w1,825409863,2168324,544022680,150842,PushPop,9492,9875,4,0,0,1638,,:1638
:fsdp:backward:all_gather:layers.22.attn.output_proj,827791374,535593,545671002,119629,PushPop,9492,9875,3,0,0,1639,,:1639
:fsdp:backward:wait_weights:layers.22.attn.output_proj,828329207,10656,545796848,42399,PushPop,9492,9875,1,0,0,1640,,:1640
:fsdp:backward:compute:layers.22.attn.output_proj,828341848,819149,545852557,85896,PushPop,9492,9875,4,0,0,1641,,:1641
:fsdp:backward:reduce_scatter:layers.22.attn.output_proj,829172101,554826,545991210,144600,PushPop,9492,9875,4,0,0,1642,,:1642
:fsdp:backward:all_gather:layers.22.attn.v_proj,833180776,537225,552010438,172097,PushPop,9492,9875,3,0,0,1643,,:1643
:fsdp:backward:wait_weights:layers.22.attn.v_proj,833718641,10368,552191396,45960,PushPop,9492,9875,1,0,0,1644,,:1644
:fsdp:backward:compute:layers.22.attn.v_proj,833731057,825198,552252460,1249922,PushPop,9492,9875,4,0,0,1645,,:1645
:fsdp:backward:reduce_scatter:layers.22.attn.v_proj,834566623,547625,553562391,1567390,PushPop,9492,9875,4,0,0,1646,,:1646
:fsdp:backward:all_gather:layers.22.attn.k_proj,835116168,534793,555198615,135708,PushPop,9492,9875,3,0,0,1647,,:1647
:fsdp:backward:wait_weights:layers.22.attn.k_proj,835652977,9376,555340720,44498,PushPop,9492,9875,1,0,0,1648,,:1648
:fsdp:backward:compute:layers.22.attn.k_proj,835663505,825294,555397795,85831,PushPop,9492,9875,4,0,0,1649,,:1649
:fsdp:backward:reduce_scatter:layers.22.attn.k_proj,836498943,549833,555537255,172576,PushPop,9492,9875,4,0,0,1650,,:1650
:fsdp:backward:all_gather:layers.22.attn.q_proj,837089449,534601,555786542,109610,PushPop,9492,9875,3,0,0,1651,,:1651
:fsdp:backward:wait_weights:layers.22.attn.q_proj,837626258,9408,555902528,40110,PushPop,9492,9875,1,0,0,1652,,:1652
:fsdp:backward:compute:layers.22.attn.q_proj,837636306,828142,555954496,80700,PushPop,9492,9875,4,0,0,1653,,:1653
:fsdp:backward:reduce_scatter:layers.22.attn.q_proj,838476320,547625,556086862,151594,PushPop,9492,9875,4,0,0,1654,,:1654
:fsdp:backward:all_gather:layers.21.ffn.w2,839240909,2140195,565324054,135315,PushPop,9492,9875,3,0,0,1655,,:1655
:fsdp:backward:wait_weights:layers.21.ffn.w2,841383408,132034,565467288,45606,PushPop,9492,9875,1,0,0,1656,,:1656
:fsdp:backward:compute:layers.21.ffn.w2,841516850,2958994,565525588,5140953,PushPop,9492,9875,3,0,0,1657,,:1657
:fsdp:backward:reduce_scatter:layers.21.ffn.w2,844578437,2182596,570722941,162950,PushPop,9492,9875,4,0,0,1658,,:1658
:fsdp:backward:all_gather:layers.21.ffn.w3,847101295,2145732,573509543,119416,PushPop,9492,9875,3,0,0,1659,,:1659
:fsdp:backward:wait_weights:layers.21.ffn.w3,849247859,132162,573634874,42157,PushPop,9492,9875,1,0,0,1660,,:1660
:fsdp:backward:compute:layers.21.ffn.w3,849381397,3088947,573689695,82181,PushPop,9492,9875,3,0,0,1661,,:1661
:fsdp:backward:reduce_scatter:layers.21.ffn.w3,852571946,2176420,578981577,151399,PushPop,9492,9875,4,0,0,1662,,:1662
:fsdp:backward:all_gather:layers.21.ffn.w1,855424441,2146404,579255579,108602,PushPop,9492,9875,3,0,0,1663,,:1663
:fsdp:backward:wait_weights:layers.21.ffn.w1,857573117,134882,579369769,40131,PushPop,9492,9875,1,0,0,1664,,:1664
:fsdp:backward:compute:layers.21.ffn.w1,857710527,3088116,579428177,79168,PushPop,9492,9875,3,0,0,1665,,:1665
:fsdp:backward:reduce_scatter:layers.21.ffn.w1,860903316,2176933,579556705,148849,PushPop,9492,9875,4,0,0,1666,,:1666
:fsdp:backward:all_gather:layers.21.attn.output_proj,863297148,534153,581209223,123620,PushPop,9492,9875,3,0,0,1667,,:1667
:fsdp:backward:wait_weights:layers.21.attn.output_proj,863832901,9632,581338747,42149,PushPop,9492,9875,1,0,0,1668,,:1668
:fsdp:backward:compute:layers.21.attn.output_proj,863843365,823438,581394297,85471,PushPop,9492,9875,4,0,0,1669,,:1669
:fsdp:backward:reduce_scatter:layers.21.attn.output_proj,864677843,549801,581534133,165094,PushPop,9492,9875,4,0,0,1670,,:1670
:fsdp:backward:all_gather:layers.21.attn.v_proj,868685462,535849,587539846,165219,PushPop,9492,9875,3,0,0,1671,,:1671
:fsdp:backward:wait_weights:layers.21.attn.v_proj,869222335,9792,587713471,45572,PushPop,9492,9875,1,0,0,1672,,:1672
:fsdp:backward:compute:layers.21.attn.v_proj,869234911,825230,587774504,1255034,PushPop,9492,9875,4,0,0,1673,,:1673
:fsdp:backward:reduce_scatter:layers.21.attn.v_proj,870072333,549769,589084637,161794,PushPop,9492,9875,4,0,0,1674,,:1674
:fsdp:backward:all_gather:layers.21.attn.k_proj,870623958,533353,589309215,110331,PushPop,9492,9875,3,0,0,1675,,:1675
:fsdp:backward:wait_weights:layers.21.attn.k_proj,871158719,9408,589425453,53737,PushPop,9492,9875,1,0,0,1676,,:1676
:fsdp:backward:compute:layers.21.attn.k_proj,871169215,827086,589491251,933915,PushPop,9492,9875,4,0,0,1677,,:1677
:fsdp:backward:reduce_scatter:layers.21.attn.k_proj,872006733,549801,590475984,153563,PushPop,9492,9875,4,0,0,1678,,:1678
:fsdp:backward:all_gather:layers.21.attn.q_proj,872597239,534537,590704015,111049,PushPop,9492,9875,3,0,0,1679,,:1679
:fsdp:backward:wait_weights:layers.21.attn.q_proj,873134048,9440,590820866,40959,PushPop,9492,9875,1,0,0,1680,,:1680
:fsdp:backward:compute:layers.21.attn.q_proj,873144544,825389,590874136,82053,PushPop,9492,9875,4,0,0,1681,,:1681
:fsdp:backward:reduce_scatter:layers.21.attn.q_proj,873982030,553929,591008293,150584,PushPop,9492,9875,4,0,0,1682,,:1682
:fsdp:backward:all_gather:layers.20.ffn.w2,874746618,2144772,600821770,128414,PushPop,9492,9875,3,0,0,1683,,:1683
:fsdp:backward:wait_weights:layers.20.ffn.w2,876893246,131778,600956766,43320,PushPop,9492,9875,1,0,0,1684,,:1684
:fsdp:backward:compute:layers.20.ffn.w2,877026144,2959313,601013282,5145463,PushPop,9492,9875,3,0,0,1685,,:1685
:fsdp:backward:reduce_scatter:layers.20.ffn.w2,880088275,2176676,606218269,170024,PushPop,9492,9875,4,0,0,1686,,:1686
:fsdp:backward:all_gather:layers.20.ffn.w3,882604957,2144324,609004077,111528,PushPop,9492,9875,3,0,0,1687,,:1687
:fsdp:backward:wait_weights:layers.20.ffn.w3,884751553,134018,609121221,40871,PushPop,9492,9875,1,0,0,1688,,:1688
:fsdp:backward:compute:layers.20.ffn.w3,884887043,3089075,609173921,79872,PushPop,9492,9875,3,0,0,1689,,:1689
:fsdp:backward:reduce_scatter:layers.20.ffn.w3,888081752,2184548,614525700,319317,PushPop,9492,9875,4,0,0,1690,,:1690
:fsdp:backward:all_gather:layers.20.ffn.w1,890944551,2142916,615039729,190361,PushPop,9492,9875,3,0,0,1691,,:1691
:fsdp:backward:wait_weights:layers.20.ffn.w1,893088107,134082,615242990,63424,PushPop,9492,9875,1,0,0,1692,,:1692
:fsdp:backward:compute:layers.20.ffn.w1,893223437,3089908,615326370,131899,PushPop,9492,9875,3,0,0,1693,,:1693
:fsdp:backward:reduce_scatter:layers.20.ffn.w1,896415170,2178373,615534533,231368,PushPop,9492,9875,4,0,0,1694,,:1694
:fsdp:backward:all_gather:layers.20.attn.output_proj,898802794,537993,616714801,157823,PushPop,9492,9875,3,0,0,1695,,:1695
:fsdp:backward:wait_weights:layers.20.attn.output_proj,899342739,9376,616881574,50003,PushPop,9492,9875,1,0,0,1696,,:1696
:fsdp:backward:compute:layers.20.attn.output_proj,899353459,823086,616946815,101447,PushPop,9492,9875,4,0,0,1697,,:1697
:fsdp:backward:reduce_scatter:layers.20.attn.output_proj,900188673,546697,617106717,163280,PushPop,9492,9875,4,0,0,1698,,:1698
:fsdp:backward:all_gather:layers.20.attn.v_proj,904197348,536361,623043412,162700,PushPop,9492,9875,3,0,0,1699,,:1699
:fsdp:backward:wait_weights:layers.20.attn.v_proj,904736237,9344,623214005,44922,PushPop,9492,9875,1,0,0,1700,,:1700
:fsdp:backward:compute:layers.20.attn.v_proj,904746925,827277,623273636,1261759,PushPop,9492,9875,4,0,0,1701,,:1701
:fsdp:backward:reduce_scatter:layers.20.attn.v_proj,905586267,547785,624591748,176718,PushPop,9492,9875,4,0,0,1702,,:1702
:fsdp:backward:all_gather:layers.20.attn.k_proj,906135844,532937,624834695,116668,PushPop,9492,9875,3,0,0,1703,,:1703
:fsdp:backward:wait_weights:layers.20.attn.k_proj,906670605,9984,624957163,41223,PushPop,9492,9875,1,0,0,1704,,:1704
:fsdp:backward:compute:layers.20.attn.k_proj,906683149,827502,625010086,928209,PushPop,9492,9875,4,0,0,1705,,:1705
:fsdp:backward:reduce_scatter:layers.20.attn.k_proj,907522683,547817,625990931,151644,PushPop,9492,9875,4,0,0,1706,,:1706
:fsdp:backward:all_gather:layers.20.attn.q_proj,908109125,535976,626222770,107763,PushPop,9492,9875,3,0,0,1707,,:1707
:fsdp:backward:wait_weights:layers.20.attn.q_proj,908646958,9376,626336761,40560,PushPop,9492,9875,1,0,0,1708,,:1708
:fsdp:backward:compute:layers.20.attn.q_proj,908657006,825357,626389415,83350,PushPop,9492,9875,4,0,0,1709,,:1709
:fsdp:backward:reduce_scatter:layers.20.attn.q_proj,909493916,547721,626525244,162605,PushPop,9492,9875,4,0,0,1710,,:1710
:fsdp:backward:all_gather:layers.19.ffn.w2,910256456,2147428,636363256,134524,PushPop,9492,9875,3,0,0,1711,,:1711
:fsdp:backward:wait_weights:layers.19.ffn.w2,912405132,134338,636505046,43788,PushPop,9492,9875,1,0,0,1712,,:1712
:fsdp:backward:compute:layers.19.ffn.w2,912540078,2957713,636561208,5130035,PushPop,9492,9875,3,0,0,1713,,:1713
:fsdp:backward:reduce_scatter:layers.19.ffn.w2,915600161,2180484,641748092,153983,PushPop,9492,9875,4,0,0,1714,,:1714
:fsdp:backward:all_gather:layers.19.ffn.w3,918120971,2150756,644532691,116483,PushPop,9492,9875,3,0,0,1715,,:1715
:fsdp:backward:wait_weights:layers.19.ffn.w3,920273679,135234,644655185,41616,PushPop,9492,9875,1,0,0,1716,,:1716
:fsdp:backward:compute:layers.19.ffn.w3,920411345,3092339,644708248,80862,PushPop,9492,9875,3,0,0,1717,,:1717
:fsdp:backward:reduce_scatter:layers.19.ffn.w3,923605926,2172260,650002452,154402,PushPop,9492,9875,4,0,0,1718,,:1718
:fsdp:backward:all_gather:layers.19.ffn.w1,926456437,2145700,650283739,116120,PushPop,9492,9875,3,0,0,1719,,:1719
:fsdp:backward:wait_weights:layers.19.ffn.w1,928603033,135874,650406306,41417,PushPop,9492,9875,1,0,0,1720,,:1720
:fsdp:backward:compute:layers.19.ffn.w1,928740443,3091444,650459866,93627,PushPop,9492,9875,3,0,0,1721,,:1721
:fsdp:backward:reduce_scatter:layers.19.ffn.w1,931935280,2178533,650609253,147624,PushPop,9492,9875,4,0,0,1722,,:1722
:fsdp:backward:all_gather:layers.19.attn.output_proj,934322904,537193,652226104,126515,PushPop,9492,9875,3,0,0,1723,,:1723
:fsdp:backward:wait_weights:layers.19.attn.output_proj,934860801,10464,652358881,43652,PushPop,9492,9875,1,0,0,1724,,:1724
:fsdp:backward:compute:layers.19.attn.output_proj,934873409,819822,652414885,87704,PushPop,9492,9875,4,0,0,1725,,:1725
:fsdp:backward:reduce_scatter:layers.19.attn.output_proj,935704655,548841,652555351,144113,PushPop,9492,9875,4,0,0,1726,,:1726
:fsdp:backward:all_gather:layers.19.attn.v_proj,939707185,535465,658557517,187373,PushPop,9492,9875,3,0,0,1727,,:1727
:fsdp:backward:wait_weights:layers.19.attn.v_proj,940244058,9345,658754452,47628,PushPop,9492,9875,1,0,0,1728,,:1728
:fsdp:backward:compute:layers.19.attn.v_proj,940254459,828749,658817783,1221270,PushPop,9492,9875,4,0,0,1729,,:1729
:fsdp:backward:reduce_scatter:layers.19.attn.v_proj,941094088,549738,660099265,171332,PushPop,9492,9875,4,0,0,1730,,:1730
:fsdp:backward:all_gather:layers.19.attn.k_proj,941645682,540841,660336572,113461,PushPop,9492,9875,3,0,0,1731,,:1731
:fsdp:backward:wait_weights:layers.19.attn.k_proj,942187643,9504,660456453,41631,PushPop,9492,9875,1,0,0,1732,,:1732
:fsdp:backward:compute:layers.19.attn.k_proj,942198107,825774,660509702,924869,PushPop,9492,9875,4,0,0,1733,,:1733
:fsdp:backward:reduce_scatter:layers.19.attn.k_proj,943034601,549865,661488585,165091,PushPop,9492,9875,4,0,0,1734,,:1734
:fsdp:backward:all_gather:layers.19.attn.q_proj,943625107,533480,661731112,109239,PushPop,9492,9875,3,0,0,1735,,:1735
:fsdp:backward:wait_weights:layers.19.attn.q_proj,944160923,9377,661846313,40513,PushPop,9492,9875,1,0,0,1736,,:1736
:fsdp:backward:compute:layers.19.attn.q_proj,944171388,825613,661898692,81622,PushPop,9492,9875,4,0,0,1737,,:1737
:fsdp:backward:reduce_scatter:layers.19.attn.q_proj,945007882,549865,662031719,149134,PushPop,9492,9875,4,0,0,1738,,:1738
:fsdp:backward:all_gather:layers.18.ffn.w2,945770358,2157060,671845824,144033,PushPop,9492,9875,3,0,0,1739,,:1739
:fsdp:backward:wait_weights:layers.18.ffn.w2,947929306,133538,671997747,46929,PushPop,9492,9875,1,0,0,1740,,:1740
:fsdp:backward:compute:layers.18.ffn.w2,948064764,2958481,672058694,5128991,PushPop,9492,9875,3,0,0,1741,,:1741
:fsdp:backward:reduce_scatter:layers.18.ffn.w2,951124335,2174468,677245600,169107,PushPop,9492,9875,4,0,0,1742,,:1742
:fsdp:backward:all_gather:layers.18.ffn.w3,953640985,2146052,680027119,117311,PushPop,9492,9875,3,0,0,1743,,:1743
:fsdp:backward:wait_weights:layers.18.ffn.w3,955787677,134242,680150633,42769,PushPop,9492,9875,1,0,0,1744,,:1744
:fsdp:backward:compute:layers.18.ffn.w3,955923103,3093203,680205979,83446,PushPop,9492,9875,3,0,0,1745,,:1745
:fsdp:backward:reduce_scatter:layers.18.ffn.w3,959117812,2178564,685503906,151753,PushPop,9492,9875,4,0,0,1746,,:1746
:fsdp:backward:all_gather:layers.18.ffn.w1,961976515,2143076,685777787,111725,PushPop,9492,9875,3,0,0,1747,,:1747
:fsdp:backward:wait_weights:layers.18.ffn.w1,964122087,134306,685895517,40547,PushPop,9492,9875,1,0,0,1748,,:1748
:fsdp:backward:compute:layers.18.ffn.w1,964257449,3093748,685948419,80002,PushPop,9492,9875,3,0,0,1749,,:1749
:fsdp:backward:reduce_scatter:layers.18.ffn.w1,967457406,2166148,686077899,154835,PushPop,9492,9875,4,0,0,1750,,:1750
:fsdp:backward:all_gather:layers.18.attn.output_proj,969830694,536457,687722088,128930,PushPop,9492,9875,3,0,0,1751,,:1751
:fsdp:backward:wait_weights:layers.18.attn.output_proj,970368559,9760,687858695,45860,PushPop,9492,9875,1,0,0,1752,,:1752
:fsdp:backward:compute:layers.18.attn.output_proj,970381039,819566,687926006,92345,PushPop,9492,9875,4,0,0,1753,,:1753
:fsdp:backward:reduce_scatter:layers.18.attn.output_proj,971212477,548745,688073418,168774,PushPop,9492,9875,4,0,0,1754,,:1754
:fsdp:backward:all_gather:layers.18.attn.v_proj,975223167,535209,694051568,159465,PushPop,9492,9875,3,0,0,1755,,:1755
:fsdp:backward:wait_weights:layers.18.attn.v_proj,975759016,9216,694219202,43434,PushPop,9492,9875,1,0,0,1756,,:1756
:fsdp:backward:compute:layers.18.attn.v_proj,975769352,826446,694276716,1266309,PushPop,9492,9875,4,0,0,1757,,:1757
:fsdp:backward:reduce_scatter:layers.18.attn.v_proj,976605974,549834,695601786,174509,PushPop,9492,9875,4,0,0,1758,,:1758
:fsdp:backward:all_gather:layers.18.attn.k_proj,977157568,536840,695844995,117656,PushPop,9492,9875,3,0,0,1759,,:1759
:fsdp:backward:wait_weights:layers.18.attn.k_proj,977695400,9665,695968690,42527,PushPop,9492,9875,1,0,0,1760,,:1760
:fsdp:backward:compute:layers.18.attn.k_proj,977705449,826765,696023621,919509,PushPop,9492,9875,4,0,0,1761,,:1761
:fsdp:backward:reduce_scatter:layers.18.attn.k_proj,978544407,547785,696995569,153852,PushPop,9492,9875,4,0,0,1762,,:1762
:fsdp:backward:all_gather:layers.18.attn.q_proj,979132896,532873,697226636,110528,PushPop,9492,9875,3,0,0,1763,,:1763
:fsdp:backward:wait_weights:layers.18.attn.q_proj,979666665,9344,697342935,39587,PushPop,9492,9875,1,0,0,1764,,:1764
:fsdp:backward:compute:layers.18.attn.q_proj,979677257,825550,697394050,78742,PushPop,9492,9875,4,0,0,1765,,:1765
:fsdp:backward:reduce_scatter:layers.18.attn.q_proj,980513623,551849,697522356,152311,PushPop,9492,9875,4,0,0,1766,,:1766
:fsdp:backward:all_gather:layers.17.ffn.w2,981280228,2148420,707355665,144426,PushPop,9492,9875,3,0,0,1767,,:1767
:fsdp:backward:wait_weights:layers.17.ffn.w2,983430952,135234,707507877,50317,PushPop,9492,9875,1,0,0,1768,,:1768
:fsdp:backward:compute:layers.17.ffn.w2,983567946,2957201,707572850,5128859,PushPop,9492,9875,3,0,0,1769,,:1769
:fsdp:backward:reduce_scatter:layers.17.ffn.w2,986628029,2191108,712759088,165227,PushPop,9492,9875,4,0,0,1770,,:1770
:fsdp:backward:all_gather:layers.17.ffn.w3,989159047,2148452,715540411,112822,PushPop,9492,9875,3,0,0,1771,,:1771
:fsdp:backward:wait_weights:layers.17.ffn.w3,991309739,132898,715659655,41572,PushPop,9492,9875,1,0,0,1772,,:1772
:fsdp:backward:compute:layers.17.ffn.w3,991445197,3091155,715713255,81508,PushPop,9492,9875,3,0,0,1773,,:1773
:fsdp:backward:reduce_scatter:layers.17.ffn.w3,994640962,2185508,721017284,155153,PushPop,9492,9875,4,0,0,1774,,:1774
:fsdp:backward:all_gather:layers.17.ffn.w1,997506834,2140963,721296128,119704,PushPop,9492,9875,3,0,0,1775,,:1775
:fsdp:backward:wait_weights:layers.17.ffn.w1,999649333,135042,721421664,40250,PushPop,9492,9875,1,0,0,1776,,:1776
:fsdp:backward:compute:layers.17.ffn.w1,999786903,3092788,721473820,79862,PushPop,9492,9875,3,0,0,1777,,:1777
:fsdp:backward:reduce_scatter:layers.17.ffn.w1,1002982637,2180388,721604035,139818,PushPop,9492,9875,4,0,0,1778,,:1778
:fsdp:backward:all_gather:layers.17.attn.output_proj,1005371252,536553,723244186,135066,PushPop,9492,9875,3,0,0,1779,,:1779
:fsdp:backward:wait_weights:layers.17.attn.output_proj,1005909117,10080,723386021,45567,PushPop,9492,9875,1,0,0,1780,,:1780
:fsdp:backward:compute:layers.17.attn.output_proj,1005921629,822062,723445157,96241,PushPop,9492,9875,4,0,0,1781,,:1781
:fsdp:backward:reduce_scatter:layers.17.attn.output_proj,1006755083,548713,723597477,156583,PushPop,9492,9875,4,0,0,1782,,:1782
:fsdp:backward:all_gather:layers.17.attn.v_proj,1010749390,540841,729567429,160238,PushPop,9492,9875,3,0,0,1783,,:1783
:fsdp:backward:wait_weights:layers.17.attn.v_proj,1011292375,9344,729735828,44594,PushPop,9492,9875,1,0,0,1784,,:1784
:fsdp:backward:compute:layers.17.attn.v_proj,1011302807,824813,729794652,1270663,PushPop,9492,9875,4,0,0,1785,,:1785
:fsdp:backward:reduce_scatter:layers.17.attn.v_proj,1012138341,549705,731124458,165210,PushPop,9492,9875,4,0,0,1786,,:1786
:fsdp:backward:all_gather:layers.17.attn.k_proj,1012689934,535529,731355495,118684,PushPop,9492,9875,3,0,0,1787,,:1787
:fsdp:backward:wait_weights:layers.17.attn.k_proj,1013227767,9408,731479827,41385,PushPop,9492,9875,1,0,0,1788,,:1788
:fsdp:backward:compute:layers.17.attn.k_proj,1013238263,825614,731533449,931731,PushPop,9492,9875,4,0,0,1789,,:1789
:fsdp:backward:reduce_scatter:layers.17.attn.k_proj,1014074757,551849,732517350,152786,PushPop,9492,9875,4,0,0,1790,,:1790
:fsdp:backward:all_gather:layers.17.attn.q_proj,1014667279,535465,732747217,108696,PushPop,9492,9875,3,0,0,1791,,:1791
:fsdp:backward:wait_weights:layers.17.attn.q_proj,1015205176,9344,732861859,39340,PushPop,9492,9875,1,0,0,1792,,:1792
:fsdp:backward:compute:layers.17.attn.q_proj,1015215672,825933,732913041,79470,PushPop,9492,9875,4,0,0,1793,,:1793
:fsdp:backward:reduce_scatter:layers.17.attn.q_proj,1016052134,549737,733048535,145324,PushPop,9492,9875,4,0,0,1794,,:1794
:fsdp:backward:all_gather:layers.16.ffn.w2,1016816690,2150852,742876415,126400,PushPop,9492,9875,3,0,0,1795,,:1795
:fsdp:backward:wait_weights:layers.16.ffn.w2,1018969462,135170,743009718,43790,PushPop,9492,9875,1,0,0,1796,,:1796
:fsdp:backward:compute:layers.16.ffn.w2,1019107032,2959026,743065622,5154829,PushPop,9492,9875,3,0,0,1797,,:1797
:fsdp:backward:reduce_scatter:layers.16.ffn.w2,1022168587,2170500,748276775,170603,PushPop,9492,9875,4,0,0,1798,,:1798
:fsdp:backward:all_gather:layers.16.ffn.w3,1024679125,2149796,751073487,112620,PushPop,9492,9875,3,0,0,1799,,:1799
:fsdp:backward:wait_weights:layers.16.ffn.w3,1026829817,136034,751192178,40946,PushPop,9492,9875,1,0,0,1800,,:1800
:fsdp:backward:compute:layers.16.ffn.w3,1026967323,3091411,751245111,80833,PushPop,9492,9875,3,0,0,1801,,:1801
:fsdp:backward:reduce_scatter:layers.16.ffn.w3,1030165136,2180612,756557622,155066,PushPop,9492,9875,4,0,0,1802,,:1802
:fsdp:backward:all_gather:layers.16.ffn.w1,1033020768,2144835,756837507,111013,PushPop,9492,9875,3,0,0,1803,,:1803
:fsdp:backward:wait_weights:layers.16.ffn.w1,1035167363,130690,756954512,38970,PushPop,9492,9875,1,0,0,1804,,:1804
:fsdp:backward:compute:layers.16.ffn.w1,1035300677,3092756,757005131,79757,PushPop,9492,9875,3,0,0,1805,,:1805
:fsdp:backward:reduce_scatter:layers.16.ffn.w1,1038496538,2168516,757135396,1852469,PushPop,9492,9875,4,0,0,1806,,:1806
:fsdp:backward:all_gather:layers.16.attn.output_proj,1040877026,536041,759322616,135305,PushPop,9492,9875,3,0,0,1807,,:1807
:fsdp:backward:wait_weights:layers.16.attn.output_proj,1041414859,11680,759464954,45712,PushPop,9492,9875,1,0,0,1808,,:1808
:fsdp:backward:compute:layers.16.attn.output_proj,1041427403,821710,759523997,91462,PushPop,9492,9875,4,0,0,1809,,:1809
:fsdp:backward:reduce_scatter:layers.16.attn.output_proj,1042260793,547721,759672397,156402,PushPop,9492,9875,4,0,0,1810,,:1810
:fsdp:backward:all_gather:layers.16.attn.v_proj,1046259259,541385,765105786,158175,PushPop,9492,9875,3,0,0,1811,,:1811
:fsdp:backward:wait_weights:layers.16.attn.v_proj,1046801284,9281,765272221,43337,PushPop,9492,9875,1,0,0,1812,,:1812
:fsdp:backward:compute:layers.16.attn.v_proj,1046811589,827789,765328973,1266228,PushPop,9492,9875,4,0,0,1813,,:1813
:fsdp:backward:reduce_scatter:layers.16.attn.v_proj,1047650227,551817,766653352,181313,PushPop,9492,9875,4,0,0,1814,,:1814
:fsdp:backward:all_gather:layers.16.attn.k_proj,1048203868,534473,766903040,119268,PushPop,9492,9875,3,0,0,1815,,:1815
:fsdp:backward:wait_weights:layers.16.attn.k_proj,1048739653,9696,767028334,41735,PushPop,9492,9875,1,0,0,1816,,:1816
:fsdp:backward:compute:layers.16.attn.k_proj,1048750117,828206,767082543,911514,PushPop,9492,9875,4,0,0,1817,,:1817
:fsdp:backward:reduce_scatter:layers.16.attn.k_proj,1049588691,549737,768047717,159987,PushPop,9492,9875,4,0,0,1818,,:1818
:fsdp:backward:all_gather:layers.16.attn.q_proj,1050179197,533672,768284321,110600,PushPop,9492,9875,3,0,0,1819,,:1819
:fsdp:backward:wait_weights:layers.16.attn.q_proj,1050715013,9217,768400550,39319,PushPop,9492,9875,1,0,0,1820,,:1820
:fsdp:backward:compute:layers.16.attn.q_proj,1050725446,825997,768451487,78686,PushPop,9492,9875,4,0,0,1821,,:1821
:fsdp:backward:reduce_scatter:layers.16.attn.q_proj,1051561972,551785,768581022,147722,PushPop,9492,9875,4,0,0,1822,,:1822
:fsdp:backward:all_gather:layers.15.ffn.w2,1052326560,2152868,778416492,134022,PushPop,9492,9875,3,0,0,1823,,:1823
:fsdp:backward:wait_weights:layers.15.ffn.w2,1054481348,131170,778557340,42471,PushPop,9492,9875,1,0,0,1824,,:1824
:fsdp:backward:compute:layers.15.ffn.w2,1054614726,2959633,778611775,5148357,PushPop,9492,9875,3,0,0,1825,,:1825
:fsdp:backward:reduce_scatter:layers.15.ffn.w2,1057676377,2172292,783812227,154316,PushPop,9492,9875,4,0,0,1826,,:1826
:fsdp:backward:all_gather:layers.15.ffn.w3,1060186915,2143875,786612655,112023,PushPop,9492,9875,3,0,0,1827,,:1827
:fsdp:backward:wait_weights:layers.15.ffn.w3,1062331462,133763,786730526,41006,PushPop,9492,9875,1,0,0,1828,,:1828
:fsdp:backward:compute:layers.15.ffn.w3,1062466889,3091507,786783385,82433,PushPop,9492,9875,3,0,0,1829,,:1829
:fsdp:backward:reduce_scatter:layers.15.ffn.w3,1065662686,2176260,792080689,155270,PushPop,9492,9875,4,0,0,1830,,:1830
:fsdp:backward:all_gather:layers.15.ffn.w1,1068516269,2148004,792359770,110394,PushPop,9492,9875,3,0,0,1831,,:1831
:fsdp:backward:wait_weights:layers.15.ffn.w1,1070664945,132322,792476511,39641,PushPop,9492,9875,1,0,0,1832,,:1832
:fsdp:backward:compute:layers.15.ffn.w1,1070798355,3095379,792536748,81416,PushPop,9492,9875,3,0,0,1833,,:1833
:fsdp:backward:reduce_scatter:layers.15.ffn.w1,1073996136,2182596,792667989,149971,PushPop,9492,9875,4,0,0,1834,,:1834
:fsdp:backward:all_gather:layers.15.attn.output_proj,1076383760,535369,794307882,125830,PushPop,9492,9875,3,0,0,1835,,:1835
:fsdp:backward:wait_weights:layers.15.attn.output_proj,1076920601,9376,794440418,44528,PushPop,9492,9875,1,0,0,1836,,:1836
:fsdp:backward:compute:layers.15.attn.output_proj,1076931129,822510,794499317,96992,PushPop,9492,9875,4,0,0,1837,,:1837
:fsdp:backward:reduce_scatter:layers.15.attn.output_proj,1077764519,549801,794652622,161598,PushPop,9492,9875,4,0,0,1838,,:1838
:fsdp:backward:all_gather:layers.15.attn.v_proj,1081771113,534057,800636801,163715,PushPop,9492,9875,3,0,0,1839,,:1839
:fsdp:backward:wait_weights:layers.15.attn.v_proj,1082306930,9312,800808116,43728,PushPop,9492,9875,1,0,0,1840,,:1840
:fsdp:backward:compute:layers.15.attn.v_proj,1082317490,828814,800866421,1260930,PushPop,9492,9875,4,0,0,1841,,:1841
:fsdp:backward:reduce_scatter:layers.15.attn.v_proj,1083157984,547721,802183252,163584,PushPop,9492,9875,4,0,0,1842,,:1842
:fsdp:backward:all_gather:layers.15.attn.k_proj,1083707561,533705,802410090,115234,PushPop,9492,9875,3,0,0,1843,,:1843
:fsdp:backward:wait_weights:layers.15.attn.k_proj,1084243346,9377,802531009,50594,PushPop,9492,9875,1,0,0,1844,,:1844
:fsdp:backward:compute:layers.15.attn.k_proj,1084253747,828173,802594098,934083,PushPop,9492,9875,4,0,0,1845,,:1845
:fsdp:backward:reduce_scatter:layers.15.attn.k_proj,1085092384,549738,803580457,165292,PushPop,9492,9875,4,0,0,1846,,:1846
:fsdp:backward:all_gather:layers.15.attn.q_proj,1085682890,533129,803826020,116876,PushPop,9492,9875,3,0,0,1847,,:1847
:fsdp:backward:wait_weights:layers.15.attn.q_proj,1086216691,9408,803949049,41394,PushPop,9492,9875,1,0,0,1848,,:1848
:fsdp:backward:compute:layers.15.attn.q_proj,1086227027,824878,804002830,85063,PushPop,9492,9875,4,0,0,1849,,:1849
:fsdp:backward:reduce_scatter:layers.15.attn.q_proj,1087063585,549801,804140602,157448,PushPop,9492,9875,4,0,0,1850,,:1850
:fsdp:backward:all_gather:layers.14.ffn.w2,1087824078,2152260,813935301,123735,PushPop,9492,9875,3,0,0,1851,,:1851
:fsdp:backward:wait_weights:layers.14.ffn.w2,1089978898,132130,814065984,42946,PushPop,9492,9875,1,0,0,1852,,:1852
:fsdp:backward:compute:layers.14.ffn.w2,1090112244,2959377,814122177,5159472,PushPop,9492,9875,3,0,0,1853,,:1853
:fsdp:backward:reduce_scatter:layers.14.ffn.w2,1093172903,2179460,819335544,148790,PushPop,9492,9875,4,0,0,1854,,:1854
:fsdp:backward:all_gather:layers.14.ffn.w3,1095692657,2141347,822183096,296086,PushPop,9492,9875,3,0,0,1855,,:1855
:fsdp:backward:wait_weights:layers.14.ffn.w3,1097835156,132258,822491165,105270,PushPop,9492,9875,1,0,0,1856,,:1856
:fsdp:backward:compute:layers.14.ffn.w3,1097968566,3092372,822619558,221556,PushPop,9492,9875,3,0,0,1857,,:1857
:fsdp:backward:reduce_scatter:layers.14.ffn.w3,1101164331,2197861,827601244,196263,PushPop,9492,9875,4,0,0,1858,,:1858
:fsdp:backward:all_gather:layers.14.ffn.w1,1104040443,2161284,827936084,124483,PushPop,9492,9875,3,0,0,1859,,:1859
:fsdp:backward:wait_weights:layers.14.ffn.w1,1106203423,132130,828067384,44538,PushPop,9492,9875,1,0,0,1860,,:1860
:fsdp:backward:compute:layers.14.ffn.w1,1106336321,3095476,828124756,90650,PushPop,9492,9875,3,0,0,1861,,:1861
:fsdp:backward:reduce_scatter:layers.14.ffn.w1,1109534647,2172420,828271271,168825,PushPop,9492,9875,4,0,0,1862,,:1862
:fsdp:backward:all_gather:layers.14.attn.output_proj,1111916158,537289,829823457,127963,PushPop,9492,9875,3,0,0,1863,,:1863
:fsdp:backward:wait_weights:layers.14.attn.output_proj,1112455015,9408,829958104,44145,PushPop,9492,9875,1,0,0,1864,,:1864
:fsdp:backward:compute:layers.14.attn.output_proj,1112465639,824974,830015372,87237,PushPop,9492,9875,4,0,0,1865,,:1865
:fsdp:backward:reduce_scatter:layers.14.attn.output_proj,1113300981,549801,830157354,152814,PushPop,9492,9875,4,0,0,1866,,:1866
:fsdp:backward:all_gather:layers.14.attn.v_proj,1117307576,538121,836143539,159701,PushPop,9492,9875,3,0,0,1867,,:1867
:fsdp:backward:wait_weights:layers.14.attn.v_proj,1117847489,9280,836311808,45187,PushPop,9492,9875,1,0,0,1868,,:1868
:fsdp:backward:compute:layers.14.attn.v_proj,1117858049,830062,836370882,1262685,PushPop,9492,9875,4,0,0,1869,,:1869
:fsdp:backward:reduce_scatter:layers.14.attn.v_proj,1118698575,549833,837691476,162115,PushPop,9492,9875,4,0,0,1870,,:1870
:fsdp:backward:all_gather:layers.14.attn.k_proj,1119250168,534313,837919110,110500,PushPop,9492,9875,3,0,0,1871,,:1871
:fsdp:backward:wait_weights:layers.14.attn.k_proj,1119785953,9440,838035792,48119,PushPop,9492,9875,1,0,0,1872,,:1872
:fsdp:backward:compute:layers.14.attn.k_proj,1119796385,828782,838095598,934557,PushPop,9492,9875,4,0,0,1873,,:1873
:fsdp:backward:reduce_scatter:layers.14.attn.k_proj,1120637007,547721,839082109,153599,PushPop,9492,9875,4,0,0,1874,,:1874
:fsdp:backward:all_gather:layers.14.attn.q_proj,1121225497,533289,839313579,110391,PushPop,9492,9875,3,0,0,1875,,:1875
:fsdp:backward:wait_weights:layers.14.attn.q_proj,1121761314,9344,839429679,38761,PushPop,9492,9875,1,0,0,1876,,:1876
:fsdp:backward:compute:layers.14.attn.q_proj,1121771714,826350,839479752,77618,PushPop,9492,9875,4,0,0,1877,,:1877
:fsdp:backward:reduce_scatter:layers.14.attn.q_proj,1122609296,554921,839606860,145364,PushPop,9492,9875,4,0,0,1878,,:1878
:fsdp:backward:all_gather:layers.13.ffn.w2,1123376892,2150820,849445488,142200,PushPop,9492,9875,3,0,0,1879,,:1879
:fsdp:backward:wait_weights:layers.13.ffn.w2,1125528672,134882,849595107,44929,PushPop,9492,9875,1,0,0,1880,,:1880
:fsdp:backward:compute:layers.13.ffn.w2,1125666082,2960466,849653590,5121568,PushPop,9492,9875,3,0,0,1881,,:1881
:fsdp:backward:reduce_scatter:layers.13.ffn.w2,1128727797,2168132,854836501,174591,PushPop,9492,9875,4,0,0,1882,,:1882
:fsdp:backward:all_gather:layers.13.ffn.w3,1131235263,2139492,857615589,113637,PushPop,9492,9875,3,0,0,1883,,:1883
:fsdp:backward:wait_weights:layers.13.ffn.w3,1133375715,133730,857735606,41337,PushPop,9492,9875,1,0,0,1884,,:1884
:fsdp:backward:compute:layers.13.ffn.w3,1133511141,3091955,857788982,80335,PushPop,9492,9875,3,0,0,1885,,:1885
:fsdp:backward:reduce_scatter:layers.13.ffn.w3,1136706938,2182692,863093501,160060,PushPop,9492,9875,4,0,0,1886,,:1886
:fsdp:backward:all_gather:layers.13.ffn.w1,1139568681,2150500,863378960,116948,PushPop,9492,9875,3,0,0,1887,,:1887
:fsdp:backward:wait_weights:layers.13.ffn.w1,1141721453,129986,863501808,40294,PushPop,9492,9875,1,0,0,1888,,:1888
:fsdp:backward:compute:layers.13.ffn.w1,1141852847,3094132,863553648,79792,PushPop,9492,9875,3,0,0,1889,,:1889
:fsdp:backward:reduce_scatter:layers.13.ffn.w1,1145048580,2165956,863683948,141908,PushPop,9492,9875,4,0,0,1890,,:1890
:fsdp:backward:all_gather:layers.13.attn.output_proj,1147421836,537897,865321579,122898,PushPop,9492,9875,3,0,0,1891,,:1891
:fsdp:backward:wait_weights:layers.13.attn.output_proj,1147960757,9888,865451445,44206,PushPop,9492,9875,1,0,0,1892,,:1892
:fsdp:backward:compute:layers.13.attn.output_proj,1147973429,824334,865509655,88126,PushPop,9492,9875,4,0,0,1893,,:1893
:fsdp:backward:reduce_scatter:layers.13.attn.output_proj,1148808771,547689,865653027,160727,PushPop,9492,9875,4,0,0,1894,,:1894
:fsdp:backward:all_gather:layers.13.attn.v_proj,1152815365,536201,871647795,160131,PushPop,9492,9875,3,0,0,1895,,:1895
:fsdp:backward:wait_weights:layers.13.attn.v_proj,1153353230,9377,871815887,43553,PushPop,9492,9875,1,0,0,1896,,:1896
:fsdp:backward:compute:layers.13.attn.v_proj,1153363759,826861,871873161,1267717,PushPop,9492,9875,4,0,0,1897,,:1897
:fsdp:backward:reduce_scatter:layers.13.attn.v_proj,1154202269,547753,873196707,169759,PushPop,9492,9875,4,0,0,1898,,:1898
:fsdp:backward:all_gather:layers.13.attn.k_proj,1154751814,534537,873433836,114381,PushPop,9492,9875,3,0,0,1899,,:1899
:fsdp:backward:wait_weights:layers.13.attn.k_proj,1155287631,9280,873554233,41505,PushPop,9492,9875,1,0,0,1900,,:1900
:fsdp:backward:compute:layers.13.attn.k_proj,1155298031,827181,873608114,939964,PushPop,9492,9875,4,0,0,1901,,:1901
:fsdp:backward:reduce_scatter:layers.13.attn.k_proj,1156135613,548649,874601721,150545,PushPop,9492,9875,4,0,0,1902,,:1902
:fsdp:backward:all_gather:layers.13.attn.q_proj,1156725414,535305,874830498,116050,PushPop,9492,9875,3,0,0,1903,,:1903
:fsdp:backward:wait_weights:layers.13.attn.q_proj,1157262959,9280,874952453,40521,PushPop,9492,9875,1,0,0,1904,,:1904
:fsdp:backward:compute:layers.13.attn.q_proj,1157273328,823213,875004837,82427,PushPop,9492,9875,4,0,0,1905,,:1905
:fsdp:backward:reduce_scatter:layers.13.attn.q_proj,1158106845,550730,875136835,139789,PushPop,9492,9875,4,0,0,1906,,:1906
:fsdp:backward:all_gather:layers.12.ffn.w2,1158874538,2156260,884949943,125179,PushPop,9492,9875,3,0,0,1907,,:1907
:fsdp:backward:wait_weights:layers.12.ffn.w2,1161033390,130114,885081607,42392,PushPop,9492,9875,1,0,0,1908,,:1908
:fsdp:backward:compute:layers.12.ffn.w2,1161164656,2961137,885136897,5155815,PushPop,9492,9875,3,0,0,1909,,:1909
:fsdp:backward:reduce_scatter:layers.12.ffn.w2,1164229443,2176228,890345813,154353,PushPop,9492,9875,4,0,0,1910,,:1910
:fsdp:backward:all_gather:layers.12.ffn.w3,1166746125,2142883,893130316,116024,PushPop,9492,9875,3,0,0,1911,,:1911
:fsdp:backward:wait_weights:layers.12.ffn.w3,1168889680,136899,893252469,40808,PushPop,9492,9875,1,0,0,1912,,:1912
:fsdp:backward:compute:layers.12.ffn.w3,1169029139,3092851,893315074,80750,PushPop,9492,9875,3,0,0,1913,,:1913
:fsdp:backward:reduce_scatter:layers.12.ffn.w3,1172222920,2180548,898606184,155017,PushPop,9492,9875,4,0,0,1914,,:1914
:fsdp:backward:all_gather:layers.12.ffn.w1,1175083671,2140612,898891697,120909,PushPop,9492,9875,3,0,0,1915,,:1915
:fsdp:backward:wait_weights:layers.12.ffn.w1,1177226171,130530,899018728,41382,PushPop,9492,9875,1,0,0,1916,,:1916
:fsdp:backward:compute:layers.12.ffn.w1,1177358045,3091668,899073743,82604,PushPop,9492,9875,3,0,0,1917,,:1917
:fsdp:backward:reduce_scatter:layers.12.ffn.w1,1180552274,2166180,899205761,146534,PushPop,9492,9875,4,0,0,1918,,:1918
:fsdp:backward:all_gather:layers.12.attn.output_proj,1182931738,535049,900829526,120318,PushPop,9492,9875,3,0,0,1919,,:1919
:fsdp:backward:wait_weights:layers.12.attn.output_proj,1183467555,10112,900956232,42949,PushPop,9492,9875,1,0,0,1920,,:1920
:fsdp:backward:compute:layers.12.attn.output_proj,1183480131,821997,901012381,88101,PushPop,9492,9875,4,0,0,1921,,:1921
:fsdp:backward:reduce_scatter:layers.12.attn.output_proj,1184312465,551721,901151978,147476,PushPop,9492,9875,4,0,0,1922,,:1922
:fsdp:backward:all_gather:layers.12.attn.v_proj,1188321107,536169,907164247,179046,PushPop,9492,9875,3,0,0,1923,,:1923
:fsdp:backward:wait_weights:layers.12.attn.v_proj,1188858972,9568,907352112,46038,PushPop,9492,9875,1,0,0,1924,,:1924
:fsdp:backward:compute:layers.12.attn.v_proj,1188869500,824142,907413361,1240786,PushPop,9492,9875,4,0,0,1925,,:1925
:fsdp:backward:reduce_scatter:layers.12.attn.v_proj,1189704938,550761,908710983,179907,PushPop,9492,9875,4,0,0,1926,,:1926
:fsdp:backward:all_gather:layers.12.attn.k_proj,1190257555,535785,908959109,113221,PushPop,9492,9875,3,0,0,1927,,:1927
:fsdp:backward:wait_weights:layers.12.attn.k_proj,1190795388,9313,909078611,41876,PushPop,9492,9875,1,0,0,1928,,:1928
:fsdp:backward:compute:layers.12.attn.k_proj,1190805821,826893,909132211,915560,PushPop,9492,9875,4,0,0,1929,,:1929
:fsdp:backward:reduce_scatter:layers.12.attn.k_proj,1191643402,550794,910100753,148717,PushPop,9492,9875,4,0,0,1930,,:1930
:fsdp:backward:all_gather:layers.12.attn.q_proj,1192234932,535561,910323667,106862,PushPop,9492,9875,3,0,0,1931,,:1931
:fsdp:backward:wait_weights:layers.12.attn.q_proj,1192772765,9312,910436565,39480,PushPop,9492,9875,1,0,0,1932,,:1932
:fsdp:backward:compute:layers.12.attn.q_proj,1192783197,827182,910487527,86927,PushPop,9492,9875,4,0,0,1933,,:1933
:fsdp:backward:reduce_scatter:layers.12.attn.q_proj,1193620779,548745,910625768,154298,PushPop,9492,9875,4,0,0,1934,,:1934
:fsdp:backward:all_gather:layers.11.ffn.w2,1194388440,2141924,920476230,136075,PushPop,9492,9875,3,0,0,1935,,:1935
:fsdp:backward:wait_weights:layers.11.ffn.w2,1196531004,133026,920619711,46207,PushPop,9492,9875,1,0,0,1936,,:1936
:fsdp:backward:compute:layers.11.ffn.w2,1196666398,2961457,920679417,5126509,PushPop,9492,9875,3,0,0,1937,,:1937
:fsdp:backward:reduce_scatter:layers.11.ffn.w2,1199729041,2182596,925861308,157572,PushPop,9492,9875,4,0,0,1938,,:1938
:fsdp:backward:all_gather:layers.11.ffn.w3,1202251867,2141507,928646041,116788,PushPop,9492,9875,3,0,0,1939,,:1939
:fsdp:backward:wait_weights:layers.11.ffn.w3,1204394366,133442,928769086,42245,PushPop,9492,9875,1,0,0,1940,,:1940
:fsdp:backward:compute:layers.11.ffn.w3,1204528768,3096180,928823255,79724,PushPop,9492,9875,3,0,0,1941,,:1941
:fsdp:backward:reduce_scatter:layers.11.ffn.w3,1207726614,2168260,934124679,159939,PushPop,9492,9875,4,0,0,1942,,:1942
:fsdp:backward:all_gather:layers.11.ffn.w1,1210573029,2138915,934412637,115737,PushPop,9492,9875,3,0,0,1943,,:1943
:fsdp:backward:wait_weights:layers.11.ffn.w1,1212713480,133219,934534213,46011,PushPop,9492,9875,1,0,0,1944,,:1944
:fsdp:backward:compute:layers.11.ffn.w1,1212848971,3092403,934592367,79140,PushPop,9492,9875,3,0,0,1945,,:1945
:fsdp:backward:reduce_scatter:layers.11.ffn.w1,1216043680,2158052,934721536,147350,PushPop,9492,9875,4,0,0,1946,,:1946
:fsdp:backward:all_gather:layers.11.attn.output_proj,1218412903,538665,936346764,119913,PushPop,9492,9875,3,0,0,1947,,:1947
:fsdp:backward:wait_weights:layers.11.attn.output_proj,1218952784,9504,936472996,42199,PushPop,9492,9875,1,0,0,1948,,:1948
:fsdp:backward:compute:layers.11.attn.output_proj,1218963312,823342,936527285,84060,PushPop,9492,9875,4,0,0,1949,,:1949
:fsdp:backward:reduce_scatter:layers.11.attn.output_proj,1219797694,547721,936663146,148379,PushPop,9492,9875,4,0,0,1950,,:1950
:fsdp:backward:all_gather:layers.11.attn.v_proj,1223806369,534825,942679681,161791,PushPop,9492,9875,3,0,0,1951,,:1951
:fsdp:backward:wait_weights:layers.11.attn.v_proj,1224342218,9472,942850734,46447,PushPop,9492,9875,1,0,0,1952,,:1952
:fsdp:backward:compute:layers.11.attn.v_proj,1224352746,831054,942911677,1256304,PushPop,9492,9875,4,0,0,1953,,:1953
:fsdp:backward:reduce_scatter:layers.11.attn.v_proj,1225194296,550761,944225022,161934,PushPop,9492,9875,4,0,0,1954,,:1954
:fsdp:backward:all_gather:layers.11.attn.k_proj,1225746913,537801,944453734,111164,PushPop,9492,9875,3,0,0,1955,,:1955
:fsdp:backward:wait_weights:layers.11.attn.k_proj,1226286794,9440,944571010,48122,PushPop,9492,9875,1,0,0,1956,,:1956
:fsdp:backward:compute:layers.11.attn.k_proj,1226297258,828334,944630960,932499,PushPop,9492,9875,4,0,0,1957,,:1957
:fsdp:backward:reduce_scatter:layers.11.attn.k_proj,1227136856,548777,945617152,160167,PushPop,9492,9875,4,0,0,1958,,:1958
:fsdp:backward:all_gather:layers.11.attn.q_proj,1227726306,537481,945855402,108386,PushPop,9492,9875,3,0,0,1959,,:1959
:fsdp:backward:wait_weights:layers.11.attn.q_proj,1228265227,9184,945969653,40402,PushPop,9492,9875,1,0,0,1960,,:1960
:fsdp:backward:compute:layers.11.attn.q_proj,1228275627,829774,946022109,80672,PushPop,9492,9875,4,0,0,1961,,:1961
:fsdp:backward:reduce_scatter:layers.11.attn.q_proj,1229117273,549801,946152393,144920,PushPop,9492,9875,4,0,0,1962,,:1962
:fsdp:backward:all_gather:layers.10.ffn.w2,1229877766,2143907,955985173,130689,PushPop,9492,9875,3,0,0,1963,,:1963
:fsdp:backward:wait_weights:layers.10.ffn.w2,1232022345,133986,956122523,43230,PushPop,9492,9875,1,0,0,1964,,:1964
:fsdp:backward:compute:layers.10.ffn.w2,1232157771,2960402,956178945,5146140,PushPop,9492,9875,3,0,0,1965,,:1965
:fsdp:backward:reduce_scatter:layers.10.ffn.w2,1235218398,2173316,961381578,1405462,PushPop,9492,9875,4,0,0,1966,,:1966
:fsdp:backward:all_gather:layers.10.ffn.w3,1237732008,2141284,964167494,128108,PushPop,9492,9875,3,0,0,1967,,:1967
:fsdp:backward:wait_weights:layers.10.ffn.w3,1239875532,132706,964301996,44115,PushPop,9492,9875,1,0,0,1968,,:1968
:fsdp:backward:compute:layers.10.ffn.w3,1240010958,3095411,964358367,86710,PushPop,9492,9875,3,0,0,1969,,:1969
:fsdp:backward:reduce_scatter:layers.10.ffn.w3,1243207779,2170372,969635510,152125,PushPop,9492,9875,4,0,0,1970,,:1970
:fsdp:backward:all_gather:layers.10.ffn.w1,1246052146,2145700,969916036,110506,PushPop,9492,9875,3,0,0,1971,,:1971
:fsdp:backward:wait_weights:layers.10.ffn.w1,1248198710,133666,970032796,40310,PushPop,9492,9875,1,0,0,1972,,:1972
:fsdp:backward:compute:layers.10.ffn.w1,1248333688,3094740,970085425,79904,PushPop,9492,9875,3,0,0,1973,,:1973
:fsdp:backward:reduce_scatter:layers.10.ffn.w1,1251528941,2176292,970214576,147820,PushPop,9492,9875,4,0,0,1974,,:1974
:fsdp:backward:all_gather:layers.10.attn.output_proj,1253912437,538729,971856790,127577,PushPop,9492,9875,3,0,0,1975,,:1975
:fsdp:backward:wait_weights:layers.10.attn.output_proj,1254452382,10304,971991177,44311,PushPop,9492,9875,1,0,0,1976,,:1976
:fsdp:backward:compute:layers.10.attn.output_proj,1254464926,822734,972048711,89505,PushPop,9492,9875,4,0,0,1977,,:1977
:fsdp:backward:reduce_scatter:layers.10.attn.output_proj,1255299340,549769,972191894,158187,PushPop,9492,9875,4,0,0,1978,,:1978
:fsdp:backward:all_gather:layers.10.attn.v_proj,1259305966,542089,978184299,161248,PushPop,9492,9875,3,0,0,1979,,:1979
:fsdp:backward:wait_weights:layers.10.attn.v_proj,1259848983,9281,978354155,43947,PushPop,9492,9875,1,0,0,1980,,:1980
:fsdp:backward:compute:layers.10.attn.v_proj,1259859480,831053,978412337,1261497,PushPop,9492,9875,4,0,0,1981,,:1981
:fsdp:backward:reduce_scatter:layers.10.attn.v_proj,1260701062,549929,979731565,164019,PushPop,9492,9875,4,0,0,1982,,:1982
:fsdp:backward:all_gather:layers.10.attn.k_proj,1261252655,545577,979960285,116619,PushPop,9492,9875,3,0,0,1983,,:1983
:fsdp:backward:wait_weights:layers.10.attn.k_proj,1261800728,9408,980082727,40620,PushPop,9492,9875,1,0,0,1984,,:1984
:fsdp:backward:compute:layers.10.attn.k_proj,1261811160,824718,980135332,936225,PushPop,9492,9875,4,0,0,1985,,:1985
:fsdp:backward:reduce_scatter:layers.10.attn.k_proj,1262646694,551721,981122825,151661,PushPop,9492,9875,4,0,0,1986,,:1986
:fsdp:backward:all_gather:layers.10.attn.q_proj,1263239248,534185,981351651,105800,PushPop,9492,9875,3,0,0,1987,,:1987
:fsdp:backward:wait_weights:layers.10.attn.q_proj,1263774105,9728,981463012,39248,PushPop,9492,9875,1,0,0,1988,,:1988
:fsdp:backward:compute:layers.10.attn.q_proj,1263786489,826830,981513881,78736,PushPop,9492,9875,4,0,0,1989,,:1989
:fsdp:backward:reduce_scatter:layers.10.attn.q_proj,1264624071,549865,981642161,177135,PushPop,9492,9875,4,0,0,1990,,:1990
:fsdp:backward:all_gather:layers.9.ffn.w2,1265391732,2166691,991508643,126007,PushPop,9492,9875,3,0,0,1991,,:1991
:fsdp:backward:wait_weights:layers.9.ffn.w2,1267560856,130882,991641701,42269,PushPop,9492,9875,1,0,0,1992,,:1992
:fsdp:backward:compute:layers.9.ffn.w2,1267694170,2960817,991707473,5144647,PushPop,9492,9875,3,0,0,1993,,:1993
:fsdp:backward:reduce_scatter:layers.9.ffn.w2,1270756909,2154019,996904597,152126,PushPop,9492,9875,4,0,0,1994,,:1994
:fsdp:backward:all_gather:layers.9.ffn.w3,1273251062,2145508,999693121,116182,PushPop,9492,9875,3,0,0,1995,,:1995
:fsdp:backward:wait_weights:layers.9.ffn.w3,1275397658,133186,999815568,42904,PushPop,9492,9875,1,0,0,1996,,:1996
:fsdp:backward:compute:layers.9.ffn.w3,1275533084,3092595,999872123,83666,PushPop,9492,9875,3,0,0,1997,,:1997
:fsdp:backward:reduce_scatter:layers.9.ffn.w3,1278727857,2162116,1005175961,159723,PushPop,9492,9875,4,0,0,1998,,:1998
:fsdp:backward:all_gather:layers.9.ffn.w1,1281570176,2137540,1005465594,110792,PushPop,9492,9875,3,0,0,1999,,:1999
:fsdp:backward:wait_weights:layers.9.ffn.w1,1283708580,133794,1005582454,39945,PushPop,9492,9875,1,0,0,2000,,:2000
:fsdp:backward:compute:layers.9.ffn.w1,1283843526,3091891,1005633974,79393,PushPop,9492,9875,3,0,0,2001,,:2001
:fsdp:backward:reduce_scatter:layers.9.ffn.w1,1287038779,2163076,1005763225,148710,PushPop,9492,9875,4,0,0,2002,,:2002
:fsdp:backward:all_gather:layers.9.attn.output_proj,1289408994,537289,1007400179,122016,PushPop,9492,9875,3,0,0,2003,,:2003
:fsdp:backward:wait_weights:layers.9.attn.output_proj,1289946955,12993,1007528734,41736,PushPop,9492,9875,1,0,0,2004,,:2004
:fsdp:backward:compute:layers.9.attn.output_proj,1289961516,821325,1007583094,86846,PushPop,9492,9875,4,0,0,2005,,:2005
:fsdp:backward:reduce_scatter:layers.9.attn.output_proj,1290794841,549994,1007723334,159693,PushPop,9492,9875,4,0,0,2006,,:2006
:fsdp:backward:all_gather:layers.9.attn.v_proj,1294801436,537609,1013716448,157411,PushPop,9492,9875,3,0,0,2007,,:2007
:fsdp:backward:wait_weights:layers.9.attn.v_proj,1295341381,9408,1013881938,44869,PushPop,9492,9875,1,0,0,2008,,:2008
:fsdp:backward:compute:layers.9.attn.v_proj,1295351909,828782,1013940753,1271171,PushPop,9492,9875,4,0,0,2009,,:2009
:fsdp:backward:reduce_scatter:layers.9.attn.v_proj,1296191443,551881,1015266665,170430,PushPop,9492,9875,4,0,0,2010,,:2010
:fsdp:backward:all_gather:layers.9.attn.k_proj,1296745084,534921,1015502484,111759,PushPop,9492,9875,3,0,0,2011,,:2011
:fsdp:backward:wait_weights:layers.9.attn.k_proj,1297281893,9504,1015620716,44071,PushPop,9492,9875,1,0,0,2012,,:2012
:fsdp:backward:compute:layers.9.attn.k_proj,1297292357,826702,1015676875,930898,PushPop,9492,9875,4,0,0,2013,,:2013
:fsdp:backward:reduce_scatter:layers.9.attn.k_proj,1298129907,551817,1016658686,149207,PushPop,9492,9875,4,0,0,2014,,:2014
:fsdp:backward:all_gather:layers.9.attn.q_proj,1298722461,533321,1016886086,108867,PushPop,9492,9875,3,0,0,2015,,:2015
:fsdp:backward:wait_weights:layers.9.attn.q_proj,1299257254,9280,1017000764,40412,PushPop,9492,9875,1,0,0,2016,,:2016
:fsdp:backward:compute:layers.9.attn.q_proj,1299267654,826606,1017053206,80445,PushPop,9492,9875,4,0,0,2017,,:2017
:fsdp:backward:reduce_scatter:layers.9.attn.q_proj,1300105236,551817,1017184437,140513,PushPop,9492,9875,4,0,0,2018,,:2018
:fsdp:backward:all_gather:layers.8.ffn.w2,1300871873,2150724,1027045944,156324,PushPop,9492,9875,3,0,0,2019,,:2019
:fsdp:backward:wait_weights:layers.8.ffn.w2,1303024613,130658,1027210451,47793,PushPop,9492,9875,1,0,0,2020,,:2020
:fsdp:backward:compute:layers.8.ffn.w2,1303156967,2958993,1027272099,5102255,PushPop,9492,9875,3,0,0,2021,,:2021
:fsdp:backward:reduce_scatter:layers.8.ffn.w2,1306215546,2174692,1032431886,175495,PushPop,9492,9875,4,0,0,2022,,:2022
:fsdp:backward:all_gather:layers.8.ffn.w3,1308728131,2140356,1035211316,117782,PushPop,9492,9875,3,0,0,2023,,:2023
:fsdp:backward:wait_weights:layers.8.ffn.w3,1310870631,133506,1035335267,42041,PushPop,9492,9875,1,0,0,2024,,:2024
:fsdp:backward:compute:layers.8.ffn.w3,1311006057,3096180,1035389339,83021,PushPop,9492,9875,3,0,0,2025,,:2025
:fsdp:backward:reduce_scatter:layers.8.ffn.w3,1314204926,2168164,1040677487,155351,PushPop,9492,9875,4,0,0,2026,,:2026
:fsdp:backward:all_gather:layers.8.ffn.w1,1317049294,2141027,1040959393,109526,PushPop,9492,9875,3,0,0,2027,,:2027
:fsdp:backward:wait_weights:layers.8.ffn.w1,1319191793,133186,1041075153,39520,PushPop,9492,9875,1,0,0,2028,,:2028
:fsdp:backward:compute:layers.8.ffn.w1,1319326739,3092180,1041125913,78844,PushPop,9492,9875,3,0,0,2029,,:2029
:fsdp:backward:reduce_scatter:layers.8.ffn.w1,1322521993,2172292,1041253512,138028,PushPop,9492,9875,4,0,0,2030,,:2030
:fsdp:backward:all_gather:layers.8.attn.output_proj,1324907568,537385,1042907288,130126,PushPop,9492,9875,3,0,0,2031,,:2031
:fsdp:backward:wait_weights:layers.8.attn.output_proj,1325447481,9920,1043044741,43671,PushPop,9492,9875,1,0,0,2032,,:2032
:fsdp:backward:compute:layers.8.attn.output_proj,1325460057,822510,1043101001,87840,PushPop,9492,9875,4,0,0,2033,,:2033
:fsdp:backward:reduce_scatter:layers.8.attn.output_proj,1326294439,547849,1043243417,150441,PushPop,9492,9875,4,0,0,2034,,:2034
:fsdp:backward:all_gather:layers.8.attn.v_proj,1330306186,535721,1049229796,153954,PushPop,9492,9875,3,0,0,2035,,:2035
:fsdp:backward:wait_weights:layers.8.attn.v_proj,1330843059,9504,1049391304,41905,PushPop,9492,9875,1,0,0,2036,,:2036
:fsdp:backward:compute:layers.8.attn.v_proj,1330853523,826094,1049446297,1275851,PushPop,9492,9875,4,0,0,2037,,:2037
:fsdp:backward:reduce_scatter:layers.8.attn.v_proj,1331691041,549801,1050777212,167565,PushPop,9492,9875,4,0,0,2038,,:2038
:fsdp:backward:all_gather:layers.8.attn.k_proj,1332242634,534089,1051008479,108618,PushPop,9492,9875,3,0,0,2039,,:2039
:fsdp:backward:wait_weights:layers.8.attn.k_proj,1332777395,9376,1051122510,50032,PushPop,9492,9875,1,0,0,2040,,:2040
:fsdp:backward:compute:layers.8.attn.k_proj,1332787827,825966,1051183538,935914,PushPop,9492,9875,4,0,0,2041,,:2041
:fsdp:backward:reduce_scatter:layers.8.attn.k_proj,1333625377,549833,1052170118,143398,PushPop,9492,9875,4,0,0,2042,,:2042
:fsdp:backward:all_gather:layers.8.attn.q_proj,1334215915,534249,1052389640,116231,PushPop,9492,9875,3,0,0,2043,,:2043
:fsdp:backward:wait_weights:layers.8.attn.q_proj,1334752724,9312,1052511648,39675,PushPop,9492,9875,1,0,0,2044,,:2044
:fsdp:backward:compute:layers.8.attn.q_proj,1334763156,824590,1052563011,81463,PushPop,9492,9875,4,0,0,2045,,:2045
:fsdp:backward:reduce_scatter:layers.8.attn.q_proj,1335598658,549769,1052694891,152034,PushPop,9492,9875,4,0,0,2046,,:2046
:fsdp:backward:all_gather:layers.7.ffn.w2,1336361198,2151972,1062531326,138626,PushPop,9492,9875,3,0,0,2047,,:2047
:fsdp:backward:wait_weights:layers.7.ffn.w2,1338514994,133602,1062676948,44461,PushPop,9492,9875,1,0,0,2048,,:2048
:fsdp:backward:compute:layers.7.ffn.w2,1338650356,2962034,1062734755,5131268,PushPop,9492,9875,3,0,0,2049,,:2049
:fsdp:backward:reduce_scatter:layers.7.ffn.w2,1341713095,2160036,1067919469,162560,PushPop,9492,9875,4,0,0,2050,,:2050
:fsdp:backward:all_gather:layers.7.ffn.w3,1344213393,2142371,1070707978,117454,PushPop,9492,9875,3,0,0,2051,,:2051
:fsdp:backward:wait_weights:layers.7.ffn.w3,1346357940,133379,1070831788,42503,PushPop,9492,9875,1,0,0,2052,,:2052
:fsdp:backward:compute:layers.7.ffn.w3,1346493367,3092147,1070885844,83143,PushPop,9492,9875,3,0,0,2053,,:2053
:fsdp:backward:reduce_scatter:layers.7.ffn.w3,1349686092,2168132,1076191176,165911,PushPop,9492,9875,4,0,0,2054,,:2054
:fsdp:backward:all_gather:layers.7.ffn.w1,1352534555,2140676,1076484801,111847,PushPop,9492,9875,3,0,0,2055,,:2055
:fsdp:backward:wait_weights:layers.7.ffn.w1,1354677055,131650,1076602644,41379,PushPop,9492,9875,1,0,0,2056,,:2056
:fsdp:backward:compute:layers.7.ffn.w1,1354810497,3088819,1076656134,81224,PushPop,9492,9875,3,0,0,2057,,:2057
:fsdp:backward:reduce_scatter:layers.7.ffn.w1,1358003158,2161956,1076787642,144602,PushPop,9492,9875,4,0,0,2058,,:2058
:fsdp:backward:all_gather:layers.7.attn.output_proj,1360372317,536297,1078410699,120012,PushPop,9492,9875,3,0,0,2059,,:2059
:fsdp:backward:wait_weights:layers.7.attn.output_proj,1360910214,9344,1078543951,42727,PushPop,9492,9875,1,0,0,2060,,:2060
:fsdp:backward:compute:layers.7.attn.output_proj,1360920710,823918,1078598517,85934,PushPop,9492,9875,4,0,0,2061,,:2061
:fsdp:backward:reduce_scatter:layers.7.attn.output_proj,1361756148,548681,1078738938,147446,PushPop,9492,9875,4,0,0,2062,,:2062
:fsdp:backward:all_gather:layers.7.attn.v_proj,1365758679,536777,1084736987,172838,PushPop,9492,9875,3,0,0,2063,,:2063
:fsdp:backward:wait_weights:layers.7.attn.v_proj,1366297568,9376,1084918742,46397,PushPop,9492,9875,1,0,0,2064,,:2064
:fsdp:backward:compute:layers.7.attn.v_proj,1366307616,827374,1084980970,1242981,PushPop,9492,9875,4,0,0,2065,,:2065
:fsdp:backward:reduce_scatter:layers.7.attn.v_proj,1367145582,551849,1086283312,169519,PushPop,9492,9875,4,0,0,2066,,:2066
:fsdp:backward:all_gather:layers.7.attn.k_proj,1367699223,536553,1086519058,134050,PushPop,9492,9875,3,0,0,2067,,:2067
:fsdp:backward:wait_weights:layers.7.attn.k_proj,1368238080,9632,1086659373,43076,PushPop,9492,9875,1,0,0,2068,,:2068
:fsdp:backward:compute:layers.7.attn.k_proj,1368248640,826574,1086714209,905211,PushPop,9492,9875,4,0,0,2069,,:2069
:fsdp:backward:reduce_scatter:layers.7.attn.k_proj,1369086094,554889,1087673368,161818,PushPop,9492,9875,4,0,0,2070,,:2070
:fsdp:backward:all_gather:layers.7.attn.q_proj,1369681720,533769,1087912831,111684,PushPop,9492,9875,3,0,0,2071,,:2071
:fsdp:backward:wait_weights:layers.7.attn.q_proj,1370217537,9248,1088030870,40309,PushPop,9492,9875,1,0,0,2072,,:2072
:fsdp:backward:compute:layers.7.attn.q_proj,1370227937,826606,1088082936,80567,PushPop,9492,9875,4,0,0,2073,,:2073
:fsdp:backward:reduce_scatter:layers.7.attn.q_proj,1371065519,555081,1088214262,151637,PushPop,9492,9875,4,0,0,2074,,:2074
:fsdp:backward:all_gather:layers.6.ffn.w2,1371837276,2147075,1098031505,138629,PushPop,9492,9875,3,0,0,2075,,:2075
:fsdp:backward:wait_weights:layers.6.ffn.w2,1373986943,130979,1098177299,46063,PushPop,9492,9875,1,0,0,2076,,:2076
:fsdp:backward:compute:layers.6.ffn.w2,1374120226,2960209,1098236717,5154546,PushPop,9492,9875,3,0,0,2077,,:2077
:fsdp:backward:reduce_scatter:layers.6.ffn.w2,1377184021,2166148,1103453018,170883,PushPop,9492,9875,4,0,0,2078,,:2078
:fsdp:backward:all_gather:layers.6.ffn.w3,1379688414,2142884,1106247142,116929,PushPop,9492,9875,3,0,0,2079,,:2079
:fsdp:backward:wait_weights:layers.6.ffn.w3,1381832962,134018,1106370326,41708,PushPop,9492,9875,1,0,0,2080,,:2080
:fsdp:backward:compute:layers.6.ffn.w3,1381968452,3090259,1106424373,82564,PushPop,9492,9875,3,0,0,2081,,:2081
:fsdp:backward:reduce_scatter:layers.6.ffn.w3,1385161113,2164100,1111720515,152060,PushPop,9492,9875,4,0,0,2082,,:2082
:fsdp:backward:all_gather:layers.6.ffn.w1,1388003432,2150980,1111996313,114900,PushPop,9492,9875,3,0,0,2083,,:2083
:fsdp:backward:wait_weights:layers.6.ffn.w1,1390156172,131426,1112116783,40242,PushPop,9492,9875,1,0,0,2084,,:2084
:fsdp:backward:compute:layers.6.ffn.w1,1390289070,3094036,1112168530,79788,PushPop,9492,9875,3,0,0,2085,,:2085
:fsdp:backward:reduce_scatter:layers.6.ffn.w1,1393484323,2174276,1112298172,146934,PushPop,9492,9875,4,0,0,2086,,:2086
:fsdp:backward:all_gather:layers.6.attn.output_proj,1395861675,537897,1113943735,128861,PushPop,9492,9875,3,0,0,2087,,:2087
:fsdp:backward:wait_weights:layers.6.attn.output_proj,1396401620,9376,1114079272,42283,PushPop,9492,9875,1,0,0,2088,,:2088
:fsdp:backward:compute:layers.6.attn.output_proj,1396412180,821838,1114134968,85476,PushPop,9492,9875,4,0,0,2089,,:2089
:fsdp:backward:reduce_scatter:layers.6.attn.output_proj,1397245506,550793,1114273314,149065,PushPop,9492,9875,4,0,0,2090,,:2090
:fsdp:backward:all_gather:layers.6.attn.v_proj,1401254180,536841,1120280102,159580,PushPop,9492,9875,3,0,0,2091,,:2091
:fsdp:backward:wait_weights:layers.6.attn.v_proj,1401793069,9408,1120448924,44627,PushPop,9492,9875,1,0,0,2092,,:2092
:fsdp:backward:compute:layers.6.attn.v_proj,1401803629,824718,1120507883,1260345,PushPop,9492,9875,4,0,0,2093,,:2093
:fsdp:backward:reduce_scatter:layers.6.attn.v_proj,1402639035,554922,1121825878,165287,PushPop,9492,9875,4,0,0,2094,,:2094
:fsdp:backward:all_gather:layers.6.attn.k_proj,1403195749,533800,1122056738,120098,PushPop,9492,9875,3,0,0,2095,,:2095
:fsdp:backward:wait_weights:layers.6.attn.k_proj,1403731534,8544,1122182831,41935,PushPop,9492,9875,1,0,0,2096,,:2096
:fsdp:backward:compute:layers.6.attn.k_proj,1403741998,826189,1122237487,933423,PushPop,9492,9875,4,0,0,2097,,:2097
:fsdp:backward:reduce_scatter:layers.6.attn.k_proj,1404579516,555913,1123225724,151538,PushPop,9492,9875,4,0,0,2098,,:2098
:fsdp:backward:all_gather:layers.6.attn.q_proj,1405176198,534696,1123453699,107456,PushPop,9492,9875,3,0,0,2099,,:2099
:fsdp:backward:wait_weights:layers.6.attn.q_proj,1405712014,9249,1123566715,40070,PushPop,9492,9875,1,0,0,2100,,:2100
:fsdp:backward:compute:layers.6.attn.q_proj,1405722383,827053,1123618967,80082,PushPop,9492,9875,4,0,0,2101,,:2101
:fsdp:backward:reduce_scatter:layers.6.attn.q_proj,1406561021,549737,1123751243,157424,PushPop,9492,9875,4,0,0,2102,,:2102
:fsdp:backward:all_gather:layers.5.ffn.w2,1407325609,2150756,1133574187,136900,PushPop,9492,9875,3,0,0,2103,,:2103
:fsdp:backward:wait_weights:layers.5.ffn.w2,1409478349,131586,1133718281,43894,PushPop,9492,9875,1,0,0,2104,,:2104
:fsdp:backward:compute:layers.5.ffn.w2,1409611631,2960305,1133775416,5141088,PushPop,9492,9875,3,0,0,2105,,:2105
:fsdp:backward:reduce_scatter:layers.5.ffn.w2,1412673378,2174724,1138970929,157243,PushPop,9492,9875,4,0,0,2106,,:2106
:fsdp:backward:all_gather:layers.5.ffn.w3,1415188012,2148964,1141764713,113838,PushPop,9492,9875,3,0,0,2107,,:2107
:fsdp:backward:wait_weights:layers.5.ffn.w3,1417338704,131618,1141884507,40548,PushPop,9492,9875,1,0,0,2108,,:2108
:fsdp:backward:compute:layers.5.ffn.w3,1417472114,3094899,1141937051,78233,PushPop,9492,9875,3,0,0,2109,,:2109
:fsdp:backward:reduce_scatter:layers.5.ffn.w3,1420666823,2176452,1147226326,147307,PushPop,9492,9875,4,0,0,2110,,:2110
:fsdp:backward:all_gather:layers.5.ffn.w1,1423519414,2150724,1147503426,117442,PushPop,9492,9875,3,0,0,2111,,:2111
:fsdp:backward:wait_weights:layers.5.ffn.w1,1425672154,132098,1147627034,40029,PushPop,9492,9875,1,0,0,2112,,:2112
:fsdp:backward:compute:layers.5.ffn.w1,1425805596,3091060,1147678351,78694,PushPop,9492,9875,3,0,0,2113,,:2113
:fsdp:backward:reduce_scatter:layers.5.ffn.w1,1428999281,2171140,1147805227,139180,PushPop,9492,9875,4,0,0,2114,,:2114
:fsdp:backward:all_gather:layers.5.attn.output_proj,1431381817,535593,1149450690,129342,PushPop,9492,9875,3,0,0,2115,,:2115
:fsdp:backward:wait_weights:layers.5.attn.output_proj,1431919650,10144,1149586892,45084,PushPop,9492,9875,1,0,0,2116,,:2116
:fsdp:backward:compute:layers.5.attn.output_proj,1431932226,822958,1149644836,91266,PushPop,9492,9875,4,0,0,2117,,:2117
:fsdp:backward:reduce_scatter:layers.5.attn.output_proj,1432765616,548745,1149792283,168249,PushPop,9492,9875,4,0,0,2118,,:2118
:fsdp:backward:all_gather:layers.5.attn.v_proj,1436778322,535145,1155777403,183796,PushPop,9492,9875,3,0,0,2119,,:2119
:fsdp:backward:wait_weights:layers.5.attn.v_proj,1437314203,9377,1155969769,45140,PushPop,9492,9875,1,0,0,2120,,:2120
:fsdp:backward:compute:layers.5.attn.v_proj,1437324892,824717,1156029079,1240901,PushPop,9492,9875,4,0,0,2121,,:2121
:fsdp:backward:reduce_scatter:layers.5.attn.v_proj,1438161129,549738,1157327551,162581,PushPop,9492,9875,4,0,0,2122,,:2122
:fsdp:backward:all_gather:layers.5.attn.k_proj,1438712755,532808,1157553434,119894,PushPop,9492,9875,3,0,0,2123,,:2123
:fsdp:backward:wait_weights:layers.5.attn.k_proj,1439246523,9217,1157679582,41225,PushPop,9492,9875,1,0,0,2124,,:2124
:fsdp:backward:compute:layers.5.attn.k_proj,1439256924,829037,1157732934,931310,PushPop,9492,9875,4,0,0,2125,,:2125
:fsdp:backward:reduce_scatter:layers.5.attn.k_proj,1440097546,547721,1158717609,151619,PushPop,9492,9875,4,0,0,2126,,:2126
:fsdp:backward:all_gather:layers.5.attn.q_proj,1440686003,533385,1158946733,121076,PushPop,9492,9875,3,0,0,2127,,:2127
:fsdp:backward:wait_weights:layers.5.attn.q_proj,1441221852,9280,1159074088,42176,PushPop,9492,9875,1,0,0,2128,,:2128
:fsdp:backward:compute:layers.5.attn.q_proj,1441232316,827278,1159128813,84205,PushPop,9492,9875,4,0,0,2129,,:2129
:fsdp:backward:reduce_scatter:layers.5.attn.q_proj,1442070826,549770,1159266550,159575,PushPop,9492,9875,4,0,0,2130,,:2130
:fsdp:backward:all_gather:layers.4.ffn.w2,1442837495,2145764,1169091290,133705,PushPop,9492,9875,3,0,0,2131,,:2131
:fsdp:backward:wait_weights:layers.4.ffn.w2,1444984091,135266,1169232018,43421,PushPop,9492,9875,1,0,0,2132,,:2132
:fsdp:backward:compute:layers.4.ffn.w2,1445121661,2957809,1169287993,5142660,PushPop,9492,9875,3,0,0,2133,,:2133
:fsdp:backward:reduce_scatter:layers.4.ffn.w2,1448181168,2168196,1174484300,165817,PushPop,9492,9875,4,0,0,2134,,:2134
:fsdp:backward:all_gather:layers.4.ffn.w3,1450689658,2145443,1177271236,110837,PushPop,9492,9875,3,0,0,2135,,:2135
:fsdp:backward:wait_weights:layers.4.ffn.w3,1452836253,133378,1177387837,39954,PushPop,9492,9875,1,0,0,2136,,:2136
:fsdp:backward:compute:layers.4.ffn.w3,1452971679,3096500,1177439157,79574,PushPop,9492,9875,3,0,0,2137,,:2137
:fsdp:backward:reduce_scatter:layers.4.ffn.w3,1456169525,2170180,1182730812,156211,PushPop,9492,9875,4,0,0,2138,,:2138
:fsdp:backward:all_gather:layers.4.ffn.w1,1459016964,2141731,1183010511,107712,PushPop,9492,9875,3,0,0,2139,,:2139
:fsdp:backward:wait_weights:layers.4.ffn.w1,1461159463,133955,1183123957,39096,PushPop,9492,9875,1,0,0,2140,,:2140
:fsdp:backward:compute:layers.4.ffn.w1,1461295018,3090643,1183174978,78142,PushPop,9492,9875,3,0,0,2141,,:2141
:fsdp:backward:reduce_scatter:layers.4.ffn.w1,1464486591,2170276,1183304638,149034,PushPop,9492,9875,4,0,0,2142,,:2142
:fsdp:backward:all_gather:layers.4.attn.output_proj,1466869126,536265,1184959432,126766,PushPop,9492,9875,3,0,0,2143,,:2143
:fsdp:backward:wait_weights:layers.4.attn.output_proj,1467406991,9344,1185092907,42746,PushPop,9492,9875,1,0,0,2144,,:2144
:fsdp:backward:compute:layers.4.attn.output_proj,1467417487,823054,1185148743,83888,PushPop,9492,9875,4,0,0,2145,,:2145
:fsdp:backward:reduce_scatter:layers.4.attn.output_proj,1468250877,549865,1185283015,144668,PushPop,9492,9875,4,0,0,2146,,:2146
:fsdp:backward:all_gather:layers.4.attn.v_proj,1472257472,536009,1191288788,166233,PushPop,9492,9875,3,0,0,2147,,:2147
:fsdp:backward:wait_weights:layers.4.attn.v_proj,1472795337,9344,1191463681,46108,PushPop,9492,9875,1,0,0,2148,,:2148
:fsdp:backward:compute:layers.4.attn.v_proj,1472805865,826254,1191525472,1254520,PushPop,9492,9875,4,0,0,2149,,:2149
:fsdp:backward:reduce_scatter:layers.4.attn.v_proj,1473642327,549833,1192837394,184143,PushPop,9492,9875,4,0,0,2150,,:2150
:fsdp:backward:all_gather:layers.4.attn.k_proj,1474193920,535401,1193086616,119290,PushPop,9492,9875,3,0,0,2151,,:2151
:fsdp:backward:wait_weights:layers.4.attn.k_proj,1474731753,9312,1193212434,41829,PushPop,9492,9875,1,0,0,2152,,:2152
:fsdp:backward:compute:layers.4.attn.k_proj,1474742313,826382,1193266287,909774,PushPop,9492,9875,4,0,0,2153,,:2153
:fsdp:backward:reduce_scatter:layers.4.attn.k_proj,1475580759,549769,1194228156,150064,PushPop,9492,9875,4,0,0,2154,,:2154
:fsdp:backward:all_gather:layers.4.attn.q_proj,1476171297,531657,1194451961,122006,PushPop,9492,9875,3,0,0,2155,,:2155
:fsdp:backward:wait_weights:layers.4.attn.q_proj,1476705034,9344,1194579660,39619,PushPop,9492,9875,1,0,0,2156,,:2156
:fsdp:backward:compute:layers.4.attn.q_proj,1476715530,827438,1194631040,78610,PushPop,9492,9875,4,0,0,2157,,:2157
:fsdp:backward:reduce_scatter:layers.4.attn.q_proj,1477554072,551817,1194759643,140965,PushPop,9492,9875,4,0,0,2158,,:2158
:fsdp:backward:all_gather:layers.3.ffn.w2,1478324837,2144259,1204590111,152687,PushPop,9492,9875,3,0,0,2159,,:2159
:fsdp:backward:wait_weights:layers.3.ffn.w2,1480471400,132930,1204750921,46038,PushPop,9492,9875,1,0,0,2160,,:2160
:fsdp:backward:compute:layers.3.ffn.w2,1480606795,2957297,1204810680,5112092,PushPop,9492,9875,3,0,0,2161,,:2161
:fsdp:backward:reduce_scatter:layers.3.ffn.w2,1483664381,2172356,1209980309,178668,PushPop,9492,9875,4,0,0,2162,,:2162
:fsdp:backward:all_gather:layers.3.ffn.w3,1486176967,2138948,1212758897,118114,PushPop,9492,9875,3,0,0,2163,,:2163
:fsdp:backward:wait_weights:layers.3.ffn.w3,1488317419,131234,1212883156,43390,PushPop,9492,9875,1,0,0,2164,,:2164
:fsdp:backward:compute:layers.3.ffn.w3,1488450829,3091027,1212938877,83387,PushPop,9492,9875,3,0,0,2165,,:2165
:fsdp:backward:reduce_scatter:layers.3.ffn.w3,1491642498,2162084,1218214890,175088,PushPop,9492,9875,4,0,0,2166,,:2166
:fsdp:backward:all_gather:layers.3.ffn.w1,1494483793,2144996,1218518269,127527,PushPop,9492,9875,3,0,0,2167,,:2167
:fsdp:backward:wait_weights:layers.3.ffn.w1,1496630389,133250,1218651472,41246,PushPop,9492,9875,1,0,0,2168,,:2168
:fsdp:backward:compute:layers.3.ffn.w1,1496765847,3094835,1218705641,82044,PushPop,9492,9875,3,0,0,2169,,:2169
:fsdp:backward:reduce_scatter:layers.3.ffn.w1,1499963660,2166340,1218838534,149796,PushPop,9492,9875,4,0,0,2170,,:2170
:fsdp:backward:all_gather:layers.3.attn.output_proj,1502341076,535496,1220439747,136892,PushPop,9492,9875,3,0,0,2171,,:2171
:fsdp:backward:wait_weights:layers.3.attn.output_proj,1502877884,9409,1220584386,44983,PushPop,9492,9875,1,0,0,2172,,:2172
:fsdp:backward:compute:layers.3.attn.output_proj,1502888445,823053,1220642898,91493,PushPop,9492,9875,4,0,0,2173,,:2173
:fsdp:backward:reduce_scatter:layers.3.attn.output_proj,1503721834,547722,1220791151,158264,PushPop,9492,9875,4,0,0,2174,,:2174
:fsdp:backward:all_gather:layers.3.attn.v_proj,1507724269,541033,1226778486,177147,PushPop,9492,9875,3,0,0,2175,,:2175
:fsdp:backward:wait_weights:layers.3.attn.v_proj,1508266294,9536,1226963924,45205,PushPop,9492,9875,1,0,0,2176,,:2176
:fsdp:backward:compute:layers.3.attn.v_proj,1508276886,824526,1227023281,1248953,PushPop,9492,9875,4,0,0,2177,,:2177
:fsdp:backward:reduce_scatter:layers.3.attn.v_proj,1509113220,551945,1228329085,162133,PushPop,9492,9875,4,0,0,2178,,:2178
:fsdp:backward:all_gather:layers.3.attn.k_proj,1509666893,536009,1228556625,125215,PushPop,9492,9875,3,0,0,2179,,:2179
:fsdp:backward:wait_weights:layers.3.attn.k_proj,1510204726,9440,1228687871,41228,PushPop,9492,9875,1,0,0,2180,,:2180
:fsdp:backward:compute:layers.3.attn.k_proj,1510215126,827438,1228740765,933119,PushPop,9492,9875,4,0,0,2181,,:2181
:fsdp:backward:reduce_scatter:layers.3.attn.k_proj,1511053764,551817,1229726955,169732,PushPop,9492,9875,4,0,0,2182,,:2182
:fsdp:backward:all_gather:layers.3.attn.q_proj,1511646318,530825,1229974186,108844,PushPop,9492,9875,3,0,0,2183,,:2183
:fsdp:backward:wait_weights:layers.3.attn.q_proj,1512178039,9312,1230088850,39987,PushPop,9492,9875,1,0,0,2184,,:2184
:fsdp:backward:compute:layers.3.attn.q_proj,1512188439,827982,1230140361,80675,PushPop,9492,9875,4,0,0,2185,,:2185
:fsdp:backward:reduce_scatter:layers.3.attn.q_proj,1513027045,549865,1230270058,147859,PushPop,9492,9875,4,0,0,2186,,:2186
:fsdp:backward:all_gather:layers.2.ffn.w2,1513795730,2158244,1240216541,346355,PushPop,9492,9875,3,0,0,2187,,:2187
:fsdp:backward:wait_weights:layers.2.ffn.w2,1515954614,132418,1240576088,64763,PushPop,9492,9875,1,0,0,2188,,:2188
:fsdp:backward:compute:layers.2.ffn.w2,1516087928,2959057,1240658065,4757132,PushPop,9492,9875,3,0,0,2189,,:2189
:fsdp:backward:reduce_scatter:layers.2.ffn.w2,1519148619,2157828,1245480073,201180,PushPop,9492,9875,4,0,0,2190,,:2190
:fsdp:backward:all_gather:layers.2.ffn.w3,1521645844,2141828,1248247180,124650,PushPop,9492,9875,3,0,0,2191,,:2191
:fsdp:backward:wait_weights:layers.2.ffn.w3,1523788344,133474,1248378770,45015,PushPop,9492,9875,1,0,0,2192,,:2192
:fsdp:backward:compute:layers.2.ffn.w3,1523923770,3094227,1248436954,89510,PushPop,9492,9875,3,0,0,2193,,:2193
:fsdp:backward:reduce_scatter:layers.2.ffn.w3,1527119567,2174532,1253720106,183067,PushPop,9492,9875,4,0,0,2194,,:2194
:fsdp:backward:all_gather:layers.2.ffn.w1,1529973151,2142179,1254038261,127033,PushPop,9492,9875,3,0,0,2195,,:2195
:fsdp:backward:wait_weights:layers.2.ffn.w1,1532117698,131138,1254171791,44851,PushPop,9492,9875,1,0,0,2196,,:2196
:fsdp:backward:compute:layers.2.ffn.w1,1532251140,3100244,1254230249,89004,PushPop,9492,9875,3,0,0,2197,,:2197
:fsdp:backward:reduce_scatter:layers.2.ffn.w1,1535453018,2160227,1254372606,157090,PushPop,9492,9875,4,0,0,2198,,:2198
:fsdp:backward:all_gather:layers.2.attn.output_proj,1537820193,533897,1255946943,134766,PushPop,9492,9875,3,0,0,2199,,:2199
:fsdp:backward:wait_weights:layers.2.attn.output_proj,1538354954,9984,1256088635,44000,PushPop,9492,9875,1,0,0,2200,,:2200
:fsdp:backward:compute:layers.2.attn.output_proj,1538367658,821038,1256146065,91285,PushPop,9492,9875,4,0,0,2201,,:2201
:fsdp:backward:reduce_scatter:layers.2.attn.output_proj,1539198904,549705,1256290846,155318,PushPop,9492,9875,4,0,0,2202,,:2202
:fsdp:backward:all_gather:layers.2.attn.v_proj,1543199322,537097,1262288896,174873,PushPop,9492,9875,3,0,0,2203,,:2203
:fsdp:backward:wait_weights:layers.2.attn.v_proj,1543737219,9664,1262472388,46230,PushPop,9492,9875,1,0,0,2204,,:2204
:fsdp:backward:compute:layers.2.attn.v_proj,1543749763,825486,1262533227,1256542,PushPop,9492,9875,4,0,0,2205,,:2205
:fsdp:backward:reduce_scatter:layers.2.attn.v_proj,1544586193,547753,1263866188,1262741,PushPop,9492,9875,4,0,0,2206,,:2206
:fsdp:backward:all_gather:layers.2.attn.k_proj,1545135770,534185,1265253022,168122,PushPop,9492,9875,3,0,0,2207,,:2207
:fsdp:backward:wait_weights:layers.2.attn.k_proj,1545671555,9344,1265430534,52729,PushPop,9492,9875,1,0,0,2208,,:2208
:fsdp:backward:compute:layers.2.attn.k_proj,1545681987,828110,1265496658,89464,PushPop,9492,9875,4,0,0,2209,,:2209
:fsdp:backward:reduce_scatter:layers.2.attn.k_proj,1546521585,548746,1265655814,178329,PushPop,9492,9875,4,0,0,2210,,:2210
:fsdp:backward:all_gather:layers.2.attn.q_proj,1547109019,535273,1265912523,112465,PushPop,9492,9875,3,0,0,2211,,:2211
:fsdp:backward:wait_weights:layers.2.attn.q_proj,1547646916,9280,1266031115,39611,PushPop,9492,9875,1,0,0,2212,,:2212
:fsdp:backward:compute:layers.2.attn.q_proj,1547657476,827310,1266082626,81731,PushPop,9492,9875,4,0,0,2213,,:2213
:fsdp:backward:reduce_scatter:layers.2.attn.q_proj,1548496946,546601,1266215042,155404,PushPop,9492,9875,4,0,0,2214,,:2214
:fsdp:backward:all_gather:layers.1.ffn.w2,1549258495,2157764,1275599289,138150,PushPop,9492,9875,3,0,0,2215,,:2215
:fsdp:backward:wait_weights:layers.1.ffn.w2,1551417347,133090,1275744279,45339,PushPop,9492,9875,1,0,0,2216,,:2216
:fsdp:backward:compute:layers.1.ffn.w2,1551552741,2955825,1275803203,5114699,PushPop,9492,9875,3,0,0,2217,,:2217
:fsdp:backward:reduce_scatter:layers.1.ffn.w2,1554609304,2165124,1280977738,165043,PushPop,9492,9875,4,0,0,2218,,:2218
:fsdp:backward:all_gather:layers.1.ffn.w3,1557114721,2138532,1283752847,118289,PushPop,9492,9875,3,0,0,2219,,:2219
:fsdp:backward:wait_weights:layers.1.ffn.w3,1559255173,132162,1283876976,43185,PushPop,9492,9875,1,0,0,2220,,:2220
:fsdp:backward:compute:layers.1.ffn.w3,1559388551,3092724,1283932098,81316,PushPop,9492,9875,3,0,0,2221,,:2221
:fsdp:backward:reduce_scatter:layers.1.ffn.w3,1562582300,2173252,1289214003,155360,PushPop,9492,9875,4,0,0,2222,,:2222
:fsdp:backward:all_gather:layers.1.ffn.w1,1565431788,2142819,1289496645,117183,PushPop,9492,9875,3,0,0,2223,,:2223
:fsdp:backward:wait_weights:layers.1.ffn.w1,1567576335,131298,1289619793,40257,PushPop,9492,9875,1,0,0,2224,,:2224
:fsdp:backward:compute:layers.1.ffn.w1,1567709745,3087508,1289671766,78850,PushPop,9492,9875,3,0,0,2225,,:2225
:fsdp:backward:reduce_scatter:layers.1.ffn.w1,1570899366,2163972,1289799455,143051,PushPop,9492,9875,4,0,0,2226,,:2226
:fsdp:backward:all_gather:layers.1.attn.output_proj,1573276782,532681,1291444246,125461,PushPop,9492,9875,3,0,0,2227,,:2227
:fsdp:backward:wait_weights:layers.1.attn.output_proj,1573811543,9280,1291575552,43096,PushPop,9492,9875,1,0,0,2228,,:2228
:fsdp:backward:compute:layers.1.attn.output_proj,1573821591,822350,1291631533,85666,PushPop,9492,9875,4,0,0,2229,,:2229
:fsdp:backward:reduce_scatter:layers.1.attn.output_proj,1574655461,547817,1291769804,152464,PushPop,9492,9875,4,0,0,2230,,:2230
:fsdp:backward:all_gather:layers.1.attn.v_proj,1578664103,536425,1297774441,177001,PushPop,9492,9875,3,0,0,2231,,:2231
:fsdp:backward:wait_weights:layers.1.attn.v_proj,1579201968,10240,1297961298,49411,PushPop,9492,9875,1,0,0,2232,,:2232
:fsdp:backward:compute:layers.1.attn.v_proj,1579214577,825613,1298025141,1239289,PushPop,9492,9875,4,0,0,2233,,:2233
:fsdp:backward:reduce_scatter:layers.1.attn.v_proj,1580051998,548746,1299325705,172219,PushPop,9492,9875,4,0,0,2234,,:2234
:fsdp:backward:all_gather:layers.1.attn.k_proj,1580602600,534120,1299563862,112692,PushPop,9492,9875,3,0,0,2235,,:2235
:fsdp:backward:wait_weights:layers.1.attn.k_proj,1581138416,9441,1299682736,40988,PushPop,9492,9875,1,0,0,2236,,:2236
:fsdp:backward:compute:layers.1.attn.k_proj,1581148785,828301,1299735186,928204,PushPop,9492,9875,4,0,0,2237,,:2237
:fsdp:backward:reduce_scatter:layers.1.attn.k_proj,1581988447,548713,1300715412,153736,PushPop,9492,9875,4,0,0,2238,,:2238
:fsdp:backward:all_gather:layers.1.attn.q_proj,1582577896,532361,1300944920,117941,PushPop,9492,9875,3,0,0,2239,,:2239
:fsdp:backward:wait_weights:layers.1.attn.q_proj,1583111697,9440,1301068692,39625,PushPop,9492,9875,1,0,0,2240,,:2240
:fsdp:backward:compute:layers.1.attn.q_proj,1583122065,828046,1301119634,80738,PushPop,9492,9875,4,0,0,2241,,:2241
:fsdp:backward:reduce_scatter:layers.1.attn.q_proj,1583961695,548777,1301253071,152696,PushPop,9492,9875,4,0,0,2242,,:2242
:fsdp:backward:all_gather:layers.0.ffn.w2,1584723276,2157636,1311072327,158075,PushPop,9492,9875,3,0,0,2243,,:2243
:fsdp:backward:wait_weights:layers.0.ffn.w2,1586883152,129858,1311238193,48889,PushPop,9492,9875,1,0,0,2244,,:2244
:fsdp:backward:compute:layers.0.ffn.w2,1587014418,2957841,1311301089,5101421,PushPop,9492,9875,3,0,0,2245,,:2245
:fsdp:backward:reduce_scatter:layers.0.ffn.w2,1590072037,2162116,1316461449,172354,PushPop,9492,9875,4,0,0,2246,,:2246
:fsdp:backward:all_gather:layers.0.ffn.w3,1592574382,2139492,1319233945,116725,PushPop,9492,9875,3,0,0,2247,,:2247
:fsdp:backward:wait_weights:layers.0.ffn.w3,1594714834,131906,1319356633,41639,PushPop,9492,9875,1,0,0,2248,,:2248
:fsdp:backward:compute:layers.0.ffn.w3,1594849236,3089652,1319410241,84389,PushPop,9492,9875,3,0,0,2249,,:2249
:fsdp:backward:reduce_scatter:layers.0.ffn.w3,1598040937,2170724,1324707042,160875,PushPop,9492,9875,4,0,0,2250,,:2250
:fsdp:backward:all_gather:layers.0.ffn.w1,1600887385,2138819,1324997544,115686,PushPop,9492,9875,3,0,0,2251,,:2251
:fsdp:backward:wait_weights:layers.0.ffn.w1,1603027804,132482,1325119150,43803,PushPop,9492,9875,1,0,0,2252,,:2252
:fsdp:backward:compute:layers.0.ffn.w1,1603160702,3093076,1325175117,81982,PushPop,9492,9875,3,0,0,2253,,:2253
:fsdp:backward:reduce_scatter:layers.0.ffn.w1,1606355955,2166788,1325307790,149032,PushPop,9492,9875,4,0,0,2254,,:2254
:fsdp:backward:all_gather:layers.0.attn.output_proj,1608729211,540809,1326938979,136758,PushPop,9492,9875,3,0,0,2255,,:2255
:fsdp:backward:wait_weights:layers.0.attn.output_proj,1609271236,9888,1327082125,42461,PushPop,9492,9875,1,0,0,2256,,:2256
:fsdp:backward:compute:layers.0.attn.output_proj,1609283780,821838,1327136762,90137,PushPop,9492,9875,4,0,0,2257,,:2257
:fsdp:backward:reduce_scatter:layers.0.attn.output_proj,1610116146,549801,1327279898,154605,PushPop,9492,9875,4,0,0,2258,,:2258
:fsdp:backward:all_gather:layers.0.attn.v_proj,1614124788,535337,1333273213,167741,PushPop,9492,9875,3,0,0,2259,,:2259
:fsdp:backward:wait_weights:layers.0.attn.v_proj,1614662653,9345,1333449723,44715,PushPop,9492,9875,1,0,0,2260,,:2260
:fsdp:backward:compute:layers.0.attn.v_proj,1614673182,825293,1333508064,1251985,PushPop,9492,9875,4,0,0,2261,,:2261
:fsdp:backward:reduce_scatter:layers.0.attn.v_proj,1615508619,552810,1334819063,172136,PushPop,9492,9875,4,0,0,2262,,:2262
:fsdp:backward:all_gather:layers.0.attn.k_proj,1616063285,533640,1335062413,114038,PushPop,9492,9875,3,0,0,2263,,:2263
:fsdp:backward:wait_weights:layers.0.attn.k_proj,1616599070,9472,1335182389,42213,PushPop,9492,9875,1,0,0,2264,,:2264
:fsdp:backward:compute:layers.0.attn.k_proj,1616609502,828045,1335236318,918074,PushPop,9492,9875,4,0,0,2265,,:2265
:fsdp:backward:reduce_scatter:layers.0.attn.k_proj,1617449132,550697,1336209169,166998,PushPop,9492,9875,4,0,0,2266,,:2266
:fsdp:backward:all_gather:layers.0.attn.q_proj,1618040661,532201,1336461179,113526,PushPop,9492,9875,3,0,0,2267,,:2267
:fsdp:backward:wait_weights:layers.0.attn.q_proj,1618574398,9312,1336580945,42956,PushPop,9492,9875,1,0,0,2268,,:2268
:fsdp:backward:compute:layers.0.attn.q_proj,1618584991,826669,1336636454,86637,PushPop,9492,9875,4,0,0,2269,,:2269
:fsdp:backward:reduce_scatter:layers.0.attn.q_proj,1619422412,548746,1336774636,149170,PushPop,9492,9875,4,0,0,2270,,:2270
:fsdp:backward:compute:token_embeddings,1620179609,98114,1346551376,68944,PushPop,9492,9875,2,0,0,2271,,:2271
:fsdp:backward:reduce_scatter:token_embeddings,1620377820,2118115,1351868614,169048,PushPop,9492,9875,4,0,0,2272,,:2272
:fsdp:backward:all_gather:lm_head,476469152,2096381,256824645,249723,PushPop,9491,9872,3,0,0,2273,,:2273
:fsdp:backward:wait_weights:lm_head,478566589,125058,257085736,58597,PushPop,9491,9872,1,0,0,2274,,:2274
:fsdp:backward:compute:lm_head,478693855,3006314,257161869,123345,PushPop,9491,9872,3,0,0,2275,,:2275
:fsdp:backward:reduce_scatter:lm_head,481798506,2110461,257362444,557623,PushPop,9491,9872,4,0,0,2276,,:2276
:fsdp:backward:all_gather:layers.31.ffn.w2,484077609,2151134,265117704,160682,PushPop,9491,9872,3,0,0,2277,,:2277
:fsdp:backward:wait_weights:layers.31.ffn.w2,486230343,135298,265286923,50953,PushPop,9491,9872,1,0,0,2278,,:2278
:fsdp:backward:compute:layers.31.ffn.w2,486367753,2962185,265351661,871355,PushPop,9491,9872,3,0,0,2279,,:2279
:fsdp:backward:reduce_scatter:layers.31.ffn.w2,489430483,2145758,266286133,500486,PushPop,9491,9872,4,0,0,2280,,:2280
:fsdp:backward:all_gather:layers.31.ffn.w3,491916406,2156189,266952740,214830,PushPop,9491,9872,3,0,0,2281,,:2281
:fsdp:backward:wait_weights:layers.31.ffn.w3,494074291,131522,267178498,73238,PushPop,9491,9872,1,0,0,2282,,:2282
:fsdp:backward:compute:layers.31.ffn.w3,494207637,3101995,267271803,137655,PushPop,9491,9872,3,0,0,2283,,:2283
:fsdp:backward:reduce_scatter:layers.31.ffn.w3,497413697,2168318,267494896,248194,PushPop,9491,9872,4,0,0,2284,,:2284
:fsdp:backward:all_gather:layers.31.ffn.w1,500260073,2142557,267932447,185595,PushPop,9491,9872,3,0,0,2285,,:2285
:fsdp:backward:wait_weights:layers.31.ffn.w1,502404646,131394,268127777,63749,PushPop,9491,9872,1,0,0,2286,,:2286
:fsdp:backward:compute:layers.31.ffn.w1,502538184,3097995,268210163,122186,PushPop,9491,9872,3,0,0,2287,,:2287
:fsdp:backward:reduce_scatter:layers.31.ffn.w1,505738932,2155742,268409051,222361,PushPop,9491,9872,4,0,0,2288,,:2288
:fsdp:backward:all_gather:layers.31.attn.output_proj,508104021,537159,269103306,185795,PushPop,9491,9872,3,0,0,2289,,:2289
:fsdp:backward:wait_weights:layers.31.attn.output_proj,508641884,11008,269299525,66188,PushPop,9491,9872,1,0,0,2290,,:2290
:fsdp:backward:compute:layers.31.attn.output_proj,508654460,824012,269385699,1370915,PushPop,9491,9872,4,0,0,2291,,:2291
:fsdp:backward:reduce_scatter:layers.31.attn.output_proj,509488872,549704,270844896,2227325,PushPop,9491,9872,4,0,0,2292,,:2292
:fsdp:backward:all_gather:layers.31.attn.v_proj,513491359,535720,280311500,311683,PushPop,9491,9872,3,0,0,2293,,:2293
:fsdp:backward:wait_weights:layers.31.attn.v_proj,514029223,9280,280639157,82515,PushPop,9491,9872,1,0,0,2294,,:2294
:fsdp:backward:compute:layers.31.attn.v_proj,514039783,827275,280750508,157092,PushPop,9491,9872,4,0,0,2295,,:2295
:fsdp:backward:reduce_scatter:layers.31.attn.v_proj,514879250,548680,281346821,300301,PushPop,9491,9872,4,0,0,2296,,:2296
:fsdp:backward:all_gather:layers.31.attn.k_proj,515429818,534407,281761502,211388,PushPop,9491,9872,3,0,0,2297,,:2297
:fsdp:backward:wait_weights:layers.31.attn.k_proj,515965633,9472,281983788,73089,PushPop,9491,9872,1,0,0,2298,,:2298
:fsdp:backward:compute:layers.31.attn.k_proj,515976065,830380,282079228,141254,PushPop,9491,9872,4,0,0,2299,,:2299
:fsdp:backward:reduce_scatter:layers.31.attn.k_proj,516817741,547688,282310341,279853,PushPop,9491,9872,4,0,0,2300,,:2300
:fsdp:backward:all_gather:layers.31.attn.q_proj,517406165,532968,283594296,212060,PushPop,9491,9872,3,0,0,2301,,:2301
:fsdp:backward:wait_weights:layers.31.attn.q_proj,517940957,9376,283817422,70973,PushPop,9491,9872,1,0,0,2302,,:2302
:fsdp:backward:compute:layers.31.attn.q_proj,517951389,826763,283910182,2148534,PushPop,9491,9872,4,0,0,2303,,:2303
:fsdp:backward:reduce_scatter:layers.31.attn.q_proj,518788968,549672,286235054,259277,PushPop,9491,9872,4,0,0,2304,,:2304
:fsdp:backward:all_gather:layers.30.ffn.w2,519554579,2140925,291876997,219933,PushPop,9491,9872,3,0,0,2305,,:2305
:fsdp:backward:wait_weights:layers.30.ffn.w2,521697072,134626,292108335,72474,PushPop,9491,9872,1,0,0,2306,,:2306
:fsdp:backward:compute:layers.30.ffn.w2,521834514,2962089,292203035,137905,PushPop,9491,9872,3,0,0,2307,,:2307
:fsdp:backward:reduce_scatter:layers.30.ffn.w2,524899261,2192830,292432840,270232,PushPop,9491,9872,4,0,0,2308,,:2308
:fsdp:backward:all_gather:layers.30.ffn.w3,527432287,2146334,292868846,203375,PushPop,9491,9872,3,0,0,2309,,:2309
:fsdp:backward:wait_weights:layers.30.ffn.w3,529580957,133602,293084212,72249,PushPop,9491,9872,1,0,0,2310,,:2310
:fsdp:backward:compute:layers.30.ffn.w3,529716383,3101835,293179972,138794,PushPop,9491,9872,3,0,0,2311,,:2311
:fsdp:backward:reduce_scatter:layers.30.ffn.w3,532921387,2164350,293405075,247400,PushPop,9491,9872,4,0,0,2312,,:2312
:fsdp:backward:all_gather:layers.30.ffn.w1,535765746,2156958,293857305,200512,PushPop,9491,9872,3,0,0,2313,,:2313
:fsdp:backward:wait_weights:layers.30.ffn.w1,537924624,134818,294069799,69557,PushPop,9491,9872,1,0,0,2314,,:2314
:fsdp:backward:compute:layers.30.ffn.w1,538062162,3096747,294162090,132049,PushPop,9491,9872,3,0,0,2315,,:2315
:fsdp:backward:reduce_scatter:layers.30.ffn.w1,541260958,2172158,294376195,266042,PushPop,9491,9872,4,0,0,2316,,:2316
:fsdp:backward:all_gather:layers.30.attn.output_proj,543640351,537671,296356035,205595,PushPop,9491,9872,3,0,0,2317,,:2317
:fsdp:backward:wait_weights:layers.30.attn.output_proj,544180294,9569,296572926,74318,PushPop,9491,9872,1,0,0,2318,,:2318
:fsdp:backward:compute:layers.30.attn.output_proj,544190855,823275,296670332,2159174,PushPop,9491,9872,4,0,0,2319,,:2319
:fsdp:backward:reduce_scatter:layers.30.attn.output_proj,545025234,549768,301094690,277683,PushPop,9491,9872,4,0,0,2320,,:2320
:fsdp:backward:all_gather:layers.30.attn.v_proj,549037930,536167,306091747,272445,PushPop,9491,9872,3,0,0,2321,,:2321
:fsdp:backward:wait_weights:layers.30.attn.v_proj,549575825,10016,306378212,570343,PushPop,9491,9872,1,0,0,2322,,:2322
:fsdp:backward:compute:layers.30.attn.v_proj,549588401,829484,306973108,141428,PushPop,9491,9872,4,0,0,2323,,:2323
:fsdp:backward:reduce_scatter:layers.30.attn.v_proj,550429949,549799,307207333,283060,PushPop,9491,9872,4,0,0,2324,,:2324
:fsdp:backward:all_gather:layers.30.attn.k_proj,550981540,533352,307598201,199728,PushPop,9491,9872,3,0,0,2325,,:2325
:fsdp:backward:wait_weights:layers.30.attn.k_proj,551516332,9280,307808626,69998,PushPop,9491,9872,1,0,0,2326,,:2326
:fsdp:backward:compute:layers.30.attn.k_proj,551526764,827435,307899688,1367500,PushPop,9491,9872,4,0,0,2327,,:2327
:fsdp:backward:reduce_scatter:layers.30.attn.k_proj,552366359,549832,309354947,257119,PushPop,9491,9872,4,0,0,2328,,:2328
:fsdp:backward:all_gather:layers.30.attn.q_proj,552956864,535655,311716060,212625,PushPop,9491,9872,3,0,0,2329,,:2329
:fsdp:backward:wait_weights:layers.30.attn.q_proj,553493735,9920,311941064,74726,PushPop,9491,9872,1,0,0,2330,,:2330
:fsdp:backward:compute:layers.30.attn.q_proj,553506215,826220,312038990,2158373,PushPop,9491,9872,4,0,0,2331,,:2331
:fsdp:backward:reduce_scatter:layers.30.attn.q_proj,554343763,549671,314291096,273840,PushPop,9491,9872,4,0,0,2332,,:2332
:fsdp:backward:all_gather:layers.29.ffn.w2,555116573,2148606,318021012,227129,PushPop,9491,9872,3,0,0,2333,,:2333
:fsdp:backward:wait_weights:layers.29.ffn.w2,557267227,132066,318260903,74349,PushPop,9491,9872,1,0,0,2334,,:2334
:fsdp:backward:compute:layers.29.ffn.w2,557401661,2962505,318358020,141825,PushPop,9491,9872,3,0,0,2335,,:2335
:fsdp:backward:reduce_scatter:layers.29.ffn.w2,560466343,2178430,318602174,265965,PushPop,9491,9872,4,0,0,2336,,:2336
:fsdp:backward:all_gather:layers.29.ffn.w3,562985034,2145982,319023471,189304,PushPop,9491,9872,3,0,0,2337,,:2337
:fsdp:backward:wait_weights:layers.29.ffn.w3,565131688,130977,319223060,68616,PushPop,9491,9872,1,0,0,2338,,:2338
:fsdp:backward:compute:layers.29.ffn.w3,565265033,3094891,319312250,130856,PushPop,9491,9872,3,0,0,2339,,:2339
:fsdp:backward:reduce_scatter:layers.29.ffn.w3,568461845,2174430,319528445,244858,PushPop,9491,9872,4,0,0,2340,,:2340
:fsdp:backward:all_gather:layers.29.ffn.w1,571316413,2153758,319967178,186438,PushPop,9491,9872,3,0,0,2341,,:2341
:fsdp:backward:wait_weights:layers.29.ffn.w1,573471195,133313,320164491,65396,PushPop,9491,9872,1,0,0,2342,,:2342
:fsdp:backward:compute:layers.29.ffn.w1,573606172,3093771,320250726,125324,PushPop,9491,9872,3,0,0,2343,,:2343
:fsdp:backward:reduce_scatter:layers.29.ffn.w1,576801417,2162109,320456216,237616,PushPop,9491,9872,4,0,0,2344,,:2344
:fsdp:backward:all_gather:layers.29.attn.output_proj,579172681,536360,324844157,206926,PushPop,9491,9872,3,0,0,2345,,:2345
:fsdp:backward:wait_weights:layers.29.attn.output_proj,579710513,9504,325061885,2008002,PushPop,9491,9872,1,0,0,2346,,:2346
:fsdp:backward:compute:layers.29.attn.output_proj,579721009,823851,327092448,154056,PushPop,9491,9872,4,0,0,2347,,:2347
:fsdp:backward:reduce_scatter:layers.29.attn.output_proj,580555452,555048,327335332,249629,PushPop,9491,9872,4,0,0,2348,,:2348
:fsdp:backward:all_gather:layers.29.attn.v_proj,584576372,537319,332693949,242367,PushPop,9491,9872,3,0,0,2349,,:2349
:fsdp:backward:wait_weights:layers.29.attn.v_proj,585116283,9376,332949693,67453,PushPop,9491,9872,1,0,0,2350,,:2350
:fsdp:backward:compute:layers.29.attn.v_proj,585126971,825196,333039819,1646504,PushPop,9491,9872,4,0,0,2351,,:2351
:fsdp:backward:reduce_scatter:layers.29.attn.v_proj,585964263,547655,334859416,250972,PushPop,9491,9872,4,0,0,2352,,:2352
:fsdp:backward:all_gather:layers.29.attn.k_proj,586513838,533448,335207136,170053,PushPop,9491,9872,3,0,0,2353,,:2353
:fsdp:backward:wait_weights:layers.29.attn.k_proj,587048598,9248,335387001,61737,PushPop,9491,9872,1,0,0,2354,,:2354
:fsdp:backward:compute:layers.29.attn.k_proj,587059030,825707,335467696,1858646,PushPop,9491,9872,4,0,0,2355,,:2355
:fsdp:backward:reduce_scatter:layers.29.attn.k_proj,587896578,549735,337407822,2209915,PushPop,9491,9872,4,0,0,2356,,:2356
:fsdp:backward:all_gather:layers.29.attn.q_proj,588487082,535239,339829008,191323,PushPop,9491,9872,3,0,0,2357,,:2357
:fsdp:backward:wait_weights:layers.29.attn.q_proj,589023953,9248,340030443,67447,PushPop,9491,9872,1,0,0,2358,,:2358
:fsdp:backward:compute:layers.29.attn.q_proj,589034353,825740,340118228,129597,PushPop,9491,9872,4,0,0,2359,,:2359
:fsdp:backward:reduce_scatter:layers.29.attn.q_proj,589871901,547719,340336233,238331,PushPop,9491,9872,4,0,0,2360,,:2360
:fsdp:backward:all_gather:layers.28.ffn.w2,590630311,2152286,343622299,205101,PushPop,9491,9872,3,0,0,2361,,:2361
:fsdp:backward:wait_weights:layers.28.ffn.w2,592785157,135554,343841321,75512,PushPop,9491,9872,1,0,0,2362,,:2362
:fsdp:backward:compute:layers.28.ffn.w2,592922567,2964649,343937932,132766,PushPop,9491,9872,3,0,0,2363,,:2363
:fsdp:backward:reduce_scatter:layers.28.ffn.w2,595990417,2145726,344145947,211961,PushPop,9491,9872,4,0,0,2364,,:2364
:fsdp:backward:all_gather:layers.28.ffn.w3,598476340,2148925,344488204,157829,PushPop,9491,9872,3,0,0,2365,,:2365
:fsdp:backward:wait_weights:layers.28.ffn.w3,600627057,134242,344654890,57256,PushPop,9491,9872,1,0,0,2366,,:2366
:fsdp:backward:compute:layers.28.ffn.w3,600762547,3097003,344729976,107150,PushPop,9491,9872,3,0,0,2367,,:2367
:fsdp:backward:reduce_scatter:layers.28.ffn.w3,603963391,2156126,344907000,198227,PushPop,9491,9872,4,0,0,2368,,:2368
:fsdp:backward:all_gather:layers.28.ffn.w1,606797478,2150398,345267717,150707,PushPop,9491,9872,3,0,0,2369,,:2369
:fsdp:backward:wait_weights:layers.28.ffn.w1,608950244,131554,345427160,55148,PushPop,9491,9872,1,0,0,2370,,:2370
:fsdp:backward:compute:layers.28.ffn.w1,609083110,3096811,345499579,106028,PushPop,9491,9872,3,0,0,2371,,:2371
:fsdp:backward:reduce_scatter:layers.28.ffn.w1,612282482,2174334,345672374,202132,PushPop,9491,9872,4,0,0,2372,,:2372
:fsdp:backward:all_gather:layers.28.attn.output_proj,614670067,538055,352448697,217068,PushPop,9491,9872,3,0,0,2373,,:2373
:fsdp:backward:wait_weights:layers.28.attn.output_proj,615210010,10848,352680055,78782,PushPop,9491,9872,1,0,0,2374,,:2374
:fsdp:backward:compute:layers.28.attn.output_proj,615222651,823211,352781002,150967,PushPop,9491,9872,4,0,0,2375,,:2375
:fsdp:backward:reduce_scatter:layers.28.attn.output_proj,616056966,549800,354751706,235932,PushPop,9491,9872,4,0,0,2376,,:2376
:fsdp:backward:all_gather:layers.28.attn.v_proj,620072765,535624,360231090,461574,PushPop,9491,9872,3,0,0,2377,,:2377
:fsdp:backward:wait_weights:layers.28.attn.v_proj,620609669,9344,360704998,55907,PushPop,9491,9872,1,0,0,2378,,:2378
:fsdp:backward:compute:layers.28.attn.v_proj,620620229,824395,360778092,1915637,PushPop,9491,9872,4,0,0,2379,,:2379
:fsdp:backward:reduce_scatter:layers.28.attn.v_proj,621455601,549959,362852010,186042,PushPop,9491,9872,4,0,0,2380,,:2380
:fsdp:backward:all_gather:layers.28.attn.k_proj,622007160,542728,363108418,114413,PushPop,9491,9872,3,0,0,2381,,:2381
:fsdp:backward:wait_weights:layers.28.attn.k_proj,622552192,9408,363229186,43109,PushPop,9491,9872,1,0,0,2382,,:2382
:fsdp:backward:compute:layers.28.attn.k_proj,622562656,825995,363285018,2012757,PushPop,9491,9872,4,0,0,2383,,:2383
:fsdp:backward:reduce_scatter:layers.28.attn.k_proj,623400171,549800,365351045,151392,PushPop,9491,9872,4,0,0,2384,,:2384
:fsdp:backward:all_gather:layers.28.attn.q_proj,623990675,536200,365578772,110138,PushPop,9491,9872,3,0,0,2385,,:2385
:fsdp:backward:wait_weights:layers.28.attn.q_proj,624527547,8736,365694829,40373,PushPop,9491,9872,1,0,0,2386,,:2386
:fsdp:backward:compute:layers.28.attn.q_proj,624537947,825963,365746995,1968060,PushPop,9491,9872,4,0,0,2387,,:2387
:fsdp:backward:reduce_scatter:layers.28.attn.q_proj,625375495,556999,368310630,148259,PushPop,9491,9872,4,0,0,2388,,:2388
:fsdp:backward:all_gather:layers.27.ffn.w2,626149297,2161950,369596260,122873,PushPop,9491,9872,3,0,0,2389,,:2389
:fsdp:backward:wait_weights:layers.27.ffn.w2,628313327,132738,369725711,43959,PushPop,9491,9872,1,0,0,2390,,:2390
:fsdp:backward:compute:layers.27.ffn.w2,628448753,2963433,369782080,86030,PushPop,9491,9872,3,0,0,2391,,:2391
:fsdp:backward:reduce_scatter:layers.27.ffn.w2,631514491,2151774,369920274,160891,PushPop,9491,9872,4,0,0,2392,,:2392
:fsdp:backward:all_gather:layers.27.ffn.w3,634004510,2155933,370175189,108784,PushPop,9491,9872,3,0,0,2393,,:2393
:fsdp:backward:wait_weights:layers.27.ffn.w3,636161371,133122,370290240,40586,PushPop,9491,9872,1,0,0,2394,,:2394
:fsdp:backward:compute:layers.27.ffn.w3,636296797,3096363,370342333,78851,PushPop,9491,9872,3,0,0,2395,,:2395
:fsdp:backward:reduce_scatter:layers.27.ffn.w3,639495657,2170238,370468877,543022,PushPop,9491,9872,4,0,0,2396,,:2396
:fsdp:backward:all_gather:layers.27.ffn.w1,642344081,2148125,371135731,110784,PushPop,9491,9872,3,0,0,2397,,:2397
:fsdp:backward:wait_weights:layers.27.ffn.w1,644493774,135202,371252702,40300,PushPop,9491,9872,1,0,0,2398,,:2398
:fsdp:backward:compute:layers.27.ffn.w1,644631280,3100075,371304624,80729,PushPop,9491,9872,3,0,0,2399,,:2399
:fsdp:backward:reduce_scatter:layers.27.ffn.w1,647835228,2141630,373220714,149776,PushPop,9491,9872,4,0,0,2400,,:2400
:fsdp:backward:all_gather:layers.27.attn.output_proj,650190045,540039,378481251,130924,PushPop,9491,9872,3,0,0,2401,,:2401
:fsdp:backward:wait_weights:layers.27.attn.output_proj,650732036,10049,378619588,1721821,PushPop,9491,9872,1,0,0,2402,,:2402
:fsdp:backward:compute:layers.27.attn.output_proj,650744645,822731,380355460,1129188,PushPop,9491,9872,4,0,0,2403,,:2403
:fsdp:backward:reduce_scatter:layers.27.attn.output_proj,651578000,550664,381539784,156231,PushPop,9491,9872,4,0,0,2404,,:2404
:fsdp:backward:all_gather:layers.27.attn.v_proj,655580455,536776,388354188,164450,PushPop,9491,9872,3,0,0,2405,,:2405
:fsdp:backward:wait_weights:layers.27.attn.v_proj,656119375,9792,388526385,43945,PushPop,9491,9872,1,0,0,2406,,:2406
:fsdp:backward:compute:layers.27.attn.v_proj,656131951,827115,388584481,2280567,PushPop,9491,9872,4,0,0,2407,,:2407
:fsdp:backward:reduce_scatter:layers.27.attn.v_proj,656969434,549672,390921749,177595,PushPop,9491,9872,4,0,0,2408,,:2408
:fsdp:backward:all_gather:layers.27.attn.k_proj,657521026,533543,391166852,114000,PushPop,9491,9872,3,0,0,2409,,:2409
:fsdp:backward:wait_weights:layers.27.attn.k_proj,658055785,8577,391286760,43476,PushPop,9491,9872,1,0,0,2410,,:2410
:fsdp:backward:compute:layers.27.attn.k_proj,658066186,827787,391342155,85169,PushPop,9491,9872,4,0,0,2411,,:2411
:fsdp:backward:reduce_scatter:layers.27.attn.k_proj,658905813,549768,391479279,1413184,PushPop,9491,9872,4,0,0,2412,,:2412
:fsdp:backward:all_gather:layers.27.attn.q_proj,659496317,533768,392968740,114800,PushPop,9491,9872,3,0,0,2413,,:2413
:fsdp:backward:wait_weights:layers.27.attn.q_proj,660032165,9344,393090138,399508,PushPop,9491,9872,1,0,0,2414,,:2414
:fsdp:backward:compute:layers.27.attn.q_proj,660042597,827659,393501158,593487,PushPop,9491,9872,4,0,0,2415,,:2415
:fsdp:backward:reduce_scatter:layers.27.attn.q_proj,660881168,547784,394145506,143853,PushPop,9491,9872,4,0,0,2416,,:2416
:fsdp:backward:all_gather:layers.26.ffn.w2,661645755,2150014,394867456,132149,PushPop,9491,9872,3,0,0,2417,,:2417
:fsdp:backward:wait_weights:layers.26.ffn.w2,663796441,132161,395007000,45883,PushPop,9491,9872,1,0,0,2418,,:2418
:fsdp:backward:compute:layers.26.ffn.w2,663929786,2960745,395065961,88797,PushPop,9491,9872,3,0,0,2419,,:2419
:fsdp:backward:reduce_scatter:layers.26.ffn.w2,666995525,2154077,395208804,214736,PushPop,9491,9872,4,0,0,2420,,:2420
:fsdp:backward:all_gather:layers.26.ffn.w3,669489703,2155518,395518557,120456,PushPop,9491,9872,3,0,0,2421,,:2421
:fsdp:backward:wait_weights:layers.26.ffn.w3,671646533,133250,395645124,566304,PushPop,9491,9872,1,0,0,2422,,:2422
:fsdp:backward:compute:layers.26.ffn.w3,671782087,3099883,396223700,83739,PushPop,9491,9872,3,0,0,2423,,:2423
:fsdp:backward:reduce_scatter:layers.26.ffn.w3,674984915,2170238,396358239,151876,PushPop,9491,9872,4,0,0,2424,,:2424
:fsdp:backward:all_gather:layers.26.ffn.w1,677837466,2148862,398419889,111122,PushPop,9491,9872,3,0,0,2425,,:2425
:fsdp:backward:wait_weights:layers.26.ffn.w1,679987128,133986,398544184,42114,PushPop,9491,9872,1,0,0,2426,,:2426
:fsdp:backward:compute:layers.26.ffn.w1,680122682,3097547,398598542,82069,PushPop,9491,9872,3,0,0,2427,,:2427
:fsdp:backward:reduce_scatter:layers.26.ffn.w1,683322438,2157982,400918091,148886,PushPop,9491,9872,4,0,0,2428,,:2428
:fsdp:backward:all_gather:layers.26.attn.output_proj,685687527,536999,406666033,132090,PushPop,9491,9872,3,0,0,2429,,:2429
:fsdp:backward:wait_weights:layers.26.attn.output_proj,686225422,9792,406804911,45083,PushPop,9491,9872,1,0,0,2430,,:2430
:fsdp:backward:compute:layers.26.attn.output_proj,686238062,823244,406863017,88750,PushPop,9491,9872,4,0,0,2431,,:2431
:fsdp:backward:reduce_scatter:layers.26.attn.output_proj,687073370,548743,407006390,154801,PushPop,9491,9872,4,0,0,2432,,:2432
:fsdp:backward:all_gather:layers.26.attn.v_proj,691088177,535367,416079073,172498,PushPop,9491,9872,3,0,0,2433,,:2433
:fsdp:backward:wait_weights:layers.26.attn.v_proj,691625016,9217,416260666,45832,PushPop,9491,9872,1,0,0,2434,,:2434
:fsdp:backward:compute:layers.26.attn.v_proj,691635545,826667,416321281,87609,PushPop,9491,9872,4,0,0,2435,,:2435
:fsdp:backward:reduce_scatter:layers.26.attn.v_proj,692472996,549928,416462656,161374,PushPop,9491,9872,4,0,0,2436,,:2436
:fsdp:backward:all_gather:layers.26.attn.k_proj,693024620,535655,416688622,111060,PushPop,9491,9872,3,0,0,2437,,:2437
:fsdp:backward:wait_weights:layers.26.attn.k_proj,693562451,9472,416805760,40579,PushPop,9491,9872,1,0,0,2438,,:2438
:fsdp:backward:compute:layers.26.attn.k_proj,693572851,829868,416858528,2207001,PushPop,9491,9872,4,0,0,2439,,:2439
:fsdp:backward:reduce_scatter:layers.26.attn.k_proj,694413535,547720,419662286,157097,PushPop,9491,9872,4,0,0,2440,,:2440
:fsdp:backward:all_gather:layers.26.attn.q_proj,695001959,533447,419895805,106542,PushPop,9491,9872,3,0,0,2441,,:2441
:fsdp:backward:wait_weights:layers.26.attn.q_proj,695537774,9473,420008547,39495,PushPop,9491,9872,1,0,0,2442,,:2442
:fsdp:backward:compute:layers.26.attn.q_proj,695548207,828523,420059569,79085,PushPop,9491,9872,4,0,0,2443,,:2443
:fsdp:backward:reduce_scatter:layers.26.attn.q_proj,696388826,549992,420187426,156025,PushPop,9491,9872,4,0,0,2444,,:2444
:fsdp:backward:all_gather:layers.25.ffn.w2,697151333,2148925,420667100,126850,PushPop,9491,9872,3,0,0,2445,,:2445
:fsdp:backward:wait_weights:layers.25.ffn.w2,699302082,135426,420800858,45274,PushPop,9491,9872,1,0,0,2446,,:2446
:fsdp:backward:compute:layers.25.ffn.w2,699439556,2962441,420858685,922774,PushPop,9491,9872,3,0,0,2447,,:2447
:fsdp:backward:reduce_scatter:layers.25.ffn.w2,702503247,2158045,421835157,145798,PushPop,9491,9872,4,0,0,2448,,:2448
:fsdp:backward:all_gather:layers.25.ffn.w3,705001489,2155294,422073639,104712,PushPop,9491,9872,3,0,0,2449,,:2449
:fsdp:backward:wait_weights:layers.25.ffn.w3,707158319,135714,422184177,40947,PushPop,9491,9872,1,0,0,2450,,:2450
:fsdp:backward:compute:layers.25.ffn.w3,707295761,3100650,422236309,77726,PushPop,9491,9872,3,0,0,2451,,:2451
:fsdp:backward:reduce_scatter:layers.25.ffn.w3,710498749,2166142,423988443,140372,PushPop,9491,9872,4,0,0,2452,,:2452
:fsdp:backward:all_gather:layers.25.ffn.w1,713343076,2155006,426549795,106483,PushPop,9491,9872,3,0,0,2453,,:2453
:fsdp:backward:wait_weights:layers.25.ffn.w1,715499938,134210,426662486,39460,PushPop,9491,9872,1,0,0,2454,,:2454
:fsdp:backward:compute:layers.25.ffn.w1,715634884,3097098,426713597,2240466,PushPop,9491,9872,3,0,0,2455,,:2455
:fsdp:backward:reduce_scatter:layers.25.ffn.w1,718835248,2175486,429105856,152659,PushPop,9491,9872,4,0,0,2456,,:2456
:fsdp:backward:all_gather:layers.25.attn.output_proj,721217745,538727,432810147,134317,PushPop,9491,9872,3,0,0,2457,,:2457
:fsdp:backward:wait_weights:layers.25.attn.output_proj,721757656,10176,432951732,46390,PushPop,9491,9872,1,0,0,2458,,:2458
:fsdp:backward:compute:layers.25.attn.output_proj,721770232,823660,433012084,277382,PushPop,9491,9872,4,0,0,2459,,:2459
:fsdp:backward:reduce_scatter:layers.25.attn.output_proj,722605668,548743,433346891,159752,PushPop,9491,9872,4,0,0,2460,,:2460
:fsdp:backward:all_gather:layers.25.attn.v_proj,726614267,535592,442273922,168569,PushPop,9491,9872,3,0,0,2461,,:2461
:fsdp:backward:wait_weights:layers.25.attn.v_proj,727152163,9568,442451012,46005,PushPop,9491,9872,1,0,0,2462,,:2462
:fsdp:backward:compute:layers.25.attn.v_proj,727162691,827307,442511410,2067105,PushPop,9491,9872,4,0,0,2463,,:2463
:fsdp:backward:reduce_scatter:layers.25.attn.v_proj,728001198,549672,445182524,176127,PushPop,9491,9872,4,0,0,2464,,:2464
:fsdp:backward:all_gather:layers.25.attn.k_proj,728552790,534087,445427964,113667,PushPop,9491,9872,3,0,0,2465,,:2465
:fsdp:backward:wait_weights:layers.25.attn.k_proj,729088573,9440,445547890,205466,PushPop,9491,9872,1,0,0,2466,,:2466
:fsdp:backward:compute:layers.25.attn.k_proj,729099005,828716,445765373,84636,PushPop,9491,9872,4,0,0,2467,,:2467
:fsdp:backward:reduce_scatter:layers.25.attn.k_proj,729939625,549864,445901421,147151,PushPop,9491,9872,4,0,0,2468,,:2468
:fsdp:backward:all_gather:layers.25.attn.q_proj,730530129,533256,446124010,105927,PushPop,9491,9872,3,0,0,2469,,:2469
:fsdp:backward:wait_weights:layers.25.attn.q_proj,731065945,9472,446235544,39010,PushPop,9491,9872,1,0,0,2470,,:2470
:fsdp:backward:compute:layers.25.attn.q_proj,731076441,828011,446285880,95803,PushPop,9491,9872,4,0,0,2471,,:2471
:fsdp:backward:reduce_scatter:layers.25.attn.q_proj,731914980,549736,446430174,157330,PushPop,9491,9872,4,0,0,2472,,:2472
:fsdp:backward:all_gather:layers.24.ffn.w2,732677487,2148317,447937022,126639,PushPop,9491,9872,3,0,0,2473,,:2473
:fsdp:backward:wait_weights:layers.24.ffn.w2,734828204,132898,448070970,43912,PushPop,9491,9872,1,0,0,2474,,:2474
:fsdp:backward:compute:layers.24.ffn.w2,734963630,2959209,448127648,87954,PushPop,9491,9872,3,0,0,2475,,:2475
:fsdp:backward:reduce_scatter:layers.24.ffn.w2,738025273,2157949,448268928,149157,PushPop,9491,9872,4,0,0,2476,,:2476
:fsdp:backward:all_gather:layers.24.ffn.w3,740523483,2155198,450106911,108934,PushPop,9491,9872,3,0,0,2477,,:2477
:fsdp:backward:wait_weights:layers.24.ffn.w3,742680345,133954,450221728,39975,PushPop,9491,9872,1,0,0,2478,,:2478
:fsdp:backward:compute:layers.24.ffn.w3,742815867,3095946,450273652,78267,PushPop,9491,9872,3,0,0,2479,,:2479
:fsdp:backward:reduce_scatter:layers.24.ffn.w3,746013607,2176542,452631653,561785,PushPop,9491,9872,4,0,0,2480,,:2480
:fsdp:backward:all_gather:layers.24.ffn.w1,748867182,2158942,455208113,123509,PushPop,9491,9872,3,0,0,2481,,:2481
:fsdp:backward:wait_weights:layers.24.ffn.w1,751028108,134946,455338456,42452,PushPop,9491,9872,1,0,0,2482,,:2482
:fsdp:backward:compute:layers.24.ffn.w1,751165070,3097995,455393343,84709,PushPop,9491,9872,3,0,0,2483,,:2483
:fsdp:backward:reduce_scatter:layers.24.ffn.w1,754367514,2170334,455527778,149676,PushPop,9491,9872,4,0,0,2484,,:2484
:fsdp:backward:all_gather:layers.24.attn.output_proj,756750011,539175,459329867,135503,PushPop,9491,9872,3,0,0,2485,,:2485
:fsdp:backward:wait_weights:layers.24.attn.output_proj,757289954,9760,459472148,44097,PushPop,9491,9872,1,0,0,2486,,:2486
:fsdp:backward:compute:layers.24.attn.output_proj,757302499,824139,459529928,89851,PushPop,9491,9872,4,0,0,2487,,:2487
:fsdp:backward:reduce_scatter:layers.24.attn.output_proj,758137902,549800,459674887,158951,PushPop,9491,9872,4,0,0,2488,,:2488
:fsdp:backward:all_gather:layers.24.attn.v_proj,762140421,535944,474245946,165401,PushPop,9491,9872,3,0,0,2489,,:2489
:fsdp:backward:wait_weights:layers.24.attn.v_proj,762678285,9312,474419118,45689,PushPop,9491,9872,1,0,0,2490,,:2490
:fsdp:backward:compute:layers.24.attn.v_proj,762688845,825995,474479591,93864,PushPop,9491,9872,4,0,0,2491,,:2491
:fsdp:backward:reduce_scatter:layers.24.attn.v_proj,763525272,549672,474628164,165854,PushPop,9491,9872,4,0,0,2492,,:2492
:fsdp:backward:all_gather:layers.24.attn.k_proj,764076832,534151,474859328,116066,PushPop,9491,9872,3,0,0,2493,,:2493
:fsdp:backward:wait_weights:layers.24.attn.k_proj,764612647,9312,474982055,3606900,PushPop,9491,9872,1,0,0,2494,,:2494
:fsdp:backward:compute:layers.24.attn.k_proj,764623335,827148,478601911,140821,PushPop,9491,9872,4,0,0,2495,,:2495
:fsdp:backward:reduce_scatter:layers.24.attn.k_proj,765461651,549832,483921610,154365,PushPop,9491,9872,4,0,0,2496,,:2496
:fsdp:backward:all_gather:layers.24.attn.q_proj,766052155,534920,484156472,110116,PushPop,9491,9872,3,0,0,2497,,:2497
:fsdp:backward:wait_weights:layers.24.attn.q_proj,766588003,9280,484272870,42946,PushPop,9491,9872,1,0,0,2498,,:2498
:fsdp:backward:compute:layers.24.attn.q_proj,766598403,829675,484328163,83605,PushPop,9491,9872,4,0,0,2499,,:2499
:fsdp:backward:reduce_scatter:layers.24.attn.q_proj,767439054,549832,484462429,141853,PushPop,9491,9872,4,0,0,2500,,:2500
:fsdp:backward:all_gather:layers.23.ffn.w2,768207737,2148862,494266689,133811,PushPop,9491,9872,3,0,0,2501,,:2501
:fsdp:backward:wait_weights:layers.23.ffn.w2,770358423,132929,494407338,44621,PushPop,9491,9872,1,0,0,2502,,:2502
:fsdp:backward:compute:layers.23.ffn.w2,770493816,2963529,494465286,5144213,PushPop,9491,9872,3,0,0,2503,,:2503
:fsdp:backward:reduce_scatter:layers.23.ffn.w2,773561635,2162110,499663828,156975,PushPop,9491,9872,4,0,0,2504,,:2504
:fsdp:backward:all_gather:layers.23.ffn.w3,776063941,2154014,502446429,113604,PushPop,9491,9872,3,0,0,2505,,:2505
:fsdp:backward:wait_weights:layers.23.ffn.w3,778219779,132994,502566235,42178,PushPop,9491,9872,1,0,0,2506,,:2506
:fsdp:backward:compute:layers.23.ffn.w3,778355237,3100107,502620403,80069,PushPop,9491,9872,3,0,0,2507,,:2507
:fsdp:backward:reduce_scatter:layers.23.ffn.w3,781558161,2182558,507906162,161638,PushPop,9491,9872,4,0,0,2508,,:2508
:fsdp:backward:all_gather:layers.23.ffn.w1,784419929,2157981,508188788,106820,PushPop,9491,9872,3,0,0,2509,,:2509
:fsdp:backward:wait_weights:layers.23.ffn.w1,786578774,135650,508301771,41161,PushPop,9491,9872,1,0,0,2510,,:2510
:fsdp:backward:compute:layers.23.ffn.w1,786716312,3097355,508355233,82071,PushPop,9491,9872,3,0,0,2511,,:2511
:fsdp:backward:reduce_scatter:layers.23.ffn.w1,789918212,2153950,508488086,146302,PushPop,9491,9872,4,0,0,2512,,:2512
:fsdp:backward:all_gather:layers.23.attn.output_proj,792281221,536359,510132955,125038,PushPop,9491,9872,3,0,0,2513,,:2513
:fsdp:backward:wait_weights:layers.23.attn.output_proj,792820140,9217,510265442,43190,PushPop,9491,9872,1,0,0,2514,,:2514
:fsdp:backward:compute:layers.23.attn.output_proj,792830637,823403,510321360,88312,PushPop,9491,9872,4,0,0,2515,,:2515
:fsdp:backward:reduce_scatter:layers.23.attn.output_proj,793666072,547880,510463232,154449,PushPop,9491,9872,4,0,0,2516,,:2516
:fsdp:backward:all_gather:layers.23.attn.v_proj,797672655,536904,516460862,167936,PushPop,9491,9872,3,0,0,2517,,:2517
:fsdp:backward:wait_weights:layers.23.attn.v_proj,798210583,9280,516637807,46036,PushPop,9491,9872,1,0,0,2518,,:2518
:fsdp:backward:compute:layers.23.attn.v_proj,798221175,824331,516698795,1248863,PushPop,9491,9872,4,0,0,2519,,:2519
:fsdp:backward:reduce_scatter:layers.23.attn.v_proj,799057507,551815,518008660,176633,PushPop,9491,9872,4,0,0,2520,,:2520
:fsdp:backward:all_gather:layers.23.attn.k_proj,799611178,532935,518252220,114770,PushPop,9491,9872,3,0,0,2521,,:2521
:fsdp:backward:wait_weights:layers.23.attn.k_proj,800144946,9280,518373164,42551,PushPop,9491,9872,1,0,0,2522,,:2522
:fsdp:backward:compute:layers.23.attn.k_proj,800155538,829643,518427655,917631,PushPop,9491,9872,4,0,0,2523,,:2523
:fsdp:backward:reduce_scatter:layers.23.attn.k_proj,800995997,549736,519398557,156871,PushPop,9491,9872,4,0,0,2524,,:2524
:fsdp:backward:all_gather:layers.23.attn.q_proj,801586469,533896,519631219,110067,PushPop,9491,9872,3,0,0,2525,,:2525
:fsdp:backward:wait_weights:layers.23.attn.q_proj,802122285,9376,519747266,40454,PushPop,9491,9872,1,0,0,2526,,:2526
:fsdp:backward:compute:layers.23.attn.q_proj,802132685,828587,519799031,78923,PushPop,9491,9872,4,0,0,2527,,:2527
:fsdp:backward:reduce_scatter:layers.23.attn.q_proj,802973337,549735,519927199,155076,PushPop,9491,9872,4,0,0,2528,,:2528
:fsdp:backward:all_gather:layers.22.ffn.w2,803737923,2150142,529777521,130965,PushPop,9491,9872,3,0,0,2529,,:2529
:fsdp:backward:wait_weights:layers.22.ffn.w2,805888705,133570,529916359,44418,PushPop,9491,9872,1,0,0,2530,,:2530
:fsdp:backward:compute:layers.22.ffn.w2,806024067,2965065,529973458,5140352,PushPop,9491,9872,3,0,0,2531,,:2531
:fsdp:backward:reduce_scatter:layers.22.ffn.w2,809091821,2155806,535169790,157844,PushPop,9491,9872,4,0,0,2532,,:2532
:fsdp:backward:all_gather:layers.22.ffn.w3,811585967,2152190,537966105,110557,PushPop,9491,9872,3,0,0,2533,,:2533
:fsdp:backward:wait_weights:layers.22.ffn.w3,813738797,135138,538082903,41121,PushPop,9491,9872,1,0,0,2534,,:2534
:fsdp:backward:compute:layers.22.ffn.w3,813876175,3098635,538136117,79631,PushPop,9491,9872,3,0,0,2535,,:2535
:fsdp:backward:reduce_scatter:layers.22.ffn.w3,817078107,2164222,543445241,157590,PushPop,9491,9872,4,0,0,2536,,:2536
:fsdp:backward:all_gather:layers.22.ffn.w1,819919426,2150942,543724132,108274,PushPop,9491,9872,3,0,0,2537,,:2537
:fsdp:backward:wait_weights:layers.22.ffn.w1,822072160,133794,543838425,39713,PushPop,9491,9872,1,0,0,2538,,:2538
:fsdp:backward:compute:layers.22.ffn.w1,822207650,3096011,543889588,80920,PushPop,9491,9872,3,0,0,2539,,:2539
:fsdp:backward:reduce_scatter:layers.22.ffn.w1,825405422,2164158,544018475,145486,PushPop,9491,9872,4,0,0,2540,,:2540
:fsdp:backward:all_gather:layers.22.attn.output_proj,827780783,538023,545668875,118202,PushPop,9491,9872,3,0,0,2541,,:2541
:fsdp:backward:wait_weights:layers.22.attn.output_proj,828319670,10752,545793148,42519,PushPop,9491,9872,1,0,0,2542,,:2542
:fsdp:backward:compute:layers.22.attn.output_proj,828332214,822092,545848647,87454,PushPop,9491,9872,4,0,0,2543,,:2543
:fsdp:backward:reduce_scatter:layers.22.attn.output_proj,829165570,555016,545987832,147126,PushPop,9491,9872,4,0,0,2544,,:2544
:fsdp:backward:all_gather:layers.22.attn.v_proj,833178297,537800,552008201,161380,PushPop,9491,9872,3,0,0,2545,,:2545
:fsdp:backward:wait_weights:layers.22.attn.v_proj,833718241,9344,552178215,44984,PushPop,9491,9872,1,0,0,2546,,:2546
:fsdp:backward:compute:layers.22.attn.v_proj,833728737,823467,552237427,1264008,PushPop,9491,9872,4,0,0,2547,,:2547
:fsdp:backward:reduce_scatter:layers.22.attn.v_proj,834563180,551784,553561700,1525190,PushPop,9491,9872,4,0,0,2548,,:2548
:fsdp:backward:all_gather:layers.22.attn.k_proj,835116788,534247,555155354,131097,PushPop,9491,9872,3,0,0,2549,,:2549
:fsdp:backward:wait_weights:layers.22.attn.k_proj,835652603,9376,555293122,44416,PushPop,9491,9872,1,0,0,2550,,:2550
:fsdp:backward:compute:layers.22.attn.k_proj,835663035,826604,555349917,86471,PushPop,9491,9872,4,0,0,2551,,:2551
:fsdp:backward:reduce_scatter:layers.22.attn.k_proj,836501607,547720,555490172,162607,PushPop,9491,9872,4,0,0,2552,,:2552
:fsdp:backward:all_gather:layers.22.attn.q_proj,837090063,534920,555730629,113367,PushPop,9491,9872,3,0,0,2553,,:2553
:fsdp:backward:wait_weights:layers.22.attn.q_proj,837625911,9344,555850875,43159,PushPop,9491,9872,1,0,0,2554,,:2554
:fsdp:backward:compute:layers.22.attn.q_proj,837636503,827627,555906275,83330,PushPop,9491,9872,4,0,0,2555,,:2555
:fsdp:backward:reduce_scatter:layers.22.attn.q_proj,838474914,549864,556040438,145254,PushPop,9491,9872,4,0,0,2556,,:2556
:fsdp:backward:all_gather:layers.21.ffn.w2,839239437,2143453,565325390,128667,PushPop,9491,9872,3,0,0,2557,,:2557
:fsdp:backward:wait_weights:layers.21.ffn.w2,841384010,132162,565460942,44048,PushPop,9491,9872,1,0,0,2558,,:2558
:fsdp:backward:compute:layers.21.ffn.w2,841517356,2960073,565517246,5145452,PushPop,9491,9872,3,0,0,2559,,:2559
:fsdp:backward:reduce_scatter:layers.21.ffn.w2,844580086,2176447,570717050,151649,PushPop,9491,9872,4,0,0,2560,,:2560
:fsdp:backward:all_gather:layers.21.ffn.w3,847095737,2152990,573511556,125368,PushPop,9491,9872,3,0,0,2561,,:2561
:fsdp:backward:wait_weights:layers.21.ffn.w3,849250519,131778,573643071,41605,PushPop,9491,9872,1,0,0,2562,,:2562
:fsdp:backward:compute:layers.21.ffn.w3,849383897,3093354,573696846,80112,PushPop,9491,9872,3,0,0,2563,,:2563
:fsdp:backward:reduce_scatter:layers.21.ffn.w3,852581733,2156062,578976419,147074,PushPop,9491,9872,4,0,0,2564,,:2564
:fsdp:backward:all_gather:layers.21.ffn.w1,855418892,2151294,579243983,106024,PushPop,9491,9872,3,0,0,2565,,:2565
:fsdp:backward:wait_weights:layers.21.ffn.w1,857571658,136514,579355898,40184,PushPop,9491,9872,1,0,0,2566,,:2566
:fsdp:backward:compute:layers.21.ffn.w1,857709260,3101994,579414783,77724,PushPop,9491,9872,3,0,0,2567,,:2567
:fsdp:backward:reduce_scatter:layers.21.ffn.w1,860915160,2151806,579539838,151228,PushPop,9491,9872,4,0,0,2568,,:2568
:fsdp:backward:all_gather:layers.21.attn.output_proj,863282296,535624,581208408,128868,PushPop,9491,9872,3,0,0,2569,,:2569
:fsdp:backward:wait_weights:layers.21.attn.output_proj,863819136,9856,581344535,45764,PushPop,9491,9872,1,0,0,2570,,:2570
:fsdp:backward:compute:layers.21.attn.output_proj,863831712,819819,581405544,92194,PushPop,9491,9872,4,0,0,2571,,:2571
:fsdp:backward:reduce_scatter:layers.21.attn.output_proj,864663052,549767,581553085,165618,PushPop,9491,9872,4,0,0,2572,,:2572
:fsdp:backward:all_gather:layers.21.attn.v_proj,868671651,537255,587538224,164123,PushPop,9491,9872,3,0,0,2573,,:2573
:fsdp:backward:wait_weights:layers.21.attn.v_proj,869209578,9216,587711484,46484,PushPop,9491,9872,1,0,0,2574,,:2574
:fsdp:backward:compute:layers.21.attn.v_proj,869220074,826572,587774449,1256255,PushPop,9491,9872,4,0,0,2575,,:2575
:fsdp:backward:reduce_scatter:layers.21.attn.v_proj,870058550,551784,589089971,166743,PushPop,9491,9872,4,0,0,2576,,:2576
:fsdp:backward:all_gather:layers.21.attn.k_proj,870612222,536167,589324435,110966,PushPop,9491,9872,3,0,0,2577,,:2577
:fsdp:backward:wait_weights:layers.21.attn.k_proj,871150053,9600,589441540,40829,PushPop,9491,9872,1,0,0,2578,,:2578
:fsdp:backward:compute:layers.21.attn.k_proj,871160421,830316,589494120,931308,PushPop,9491,9872,4,0,0,2579,,:2579
:fsdp:backward:reduce_scatter:layers.21.attn.k_proj,872002129,552807,590476810,160466,PushPop,9491,9872,4,0,0,2580,,:2580
:fsdp:backward:all_gather:layers.21.attn.q_proj,872595705,535527,590715141,111412,PushPop,9491,9872,3,0,0,2581,,:2581
:fsdp:backward:wait_weights:layers.21.attn.q_proj,873133568,9569,590832380,39864,PushPop,9491,9872,1,0,0,2582,,:2582
:fsdp:backward:compute:layers.21.attn.q_proj,873143969,829291,590883770,79969,PushPop,9491,9872,4,0,0,2583,,:2583
:fsdp:backward:reduce_scatter:layers.21.attn.q_proj,873983628,552712,591012960,147835,PushPop,9491,9872,4,0,0,2584,,:2584
:fsdp:backward:all_gather:layers.20.ffn.w2,874747159,2149629,600824572,129811,PushPop,9491,9872,3,0,0,2585,,:2585
:fsdp:backward:wait_weights:layers.20.ffn.w2,876897876,130754,600961040,43475,PushPop,9491,9872,1,0,0,2586,,:2586
:fsdp:backward:compute:layers.20.ffn.w2,877031190,2962377,601017113,5128339,PushPop,9491,9872,3,0,0,2587,,:2587
:fsdp:backward:reduce_scatter:layers.20.ffn.w2,880095968,2158110,606202657,156664,PushPop,9491,9872,4,0,0,2588,,:2588
:fsdp:backward:all_gather:layers.20.ffn.w3,882593155,2157118,608992796,112625,PushPop,9491,9872,3,0,0,2589,,:2589
:fsdp:backward:wait_weights:layers.20.ffn.w3,884752065,132513,609111218,40321,PushPop,9491,9872,1,0,0,2590,,:2590
:fsdp:backward:compute:layers.20.ffn.w3,884885474,3096235,609163452,80547,PushPop,9491,9872,3,0,0,2591,,:2591
:fsdp:backward:reduce_scatter:layers.20.ffn.w3,888085327,2170238,614470017,173833,PushPop,9491,9872,4,0,0,2592,,:2592
:fsdp:backward:all_gather:layers.20.ffn.w1,890930678,2148382,614772136,117894,PushPop,9491,9872,3,0,0,2593,,:2593
:fsdp:backward:wait_weights:layers.20.ffn.w1,893081396,135233,614896815,42324,PushPop,9491,9872,1,0,0,2594,,:2594
:fsdp:backward:compute:layers.20.ffn.w1,893218965,3099659,614951812,82143,PushPop,9491,9872,3,0,0,2595,,:2595
:fsdp:backward:reduce_scatter:layers.20.ffn.w1,896420802,2161917,615083186,142757,PushPop,9491,9872,4,0,0,2596,,:2596
:fsdp:backward:all_gather:layers.20.attn.output_proj,898794082,536808,616698969,121087,PushPop,9491,9872,3,0,0,2597,,:2597
:fsdp:backward:wait_weights:layers.20.attn.output_proj,899332970,9568,616826415,44684,PushPop,9491,9872,1,0,0,2598,,:2598
:fsdp:backward:compute:layers.20.attn.output_proj,899343466,824203,616883749,85648,PushPop,9491,9872,4,0,0,2599,,:2599
:fsdp:backward:reduce_scatter:layers.20.attn.output_proj,900178901,549768,617021140,158673,PushPop,9491,9872,4,0,0,2600,,:2600
:fsdp:backward:all_gather:layers.20.attn.v_proj,904193709,538087,623047004,171469,PushPop,9491,9872,3,0,0,2601,,:2601
:fsdp:backward:wait_weights:layers.20.attn.v_proj,904733620,9408,623227567,53367,PushPop,9491,9872,1,0,0,2602,,:2602
:fsdp:backward:compute:layers.20.attn.v_proj,904744148,825196,623296467,1238187,PushPop,9491,9872,4,0,0,2603,,:2603
:fsdp:backward:reduce_scatter:layers.20.attn.v_proj,905581600,548840,624593765,174591,PushPop,9491,9872,4,0,0,2604,,:2604
:fsdp:backward:all_gather:layers.20.attn.k_proj,906132200,533991,624835513,116373,PushPop,9491,9872,3,0,0,2605,,:2605
:fsdp:backward:wait_weights:layers.20.attn.k_proj,906667983,9344,624958179,41886,PushPop,9491,9872,1,0,0,2606,,:2606
:fsdp:backward:compute:layers.20.attn.k_proj,906678383,830412,625011952,926489,PushPop,9491,9872,4,0,0,2607,,:2607
:fsdp:backward:reduce_scatter:layers.20.attn.k_proj,907520059,550759,625990840,149471,PushPop,9491,9872,4,0,0,2608,,:2608
:fsdp:backward:all_gather:layers.20.attn.q_proj,908111587,532871,626216296,105923,PushPop,9491,9872,3,0,0,2609,,:2609
:fsdp:backward:wait_weights:layers.20.attn.q_proj,908645386,9248,626328155,40663,PushPop,9491,9872,1,0,0,2610,,:2610
:fsdp:backward:compute:layers.20.attn.q_proj,908655786,826028,626380118,77507,PushPop,9491,9872,4,0,0,2611,,:2611
:fsdp:backward:reduce_scatter:layers.20.attn.q_proj,909493334,550856,626506441,151454,PushPop,9491,9872,4,0,0,2612,,:2612
:fsdp:backward:all_gather:layers.19.ffn.w2,910261025,2145661,636358311,139407,PushPop,9491,9872,3,0,0,2613,,:2613
:fsdp:backward:wait_weights:layers.19.ffn.w2,912407614,136130,636505895,45817,PushPop,9491,9872,1,0,0,2614,,:2614
:fsdp:backward:compute:layers.19.ffn.w2,912545056,2962057,636565504,5127511,PushPop,9491,9872,3,0,0,2615,,:2615
:fsdp:backward:reduce_scatter:layers.19.ffn.w2,915609802,2174430,641750592,167099,PushPop,9491,9872,4,0,0,2616,,:2616
:fsdp:backward:all_gather:layers.19.ffn.w3,918124429,2154046,644535544,112737,PushPop,9491,9872,3,0,0,2617,,:2617
:fsdp:backward:wait_weights:layers.19.ffn.w3,920280235,132898,644654338,42285,PushPop,9491,9872,1,0,0,2618,,:2618
:fsdp:backward:compute:layers.19.ffn.w3,920415661,3095690,644708474,83048,PushPop,9491,9872,3,0,0,2619,,:2619
:fsdp:backward:reduce_scatter:layers.19.ffn.w3,923613497,2157982,649988345,146599,PushPop,9491,9872,4,0,0,2620,,:2620
:fsdp:backward:all_gather:layers.19.ffn.w1,926449632,2156542,650256032,118074,PushPop,9491,9872,3,0,0,2621,,:2621
:fsdp:backward:wait_weights:layers.19.ffn.w1,928607518,136002,650379878,40456,PushPop,9491,9872,1,0,0,2622,,:2622
:fsdp:backward:compute:layers.19.ffn.w1,928744512,3098506,650432234,80449,PushPop,9491,9872,3,0,0,2623,,:2623
:fsdp:backward:reduce_scatter:layers.19.ffn.w1,931946924,2154557,650570636,143906,PushPop,9491,9872,4,0,0,2624,,:2624
:fsdp:backward:all_gather:layers.19.attn.output_proj,934309932,537896,652221376,117567,PushPop,9491,9872,3,0,0,2625,,:2625
:fsdp:backward:wait_weights:layers.19.attn.output_proj,934849876,9888,652345303,43126,PushPop,9491,9872,1,0,0,2626,,:2626
:fsdp:backward:compute:layers.19.attn.output_proj,934862516,823531,652401102,86585,PushPop,9491,9872,4,0,0,2627,,:2627
:fsdp:backward:reduce_scatter:layers.19.attn.output_proj,935696863,549768,652540118,144967,PushPop,9491,9872,4,0,0,2628,,:2628
:fsdp:backward:all_gather:layers.19.attn.v_proj,939701367,535015,658553178,187661,PushPop,9491,9872,3,0,0,2629,,:2629
:fsdp:backward:wait_weights:layers.19.attn.v_proj,940237246,9952,658749382,48070,PushPop,9491,9872,1,0,0,2630,,:2630
:fsdp:backward:compute:layers.19.attn.v_proj,940249790,824172,658812117,1227229,PushPop,9491,9872,4,0,0,2631,,:2631
:fsdp:backward:reduce_scatter:layers.19.attn.v_proj,941085194,550951,660098673,177619,PushPop,9491,9872,4,0,0,2632,,:2632
:fsdp:backward:all_gather:layers.19.attn.k_proj,941637841,541192,660342401,115071,PushPop,9491,9872,3,0,0,2633,,:2633
:fsdp:backward:wait_weights:layers.19.attn.k_proj,942179801,9408,660464085,42036,PushPop,9491,9872,1,0,0,2634,,:2634
:fsdp:backward:compute:layers.19.attn.k_proj,942190233,827051,660517510,917019,PushPop,9491,9872,4,0,0,2635,,:2635
:fsdp:backward:reduce_scatter:layers.19.attn.k_proj,943027781,548679,661487698,160917,PushPop,9491,9872,4,0,0,2636,,:2636
:fsdp:backward:all_gather:layers.19.attn.q_proj,943617229,534247,661724122,109692,PushPop,9491,9872,3,0,0,2637,,:2637
:fsdp:backward:wait_weights:layers.19.attn.q_proj,944153076,9312,661839792,40793,PushPop,9491,9872,1,0,0,2638,,:2638
:fsdp:backward:compute:layers.19.attn.q_proj,944163444,829484,661892163,78674,PushPop,9491,9872,4,0,0,2639,,:2639
:fsdp:backward:reduce_scatter:layers.19.attn.q_proj,945005120,550791,662021630,151639,PushPop,9491,9872,4,0,0,2640,,:2640
:fsdp:backward:all_gather:layers.18.ffn.w2,945768650,2160510,671842224,131505,PushPop,9491,9872,3,0,0,2641,,:2641
:fsdp:backward:wait_weights:layers.18.ffn.w2,947931688,131042,671981023,45626,PushPop,9491,9872,1,0,0,2642,,:2642
:fsdp:backward:compute:layers.18.ffn.w2,948065066,2962217,672039876,5144841,PushPop,9491,9872,3,0,0,2643,,:2643
:fsdp:backward:reduce_scatter:layers.18.ffn.w2,951129780,2156126,677239691,161309,PushPop,9491,9872,4,0,0,2644,,:2644
:fsdp:backward:all_gather:layers.18.ffn.w3,953625943,2151421,680028672,111285,PushPop,9491,9872,3,0,0,2645,,:2645
:fsdp:backward:wait_weights:layers.18.ffn.w3,955778708,134914,680145826,42779,PushPop,9491,9872,1,0,0,2646,,:2646
:fsdp:backward:compute:layers.18.ffn.w3,955916182,3096395,680200825,81010,PushPop,9491,9872,3,0,0,2647,,:2647
:fsdp:backward:reduce_scatter:layers.18.ffn.w3,959115042,2174174,685491622,159396,PushPop,9491,9872,4,0,0,2648,,:2648
:fsdp:backward:all_gather:layers.18.ffn.w1,961967562,2154622,685772946,107424,PushPop,9491,9872,3,0,0,2649,,:2649
:fsdp:backward:wait_weights:layers.18.ffn.w1,964124424,133697,685886346,40859,PushPop,9491,9872,1,0,0,2650,,:2650
:fsdp:backward:compute:layers.18.ffn.w1,964259945,3098219,685938823,85224,PushPop,9491,9872,3,0,0,2651,,:2651
:fsdp:backward:reduce_scatter:layers.18.ffn.w1,967460758,2149821,686071817,137073,PushPop,9491,9872,4,0,0,2652,,:2652
:fsdp:backward:all_gather:layers.18.attn.output_proj,969819702,536808,687717427,130679,PushPop,9491,9872,3,0,0,2653,,:2653
:fsdp:backward:wait_weights:layers.18.attn.output_proj,970357566,10016,687855650,45754,PushPop,9491,9872,1,0,0,2654,,:2654
:fsdp:backward:compute:layers.18.attn.output_proj,970370174,821515,687923568,92046,PushPop,9491,9872,4,0,0,2655,,:2655
:fsdp:backward:reduce_scatter:layers.18.attn.output_proj,971202505,551848,688071034,163713,PushPop,9491,9872,4,0,0,2656,,:2656
:fsdp:backward:all_gather:layers.18.attn.v_proj,975213185,537543,694052633,163388,PushPop,9491,9872,3,0,0,2657,,:2657
:fsdp:backward:wait_weights:layers.18.attn.v_proj,975753096,9312,694223771,44858,PushPop,9491,9872,1,0,0,2658,,:2658
:fsdp:backward:compute:layers.18.attn.v_proj,975763688,825516,694282733,1262020,PushPop,9491,9872,4,0,0,2659,,:2659
:fsdp:backward:reduce_scatter:layers.18.attn.v_proj,976601076,550919,695601243,162004,PushPop,9491,9872,4,0,0,2660,,:2660
:fsdp:backward:all_gather:layers.18.attn.k_proj,977153691,539880,695827854,111406,PushPop,9491,9872,3,0,0,2661,,:2661
:fsdp:backward:wait_weights:layers.18.attn.k_proj,977695651,9440,695945489,51553,PushPop,9491,9872,1,0,0,2662,,:2662
:fsdp:backward:compute:layers.18.attn.k_proj,977706147,827243,696009008,935294,PushPop,9491,9872,4,0,0,2663,,:2663
:fsdp:backward:reduce_scatter:layers.18.attn.k_proj,978543663,546759,696996388,164689,PushPop,9491,9872,4,0,0,2664,,:2664
:fsdp:backward:all_gather:layers.18.attn.q_proj,979131063,534887,697239377,108840,PushPop,9491,9872,3,0,0,2665,,:2665
:fsdp:backward:wait_weights:layers.18.attn.q_proj,979666910,9344,697353713,40593,PushPop,9491,9872,1,0,0,2666,,:2666
:fsdp:backward:compute:layers.18.attn.q_proj,979677470,830252,697405643,81703,PushPop,9491,9872,4,0,0,2667,,:2667
:fsdp:backward:reduce_scatter:layers.18.attn.q_proj,980518986,549895,697536735,146330,PushPop,9491,9872,4,0,0,2668,,:2668
:fsdp:backward:all_gather:layers.17.ffn.w2,981286644,2150846,707355596,132138,PushPop,9491,9872,3,0,0,2669,,:2669
:fsdp:backward:wait_weights:layers.17.ffn.w2,983439378,134050,707494485,46225,PushPop,9491,9872,1,0,0,2670,,:2670
:fsdp:backward:compute:layers.17.ffn.w2,983574804,2961833,707552987,5142136,PushPop,9491,9872,3,0,0,2671,,:2671
:fsdp:backward:reduce_scatter:layers.17.ffn.w2,986639518,2171422,712748198,152930,PushPop,9491,9872,4,0,0,2672,,:2672
:fsdp:backward:all_gather:layers.17.ffn.w3,989151041,2158526,715544079,111165,PushPop,9491,9872,3,0,0,2673,,:2673
:fsdp:backward:wait_weights:layers.17.ffn.w3,991311999,132545,715661836,41581,PushPop,9491,9872,1,0,0,2674,,:2674
:fsdp:backward:compute:layers.17.ffn.w3,991447553,3097226,715715201,81494,PushPop,9491,9872,3,0,0,2675,,:2675
:fsdp:backward:reduce_scatter:layers.17.ffn.w3,994647309,2166206,721022752,146872,PushPop,9491,9872,4,0,0,2676,,:2676
:fsdp:backward:all_gather:layers.17.ffn.w1,997491636,2152318,721291064,116298,PushPop,9491,9872,3,0,0,2677,,:2677
:fsdp:backward:wait_weights:layers.17.ffn.w1,999646450,133697,721413251,40149,PushPop,9491,9872,1,0,0,2678,,:2678
:fsdp:backward:compute:layers.17.ffn.w1,999781939,3101899,721465025,79926,PushPop,9491,9872,3,0,0,2679,,:2679
:fsdp:backward:reduce_scatter:layers.17.ffn.w1,1002986848,2164126,721593564,148893,PushPop,9491,9872,4,0,0,2680,,:2680
:fsdp:backward:all_gather:layers.17.attn.output_proj,1005358080,540008,723250394,128736,PushPop,9491,9872,3,0,0,2681,,:2681
:fsdp:backward:wait_weights:layers.17.attn.output_proj,1005900072,10336,723385503,42943,PushPop,9491,9872,1,0,0,2682,,:2682
:fsdp:backward:compute:layers.17.attn.output_proj,1005912648,820555,723441580,93106,PushPop,9491,9872,4,0,0,2683,,:2683
:fsdp:backward:reduce_scatter:layers.17.attn.output_proj,1006745012,549767,723588055,144969,PushPop,9491,9872,4,0,0,2684,,:2684
:fsdp:backward:all_gather:layers.17.attn.v_proj,1010747499,541959,729582208,177169,PushPop,9491,9872,3,0,0,2685,,:2685
:fsdp:backward:wait_weights:layers.17.attn.v_proj,1011290514,9248,729768280,46182,PushPop,9491,9872,1,0,0,2686,,:2686
:fsdp:backward:compute:layers.17.attn.v_proj,1011301042,826284,729829295,1243821,PushPop,9491,9872,4,0,0,2687,,:2687
:fsdp:backward:reduce_scatter:layers.17.attn.v_proj,1012138494,549736,731132965,170099,PushPop,9491,9872,4,0,0,2688,,:2688
:fsdp:backward:all_gather:layers.17.attn.k_proj,1012690086,535047,731370194,122221,PushPop,9491,9872,3,0,0,2689,,:2689
:fsdp:backward:wait_weights:layers.17.attn.k_proj,1013225901,9184,731498827,42381,PushPop,9491,9872,1,0,0,2690,,:2690
:fsdp:backward:compute:layers.17.attn.k_proj,1013236269,830764,731553096,917466,PushPop,9491,9872,4,0,0,2691,,:2691
:fsdp:backward:reduce_scatter:layers.17.attn.k_proj,1014077945,549863,732522303,157943,PushPop,9491,9872,4,0,0,2692,,:2692
:fsdp:backward:all_gather:layers.17.attn.q_proj,1014668449,534855,732758506,108430,PushPop,9491,9872,3,0,0,2693,,:2693
:fsdp:backward:wait_weights:layers.17.attn.q_proj,1015205288,9440,732873228,39249,PushPop,9491,9872,1,0,0,2694,,:2694
:fsdp:backward:compute:layers.17.attn.q_proj,1015215752,826636,732923768,77822,PushPop,9491,9872,4,0,0,2695,,:2695
:fsdp:backward:reduce_scatter:layers.17.attn.q_proj,1016053268,549768,733049849,148740,PushPop,9491,9872,4,0,0,2696,,:2696
:fsdp:backward:all_gather:layers.16.ffn.w2,1016816798,2149886,742877056,132531,PushPop,9491,9872,3,0,0,2697,,:2697
:fsdp:backward:wait_weights:layers.16.ffn.w2,1018967548,134754,743016625,45821,PushPop,9491,9872,1,0,0,2698,,:2698
:fsdp:backward:compute:layers.16.ffn.w2,1019104990,2961321,743074529,5143358,PushPop,9491,9872,3,0,0,2699,,:2699
:fsdp:backward:reduce_scatter:layers.16.ffn.w2,1022167688,2172478,748272311,166219,PushPop,9491,9872,4,0,0,2700,,:2700
:fsdp:backward:all_gather:layers.16.ffn.w3,1024682315,2150910,751069323,112141,PushPop,9491,9872,3,0,0,2701,,:2701
:fsdp:backward:wait_weights:layers.16.ffn.w3,1026835049,134978,751187572,42383,PushPop,9491,9872,1,0,0,2702,,:2702
:fsdp:backward:compute:layers.16.ffn.w3,1026972587,3095914,751241337,80787,PushPop,9491,9872,3,0,0,2703,,:2703
:fsdp:backward:reduce_scatter:layers.16.ffn.w3,1030169335,2164222,756549352,156058,PushPop,9491,9872,4,0,0,2704,,:2704
:fsdp:backward:all_gather:layers.16.ffn.w1,1033013662,2155422,756827535,114432,PushPop,9491,9872,3,0,0,2705,,:2705
:fsdp:backward:wait_weights:layers.16.ffn.w1,1035170524,133794,756947926,40627,PushPop,9491,9872,1,0,0,2706,,:2706
:fsdp:backward:compute:layers.16.ffn.w1,1035306014,3102026,756999988,82960,PushPop,9491,9872,3,0,0,2707,,:2707
:fsdp:backward:reduce_scatter:layers.16.ffn.w1,1038510922,2143645,757132963,1816422,PushPop,9491,9872,4,0,0,2708,,:2708
:fsdp:backward:all_gather:layers.16.attn.output_proj,1040865770,537704,759280514,125699,PushPop,9491,9872,3,0,0,2709,,:2709
:fsdp:backward:wait_weights:layers.16.attn.output_proj,1041405714,10656,759412875,42850,PushPop,9491,9872,1,0,0,2710,,:2710
:fsdp:backward:compute:layers.16.attn.output_proj,1041418290,822251,759468258,88467,PushPop,9491,9872,4,0,0,2711,,:2711
:fsdp:backward:reduce_scatter:layers.16.attn.output_proj,1042252669,547720,759610180,161664,PushPop,9491,9872,4,0,0,2712,,:2712
:fsdp:backward:all_gather:layers.16.attn.v_proj,1046259285,542215,765106243,161547,PushPop,9491,9872,3,0,0,2713,,:2713
:fsdp:backward:wait_weights:layers.16.attn.v_proj,1046803324,9376,765276165,44929,PushPop,9491,9872,1,0,0,2714,,:2714
:fsdp:backward:compute:layers.16.attn.v_proj,1046813820,825612,765335065,1260197,PushPop,9491,9872,4,0,0,2715,,:2715
:fsdp:backward:reduce_scatter:layers.16.attn.v_proj,1047651272,549735,766651790,169607,PushPop,9491,9872,4,0,0,2716,,:2716
:fsdp:backward:all_gather:layers.16.attn.k_proj,1048202863,535496,766886223,112942,PushPop,9491,9872,3,0,0,2717,,:2717
:fsdp:backward:wait_weights:layers.16.attn.k_proj,1048739703,9280,767004640,45418,PushPop,9491,9872,1,0,0,2718,,:2718
:fsdp:backward:compute:layers.16.attn.k_proj,1048750263,827883,767062248,932107,PushPop,9491,9872,4,0,0,2719,,:2719
:fsdp:backward:reduce_scatter:layers.16.attn.k_proj,1049589731,549831,768043552,154813,PushPop,9491,9872,4,0,0,2720,,:2720
:fsdp:backward:all_gather:layers.16.attn.q_proj,1050180235,533575,768274138,114044,PushPop,9491,9872,3,0,0,2721,,:2721
:fsdp:backward:wait_weights:layers.16.attn.q_proj,1050715026,9408,768394218,41466,PushPop,9491,9872,1,0,0,2722,,:2722
:fsdp:backward:compute:layers.16.attn.q_proj,1050725554,828716,768448060,81774,PushPop,9491,9872,4,0,0,2723,,:2723
:fsdp:backward:reduce_scatter:layers.16.attn.q_proj,1051565086,549799,768581517,158350,PushPop,9491,9872,4,0,0,2724,,:2724
:fsdp:backward:all_gather:layers.15.ffn.w2,1052327560,2153598,778416692,133359,PushPop,9491,9872,3,0,0,2725,,:2725
:fsdp:backward:wait_weights:layers.15.ffn.w2,1054482374,132898,778557152,44614,PushPop,9491,9872,1,0,0,2726,,:2726
:fsdp:backward:compute:layers.15.ffn.w2,1054616296,2961545,778614640,5152927,PushPop,9491,9872,3,0,0,2727,,:2727
:fsdp:backward:reduce_scatter:layers.15.ffn.w2,1057679474,2168318,783820911,161042,PushPop,9491,9872,4,0,0,2728,,:2728
:fsdp:backward:all_gather:layers.15.ffn.w3,1060185909,2144605,786618727,114361,PushPop,9491,9872,3,0,0,2729,,:2729
:fsdp:backward:wait_weights:layers.15.ffn.w3,1062332498,135074,786738996,42196,PushPop,9491,9872,1,0,0,2730,,:2730
:fsdp:backward:compute:layers.15.ffn.w3,1062470036,3100651,786793024,80320,PushPop,9491,9872,3,0,0,2731,,:2731
:fsdp:backward:reduce_scatter:layers.15.ffn.w3,1065672928,2155806,792082866,148357,PushPop,9491,9872,4,0,0,2732,,:2732
:fsdp:backward:all_gather:layers.15.ffn.w1,1068506984,2152541,792352414,110761,PushPop,9491,9872,3,0,0,2733,,:2733
:fsdp:backward:wait_weights:layers.15.ffn.w1,1070661829,130946,792469521,39249,PushPop,9491,9872,1,0,0,2734,,:2734
:fsdp:backward:compute:layers.15.ffn.w1,1070795271,3094251,792529406,80031,PushPop,9491,9872,3,0,0,2735,,:2735
:fsdp:backward:reduce_scatter:layers.15.ffn.w1,1073992019,2176350,792659771,151639,PushPop,9491,9872,4,0,0,2736,,:2736
:fsdp:backward:all_gather:layers.15.attn.output_proj,1076373492,538951,794309302,131274,PushPop,9491,9872,3,0,0,2737,,:2737
:fsdp:backward:wait_weights:layers.15.attn.output_proj,1076913404,9344,794447201,43136,PushPop,9491,9872,1,0,0,2738,,:2738
:fsdp:backward:compute:layers.15.attn.output_proj,1076923868,823979,794503736,95857,PushPop,9491,9872,4,0,0,2739,,:2739
:fsdp:backward:reduce_scatter:layers.15.attn.output_proj,1077758343,549704,794653374,154491,PushPop,9491,9872,4,0,0,2740,,:2740
:fsdp:backward:all_gather:layers.15.attn.v_proj,1081765950,537224,800636477,173794,PushPop,9491,9872,3,0,0,2741,,:2741
:fsdp:backward:wait_weights:layers.15.attn.v_proj,1082304870,9312,800818623,46263,PushPop,9491,9872,1,0,0,2742,,:2742
:fsdp:backward:compute:layers.15.attn.v_proj,1082315334,827851,800879436,1249705,PushPop,9491,9872,4,0,0,2743,,:2743
:fsdp:backward:reduce_scatter:layers.15.attn.v_proj,1083154866,549735,802187238,175864,PushPop,9491,9872,4,0,0,2744,,:2744
:fsdp:backward:all_gather:layers.15.attn.k_proj,1083706489,534120,802429032,120120,PushPop,9491,9872,3,0,0,2745,,:2745
:fsdp:backward:wait_weights:layers.15.attn.k_proj,1084241281,9440,802555430,43758,PushPop,9491,9872,1,0,0,2746,,:2746
:fsdp:backward:compute:layers.15.attn.k_proj,1084251937,829099,802611283,918149,PushPop,9491,9872,4,0,0,2747,,:2747
:fsdp:backward:reduce_scatter:layers.15.attn.k_proj,1085091308,549704,803581526,158521,PushPop,9491,9872,4,0,0,2748,,:2748
:fsdp:backward:all_gather:layers.15.attn.q_proj,1085679700,535976,803816891,114532,PushPop,9491,9872,3,0,0,2749,,:2749
:fsdp:backward:wait_weights:layers.15.attn.q_proj,1086216604,9216,803937165,40830,PushPop,9491,9872,1,0,0,2750,,:2750
:fsdp:backward:compute:layers.15.attn.q_proj,1086227100,832043,803989875,81116,PushPop,9491,9872,4,0,0,2751,,:2751
:fsdp:backward:reduce_scatter:layers.15.attn.q_proj,1087070696,547719,804120777,154872,PushPop,9491,9872,4,0,0,2752,,:2752
:fsdp:backward:all_gather:layers.14.ffn.w2,1087829106,2149150,813937779,131035,PushPop,9491,9872,3,0,0,2753,,:2753
:fsdp:backward:wait_weights:layers.14.ffn.w2,1089980880,133058,814076219,45469,PushPop,9491,9872,1,0,0,2754,,:2754
:fsdp:backward:compute:layers.14.ffn.w2,1090116370,2966089,814135162,5136092,PushPop,9491,9872,3,0,0,2755,,:2755
:fsdp:backward:reduce_scatter:layers.14.ffn.w2,1093185116,2158046,819328497,159440,PushPop,9491,9872,4,0,0,2756,,:2756
:fsdp:backward:all_gather:layers.14.ffn.w3,1095681278,2154590,822115757,117584,PushPop,9491,9872,3,0,0,2757,,:2757
:fsdp:backward:wait_weights:layers.14.ffn.w3,1097838140,132578,822239207,42155,PushPop,9491,9872,1,0,0,2758,,:2758
:fsdp:backward:compute:layers.14.ffn.w3,1097973598,3096267,822293881,81474,PushPop,9491,9872,3,0,0,2759,,:2759
:fsdp:backward:reduce_scatter:layers.14.ffn.w3,1101174474,2196862,827582627,151946,PushPop,9491,9872,4,0,0,2760,,:2760
:fsdp:backward:all_gather:layers.14.ffn.w1,1104047474,2158846,827857763,109043,PushPop,9491,9872,3,0,0,2761,,:2761
:fsdp:backward:wait_weights:layers.14.ffn.w1,1106208432,132481,827972410,39769,PushPop,9491,9872,1,0,0,2762,,:2762
:fsdp:backward:compute:layers.14.ffn.w1,1106341745,3097067,828023895,80414,PushPop,9491,9872,3,0,0,2763,,:2763
:fsdp:backward:reduce_scatter:layers.14.ffn.w1,1109542718,2155965,828152767,151601,PushPop,9491,9872,4,0,0,2764,,:2764
:fsdp:backward:all_gather:layers.14.attn.output_proj,1111905694,539016,829817534,126912,PushPop,9491,9872,3,0,0,2765,,:2765
:fsdp:backward:wait_weights:layers.14.attn.output_proj,1112445670,9856,829951132,45804,PushPop,9491,9872,1,0,0,2766,,:2766
:fsdp:backward:compute:layers.14.attn.output_proj,1112458182,825195,830009990,91634,PushPop,9491,9872,4,0,0,2767,,:2767
:fsdp:backward:reduce_scatter:layers.14.attn.output_proj,1113293681,550824,830156294,152446,PushPop,9491,9872,4,0,0,2768,,:2768
:fsdp:backward:all_gather:layers.14.attn.v_proj,1117308457,537639,836141912,163733,PushPop,9491,9872,3,0,0,2769,,:2769
:fsdp:backward:wait_weights:layers.14.attn.v_proj,1117847344,9344,836313545,45197,PushPop,9491,9872,1,0,0,2770,,:2770
:fsdp:backward:compute:layers.14.attn.v_proj,1117857840,829068,836372965,1259908,PushPop,9491,9872,4,0,0,2771,,:2771
:fsdp:backward:reduce_scatter:layers.14.attn.v_proj,1118697404,551912,837689596,173721,PushPop,9491,9872,4,0,0,2772,,:2772
:fsdp:backward:all_gather:layers.14.attn.k_proj,1119251012,534663,837931324,110884,PushPop,9491,9872,3,0,0,2773,,:2773
:fsdp:backward:wait_weights:layers.14.attn.k_proj,1119787851,9344,838049121,43509,PushPop,9491,9872,1,0,0,2774,,:2774
:fsdp:backward:compute:layers.14.attn.k_proj,1119798379,826700,838104240,926984,PushPop,9491,9872,4,0,0,2775,,:2775
:fsdp:backward:reduce_scatter:layers.14.attn.k_proj,1120635863,549735,839085891,158193,PushPop,9491,9872,4,0,0,2776,,:2776
:fsdp:backward:all_gather:layers.14.attn.q_proj,1121226335,534055,839321598,107741,PushPop,9491,9872,3,0,0,2777,,:2777
:fsdp:backward:wait_weights:layers.14.attn.q_proj,1121761158,9792,839435073,41219,PushPop,9491,9872,1,0,0,2778,,:2778
:fsdp:backward:compute:layers.14.attn.q_proj,1121773702,828204,839488071,82078,PushPop,9491,9872,4,0,0,2779,,:2779
:fsdp:backward:reduce_scatter:layers.14.attn.q_proj,1122613202,552808,839619250,138754,PushPop,9491,9872,4,0,0,2780,,:2780
:fsdp:backward:all_gather:layers.13.ffn.w2,1123376732,2152926,849445283,125622,PushPop,9491,9872,3,0,0,2781,,:2781
:fsdp:backward:wait_weights:layers.13.ffn.w2,1125530554,136034,849577469,43037,PushPop,9491,9872,1,0,0,2782,,:2782
:fsdp:backward:compute:layers.13.ffn.w2,1125668092,2962281,849633735,5130390,PushPop,9491,9872,3,0,0,2783,,:2783
:fsdp:backward:reduce_scatter:layers.13.ffn.w2,1128733766,2151774,854821588,162825,PushPop,9491,9872,4,0,0,2784,,:2784
:fsdp:backward:all_gather:layers.13.ffn.w3,1131225865,2152381,857614735,112033,PushPop,9491,9872,3,0,0,2785,,:2785
:fsdp:backward:wait_weights:layers.13.ffn.w3,1133380646,132642,857732895,43554,PushPop,9491,9872,1,0,0,2786,,:2786
:fsdp:backward:compute:layers.13.ffn.w3,1133516104,3098251,857788318,85216,PushPop,9491,9872,3,0,0,2787,,:2787
:fsdp:backward:reduce_scatter:layers.13.ffn.w3,1136716980,2172254,863080885,162134,PushPop,9491,9872,4,0,0,2788,,:2788
:fsdp:backward:all_gather:layers.13.ffn.w1,1139569500,2154238,863369159,110234,PushPop,9491,9872,3,0,0,2789,,:2789
:fsdp:backward:wait_weights:layers.13.ffn.w1,1141725338,131393,863485123,40379,PushPop,9491,9872,1,0,0,2790,,:2790
:fsdp:backward:compute:layers.13.ffn.w1,1141858683,3100747,863537373,80898,PushPop,9491,9872,3,0,0,2791,,:2791
:fsdp:backward:reduce_scatter:layers.13.ffn.w1,1145060648,2143677,863667461,150071,PushPop,9491,9872,4,0,0,2792,,:2792
:fsdp:backward:all_gather:layers.13.attn.output_proj,1147415496,535815,865308313,124083,PushPop,9491,9872,3,0,0,2793,,:2793
:fsdp:backward:wait_weights:layers.13.attn.output_proj,1147953360,10336,865439688,45579,PushPop,9491,9872,1,0,0,2794,,:2794
:fsdp:backward:compute:layers.13.attn.output_proj,1147965936,823467,865498867,90710,PushPop,9491,9872,4,0,0,2795,,:2795
:fsdp:backward:reduce_scatter:layers.13.attn.output_proj,1148801339,550760,865644684,160044,PushPop,9491,9872,4,0,0,2796,,:2796
:fsdp:backward:all_gather:layers.13.attn.v_proj,1152809970,537384,871641314,158718,PushPop,9491,9872,3,0,0,2797,,:2797
:fsdp:backward:wait_weights:layers.13.attn.v_proj,1153348890,9824,871807818,44658,PushPop,9491,9872,1,0,0,2798,,:2798
:fsdp:backward:compute:layers.13.attn.v_proj,1153361530,826220,871866444,1273713,PushPop,9491,9872,4,0,0,2799,,:2799
:fsdp:backward:reduce_scatter:layers.13.attn.v_proj,1154198918,549799,873194898,171348,PushPop,9491,9872,4,0,0,2800,,:2800
:fsdp:backward:all_gather:layers.13.attn.k_proj,1154750541,534344,873431330,111492,PushPop,9491,9872,3,0,0,2801,,:2801
:fsdp:backward:wait_weights:layers.13.attn.k_proj,1155287349,9280,873549158,42437,PushPop,9491,9872,1,0,0,2802,,:2802
:fsdp:backward:compute:layers.13.attn.k_proj,1155297845,826923,873603884,944862,PushPop,9491,9872,4,0,0,2803,,:2803
:fsdp:backward:reduce_scatter:layers.13.attn.k_proj,1156135360,549672,874602264,152060,PushPop,9491,9872,4,0,0,2804,,:2804
:fsdp:backward:all_gather:layers.13.attn.q_proj,1156725833,535047,874834136,118668,PushPop,9491,9872,3,0,0,2805,,:2805
:fsdp:backward:wait_weights:layers.13.attn.q_proj,1157261680,9152,874958834,41313,PushPop,9491,9872,1,0,0,2806,,:2806
:fsdp:backward:compute:layers.13.attn.q_proj,1157272176,829131,875012633,81241,PushPop,9491,9872,4,0,0,2807,,:2807
:fsdp:backward:reduce_scatter:layers.13.attn.q_proj,1158112700,547687,875144798,148242,PushPop,9491,9872,4,0,0,2808,,:2808
:fsdp:backward:all_gather:layers.12.ffn.w2,1158877318,2158878,884948142,127135,PushPop,9491,9872,3,0,0,2809,,:2809
:fsdp:backward:wait_weights:layers.12.ffn.w2,1161037220,128258,885081831,42754,PushPop,9491,9872,1,0,0,2810,,:2810
:fsdp:backward:compute:layers.12.ffn.w2,1161166662,2964233,885137208,5143540,PushPop,9491,9872,3,0,0,2811,,:2811
:fsdp:backward:reduce_scatter:layers.12.ffn.w2,1164233264,2184510,890333166,155667,PushPop,9491,9872,4,0,0,2812,,:2812
:fsdp:backward:all_gather:layers.12.ffn.w3,1166758099,2144958,893124844,122486,PushPop,9491,9872,3,0,0,2813,,:2813
:fsdp:backward:wait_weights:layers.12.ffn.w3,1168904721,134401,893253955,43116,PushPop,9491,9872,1,0,0,2814,,:2814
:fsdp:backward:compute:layers.12.ffn.w3,1169040210,3102091,893318873,84018,PushPop,9491,9872,3,0,0,2815,,:2815
:fsdp:backward:reduce_scatter:layers.12.ffn.w3,1172243103,2147677,898595406,155661,PushPop,9491,9872,4,0,0,2816,,:2816
:fsdp:backward:all_gather:layers.12.ffn.w1,1175071078,2152221,898876413,117367,PushPop,9491,9872,3,0,0,2817,,:2817
:fsdp:backward:wait_weights:layers.12.ffn.w1,1177225859,130594,898999826,40542,PushPop,9491,9872,1,0,0,2818,,:2818
:fsdp:backward:compute:layers.12.ffn.w1,1177359173,3101387,899053371,81644,PushPop,9491,9872,3,0,0,2819,,:2819
:fsdp:backward:reduce_scatter:layers.12.ffn.w1,1180564241,2143518,899184892,143195,PushPop,9491,9872,4,0,0,2820,,:2820
:fsdp:backward:all_gather:layers.12.attn.output_proj,1182919058,542503,900822468,120341,PushPop,9491,9872,3,0,0,2821,,:2821
:fsdp:backward:wait_weights:layers.12.attn.output_proj,1183463097,9376,900948938,42444,PushPop,9491,9872,1,0,0,2822,,:2822
:fsdp:backward:compute:layers.12.attn.output_proj,1183473561,824012,901004028,85501,PushPop,9491,9872,4,0,0,2823,,:2823
:fsdp:backward:reduce_scatter:layers.12.attn.output_proj,1184309029,550920,901140675,153156,PushPop,9491,9872,4,0,0,2824,,:2824
:fsdp:backward:all_gather:layers.12.attn.v_proj,1188319708,537160,907163259,185614,PushPop,9491,9872,3,0,0,2825,,:2825
:fsdp:backward:wait_weights:layers.12.attn.v_proj,1188858628,9312,907357612,47110,PushPop,9491,9872,1,0,0,2826,,:2826
:fsdp:backward:compute:layers.12.attn.v_proj,1188869060,829483,907419541,1232996,PushPop,9491,9872,4,0,0,2827,,:2827
:fsdp:backward:reduce_scatter:layers.12.attn.v_proj,1189710704,549735,908711274,178669,PushPop,9491,9872,4,0,0,2828,,:2828
:fsdp:backward:all_gather:layers.12.attn.k_proj,1190262295,532583,908957467,114120,PushPop,9491,9872,3,0,0,2829,,:2829
:fsdp:backward:wait_weights:layers.12.attn.k_proj,1190796063,9472,909077512,42920,PushPop,9491,9872,1,0,0,2830,,:2830
:fsdp:backward:compute:layers.12.attn.k_proj,1190806751,829035,909132506,917810,PushPop,9491,9872,4,0,0,2831,,:2831
:fsdp:backward:reduce_scatter:layers.12.attn.k_proj,1191647114,547752,910103176,152260,PushPop,9491,9872,4,0,0,2832,,:2832
:fsdp:backward:all_gather:layers.12.attn.q_proj,1192235570,534696,910331296,113678,PushPop,9491,9872,3,0,0,2833,,:2833
:fsdp:backward:wait_weights:layers.12.attn.q_proj,1192771386,9632,910451446,42269,PushPop,9491,9872,1,0,0,2834,,:2834
:fsdp:backward:compute:layers.12.attn.q_proj,1192781882,828171,910505841,92459,PushPop,9491,9872,4,0,0,2835,,:2835
:fsdp:backward:reduce_scatter:layers.12.attn.q_proj,1193620421,549704,910650274,163139,PushPop,9491,9872,4,0,0,2836,,:2836
:fsdp:backward:all_gather:layers.11.ffn.w2,1194387024,2148766,920480639,138348,PushPop,9491,9872,3,0,0,2837,,:2837
:fsdp:backward:wait_weights:layers.11.ffn.w2,1196537742,132898,920625938,46199,PushPop,9491,9872,1,0,0,2838,,:2838
:fsdp:backward:compute:layers.11.ffn.w2,1196673168,2964904,920684805,5113860,PushPop,9491,9872,3,0,0,2839,,:2839
:fsdp:backward:reduce_scatter:layers.11.ffn.w2,1199736858,2164126,925852291,163022,PushPop,9491,9872,4,0,0,2840,,:2840
:fsdp:backward:all_gather:layers.11.ffn.w3,1202241212,2151454,928649974,112493,PushPop,9491,9872,3,0,0,2841,,:2841
:fsdp:backward:wait_weights:layers.11.ffn.w3,1204393978,133570,928768315,42546,PushPop,9491,9872,1,0,0,2842,,:2842
:fsdp:backward:compute:layers.11.ffn.w3,1204529436,3096395,928822685,81719,PushPop,9491,9872,3,0,0,2843,,:2843
:fsdp:backward:reduce_scatter:layers.11.ffn.w3,1207729288,2152766,934113052,157197,PushPop,9491,9872,4,0,0,2844,,:2844
:fsdp:backward:all_gather:layers.11.ffn.w1,1210560303,2151454,934399640,111266,PushPop,9491,9872,3,0,0,2845,,:2845
:fsdp:backward:wait_weights:layers.11.ffn.w1,1212713069,134306,934516960,46607,PushPop,9491,9872,1,0,0,2846,,:2846
:fsdp:backward:compute:layers.11.ffn.w1,1212848463,3092106,934575659,91835,PushPop,9491,9872,3,0,0,2847,,:2847
:fsdp:backward:reduce_scatter:layers.11.ffn.w1,1216042235,2145661,934716750,155883,PushPop,9491,9872,4,0,0,2848,,:2848
:fsdp:backward:all_gather:layers.11.attn.output_proj,1218398107,537608,936340549,126202,PushPop,9491,9872,3,0,0,2849,,:2849
:fsdp:backward:wait_weights:layers.11.attn.output_proj,1218938019,9280,936473098,43763,PushPop,9491,9872,1,0,0,2850,,:2850
:fsdp:backward:compute:layers.11.attn.output_proj,1218948611,823979,936529511,88529,PushPop,9491,9872,4,0,0,2851,,:2851
:fsdp:backward:reduce_scatter:layers.11.attn.output_proj,1219783950,549800,936670706,149359,PushPop,9491,9872,4,0,0,2852,,:2852
:fsdp:backward:all_gather:layers.11.attn.v_proj,1223798726,538375,942671893,173786,PushPop,9491,9872,3,0,0,2853,,:2853
:fsdp:backward:wait_weights:layers.11.attn.v_proj,1224338701,9280,942855103,47004,PushPop,9491,9872,1,0,0,2854,,:2854
:fsdp:backward:compute:layers.11.attn.v_proj,1224349069,829708,942916712,1243051,PushPop,9491,9872,4,0,0,2855,,:2855
:fsdp:backward:reduce_scatter:layers.11.attn.v_proj,1225189721,549768,944218659,177804,PushPop,9491,9872,4,0,0,2856,,:2856
:fsdp:backward:all_gather:layers.11.attn.k_proj,1225741345,541735,944464296,116703,PushPop,9491,9872,3,0,0,2857,,:2857
:fsdp:backward:wait_weights:layers.11.attn.k_proj,1226285320,9280,944587326,43408,PushPop,9491,9872,1,0,0,2858,,:2858
:fsdp:backward:compute:layers.11.attn.k_proj,1226295880,828108,944642980,918803,PushPop,9491,9872,4,0,0,2859,,:2859
:fsdp:backward:reduce_scatter:layers.11.attn.k_proj,1227134356,549863,945614029,154612,PushPop,9491,9872,4,0,0,2860,,:2860
:fsdp:backward:all_gather:layers.11.attn.q_proj,1227724828,538919,945842791,110853,PushPop,9491,9872,3,0,0,2861,,:2861
:fsdp:backward:wait_weights:layers.11.attn.q_proj,1228264771,9313,945959708,41010,PushPop,9491,9872,1,0,0,2862,,:2862
:fsdp:backward:compute:layers.11.attn.q_proj,1228275428,826123,946012552,77840,PushPop,9491,9872,4,0,0,2863,,:2863
:fsdp:backward:reduce_scatter:layers.11.attn.q_proj,1229111759,549800,946141962,147401,PushPop,9491,9872,4,0,0,2864,,:2864
:fsdp:backward:all_gather:layers.10.ffn.w2,1229872154,2154909,955979126,139081,PushPop,9491,9872,3,0,0,2865,,:2865
:fsdp:backward:wait_weights:layers.10.ffn.w2,1232029047,132066,956125629,44577,PushPop,9491,9872,1,0,0,2866,,:2866
:fsdp:backward:compute:layers.10.ffn.w2,1232162457,2963081,956183192,5135291,PushPop,9491,9872,3,0,0,2867,,:2867
:fsdp:backward:reduce_scatter:layers.10.ffn.w2,1235224035,2156030,961374873,1416161,PushPop,9491,9872,4,0,0,2868,,:2868
:fsdp:backward:all_gather:layers.10.ffn.w3,1237722310,2153406,964168403,130564,PushPop,9491,9872,3,0,0,2869,,:2869
:fsdp:backward:wait_weights:layers.10.ffn.w3,1239877092,131297,964305310,44193,PushPop,9491,9872,1,0,0,2870,,:2870
:fsdp:backward:compute:layers.10.ffn.w3,1240010501,3099179,964361729,85583,PushPop,9491,9872,3,0,0,2871,,:2871
:fsdp:backward:reduce_scatter:layers.10.ffn.w3,1243212402,2167197,969623128,162041,PushPop,9491,9872,4,0,0,2872,,:2872
:fsdp:backward:all_gather:layers.10.ffn.w1,1246057753,2142813,969911385,114371,PushPop,9491,9872,3,0,0,2873,,:2873
:fsdp:backward:wait_weights:layers.10.ffn.w1,1248202326,131490,970032460,41577,PushPop,9491,9872,1,0,0,2874,,:2874
:fsdp:backward:compute:layers.10.ffn.w1,1248335640,3095499,970085963,80804,PushPop,9491,9872,3,0,0,2875,,:2875
:fsdp:backward:reduce_scatter:layers.10.ffn.w1,1251529444,2169278,970217064,146873,PushPop,9491,9872,4,0,0,2876,,:2876
:fsdp:backward:all_gather:layers.10.attn.output_proj,1253905765,540552,971851466,127162,PushPop,9491,9872,3,0,0,2877,,:2877
:fsdp:backward:wait_weights:layers.10.attn.output_proj,1254447757,10240,971985903,45589,PushPop,9491,9872,1,0,0,2878,,:2878
:fsdp:backward:compute:layers.10.attn.output_proj,1254460333,823627,972044772,91475,PushPop,9491,9872,4,0,0,2879,,:2879
:fsdp:backward:reduce_scatter:layers.10.attn.output_proj,1255295736,551784,972188474,158141,PushPop,9491,9872,4,0,0,2880,,:2880
:fsdp:backward:all_gather:layers.10.attn.v_proj,1259306448,542823,978184747,160697,PushPop,9491,9872,3,0,0,2881,,:2881
:fsdp:backward:wait_weights:layers.10.attn.v_proj,1259850487,9184,978353243,44033,PushPop,9491,9872,1,0,0,2882,,:2882
:fsdp:backward:compute:layers.10.attn.v_proj,1259860855,830380,978411472,1262616,PushPop,9491,9872,4,0,0,2883,,:2883
:fsdp:backward:reduce_scatter:layers.10.attn.v_proj,1260701539,549799,979731283,170654,PushPop,9491,9872,4,0,0,2884,,:2884
:fsdp:backward:all_gather:layers.10.attn.k_proj,1261253098,546216,979967827,119602,PushPop,9491,9872,3,0,0,2885,,:2885
:fsdp:backward:wait_weights:layers.10.attn.k_proj,1261800178,9120,980093451,41989,PushPop,9491,9872,1,0,0,2886,,:2886
:fsdp:backward:compute:layers.10.attn.k_proj,1261810706,827212,980146994,927696,PushPop,9491,9872,4,0,0,2887,,:2887
:fsdp:backward:reduce_scatter:layers.10.attn.k_proj,1262648190,549671,981125270,155843,PushPop,9491,9872,4,0,0,2888,,:2888
:fsdp:backward:all_gather:layers.10.attn.q_proj,1263238662,534631,981358171,108063,PushPop,9491,9872,3,0,0,2889,,:2889
:fsdp:backward:wait_weights:layers.10.attn.q_proj,1263774477,9248,981471900,40091,PushPop,9491,9872,1,0,0,2890,,:2890
:fsdp:backward:compute:layers.10.attn.q_proj,1263784973,828300,981523768,77940,PushPop,9491,9872,4,0,0,2891,,:2891
:fsdp:backward:reduce_scatter:layers.10.attn.q_proj,1264624121,549224,981649284,148224,PushPop,9491,9872,4,0,0,2892,,:2892
:fsdp:backward:all_gather:layers.9.ffn.w2,1265390116,2170109,991510170,135203,PushPop,9491,9872,3,0,0,2893,,:2893
:fsdp:backward:wait_weights:layers.9.ffn.w2,1267561313,128386,991652936,45521,PushPop,9491,9872,1,0,0,2894,,:2894
:fsdp:backward:compute:layers.9.ffn.w2,1267690723,2962825,991722720,5118363,PushPop,9491,9872,3,0,0,2895,,:2895
:fsdp:backward:reduce_scatter:layers.9.ffn.w2,1270754286,2162045,996896280,166649,PushPop,9491,9872,4,0,0,2896,,:2896
:fsdp:backward:all_gather:layers.9.ffn.w3,1273254544,2143390,999688527,115991,PushPop,9491,9872,3,0,0,2897,,:2897
:fsdp:backward:wait_weights:layers.9.ffn.w3,1275399118,132577,999810542,43117,PushPop,9491,9872,1,0,0,2898,,:2898
:fsdp:backward:compute:layers.9.ffn.w3,1275534607,3101259,999867359,79999,PushPop,9491,9872,3,0,0,2899,,:2899
:fsdp:backward:reduce_scatter:layers.9.ffn.w3,1278736476,2141661,1005162870,165068,PushPop,9491,9872,4,0,0,2900,,:2900
:fsdp:backward:all_gather:layers.9.ffn.w1,1281555203,2152989,1005453498,111069,PushPop,9491,9872,3,0,0,2901,,:2901
:fsdp:backward:wait_weights:layers.9.ffn.w1,1283710016,132258,1005570974,41101,PushPop,9491,9872,1,0,0,2902,,:2902
:fsdp:backward:compute:layers.9.ffn.w1,1283843298,3095979,1005624034,79493,PushPop,9491,9872,3,0,0,2903,,:2903
:fsdp:backward:reduce_scatter:layers.9.ffn.w1,1287039182,2158110,1005751941,152269,PushPop,9491,9872,4,0,0,2904,,:2904
:fsdp:backward:all_gather:layers.9.attn.output_proj,1289408367,538183,1007389561,127401,PushPop,9491,9872,3,0,0,2905,,:2905
:fsdp:backward:wait_weights:layers.9.attn.output_proj,1289947254,11008,1007523361,43951,PushPop,9491,9872,1,0,0,2906,,:2906
:fsdp:backward:compute:layers.9.attn.output_proj,1289959798,824140,1007579872,87770,PushPop,9491,9872,4,0,0,2907,,:2907
:fsdp:backward:reduce_scatter:layers.9.attn.output_proj,1290795266,549864,1007720765,157250,PushPop,9491,9872,4,0,0,2908,,:2908
:fsdp:backward:all_gather:layers.9.attn.v_proj,1294805913,537032,1013718166,164359,PushPop,9491,9872,3,0,0,2909,,:2909
:fsdp:backward:wait_weights:layers.9.attn.v_proj,1295343841,9248,1013890673,44370,PushPop,9491,9872,1,0,0,2910,,:2910
:fsdp:backward:compute:layers.9.attn.v_proj,1295354273,828395,1013948274,1263483,PushPop,9491,9872,4,0,0,2911,,:2911
:fsdp:backward:reduce_scatter:layers.9.attn.v_proj,1296194860,547816,1015266276,169553,PushPop,9491,9872,4,0,0,2912,,:2912
:fsdp:backward:all_gather:layers.9.attn.k_proj,1296744436,536455,1015500883,112698,PushPop,9491,9872,3,0,0,2913,,:2913
:fsdp:backward:wait_weights:layers.9.attn.k_proj,1297282267,9601,1015620090,45104,PushPop,9491,9872,1,0,0,2914,,:2914
:fsdp:backward:compute:layers.9.attn.k_proj,1297292796,827691,1015676373,932470,PushPop,9491,9872,4,0,0,2915,,:2915
:fsdp:backward:reduce_scatter:layers.9.attn.k_proj,1298131271,549736,1016658992,148592,PushPop,9491,9872,4,0,0,2916,,:2916
:fsdp:backward:all_gather:layers.9.attn.q_proj,1298721743,535176,1016881499,108140,PushPop,9491,9872,3,0,0,2917,,:2917
:fsdp:backward:wait_weights:layers.9.attn.q_proj,1299257623,9504,1016995933,41001,PushPop,9491,9872,1,0,0,2918,,:2918
:fsdp:backward:compute:layers.9.attn.q_proj,1299268151,829675,1017048918,78967,PushPop,9491,9872,4,0,0,2919,,:2919
:fsdp:backward:reduce_scatter:layers.9.attn.q_proj,1300108642,549992,1017178229,155972,PushPop,9491,9872,4,0,0,2920,,:2920
:fsdp:backward:all_gather:layers.8.ffn.w2,1300873261,2151742,1027036085,129715,PushPop,9491,9872,3,0,0,2921,,:2921
:fsdp:backward:wait_weights:layers.8.ffn.w2,1303025995,132194,1027172593,43823,PushPop,9491,9872,1,0,0,2922,,:2922
:fsdp:backward:compute:layers.8.ffn.w2,1303159437,2961928,1027229063,5131397,PushPop,9491,9872,3,0,0,2923,,:2923
:fsdp:backward:reduce_scatter:layers.8.ffn.w2,1306222039,2154942,1032413797,154720,PushPop,9491,9872,4,0,0,2924,,:2924
:fsdp:backward:all_gather:layers.8.ffn.w3,1308715129,2154494,1035212398,112289,PushPop,9491,9872,3,0,0,2925,,:2925
:fsdp:backward:wait_weights:layers.8.ffn.w3,1310871991,130370,1035330308,42378,PushPop,9491,9872,1,0,0,2926,,:2926
:fsdp:backward:compute:layers.8.ffn.w3,1311003449,3095466,1035384485,81805,PushPop,9491,9872,3,0,0,2927,,:2927
:fsdp:backward:reduce_scatter:layers.8.ffn.w3,1314201157,2161118,1040666510,143589,PushPop,9491,9872,4,0,0,2928,,:2928
:fsdp:backward:all_gather:layers.8.ffn.w1,1317040396,2151614,1040932278,106771,PushPop,9491,9872,3,0,0,2929,,:2929
:fsdp:backward:wait_weights:layers.8.ffn.w1,1319193130,133378,1041044616,38635,PushPop,9491,9872,1,0,0,2930,,:2930
:fsdp:backward:compute:layers.8.ffn.w1,1319328492,3102090,1041094538,77816,PushPop,9491,9872,3,0,0,2931,,:2931
:fsdp:backward:reduce_scatter:layers.8.ffn.w1,1322532536,2149853,1041222119,152251,PushPop,9491,9872,4,0,0,2932,,:2932
:fsdp:backward:all_gather:layers.8.attn.output_proj,1324895576,539336,1042898382,136470,PushPop,9491,9872,3,0,0,2933,,:2933
:fsdp:backward:wait_weights:layers.8.attn.output_proj,1325436512,10112,1043042314,45933,PushPop,9491,9872,1,0,0,2934,,:2934
:fsdp:backward:compute:layers.8.attn.output_proj,1325449024,825355,1043101548,87014,PushPop,9491,9872,4,0,0,2935,,:2935
:fsdp:backward:reduce_scatter:layers.8.attn.output_proj,1326286540,549831,1043240425,158354,PushPop,9491,9872,4,0,0,2936,,:2936
:fsdp:backward:all_gather:layers.8.attn.v_proj,1330297251,535527,1049231290,168847,PushPop,9491,9872,3,0,0,2937,,:2937
:fsdp:backward:wait_weights:layers.8.attn.v_proj,1330835114,9408,1049409062,46792,PushPop,9491,9872,1,0,0,2938,,:2938
:fsdp:backward:compute:layers.8.attn.v_proj,1330845514,829132,1049470638,1251587,PushPop,9491,9872,4,0,0,2939,,:2939
:fsdp:backward:reduce_scatter:layers.8.attn.v_proj,1331686198,549736,1050780072,169277,PushPop,9491,9872,4,0,0,2940,,:2940
:fsdp:backward:all_gather:layers.8.attn.k_proj,1332237790,535719,1051015435,116796,PushPop,9491,9872,3,0,0,2941,,:2941
:fsdp:backward:wait_weights:layers.8.attn.k_proj,1332775621,9408,1051138503,41939,PushPop,9491,9872,1,0,0,2942,,:2942
:fsdp:backward:compute:layers.8.attn.k_proj,1332786181,828140,1051191910,929062,PushPop,9491,9872,4,0,0,2943,,:2943
:fsdp:backward:reduce_scatter:layers.8.attn.k_proj,1333625649,548711,1052172587,148282,PushPop,9491,9872,4,0,0,2944,,:2944
:fsdp:backward:all_gather:layers.8.attn.q_proj,1334213081,536135,1052395900,115684,PushPop,9491,9872,3,0,0,2945,,:2945
:fsdp:backward:wait_weights:layers.8.attn.q_proj,1334750944,9664,1052517369,40165,PushPop,9491,9872,1,0,0,2946,,:2946
:fsdp:backward:compute:layers.8.attn.q_proj,1334761441,828395,1052569354,79361,PushPop,9491,9872,4,0,0,2947,,:2947
:fsdp:backward:reduce_scatter:layers.8.attn.q_proj,1335600972,548808,1052698782,148400,PushPop,9491,9872,4,0,0,2948,,:2948
:fsdp:backward:all_gather:layers.7.ffn.w2,1336362455,2153597,1062539801,145542,PushPop,9491,9872,3,0,0,2949,,:2949
:fsdp:backward:wait_weights:layers.7.ffn.w2,1338518324,133986,1062693275,47141,PushPop,9491,9872,1,0,0,2950,,:2950
:fsdp:backward:compute:layers.7.ffn.w2,1338653782,2961769,1062754979,5102803,PushPop,9491,9872,3,0,0,2951,,:2951
:fsdp:backward:reduce_scatter:layers.7.ffn.w2,1341715392,2150974,1067916419,190960,PushPop,9491,9872,4,0,0,2952,,:2952
:fsdp:backward:all_gather:layers.7.ffn.w3,1344206435,2153726,1070706067,121296,PushPop,9491,9872,3,0,0,2953,,:2953
:fsdp:backward:wait_weights:layers.7.ffn.w3,1346361249,132257,1070834308,43555,PushPop,9491,9872,1,0,0,2954,,:2954
:fsdp:backward:compute:layers.7.ffn.w3,1346494690,3099339,1070889999,86118,PushPop,9491,9872,3,0,0,2955,,:2955
:fsdp:backward:reduce_scatter:layers.7.ffn.w3,1349696559,2147805,1076181317,165191,PushPop,9491,9872,4,0,0,2956,,:2956
:fsdp:backward:all_gather:layers.7.ffn.w1,1352523478,2155613,1076470843,110068,PushPop,9491,9872,3,0,0,2957,,:2957
:fsdp:backward:wait_weights:layers.7.ffn.w1,1354680339,132514,1076586969,40580,PushPop,9491,9872,1,0,0,2958,,:2958
:fsdp:backward:compute:layers.7.ffn.w1,1354813685,3093643,1076639806,80591,PushPop,9491,9872,3,0,0,2959,,:2959
:fsdp:backward:reduce_scatter:layers.7.ffn.w1,1358009505,2143646,1076770105,141067,PushPop,9491,9872,4,0,0,2960,,:2960
:fsdp:backward:all_gather:layers.7.attn.output_proj,1360360226,538791,1078406415,128933,PushPop,9491,9872,3,0,0,2961,,:2961
:fsdp:backward:wait_weights:layers.7.attn.output_proj,1360900169,9184,1078549912,45648,PushPop,9491,9872,1,0,0,2962,,:2962
:fsdp:backward:compute:layers.7.attn.output_proj,1360911657,825740,1078609070,91939,PushPop,9491,9872,4,0,0,2963,,:2963
:fsdp:backward:reduce_scatter:layers.7.attn.output_proj,1361749173,549703,1078759735,157498,PushPop,9491,9872,4,0,0,2964,,:2964
:fsdp:backward:all_gather:layers.7.attn.v_proj,1365761900,535528,1084732972,163854,PushPop,9491,9872,3,0,0,2965,,:2965
:fsdp:backward:wait_weights:layers.7.attn.v_proj,1366299796,9408,1084904725,44015,PushPop,9491,9872,1,0,0,2966,,:2966
:fsdp:backward:compute:layers.7.attn.v_proj,1366310196,829739,1084963696,1259958,PushPop,9491,9872,4,0,0,2967,,:2967
:fsdp:backward:reduce_scatter:layers.7.attn.v_proj,1367151871,548680,1086279370,172737,PushPop,9491,9872,4,0,0,2968,,:2968
:fsdp:backward:all_gather:layers.7.attn.k_proj,1367702439,534119,1086516699,126040,PushPop,9491,9872,3,0,0,2969,,:2969
:fsdp:backward:wait_weights:layers.7.attn.k_proj,1368238254,9472,1086649553,43597,PushPop,9491,9872,1,0,0,2970,,:2970
:fsdp:backward:compute:layers.7.attn.k_proj,1368248782,826572,1086706076,918572,PushPop,9491,9872,4,0,0,2971,,:2971
:fsdp:backward:reduce_scatter:layers.7.attn.k_proj,1369086266,552808,1087678319,156107,PushPop,9491,9872,4,0,0,2972,,:2972
:fsdp:backward:all_gather:layers.7.attn.q_proj,1369679810,534728,1087914031,107758,PushPop,9491,9872,3,0,0,2973,,:2973
:fsdp:backward:wait_weights:layers.7.attn.q_proj,1370215658,9440,1088028068,40053,PushPop,9491,9872,1,0,0,2974,,:2974
:fsdp:backward:compute:layers.7.attn.q_proj,1370226122,826379,1088079616,80580,PushPop,9491,9872,4,0,0,2975,,:2975
:fsdp:backward:reduce_scatter:layers.7.attn.q_proj,1371063637,556808,1088210228,151339,PushPop,9491,9872,4,0,0,2976,,:2976
:fsdp:backward:all_gather:layers.6.ffn.w2,1371835360,2150782,1098034722,128694,PushPop,9491,9872,3,0,0,2977,,:2977
:fsdp:backward:wait_weights:layers.6.ffn.w2,1373988126,133569,1098170216,43825,PushPop,9491,9872,1,0,0,2978,,:2978
:fsdp:backward:compute:layers.6.ffn.w2,1374123584,2968904,1098226228,5170722,PushPop,9491,9872,3,0,0,2979,,:2979
:fsdp:backward:reduce_scatter:layers.6.ffn.w2,1377194410,2143613,1103454848,157836,PushPop,9491,9872,4,0,0,2980,,:2980
:fsdp:backward:all_gather:layers.6.ffn.w3,1379678284,2154238,1106250248,114551,PushPop,9491,9872,3,0,0,2981,,:2981
:fsdp:backward:wait_weights:layers.6.ffn.w3,1381835146,132418,1106371159,43907,PushPop,9491,9872,1,0,0,2982,,:2982
:fsdp:backward:compute:layers.6.ffn.w3,1381969580,3101035,1106427509,81149,PushPop,9491,9872,3,0,0,2983,,:2983
:fsdp:backward:reduce_scatter:layers.6.ffn.w3,1385173528,2141661,1111712018,155838,PushPop,9491,9872,4,0,0,2984,,:2984
:fsdp:backward:all_gather:layers.6.ffn.w1,1387993311,2167326,1111995286,112812,PushPop,9491,9872,3,0,0,2985,,:2985
:fsdp:backward:wait_weights:layers.6.ffn.w1,1390162429,132930,1112114023,41782,PushPop,9491,9872,1,0,0,2986,,:2986
:fsdp:backward:compute:layers.6.ffn.w1,1390296735,3097098,1112167675,82377,PushPop,9491,9872,3,0,0,2987,,:2987
:fsdp:backward:reduce_scatter:layers.6.ffn.w1,1393494667,2178590,1112298865,138060,PushPop,9491,9872,4,0,0,2988,,:2988
:fsdp:backward:all_gather:layers.6.attn.output_proj,1395878156,536135,1113936751,128488,PushPop,9491,9872,3,0,0,2989,,:2989
:fsdp:backward:wait_weights:layers.6.attn.output_proj,1396416051,9440,1114071573,44506,PushPop,9491,9872,1,0,0,2990,,:2990
:fsdp:backward:compute:layers.6.attn.output_proj,1396426579,823500,1114129005,86555,PushPop,9491,9872,4,0,0,2991,,:2991
:fsdp:backward:reduce_scatter:layers.6.attn.output_proj,1397260991,547719,1114267854,150316,PushPop,9491,9872,4,0,0,2992,,:2992
:fsdp:backward:all_gather:layers.6.attn.v_proj,1401263478,535047,1120282998,176814,PushPop,9491,9872,3,0,0,2993,,:2993
:fsdp:backward:wait_weights:layers.6.attn.v_proj,1401799325,9312,1120469489,47140,PushPop,9491,9872,1,0,0,2994,,:2994
:fsdp:backward:compute:layers.6.attn.v_proj,1401809821,829804,1120532052,1236100,PushPop,9491,9872,4,0,0,2995,,:2995
:fsdp:backward:reduce_scatter:layers.6.attn.v_proj,1402651369,553000,1121827338,175788,PushPop,9491,9872,4,0,0,2996,,:2996
:fsdp:backward:all_gather:layers.6.attn.k_proj,1403206033,533799,1122072231,121741,PushPop,9491,9872,3,0,0,2997,,:2997
:fsdp:backward:wait_weights:layers.6.attn.k_proj,1403741848,10048,1122200241,42961,PushPop,9491,9872,1,0,0,2998,,:2998
:fsdp:backward:compute:layers.6.attn.k_proj,1403754424,827052,1122255287,916959,PushPop,9491,9872,4,0,0,2999,,:2999
:fsdp:backward:reduce_scatter:layers.6.attn.k_proj,1404591908,553959,1123226754,158221,PushPop,9491,9872,4,0,0,3000,,:3000
:fsdp:backward:all_gather:layers.6.attn.q_proj,1405186476,534055,1123461683,109847,PushPop,9491,9872,3,0,0,3001,,:3001
:fsdp:backward:wait_weights:layers.6.attn.q_proj,1405722323,9377,1123577366,40367,PushPop,9491,9872,1,0,0,3002,,:3002
:fsdp:backward:compute:layers.6.attn.q_proj,1405732820,829707,1123629529,79046,PushPop,9491,9872,4,0,0,3003,,:3003
:fsdp:backward:reduce_scatter:layers.6.attn.q_proj,1406574367,549704,1123757498,147275,PushPop,9491,9872,4,0,0,3004,,:3004
:fsdp:backward:all_gather:layers.5.ffn.w2,1407341034,2140957,1133578722,146295,PushPop,9491,9872,3,0,0,3005,,:3005
:fsdp:backward:wait_weights:layers.5.ffn.w2,1409483527,132130,1133732570,46824,PushPop,9491,9872,1,0,0,3006,,:3006
:fsdp:backward:compute:layers.5.ffn.w2,1409616905,2962633,1133793259,5123919,PushPop,9491,9872,3,0,0,3007,,:3007
:fsdp:backward:reduce_scatter:layers.5.ffn.w2,1412681619,2153918,1138975401,160969,PushPop,9491,9872,4,0,0,3008,,:3008
:fsdp:backward:all_gather:layers.5.ffn.w3,1415177814,2158494,1141767450,112860,PushPop,9491,9872,3,0,0,3009,,:3009
:fsdp:backward:wait_weights:layers.5.ffn.w3,1417337716,132673,1141886221,42194,PushPop,9491,9872,1,0,0,3010,,:3010
:fsdp:backward:compute:layers.5.ffn.w3,1417473142,3099658,1141940107,82545,PushPop,9491,9872,3,0,0,3011,,:3011
:fsdp:backward:reduce_scatter:layers.5.ffn.w3,1420673026,2159869,1147217896,154632,PushPop,9491,9872,4,0,0,3012,,:3012
:fsdp:backward:all_gather:layers.5.ffn.w1,1423509161,2158302,1147504995,123132,PushPop,9491,9872,3,0,0,3013,,:3013
:fsdp:backward:wait_weights:layers.5.ffn.w1,1425669095,132737,1147634757,43485,PushPop,9491,9872,1,0,0,3014,,:3014
:fsdp:backward:compute:layers.5.ffn.w1,1425804488,3095915,1147690827,87404,PushPop,9491,9872,3,0,0,3015,,:3015
:fsdp:backward:reduce_scatter:layers.5.ffn.w1,1429002357,2157949,1147829967,153591,PushPop,9491,9872,4,0,0,3016,,:3016
:fsdp:backward:all_gather:layers.5.attn.output_proj,1431373621,537448,1149444987,123880,PushPop,9491,9872,3,0,0,3017,,:3017
:fsdp:backward:wait_weights:layers.5.attn.output_proj,1431913501,9760,1149575515,44928,PushPop,9491,9872,1,0,0,3018,,:3018
:fsdp:backward:compute:layers.5.attn.output_proj,1431926013,821835,1149632769,88992,PushPop,9491,9872,4,0,0,3019,,:3019
:fsdp:backward:reduce_scatter:layers.5.attn.output_proj,1432758440,549704,1149775202,158749,PushPop,9491,9872,4,0,0,3020,,:3020
:fsdp:backward:all_gather:layers.5.attn.v_proj,1436764992,537671,1155777406,171610,PushPop,9491,9872,3,0,0,3021,,:3021
:fsdp:backward:wait_weights:layers.5.attn.v_proj,1437304935,9312,1155957770,46903,PushPop,9491,9872,1,0,0,3022,,:3022
:fsdp:backward:compute:layers.5.attn.v_proj,1437315463,828460,1156019655,1249121,PushPop,9491,9872,4,0,0,3023,,:3023
:fsdp:backward:reduce_scatter:layers.5.attn.v_proj,1438154995,550727,1157328139,170700,PushPop,9491,9872,4,0,0,3024,,:3024
:fsdp:backward:all_gather:layers.5.attn.k_proj,1438707610,536136,1157563746,112470,PushPop,9491,9872,3,0,0,3025,,:3025
:fsdp:backward:wait_weights:layers.5.attn.k_proj,1439245442,9376,1157682085,41165,PushPop,9491,9872,1,0,0,3026,,:3026
:fsdp:backward:compute:layers.5.attn.k_proj,1439256002,829675,1157735953,930947,PushPop,9491,9872,4,0,0,3027,,:3027
:fsdp:backward:reduce_scatter:layers.5.attn.k_proj,1440097518,548775,1158720793,165032,PushPop,9491,9872,4,0,0,3028,,:3028
:fsdp:backward:all_gather:layers.5.attn.q_proj,1440686998,533479,1158964262,109346,PushPop,9491,9872,3,0,0,3029,,:3029
:fsdp:backward:wait_weights:layers.5.attn.q_proj,1441222813,9408,1159079723,41701,PushPop,9491,9872,1,0,0,3030,,:3030
:fsdp:backward:compute:layers.5.attn.q_proj,1441233341,832556,1159133057,81202,PushPop,9491,9872,4,0,0,3031,,:3031
:fsdp:backward:reduce_scatter:layers.5.attn.q_proj,1442076937,547655,1159264827,154323,PushPop,9491,9872,4,0,0,3032,,:3032
:fsdp:backward:all_gather:layers.4.ffn.w2,1442840499,2149566,1169101754,132861,PushPop,9491,9872,3,0,0,3033,,:3033
:fsdp:backward:wait_weights:layers.4.ffn.w2,1444991217,133410,1169242118,44840,PushPop,9491,9872,1,0,0,3034,,:3034
:fsdp:backward:compute:layers.4.ffn.w2,1445126707,2960041,1169300081,5117469,PushPop,9491,9872,3,0,0,3035,,:3035
:fsdp:backward:reduce_scatter:layers.4.ffn.w2,1448187261,2150046,1174470667,159251,PushPop,9491,9872,4,0,0,3036,,:3036
:fsdp:backward:all_gather:layers.4.ffn.w3,1450677280,2155229,1177270285,118916,PushPop,9491,9872,3,0,0,3037,,:3037
:fsdp:backward:wait_weights:layers.4.ffn.w3,1452834141,131906,1177395431,43487,PushPop,9491,9872,1,0,0,3038,,:3038
:fsdp:backward:compute:layers.4.ffn.w3,1452967519,3098571,1177451442,85492,PushPop,9491,9872,3,0,0,3039,,:3039
:fsdp:backward:reduce_scatter:layers.4.ffn.w3,1456168427,2159870,1182722514,160513,PushPop,9491,9872,4,0,0,3040,,:3040
:fsdp:backward:all_gather:layers.4.ffn.w1,1459008690,2152062,1183011747,108640,PushPop,9491,9872,3,0,0,3041,,:3041
:fsdp:backward:wait_weights:layers.4.ffn.w1,1461161424,131810,1183126366,42425,PushPop,9491,9872,1,0,0,3042,,:3042
:fsdp:backward:compute:layers.4.ffn.w1,1461294770,3099627,1183181290,82790,PushPop,9491,9872,3,0,0,3043,,:3043
:fsdp:backward:reduce_scatter:layers.4.ffn.w1,1464495710,2151870,1183316062,142146,PushPop,9491,9872,4,0,0,3044,,:3044
:fsdp:backward:all_gather:layers.4.attn.output_proj,1466860799,540615,1184952539,126374,PushPop,9491,9872,3,0,0,3045,,:3045
:fsdp:backward:wait_weights:layers.4.attn.output_proj,1467402758,9344,1185085436,42143,PushPop,9491,9872,1,0,0,3046,,:3046
:fsdp:backward:compute:layers.4.attn.output_proj,1467413254,823180,1185140713,87385,PushPop,9491,9872,4,0,0,3047,,:3047
:fsdp:backward:reduce_scatter:layers.4.attn.output_proj,1468247666,551848,1185278692,152855,PushPop,9491,9872,4,0,0,3048,,:3048
:fsdp:backward:all_gather:layers.4.attn.v_proj,1472256297,537032,1191291948,173089,PushPop,9491,9872,3,0,0,3049,,:3049
:fsdp:backward:wait_weights:layers.4.attn.v_proj,1472794225,9248,1191474389,47102,PushPop,9491,9872,1,0,0,3050,,:3050
:fsdp:backward:compute:layers.4.attn.v_proj,1472804721,826347,1191536088,1242372,PushPop,9491,9872,4,0,0,3051,,:3051
:fsdp:backward:reduce_scatter:layers.4.attn.v_proj,1473642204,551784,1192836814,168370,PushPop,9491,9872,4,0,0,3052,,:3052
:fsdp:backward:all_gather:layers.4.attn.k_proj,1474195812,534727,1193070653,115448,PushPop,9491,9872,3,0,0,3053,,:3053
:fsdp:backward:wait_weights:layers.4.attn.k_proj,1474732651,9345,1193193029,41740,PushPop,9491,9872,1,0,0,3054,,:3054
:fsdp:backward:compute:layers.4.attn.k_proj,1474743308,829131,1193247368,928618,PushPop,9491,9872,4,0,0,3055,,:3055
:fsdp:backward:reduce_scatter:layers.4.attn.k_proj,1475582711,547688,1194227442,151269,PushPop,9491,9872,4,0,0,3056,,:3056
:fsdp:backward:all_gather:layers.4.attn.q_proj,1476171135,534344,1194454500,114491,PushPop,9491,9872,3,0,0,3057,,:3057
:fsdp:backward:wait_weights:layers.4.attn.q_proj,1476708007,9312,1194575161,41092,PushPop,9491,9872,1,0,0,3058,,:3058
:fsdp:backward:compute:layers.4.attn.q_proj,1476718503,829291,1194628196,79226,PushPop,9491,9872,4,0,0,3059,,:3059
:fsdp:backward:reduce_scatter:layers.4.attn.q_proj,1477558034,549800,1194756786,168385,PushPop,9491,9872,4,0,0,3060,,:3060
:fsdp:backward:all_gather:layers.3.ffn.w2,1478326685,2144158,1204593790,156132,PushPop,9491,9872,3,0,0,3061,,:3061
:fsdp:backward:wait_weights:layers.3.ffn.w2,1480473307,133537,1204757735,48361,PushPop,9491,9872,1,0,0,3062,,:3062
:fsdp:backward:compute:layers.3.ffn.w2,1480607868,2962441,1204819757,5090582,PushPop,9491,9872,3,0,0,3063,,:3063
:fsdp:backward:reduce_scatter:layers.3.ffn.w2,1483670375,2153789,1209968400,169363,PushPop,9491,9872,4,0,0,3064,,:3064
:fsdp:backward:all_gather:layers.3.ffn.w3,1486164489,2155486,1212757172,115650,PushPop,9491,9872,3,0,0,3065,,:3065
:fsdp:backward:wait_weights:layers.3.ffn.w3,1488321351,130402,1212879175,43639,PushPop,9491,9872,1,0,0,3066,,:3066
:fsdp:backward:compute:layers.3.ffn.w3,1488452681,3096778,1212935258,82681,PushPop,9491,9872,3,0,0,3067,,:3067
:fsdp:backward:reduce_scatter:layers.3.ffn.w3,1491649493,2143677,1218201179,175697,PushPop,9491,9872,4,0,0,3068,,:3068
:fsdp:backward:all_gather:layers.3.ffn.w1,1494471292,2158845,1218504809,122483,PushPop,9491,9872,3,0,0,3069,,:3069
:fsdp:backward:wait_weights:layers.3.ffn.w1,1496632250,129569,1218633530,41687,PushPop,9491,9872,1,0,0,3070,,:3070
:fsdp:backward:compute:layers.3.ffn.w1,1496763515,3099947,1218687593,82473,PushPop,9491,9872,3,0,0,3071,,:3071
:fsdp:backward:reduce_scatter:layers.3.ffn.w1,1499964487,2155934,1218821307,158448,PushPop,9491,9872,4,0,0,3072,,:3072
:fsdp:backward:all_gather:layers.3.attn.output_proj,1502333672,537256,1220428480,129775,PushPop,9491,9872,3,0,0,3073,,:3073
:fsdp:backward:wait_weights:layers.3.attn.output_proj,1502871568,9280,1220565103,43273,PushPop,9491,9872,1,0,0,3074,,:3074
:fsdp:backward:compute:layers.3.attn.output_proj,1502881968,826411,1220621142,88066,PushPop,9491,9872,4,0,0,3075,,:3075
:fsdp:backward:reduce_scatter:layers.3.attn.output_proj,1503720539,549864,1220763574,163373,PushPop,9491,9872,4,0,0,3076,,:3076
:fsdp:backward:all_gather:layers.3.attn.v_proj,1507728147,540423,1226781227,177600,PushPop,9491,9872,3,0,0,3077,,:3077
:fsdp:backward:wait_weights:layers.3.attn.v_proj,1508270138,9376,1226967479,46556,PushPop,9491,9872,1,0,0,3078,,:3078
:fsdp:backward:compute:layers.3.attn.v_proj,1508280538,830156,1227028297,1243247,PushPop,9491,9872,4,0,0,3079,,:3079
:fsdp:backward:reduce_scatter:layers.3.attn.v_proj,1509122214,549831,1228327127,169719,PushPop,9491,9872,4,0,0,3080,,:3080
:fsdp:backward:all_gather:layers.3.attn.k_proj,1509673837,533640,1228562545,120164,PushPop,9491,9872,3,0,0,3081,,:3081
:fsdp:backward:wait_weights:layers.3.attn.k_proj,1510209621,9376,1228689370,41760,PushPop,9491,9872,1,0,0,3082,,:3082
:fsdp:backward:compute:layers.3.attn.k_proj,1510220149,828331,1228743201,924846,PushPop,9491,9872,4,0,0,3083,,:3083
:fsdp:backward:reduce_scatter:layers.3.attn.k_proj,1511059681,549735,1229721237,163336,PushPop,9491,9872,4,0,0,3084,,:3084
:fsdp:backward:all_gather:layers.3.attn.q_proj,1511650153,534535,1229963753,122364,PushPop,9491,9872,3,0,0,3085,,:3085
:fsdp:backward:wait_weights:layers.3.attn.q_proj,1512187024,9344,1230092237,42508,PushPop,9491,9872,1,0,0,3086,,:3086
:fsdp:backward:compute:layers.3.attn.q_proj,1512197520,831020,1230146573,80738,PushPop,9491,9872,4,0,0,3087,,:3087
:fsdp:backward:reduce_scatter:layers.3.attn.q_proj,1513039100,549735,1230276204,145802,PushPop,9491,9872,4,0,0,3088,,:3088
:fsdp:backward:all_gather:layers.2.ffn.w2,1513807750,2147454,1240076175,139377,PushPop,9491,9872,3,0,0,3089,,:3089
:fsdp:backward:wait_weights:layers.2.ffn.w2,1515956420,131586,1240222388,46572,PushPop,9491,9872,1,0,0,3090,,:3090
:fsdp:backward:compute:layers.2.ffn.w2,1516089958,2959113,1240281987,5125783,PushPop,9491,9872,3,0,0,3091,,:3091
:fsdp:backward:reduce_scatter:layers.2.ffn.w2,1519151440,2143614,1245461687,165748,PushPop,9491,9872,4,0,0,3092,,:3092
:fsdp:backward:all_gather:layers.2.ffn.w3,1521633266,2147870,1248248586,116960,PushPop,9491,9872,3,0,0,3093,,:3093
:fsdp:backward:wait_weights:layers.2.ffn.w3,1523781936,132706,1248372361,44672,PushPop,9491,9872,1,0,0,3094,,:3094
:fsdp:backward:compute:layers.2.ffn.w3,1523917426,3099531,1248429596,86751,PushPop,9491,9872,3,0,0,3095,,:3095
:fsdp:backward:reduce_scatter:layers.2.ffn.w3,1527118238,2166302,1253710486,174046,PushPop,9491,9872,4,0,0,3096,,:3096
:fsdp:backward:all_gather:layers.2.ffn.w1,1529962629,2149726,1254013382,110942,PushPop,9491,9872,3,0,0,3097,,:3097
:fsdp:backward:wait_weights:layers.2.ffn.w1,1532113283,133410,1254130235,42809,PushPop,9491,9872,1,0,0,3098,,:3098
:fsdp:backward:compute:layers.2.ffn.w1,1532248709,3102027,1254185297,83394,PushPop,9491,9872,3,0,0,3099,,:3099
:fsdp:backward:reduce_scatter:layers.2.ffn.w1,1535451697,2150814,1254317438,155180,PushPop,9491,9872,4,0,0,3100,,:3100
:fsdp:backward:all_gather:layers.2.attn.output_proj,1537810386,536551,1255945158,143130,PushPop,9491,9872,3,0,0,3101,,:3101
:fsdp:backward:wait_weights:layers.2.attn.output_proj,1538349529,10112,1256095943,46724,PushPop,9491,9872,1,0,0,3102,,:3102
:fsdp:backward:compute:layers.2.attn.output_proj,1538362041,824812,1256156437,93855,PushPop,9491,9872,4,0,0,3103,,:3103
:fsdp:backward:reduce_scatter:layers.2.attn.output_proj,1539197541,549895,1256305958,162936,PushPop,9491,9872,4,0,0,3104,,:3104
:fsdp:backward:all_gather:layers.2.attn.v_proj,1543203100,534631,1262290985,174823,PushPop,9491,9872,3,0,0,3105,,:3105
:fsdp:backward:wait_weights:layers.2.attn.v_proj,1543739939,9312,1262474191,45212,PushPop,9491,9872,1,0,0,3106,,:3106
:fsdp:backward:compute:layers.2.attn.v_proj,1543750499,824428,1262533404,1248022,PushPop,9491,9872,4,0,0,3107,,:3107
:fsdp:backward:reduce_scatter:layers.2.attn.v_proj,1544585903,549864,1263838903,181644,PushPop,9491,9872,4,0,0,3108,,:3108
:fsdp:backward:all_gather:layers.2.attn.k_proj,1545137495,533895,1264089128,116399,PushPop,9491,9872,3,0,0,3109,,:3109
:fsdp:backward:wait_weights:layers.2.attn.k_proj,1545672254,9728,1264212078,42905,PushPop,9491,9872,1,0,0,3110,,:3110
:fsdp:backward:compute:layers.2.attn.k_proj,1545684830,827052,1264267269,911780,PushPop,9491,9872,4,0,0,3111,,:3111
:fsdp:backward:reduce_scatter:layers.2.attn.k_proj,1546522314,547655,1265231489,168045,PushPop,9491,9872,4,0,0,3112,,:3112
:fsdp:backward:all_gather:layers.2.attn.q_proj,1547110738,534919,1265477196,110432,PushPop,9491,9872,3,0,0,3113,,:3113
:fsdp:backward:wait_weights:layers.2.attn.q_proj,1547646585,9664,1265594225,40633,PushPop,9491,9872,1,0,0,3114,,:3114
:fsdp:backward:compute:layers.2.attn.q_proj,1547658201,826476,1265646479,82547,PushPop,9491,9872,4,0,0,3115,,:3115
:fsdp:backward:reduce_scatter:layers.2.attn.q_proj,1548495589,547912,1265777537,152594,PushPop,9491,9872,4,0,0,3116,,:3116
:fsdp:backward:all_gather:layers.1.ffn.w2,1549260207,2158046,1275650580,161800,PushPop,9491,9872,3,0,0,3117,,:3117
:fsdp:backward:wait_weights:layers.1.ffn.w2,1551419021,135522,1275821677,47181,PushPop,9491,9872,1,0,0,3118,,:3118
:fsdp:backward:compute:layers.1.ffn.w2,1551556559,2966857,1275882650,5023247,PushPop,9491,9872,3,0,0,3119,,:3119
:fsdp:backward:reduce_scatter:layers.1.ffn.w2,1554624313,2139518,1280968834,167672,PushPop,9491,9872,4,0,0,3120,,:3120
:fsdp:backward:all_gather:layers.1.ffn.w3,1557102044,2149597,1283755895,118252,PushPop,9491,9872,3,0,0,3121,,:3121
:fsdp:backward:wait_weights:layers.1.ffn.w3,1559252761,133410,1283880399,46388,PushPop,9491,9872,1,0,0,3122,,:3122
:fsdp:backward:compute:layers.1.ffn.w3,1559388187,3096779,1283939681,84139,PushPop,9491,9872,3,0,0,3123,,:3123
:fsdp:backward:reduce_scatter:layers.1.ffn.w3,1562587047,2157886,1289210553,155350,PushPop,9491,9872,4,0,0,3124,,:3124
:fsdp:backward:all_gather:layers.1.ffn.w1,1565421134,2153822,1289491532,118251,PushPop,9491,9872,3,0,0,3125,,:3125
:fsdp:backward:wait_weights:layers.1.ffn.w1,1567575948,130402,1289616229,42002,PushPop,9491,9872,1,0,0,3126,,:3126
:fsdp:backward:compute:layers.1.ffn.w1,1567707182,3096779,1289670222,80904,PushPop,9491,9872,3,0,0,3127,,:3127
:fsdp:backward:reduce_scatter:layers.1.ffn.w1,1570904090,2149630,1289800237,147729,PushPop,9491,9872,4,0,0,3128,,:3128
:fsdp:backward:all_gather:layers.1.attn.output_proj,1573263003,537415,1291446116,133441,PushPop,9491,9872,3,0,0,3129,,:3129
:fsdp:backward:wait_weights:layers.1.attn.output_proj,1573802946,9280,1291587072,48573,PushPop,9491,9872,1,0,0,3130,,:3130
:fsdp:backward:compute:layers.1.attn.output_proj,1573813506,822860,1291649424,94026,PushPop,9491,9872,4,0,0,3131,,:3131
:fsdp:backward:reduce_scatter:layers.1.attn.output_proj,1574646862,548775,1291802144,154599,PushPop,9491,9872,4,0,0,3132,,:3132
:fsdp:backward:all_gather:layers.1.attn.v_proj,1578655461,532807,1297777649,172236,PushPop,9491,9872,3,0,0,3133,,:3133
:fsdp:backward:wait_weights:layers.1.attn.v_proj,1579190284,9441,1297959346,47075,PushPop,9491,9872,1,0,0,3134,,:3134
:fsdp:backward:compute:layers.1.attn.v_proj,1579200781,829643,1298020659,1243683,PushPop,9491,9872,4,0,0,3135,,:3135
:fsdp:backward:reduce_scatter:layers.1.attn.v_proj,1580042360,549768,1299324175,174082,PushPop,9491,9872,4,0,0,3136,,:3136
:fsdp:backward:all_gather:layers.1.attn.k_proj,1580593984,535143,1299565467,118275,PushPop,9491,9872,3,0,0,3137,,:3137
:fsdp:backward:wait_weights:layers.1.attn.k_proj,1581129799,9600,1299689861,41962,PushPop,9491,9872,1,0,0,3138,,:3138
:fsdp:backward:compute:layers.1.attn.k_proj,1581140295,829004,1299743720,920777,PushPop,9491,9872,4,0,0,3139,,:3139
:fsdp:backward:reduce_scatter:layers.1.attn.k_proj,1581980819,551879,1300715787,152198,PushPop,9491,9872,4,0,0,3140,,:3140
:fsdp:backward:all_gather:layers.1.attn.q_proj,1582573371,534919,1300942907,116880,PushPop,9491,9872,3,0,0,3141,,:3141
:fsdp:backward:wait_weights:layers.1.attn.q_proj,1583109218,9345,1301065687,41372,PushPop,9491,9872,1,0,0,3142,,:3142
:fsdp:backward:compute:layers.1.attn.q_proj,1583119683,828171,1301119146,80345,PushPop,9491,9872,4,0,0,3143,,:3143
:fsdp:backward:reduce_scatter:layers.1.attn.q_proj,1583958222,551752,1301249548,156709,PushPop,9491,9872,4,0,0,3144,,:3144
:fsdp:backward:all_gather:layers.0.ffn.w2,1584720729,2161597,1311069798,155405,PushPop,9491,9872,3,0,0,3145,,:3145
:fsdp:backward:wait_weights:layers.0.ffn.w2,1586884759,130081,1311233047,51884,PushPop,9491,9872,1,0,0,3146,,:3146
:fsdp:backward:compute:layers.0.ffn.w2,1587016120,2959465,1311298704,5092092,PushPop,9491,9872,3,0,0,3147,,:3147
:fsdp:backward:reduce_scatter:layers.0.ffn.w2,1590074659,2154013,1316448120,170017,PushPop,9491,9872,4,0,0,3148,,:3148
:fsdp:backward:all_gather:layers.0.ffn.w3,1592566725,2150686,1319235498,114179,PushPop,9491,9872,3,0,0,3149,,:3149
:fsdp:backward:wait_weights:layers.0.ffn.w3,1594719491,129505,1319355767,42433,PushPop,9491,9872,1,0,0,3150,,:3150
:fsdp:backward:compute:layers.0.ffn.w3,1594850884,3099499,1319410681,86880,PushPop,9491,9872,3,0,0,3151,,:3151
:fsdp:backward:reduce_scatter:layers.0.ffn.w3,1598051729,2149693,1324695593,151504,PushPop,9491,9872,4,0,0,3152,,:3152
:fsdp:backward:all_gather:layers.0.ffn.w1,1600877624,2150269,1324970366,122548,PushPop,9491,9872,3,0,0,3153,,:3153
:fsdp:backward:wait_weights:layers.0.ffn.w1,1603030389,131618,1325099832,44017,PushPop,9491,9872,1,0,0,3154,,:3154
:fsdp:backward:compute:layers.0.ffn.w1,1603163703,3101323,1325156745,82492,PushPop,9491,9872,3,0,0,3155,,:3155
:fsdp:backward:reduce_scatter:layers.0.ffn.w1,1606365699,2142686,1325290584,144678,PushPop,9491,9872,4,0,0,3156,,:3156
:fsdp:backward:all_gather:layers.0.attn.output_proj,1608719492,540839,1326937243,134550,PushPop,9491,9872,3,0,0,3157,,:3157
:fsdp:backward:wait_weights:layers.0.attn.output_proj,1609262507,9472,1327078327,47409,PushPop,9491,9872,1,0,0,3158,,:3158
:fsdp:backward:compute:layers.0.attn.output_proj,1609273067,822828,1327137938,90773,PushPop,9491,9872,4,0,0,3159,,:3159
:fsdp:backward:reduce_scatter:layers.0.attn.output_proj,1610106423,547783,1327281323,159253,PushPop,9491,9872,4,0,0,3160,,:3160
:fsdp:backward:all_gather:layers.0.attn.v_proj,1614111982,537064,1333270114,171817,PushPop,9491,9872,3,0,0,3161,,:3161
:fsdp:backward:wait_weights:layers.0.attn.v_proj,1614649878,9152,1333450217,48080,PushPop,9491,9872,1,0,0,3162,,:3162
:fsdp:backward:compute:layers.0.attn.v_proj,1614660310,829483,1333512594,1245501,PushPop,9491,9872,4,0,0,3163,,:3163
:fsdp:backward:reduce_scatter:layers.0.attn.v_proj,1615500929,552872,1334816301,166093,PushPop,9491,9872,4,0,0,3164,,:3164
:fsdp:backward:all_gather:layers.0.attn.k_proj,1616055561,535079,1335053830,123514,PushPop,9491,9872,3,0,0,3165,,:3165
:fsdp:backward:wait_weights:layers.0.attn.k_proj,1616591408,9344,1335183910,45299,PushPop,9491,9872,1,0,0,3166,,:3166
:fsdp:backward:compute:layers.0.attn.k_proj,1616601904,827308,1335241611,915315,PushPop,9491,9872,4,0,0,3167,,:3167
:fsdp:backward:reduce_scatter:layers.0.attn.k_proj,1617439388,552840,1336209023,154178,PushPop,9491,9872,4,0,0,3168,,:3168
:fsdp:backward:all_gather:layers.0.attn.q_proj,1618032964,535208,1336443550,119877,PushPop,9491,9872,3,0,0,3169,,:3169
:fsdp:backward:wait_weights:layers.0.attn.q_proj,1618568844,9120,1336569443,41815,PushPop,9491,9872,1,0,0,3170,,:3170
:fsdp:backward:compute:layers.0.attn.q_proj,1618579276,826891,1336622816,80116,PushPop,9491,9872,4,0,0,3171,,:3171
:fsdp:backward:reduce_scatter:layers.0.attn.q_proj,1619416759,549896,1336752743,148884,PushPop,9491,9872,4,0,0,3172,,:3172
:fsdp:backward:compute:token_embeddings,1620174722,97089,1346551640,68012,PushPop,9491,9872,2,0,0,3173,,:3173
:fsdp:backward:reduce_scatter:token_embeddings,1620371140,2122238,1351860460,180223,PushPop,9491,9872,4,0,0,3174,,:3174
NCCL:API Group,22969813,9426845,22878824,125852,StartEnd,9492,9492,1,0,1,3176,,:3176
NCCL:GroupLaunch,22969813,9426845,22895135,108877,StartEnd,9492,9492,1,1,0,3178,3176,:3176:3178
NCCL:API Group,32633014,546153,23376561,34728,StartEnd,9492,9492,1,0,1,3180,,:3180
NCCL:GroupLaunch,32633014,546153,23379438,31587,StartEnd,9492,9492,1,1,0,3182,3180,:3180:3182
NCCL:API Group,33208127,529609,23985768,33418,StartEnd,9492,9492,1,0,1,3184,,:3184
NCCL:GroupLaunch,33208127,529609,23991288,27614,StartEnd,9492,9492,1,1,0,3186,3184,:3184:3186
NCCL:API Group,33805033,527465,24389745,30123,StartEnd,9492,9492,1,0,1,3188,,:3188
NCCL:GroupLaunch,33805033,527465,24392778,26696,StartEnd,9492,9492,1,1,0,3190,3188,:3188:3190
NCCL:API Group,34410675,523209,24691169,29927,StartEnd,9492,9492,1,0,1,3192,,:3192
NCCL:GroupLaunch,34410675,523209,24693753,27243,StartEnd,9492,9492,1,1,0,3194,3192,:3192:3194
NCCL:API Group,36604312,2071810,26011700,40295,StartEnd,9492,9492,1,0,1,3196,,:3196
NCCL:GroupLaunch,36604312,2071810,26019707,32009,StartEnd,9492,9492,1,1,0,3198,3196,:3196:3198
NCCL:API Group,38909310,2061058,26528058,39215,StartEnd,9492,9492,1,0,1,3200,,:3200
NCCL:GroupLaunch,38909310,2061058,26531489,34271,StartEnd,9492,9492,1,1,0,3202,3200,:3200:3202
NCCL:API Group,41485577,2065090,26909550,36833,StartEnd,9492,9492,1,0,1,3204,,:3204
NCCL:GroupLaunch,41485577,2065090,26912538,33502,StartEnd,9492,9492,1,1,0,3206,3204,:3204:3206
NCCL:API Group,45961395,534345,27231900,26653,StartEnd,9492,9492,1,0,1,3208,,:3208
NCCL:GroupLaunch,45961395,534345,27234509,23771,StartEnd,9492,9492,1,1,0,3210,3208,:3208:3210
NCCL:API Group,46523869,531944,27678691,30683,StartEnd,9492,9492,1,0,1,3212,,:3212
NCCL:GroupLaunch,46523869,531944,27681919,27233,StartEnd,9492,9492,1,1,0,3214,3212,:3212:3214
NCCL:API Group,47120518,524105,27968124,26227,StartEnd,9492,9492,1,0,1,3216,,:3216
NCCL:GroupLaunch,47120518,524105,27972093,22158,StartEnd,9492,9492,1,1,0,3218,3216,:3216:3218
NCCL:API Group,47721200,523817,28233127,23338,StartEnd,9492,9492,1,0,1,3220,,:3220
NCCL:GroupLaunch,47721200,523817,28235423,20939,StartEnd,9492,9492,1,1,0,3222,3220,:3220:3222
NCCL:API Group,49916821,2063074,29315228,41459,StartEnd,9492,9492,1,0,1,3224,,:3224
NCCL:GroupLaunch,49916821,2063074,29319788,36710,StartEnd,9492,9492,1,1,0,3226,3224,:3224:3226
NCCL:API Group,52218427,2056578,29809668,33295,StartEnd,9492,9492,1,0,1,3228,,:3228
NCCL:GroupLaunch,52218427,2056578,29814638,28034,StartEnd,9492,9492,1,1,0,3230,3228,:3228:3230
NCCL:API Group,54799430,2119779,30165380,28489,StartEnd,9492,9492,1,0,1,3232,,:3232
NCCL:GroupLaunch,54799430,2119779,30168443,25173,StartEnd,9492,9492,1,1,0,3234,3232,:3232:3234
NCCL:API Group,59143502,536169,30474751,30918,StartEnd,9492,9492,1,0,1,3236,,:3236
NCCL:GroupLaunch,59143502,536169,30478062,27371,StartEnd,9492,9492,1,1,0,3238,3236,:3236:3238
NCCL:API Group,59704855,529353,30957220,34129,StartEnd,9492,9492,1,0,1,3240,,:3240
NCCL:GroupLaunch,59704855,529353,30966326,24777,StartEnd,9492,9492,1,1,0,3242,3240,:3240:3242
NCCL:API Group,60282529,521545,31264577,26090,StartEnd,9492,9492,1,0,1,3244,,:3244
NCCL:GroupLaunch,60282529,521545,31267081,23321,StartEnd,9492,9492,1,1,0,3246,3244,:3244:3246
NCCL:API Group,60862027,522664,31545050,27014,StartEnd,9492,9492,1,0,1,3248,,:3248
NCCL:GroupLaunch,60862027,522664,31547580,24362,StartEnd,9492,9492,1,1,0,3250,3248,:3248:3250
NCCL:API Group,63022191,2055874,32634840,36002,StartEnd,9492,9492,1,0,1,3252,,:3252
NCCL:GroupLaunch,63022191,2055874,32643122,27620,StartEnd,9492,9492,1,1,0,3254,3252,:3252:3254
NCCL:API Group,65312821,2094946,33100726,29277,StartEnd,9492,9492,1,0,1,3256,,:3256
NCCL:GroupLaunch,65312821,2094946,33103958,25848,StartEnd,9492,9492,1,1,0,3258,3256,:3256:3258
NCCL:API Group,67865247,2139108,33444301,29640,StartEnd,9492,9492,1,0,1,3260,,:3260
NCCL:GroupLaunch,67865247,2139108,33447486,26324,StartEnd,9492,9492,1,1,0,3262,3260,:3260:3262
NCCL:API Group,72169543,541801,33745445,31020,StartEnd,9492,9492,1,0,1,3264,,:3264
NCCL:GroupLaunch,72169543,541801,33749316,27047,StartEnd,9492,9492,1,1,0,3266,3264,:3264:3266
NCCL:API Group,72738544,529545,34189270,31383,StartEnd,9492,9492,1,0,1,3268,,:3268
NCCL:GroupLaunch,72738544,529545,34192883,26215,StartEnd,9492,9492,1,1,0,3270,3268,:3268:3270
NCCL:API Group,73318202,524744,34470194,25827,StartEnd,9492,9492,1,0,1,3272,,:3272
NCCL:GroupLaunch,73318202,524744,34472767,23106,StartEnd,9492,9492,1,1,0,3274,3272,:3272:3274
NCCL:API Group,73898595,521609,34746797,25303,StartEnd,9492,9492,1,0,1,3276,,:3276
NCCL:GroupLaunch,73898595,521609,34749292,22702,StartEnd,9492,9492,1,1,0,3278,3276,:3276:3278
NCCL:API Group,76054887,2057666,35813535,35428,StartEnd,9492,9492,1,0,1,3280,,:3280
NCCL:GroupLaunch,76054887,2057666,35817817,30870,StartEnd,9492,9492,1,1,0,3282,3280,:3280:3282
NCCL:API Group,78348045,2094051,36281675,33764,StartEnd,9492,9492,1,0,1,3284,,:3284
NCCL:GroupLaunch,78348045,2094051,36287722,27405,StartEnd,9492,9492,1,1,0,3286,3284,:3284:3286
NCCL:API Group,80895287,2120100,36628542,31959,StartEnd,9492,9492,1,0,1,3288,,:3288
NCCL:GroupLaunch,80895287,2120100,36635311,24907,StartEnd,9492,9492,1,1,0,3290,3288,:3288:3290
NCCL:API Group,83328864,528841,36940821,25732,StartEnd,9492,9492,1,0,1,3292,,:3292
NCCL:GroupLaunch,83328864,528841,36943444,22853,StartEnd,9492,9492,1,1,0,3294,3292,:3292:3294
NCCL:API Group,85366850,530825,37370288,27784,StartEnd,9492,9492,1,0,1,3296,,:3296
NCCL:GroupLaunch,85366850,530825,37374865,22984,StartEnd,9492,9492,1,1,0,3298,3296,:3296:3298
NCCL:API Group,85940235,521929,37646446,24433,StartEnd,9492,9492,1,0,1,3300,,:3300
NCCL:GroupLaunch,85940235,521929,37648855,21771,StartEnd,9492,9492,1,1,0,3302,3300,:3300:3302
NCCL:API Group,86515637,520904,37892683,24626,StartEnd,9492,9492,1,0,1,3304,,:3304
NCCL:GroupLaunch,86515637,520904,37895084,22025,StartEnd,9492,9492,1,1,0,3306,3304,:3304:3306
NCCL:API Group,88666585,2056706,38977628,38247,StartEnd,9492,9492,1,0,1,3308,,:3308
NCCL:GroupLaunch,88666585,2056706,38984500,31155,StartEnd,9492,9492,1,1,0,3310,3308,:3308:3310
NCCL:API Group,92913695,2194213,39474383,31913,StartEnd,9492,9492,1,0,1,3312,,:3312
NCCL:GroupLaunch,92913695,2194213,39477688,28240,StartEnd,9492,9492,1,1,0,3314,3312,:3312:3314
NCCL:API Group,97288072,2159300,39834000,34091,StartEnd,9492,9492,1,0,1,3316,,:3316
NCCL:GroupLaunch,97288072,2159300,39840685,27136,StartEnd,9492,9492,1,1,0,3318,3316,:3316:3318
NCCL:API Group,101577775,544649,40153585,28023,StartEnd,9492,9492,1,0,1,3320,,:3320
NCCL:GroupLaunch,101577775,544649,40157618,23772,StartEnd,9492,9492,1,1,0,3322,3320,:3320:3322
NCCL:API Group,102151001,529960,40594068,30456,StartEnd,9492,9492,1,0,1,3324,,:3324
NCCL:GroupLaunch,102151001,529960,40597579,26693,StartEnd,9492,9492,1,1,0,3326,3324,:3324:3326
NCCL:API Group,102722626,521001,40890059,27933,StartEnd,9492,9492,1,0,1,3328,,:3328
NCCL:GroupLaunch,102722626,521001,40892801,25036,StartEnd,9492,9492,1,1,0,3330,3328,:3328:3330
NCCL:API Group,103296940,523240,41152093,25313,StartEnd,9492,9492,1,0,1,3332,,:3332
NCCL:GroupLaunch,103296940,523240,41156091,21169,StartEnd,9492,9492,1,1,0,3334,3332,:3332:3334
NCCL:API Group,105450543,2065123,42215332,38274,StartEnd,9492,9492,1,0,1,3336,,:3336
NCCL:GroupLaunch,105450543,2065123,42219811,31687,StartEnd,9492,9492,1,1,0,3338,3336,:3336:3338
NCCL:API Group,109706358,2213349,42719088,33867,StartEnd,9492,9492,1,0,1,3340,,:3340
NCCL:GroupLaunch,109706358,2213349,42722723,30021,StartEnd,9492,9492,1,1,0,3342,3340,:3340:3342
NCCL:API Group,113873883,2140260,43077365,27123,StartEnd,9492,9492,1,0,1,3344,,:3344
NCCL:GroupLaunch,113873883,2140260,43080218,24131,StartEnd,9492,9492,1,1,0,3346,3344,:3344:3346
NCCL:API Group,118150082,544009,44669943,33734,StartEnd,9492,9492,1,0,1,3348,,:3348
NCCL:GroupLaunch,118150082,544009,44677131,26311,StartEnd,9492,9492,1,1,0,3350,3348,:3348:3350
NCCL:API Group,118721548,531465,45271098,49772,StartEnd,9492,9492,1,0,1,3352,,:3352
NCCL:GroupLaunch,118721548,531465,45278804,41812,StartEnd,9492,9492,1,1,0,3354,3352,:3352:3354
NCCL:API Group,119298581,521801,45692789,38385,StartEnd,9492,9492,1,0,1,3356,,:3356
NCCL:GroupLaunch,119298581,521801,45696388,34562,StartEnd,9492,9492,1,1,0,3358,3356,:3356:3358
NCCL:API Group,119876095,520489,46080328,40169,StartEnd,9492,9492,1,0,1,3360,,:3360
NCCL:GroupLaunch,119876095,520489,46084009,36153,StartEnd,9492,9492,1,1,0,3362,3360,:3360:3362
NCCL:API Group,122035587,2063746,47571107,49338,StartEnd,9492,9492,1,0,1,3364,,:3364
NCCL:GroupLaunch,122035587,2063746,47580433,39659,StartEnd,9492,9492,1,1,0,3366,3364,:3364:3366
NCCL:API Group,124337225,3884353,48233186,42143,StartEnd,9492,9492,1,0,1,3368,,:3368
NCCL:GroupLaunch,124337225,3884353,48237927,37154,StartEnd,9492,9492,1,1,0,3370,3368,:3368:3370
NCCL:API Group,130177546,2378184,48729687,40330,StartEnd,9492,9492,1,0,1,3372,,:3372
NCCL:GroupLaunch,130177546,2378184,48733713,36140,StartEnd,9492,9492,1,1,0,3374,3372,:3372:3374
NCCL:API Group,134677205,544425,49161747,37734,StartEnd,9492,9492,1,0,1,3376,,:3376
NCCL:GroupLaunch,134677205,544425,49167013,32132,StartEnd,9492,9492,1,1,0,3378,3376,:3376:3378
NCCL:API Group,135251326,530345,49770973,37104,StartEnd,9492,9492,1,0,1,3380,,:3380
NCCL:GroupLaunch,135251326,530345,49775404,32376,StartEnd,9492,9492,1,1,0,3382,3380,:3380:3382
NCCL:API Group,135822056,529097,50169879,35794,StartEnd,9492,9492,1,0,1,3384,,:3384
NCCL:GroupLaunch,135822056,529097,50173537,31975,StartEnd,9492,9492,1,1,0,3386,3384,:3384:3386
NCCL:API Group,136396049,523177,50526890,54004,StartEnd,9492,9492,1,0,1,3388,,:3388
NCCL:GroupLaunch,136396049,523177,50532313,48268,StartEnd,9492,9492,1,1,0,3390,3388,:3388:3390
NCCL:API Group,138535541,2066178,52033370,51032,StartEnd,9492,9492,1,0,1,3392,,:3392
NCCL:GroupLaunch,138535541,2066178,52039462,44694,StartEnd,9492,9492,1,1,0,3394,3392,:3392:3394
NCCL:API Group,142552696,2193636,52717616,46800,StartEnd,9492,9492,1,0,1,3396,,:3396
NCCL:GroupLaunch,142552696,2193636,52722488,41685,StartEnd,9492,9492,1,1,0,3398,3396,:3396:3398
NCCL:API Group,144979360,2152996,53215440,44614,StartEnd,9492,9492,1,0,1,3400,,:3400
NCCL:GroupLaunch,144979360,2152996,53222525,37142,StartEnd,9492,9492,1,1,0,3402,3400,:3400:3402
NCCL:API Group,147408776,2405288,53668876,39104,StartEnd,9492,9492,1,0,1,3404,,:3404
NCCL:GroupLaunch,147408776,2405288,53672827,33485,StartEnd,9492,9492,1,1,0,3406,3404,:3404:3406
NCCL:API Group,149849265,533481,54310867,43997,StartEnd,9492,9492,1,0,1,3408,,:3408
NCCL:GroupLaunch,149849265,533481,54317048,37548,StartEnd,9492,9492,1,1,0,3410,3408,:3408:3410
NCCL:API Group,150428411,527304,54746731,37521,StartEnd,9492,9492,1,0,1,3412,,:3412
NCCL:GroupLaunch,150428411,527304,54750319,33717,StartEnd,9492,9492,1,1,0,3414,3412,:3412:3414
NCCL:API Group,151008836,522729,55125878,37570,StartEnd,9492,9492,1,0,1,3416,,:3416
NCCL:GroupLaunch,151008836,522729,55129220,33949,StartEnd,9492,9492,1,1,0,3418,3416,:3416:3418
NCCL:API Group,153157448,2067074,56608124,55336,StartEnd,9492,9492,1,0,1,3420,,:3420
NCCL:GroupLaunch,153157448,2067074,56616028,47099,StartEnd,9492,9492,1,1,0,3422,3420,:3420:3422
NCCL:API Group,157419887,2204996,57293066,42594,StartEnd,9492,9492,1,0,1,3424,,:3424
NCCL:GroupLaunch,157419887,2204996,57297553,37824,StartEnd,9492,9492,1,1,0,3426,3424,:3424:3426
NCCL:API Group,159854839,2148292,57803794,41072,StartEnd,9492,9492,1,0,1,3428,,:3428
NCCL:GroupLaunch,159854839,2148292,57807775,36804,StartEnd,9492,9492,1,1,0,3430,3428,:3428:3430
NCCL:API Group,164174399,536265,58231251,38162,StartEnd,9492,9492,1,0,1,3432,,:3432
NCCL:GroupLaunch,164174399,536265,58237189,32017,StartEnd,9492,9492,1,1,0,3434,3432,:3432:3434
NCCL:API Group,164736232,535785,58851409,38736,StartEnd,9492,9492,1,0,1,3436,,:3436
NCCL:GroupLaunch,164736232,535785,58855889,33989,StartEnd,9492,9492,1,1,0,3438,3436,:3436:3438
NCCL:API Group,165310034,526120,59248633,36739,StartEnd,9492,9492,1,0,1,3440,,:3440
NCCL:GroupLaunch,165310034,526120,59252178,32980,StartEnd,9492,9492,1,1,0,3442,3440,:3440:3442
NCCL:API Group,165881883,527273,59604001,36454,StartEnd,9492,9492,1,0,1,3444,,:3444
NCCL:GroupLaunch,165881883,527273,59608871,31382,StartEnd,9492,9492,1,1,0,3446,3444,:3444:3446
NCCL:API Group,168033983,2057666,61053233,44283,StartEnd,9492,9492,1,0,1,3448,,:3448
NCCL:GroupLaunch,168033983,2057666,61058901,38366,StartEnd,9492,9492,1,1,0,3450,3448,:3448:3450
NCCL:API Group,170327557,2089763,61696835,41353,StartEnd,9492,9492,1,0,1,3452,,:3452
NCCL:GroupLaunch,170327557,2089763,61701336,36423,StartEnd,9492,9492,1,1,0,3454,3452,:3452:3454
NCCL:API Group,172876655,2128260,62165272,36717,StartEnd,9492,9492,1,0,1,3456,,:3456
NCCL:GroupLaunch,172876655,2128260,62170964,30791,StartEnd,9492,9492,1,1,0,3458,3456,:3456:3458
NCCL:API Group,177193367,545865,62598080,37008,StartEnd,9492,9492,1,0,1,3460,,:3460
NCCL:GroupLaunch,177193367,545865,62602036,32777,StartEnd,9492,9492,1,1,0,3462,3460,:3460:3462
NCCL:API Group,177768417,532585,63233384,41414,StartEnd,9492,9492,1,0,1,3464,,:3464
NCCL:GroupLaunch,177768417,532585,63237623,37014,StartEnd,9492,9492,1,1,0,3466,3464,:3464:3466
NCCL:API Group,178341386,528809,63637494,38789,StartEnd,9492,9492,1,0,1,3468,,:3468
NCCL:GroupLaunch,178341386,528809,63642435,33657,StartEnd,9492,9492,1,1,0,3470,3468,:3468:3470
NCCL:API Group,178919412,526825,64008439,34472,StartEnd,9492,9492,1,0,1,3472,,:3472
NCCL:GroupLaunch,178919412,526825,64011896,29081,StartEnd,9492,9492,1,1,0,3474,3472,:3472:3474
NCCL:API Group,181082712,2060098,65463660,53397,StartEnd,9492,9492,1,0,1,3476,,:3476
NCCL:GroupLaunch,181082712,2060098,65474138,42637,StartEnd,9492,9492,1,1,0,3478,3476,:3476:3478
NCCL:API Group,183378014,3865184,66143265,41438,StartEnd,9492,9492,1,0,1,3480,,:3480
NCCL:GroupLaunch,183378014,3865184,66147661,36849,StartEnd,9492,9492,1,1,0,3482,3480,:3480:3482
NCCL:API Group,187475618,3848736,66641470,41072,StartEnd,9492,9492,1,0,1,3484,,:3484
NCCL:GroupLaunch,187475618,3848736,66645723,36373,StartEnd,9492,9492,1,1,0,3486,3484,:3484:3486
NCCL:API Group,193458949,545001,67075571,40867,StartEnd,9492,9492,1,0,1,3488,,:3488
NCCL:GroupLaunch,193458949,545001,67081959,34056,StartEnd,9492,9492,1,1,0,3490,3488,:3488:3490
NCCL:API Group,194033967,530153,67688154,37891,StartEnd,9492,9492,1,0,1,3492,,:3492
NCCL:GroupLaunch,194033967,530153,67692714,33052,StartEnd,9492,9492,1,1,0,3494,3492,:3492:3494
NCCL:API Group,194604760,524521,68091015,48189,StartEnd,9492,9492,1,0,1,3496,,:3496
NCCL:GroupLaunch,194604760,524521,68105019,33918,StartEnd,9492,9492,1,1,0,3498,3496,:3496:3498
NCCL:API Group,195179682,523241,68493078,36396,StartEnd,9492,9492,1,0,1,3500,,:3500
NCCL:GroupLaunch,195179682,523241,68499279,30046,StartEnd,9492,9492,1,1,0,3502,3500,:3500:3502
NCCL:API Group,197325030,2066370,69964316,49041,StartEnd,9492,9492,1,0,1,3504,,:3504
NCCL:GroupLaunch,197325030,2066370,69970752,42346,StartEnd,9492,9492,1,1,0,3506,3504,:3504:3506
NCCL:API Group,199624556,2097283,70640385,43037,StartEnd,9492,9492,1,0,1,3508,,:3508
NCCL:GroupLaunch,199624556,2097283,70645076,37955,StartEnd,9492,9492,1,1,0,3510,3508,:3508:3510
NCCL:API Group,202179318,2136420,71122147,38512,StartEnd,9492,9492,1,0,1,3512,,:3512
NCCL:GroupLaunch,202179318,2136420,71128414,32099,StartEnd,9492,9492,1,1,0,3514,3512,:3512:3514
NCCL:API Group,204605310,526697,71538055,34737,StartEnd,9492,9492,1,0,1,3516,,:3516
NCCL:GroupLaunch,204605310,526697,71541777,30652,StartEnd,9492,9492,1,1,0,3518,3516,:3516:3518
NCCL:API Group,206643264,546249,72137161,46079,StartEnd,9492,9492,1,0,1,3520,,:3520
NCCL:GroupLaunch,206643264,546249,72141741,41100,StartEnd,9492,9492,1,1,0,3522,3520,:3520:3522
NCCL:API Group,207219210,523273,72547766,43252,StartEnd,9492,9492,1,0,1,3524,,:3524
NCCL:GroupLaunch,207219210,523273,72553689,37174,StartEnd,9492,9492,1,1,0,3526,3524,:3524:3526
NCCL:API Group,207791315,521481,72918509,33169,StartEnd,9492,9492,1,0,1,3528,,:3528
NCCL:GroupLaunch,207791315,521481,72921927,29417,StartEnd,9492,9492,1,1,0,3530,3528,:3528:3530
NCCL:API Group,209933719,2062466,74401314,57366,StartEnd,9492,9492,1,0,1,3532,,:3532
NCCL:GroupLaunch,209933719,2062466,74407447,50983,StartEnd,9492,9492,1,1,0,3534,3532,:3532:3534
NCCL:API Group,212226589,2094563,75116477,43858,StartEnd,9492,9492,1,0,1,3536,,:3536
NCCL:GroupLaunch,212226589,2094563,75121827,38216,StartEnd,9492,9492,1,1,0,3538,3536,:3536:3538
NCCL:API Group,214731879,2152771,75614099,39586,StartEnd,9492,9492,1,0,1,3540,,:3540
NCCL:GroupLaunch,214731879,2152771,75618560,34919,StartEnd,9492,9492,1,1,0,3542,3540,:3540:3542
NCCL:API Group,217160271,2419816,76042034,36373,StartEnd,9492,9492,1,0,1,3544,,:3544
NCCL:GroupLaunch,217160271,2419816,76045848,32328,StartEnd,9492,9492,1,1,0,3546,3544,:3544:3546
NCCL:API Group,219613944,538665,76648807,43324,StartEnd,9492,9492,1,0,1,3548,,:3548
NCCL:GroupLaunch,219613944,538665,76653635,38222,StartEnd,9492,9492,1,1,0,3550,3548,:3548:3550
NCCL:API Group,220185729,526793,77056953,34520,StartEnd,9492,9492,1,0,1,3552,,:3552
NCCL:GroupLaunch,220185729,526793,77060443,30881,StartEnd,9492,9492,1,1,0,3554,3552,:3552:3554
NCCL:API Group,220761931,524265,77428212,34223,StartEnd,9492,9492,1,0,1,3556,,:3556
NCCL:GroupLaunch,220761931,524265,77431721,30568,StartEnd,9492,9492,1,1,0,3558,3556,:3556:3558
NCCL:API Group,222916015,2091298,78922802,49950,StartEnd,9492,9492,1,0,1,3560,,:3560
NCCL:GroupLaunch,222916015,2091298,78928797,43643,StartEnd,9492,9492,1,1,0,3562,3560,:3560:3562
NCCL:API Group,225239317,3904641,79618397,41853,StartEnd,9492,9492,1,0,1,3564,,:3564
NCCL:GroupLaunch,225239317,3904641,79622765,37148,StartEnd,9492,9492,1,1,0,3566,3564,:3564:3566
NCCL:API Group,231094646,2127684,80109411,37777,StartEnd,9492,9492,1,0,1,3568,,:3568
NCCL:GroupLaunch,231094646,2127684,80113344,33546,StartEnd,9492,9492,1,1,0,3570,3568,:3568:3570
NCCL:API Group,233456030,530377,80532654,43839,StartEnd,9492,9492,1,0,1,3572,,:3572
NCCL:GroupLaunch,233456030,530377,80544097,32041,StartEnd,9492,9492,1,1,0,3574,3572,:3572:3574
NCCL:API Group,235504800,533961,81156505,41019,StartEnd,9492,9492,1,0,1,3576,,:3576
NCCL:GroupLaunch,235504800,533961,81161206,35732,StartEnd,9492,9492,1,1,0,3578,3576,:3576:3578
NCCL:API Group,236075721,521865,81547109,33606,StartEnd,9492,9492,1,0,1,3580,,:3580
NCCL:GroupLaunch,236075721,521865,81550701,29867,StartEnd,9492,9492,1,1,0,3582,3580,:3580:3582
NCCL:API Group,236652627,522792,81895881,32975,StartEnd,9492,9492,1,0,1,3584,,:3584
NCCL:GroupLaunch,236652627,522792,81899161,29459,StartEnd,9492,9492,1,1,0,3586,3584,:3584:3586
NCCL:API Group,238800758,2071587,83556566,44447,StartEnd,9492,9492,1,0,1,3588,,:3588
NCCL:GroupLaunch,238800758,2071587,83562145,38623,StartEnd,9492,9492,1,1,0,3590,3588,:3588:3590
NCCL:API Group,242821785,2190917,84213726,39348,StartEnd,9492,9492,1,0,1,3592,,:3592
NCCL:GroupLaunch,242821785,2190917,84218022,34776,StartEnd,9492,9492,1,1,0,3594,3592,:3592:3594
NCCL:API Group,245244450,2137891,84689949,36151,StartEnd,9492,9492,1,0,1,3596,,:3596
NCCL:GroupLaunch,245244450,2137891,84693863,32095,StartEnd,9492,9492,1,1,0,3598,3596,:3596:3598
NCCL:API Group,249592970,535945,85125182,41189,StartEnd,9492,9492,1,0,1,3600,,:3600
NCCL:GroupLaunch,249592970,535945,85129117,37105,StartEnd,9492,9492,1,1,0,3602,3600,:3600:3602
NCCL:API Group,250156659,534217,85748290,38409,StartEnd,9492,9492,1,0,1,3604,,:3604
NCCL:GroupLaunch,250156659,534217,85752574,33799,StartEnd,9492,9492,1,1,0,3606,3604,:3604:3606
NCCL:API Group,250738845,522472,86139811,39507,StartEnd,9492,9492,1,0,1,3608,,:3608
NCCL:GroupLaunch,250738845,522472,86143072,36015,StartEnd,9492,9492,1,1,0,3610,3608,:3608:3610
NCCL:API Group,251319878,527465,86497583,33070,StartEnd,9492,9492,1,0,1,3612,,:3612
NCCL:GroupLaunch,251319878,527465,86500817,29665,StartEnd,9492,9492,1,1,0,3614,3612,:3612:3614
NCCL:API Group,253469898,2050882,87976082,50205,StartEnd,9492,9492,1,0,1,3616,,:3616
NCCL:GroupLaunch,253469898,2050882,87982473,43426,StartEnd,9492,9492,1,1,0,3618,3616,:3616:3618
NCCL:API Group,255755568,2106211,88650286,43937,StartEnd,9492,9492,1,0,1,3620,,:3620
NCCL:GroupLaunch,255755568,2106211,88654815,39118,StartEnd,9492,9492,1,1,0,3622,3620,:3620:3622
NCCL:API Group,260256315,2143267,89881972,47661,StartEnd,9492,9492,1,0,1,3624,,:3624
NCCL:GroupLaunch,260256315,2143267,89887541,41820,StartEnd,9492,9492,1,1,0,3626,3624,:3624:3626
NCCL:API Group,262628098,2368808,90961811,49290,StartEnd,9492,9492,1,0,1,3628,,:3628
NCCL:GroupLaunch,262628098,2368808,90967354,43340,StartEnd,9492,9492,1,1,0,3630,3628,:3628:3630
NCCL:API Group,265028458,532201,91700819,43165,StartEnd,9492,9492,1,0,1,3632,,:3632
NCCL:GroupLaunch,265028458,532201,91705750,37971,StartEnd,9492,9492,1,1,0,3634,3632,:3632:3634
NCCL:API Group,265602228,522856,92128805,35737,StartEnd,9492,9492,1,0,1,3636,,:3636
NCCL:GroupLaunch,265602228,522856,92132299,32095,StartEnd,9492,9492,1,1,0,3638,3636,:3636:3638
NCCL:API Group,266178493,529001,92507384,33476,StartEnd,9492,9492,1,0,1,3640,,:3640
NCCL:GroupLaunch,266178493,529001,92510712,30002,StartEnd,9492,9492,1,1,0,3642,3640,:3640:3642
NCCL:API Group,268329377,2096675,94950531,59369,StartEnd,9492,9492,1,0,1,3644,,:3644
NCCL:GroupLaunch,268329377,2096675,94956783,52898,StartEnd,9492,9492,1,1,0,3646,3644,:3644:3646
NCCL:API Group,270662120,2115811,95659802,50457,StartEnd,9492,9492,1,0,1,3648,,:3648
NCCL:GroupLaunch,270662120,2115811,95664402,45524,StartEnd,9492,9492,1,1,0,3650,3648,:3648:3650
NCCL:API Group,273174577,2141540,96535216,49505,StartEnd,9492,9492,1,0,1,3652,,:3652
NCCL:GroupLaunch,273174577,2141540,96540998,43413,StartEnd,9492,9492,1,1,0,3654,3652,:3652:3654
NCCL:API Group,277492665,539465,97574987,46968,StartEnd,9492,9492,1,0,1,3656,,:3656
NCCL:GroupLaunch,277492665,539465,97580774,40934,StartEnd,9492,9492,1,1,0,3658,3656,:3656:3658
NCCL:API Group,278061411,527624,98303677,43178,StartEnd,9492,9492,1,0,1,3660,,:3660
NCCL:GroupLaunch,278061411,527624,98308516,37924,StartEnd,9492,9492,1,1,0,3662,3660,:3660:3662
NCCL:API Group,278634092,522569,98750884,39814,StartEnd,9492,9492,1,0,1,3664,,:3664
NCCL:GroupLaunch,278634092,522569,98754751,35735,StartEnd,9492,9492,1,1,0,3666,3664,:3664:3666
NCCL:API Group,279208566,523592,99140211,33959,StartEnd,9492,9492,1,0,1,3668,,:3668
NCCL:GroupLaunch,279208566,523592,99143777,30230,StartEnd,9492,9492,1,1,0,3670,3668,:3668:3670
NCCL:API Group,281360025,2059523,101570946,51099,StartEnd,9492,9492,1,0,1,3672,,:3672
NCCL:GroupLaunch,281360025,2059523,101577178,44608,StartEnd,9492,9492,1,1,0,3674,3672,:3672:3674
NCCL:API Group,283653344,2090434,102268984,42582,StartEnd,9492,9492,1,0,1,3676,,:3676
NCCL:GroupLaunch,283653344,2090434,102273525,37745,StartEnd,9492,9492,1,1,0,3678,3676,:3676:3678
NCCL:API Group,286198506,2149572,103107584,35830,StartEnd,9492,9492,1,0,1,3680,,:3680
NCCL:GroupLaunch,286198506,2149572,103112714,30567,StartEnd,9492,9492,1,1,0,3682,3680,:3680:3682
NCCL:API Group,288621746,524201,104076403,34194,StartEnd,9492,9492,1,0,1,3684,,:3684
NCCL:GroupLaunch,288621746,524201,104080590,29793,StartEnd,9492,9492,1,1,0,3686,3684,:3684:3686
NCCL:API Group,290639220,531176,104609350,29368,StartEnd,9492,9492,1,0,1,3688,,:3688
NCCL:GroupLaunch,290639220,531176,104612736,25883,StartEnd,9492,9492,1,1,0,3690,3688,:3688:3690
NCCL:API Group,291217565,521801,104911600,25996,StartEnd,9492,9492,1,0,1,3692,,:3692
NCCL:GroupLaunch,291217565,521801,104914272,23224,StartEnd,9492,9492,1,1,0,3694,3692,:3692:3694
NCCL:API Group,291798183,523433,105177982,31349,StartEnd,9492,9492,1,0,1,3696,,:3696
NCCL:GroupLaunch,291798183,523433,105180663,28379,StartEnd,9492,9492,1,1,0,3698,3696,:3696:3698
NCCL:API Group,293955723,2060834,107084497,37610,StartEnd,9492,9492,1,0,1,3700,,:3700
NCCL:GroupLaunch,293955723,2060834,107089220,32724,StartEnd,9492,9492,1,1,0,3702,3700,:3700:3702
NCCL:API Group,296251313,2093123,107591179,30629,StartEnd,9492,9492,1,0,1,3704,,:3704
NCCL:GroupLaunch,296251313,2093123,107594466,27159,StartEnd,9492,9492,1,1,0,3706,3704,:3704:3706
NCCL:API Group,298754458,2130628,108192024,34721,StartEnd,9492,9492,1,0,1,3708,,:3708
NCCL:GroupLaunch,298754458,2130628,108196047,30546,StartEnd,9492,9492,1,1,0,3710,3708,:3708:3710
NCCL:API Group,303069378,535561,108946440,32571,StartEnd,9492,9492,1,0,1,3712,,:3712
NCCL:GroupLaunch,303069378,535561,108950322,28562,StartEnd,9492,9492,1,1,0,3714,3712,:3712:3714
NCCL:API Group,303631851,529417,109458299,29064,StartEnd,9492,9492,1,0,1,3716,,:3716
NCCL:GroupLaunch,303631851,529417,109461456,25812,StartEnd,9492,9492,1,1,0,3718,3716,:3716:3718
NCCL:API Group,304211477,526057,109770563,26393,StartEnd,9492,9492,1,0,1,3720,,:3720
NCCL:GroupLaunch,304211477,526057,109773325,23529,StartEnd,9492,9492,1,1,0,3722,3720,:3720:3722
NCCL:API Group,304791871,527016,110046939,25889,StartEnd,9492,9492,1,0,1,3724,,:3724
NCCL:GroupLaunch,304791871,527016,110051033,21574,StartEnd,9492,9492,1,1,0,3726,3724,:3724:3726
NCCL:API Group,306952259,2060802,111916248,37718,StartEnd,9492,9492,1,0,1,3728,,:3728
NCCL:GroupLaunch,306952259,2060802,111921371,32263,StartEnd,9492,9492,1,1,0,3730,3728,:3728:3730
NCCL:API Group,309249673,2099427,112417296,30803,StartEnd,9492,9492,1,0,1,3732,,:3732
NCCL:GroupLaunch,309249673,2099427,112420602,27399,StartEnd,9492,9492,1,1,0,3734,3732,:3732:3734
NCCL:API Group,311757970,2140996,113034775,34316,StartEnd,9492,9492,1,0,1,3736,,:3736
NCCL:GroupLaunch,311757970,2140996,113038802,30186,StartEnd,9492,9492,1,1,0,3738,3736,:3736:3738
NCCL:API Group,314185371,2392263,113869462,35666,StartEnd,9492,9492,1,0,1,3740,,:3740
NCCL:GroupLaunch,314185371,2392263,113873556,31315,StartEnd,9492,9492,1,1,0,3742,3740,:3740:3742
NCCL:API Group,316609219,532905,114392493,31651,StartEnd,9492,9492,1,0,1,3744,,:3744
NCCL:GroupLaunch,316609219,532905,114395919,28125,StartEnd,9492,9492,1,1,0,3746,3744,:3744:3746
NCCL:API Group,317185293,524136,114724745,26387,StartEnd,9492,9492,1,0,1,3748,,:3748
NCCL:GroupLaunch,317185293,524136,114727555,23423,StartEnd,9492,9492,1,1,0,3750,3748,:3748:3750
NCCL:API Group,317760342,525641,114998277,31905,StartEnd,9492,9492,1,0,1,3752,,:3752
NCCL:GroupLaunch,317760342,525641,115000932,29028,StartEnd,9492,9492,1,1,0,3754,3752,:3752:3754
NCCL:API Group,319904282,2080450,116991249,37388,StartEnd,9492,9492,1,0,1,3756,,:3756
NCCL:GroupLaunch,319904282,2080450,116996251,32089,StartEnd,9492,9492,1,1,0,3758,3756,:3756:3758
NCCL:API Group,322220224,2098499,117504386,32296,StartEnd,9492,9492,1,0,1,3760,,:3760
NCCL:GroupLaunch,322220224,2098499,117507907,28230,StartEnd,9492,9492,1,1,0,3762,3760,:3760:3762
NCCL:API Group,324725578,2132067,118123226,34963,StartEnd,9492,9492,1,0,1,3764,,:3764
NCCL:GroupLaunch,324725578,2132067,118127545,30506,StartEnd,9492,9492,1,1,0,3766,3764,:3764:3766
NCCL:API Group,327160114,530825,118950832,34335,StartEnd,9492,9492,1,0,1,3768,,:3768
NCCL:GroupLaunch,327160114,530825,118955206,29769,StartEnd,9492,9492,1,1,0,3770,3768,:3768:3770
NCCL:API Group,329182164,531817,119475752,31789,StartEnd,9492,9492,1,0,1,3772,,:3772
NCCL:GroupLaunch,329182164,531817,119479373,28071,StartEnd,9492,9492,1,1,0,3774,3772,:3772:3774
NCCL:API Group,329761757,531305,119797190,31047,StartEnd,9492,9492,1,0,1,3776,,:3776
NCCL:GroupLaunch,329761757,531305,119802794,25342,StartEnd,9492,9492,1,1,0,3778,3776,:3776:3778
NCCL:API Group,330343239,523401,120079441,24478,StartEnd,9492,9492,1,0,1,3780,,:3780
NCCL:GroupLaunch,330343239,523401,120082048,21777,StartEnd,9492,9492,1,1,0,3782,3780,:3780:3782
NCCL:API Group,332497355,2063970,121990105,36769,StartEnd,9492,9492,1,0,1,3784,,:3784
NCCL:GroupLaunch,332497355,2063970,121994947,31830,StartEnd,9492,9492,1,1,0,3786,3784,:3784:3786
NCCL:API Group,334797809,2155268,122503345,30910,StartEnd,9492,9492,1,0,1,3788,,:3788
NCCL:GroupLaunch,334797809,2155268,122506890,27234,StartEnd,9492,9492,1,1,0,3790,3788,:3788:3790
NCCL:API Group,337299099,2155203,123209677,35750,StartEnd,9492,9492,1,0,1,3792,,:3792
NCCL:GroupLaunch,337299099,2155203,123214214,30984,StartEnd,9492,9492,1,1,0,3794,3792,:3792:3794
NCCL:API Group,339724323,527433,124014289,36293,StartEnd,9492,9492,1,0,1,3796,,:3796
NCCL:GroupLaunch,339724323,527433,124018449,31729,StartEnd,9492,9492,1,1,0,3798,3796,:3796:3798
NCCL:API Group,341749989,531272,124542425,31056,StartEnd,9492,9492,1,0,1,3800,,:3800
NCCL:GroupLaunch,341749989,531272,124546182,27201,StartEnd,9492,9492,1,1,0,3802,3800,:3800:3802
NCCL:API Group,342328494,523401,124853185,26442,StartEnd,9492,9492,1,0,1,3804,,:3804
NCCL:GroupLaunch,342328494,523401,124855891,23461,StartEnd,9492,9492,1,1,0,3806,3804,:3804:3806
NCCL:API Group,342911160,526313,125122116,24815,StartEnd,9492,9492,1,0,1,3808,,:3808
NCCL:GroupLaunch,342911160,526313,125124602,22083,StartEnd,9492,9492,1,1,0,3810,3808,:3808:3810
NCCL:API Group,345070236,2063298,127031617,36677,StartEnd,9492,9492,1,0,1,3812,,:3812
NCCL:GroupLaunch,345070236,2063298,127036432,31660,StartEnd,9492,9492,1,1,0,3814,3812,:3812:3814
NCCL:API Group,347368162,2113571,127535633,31797,StartEnd,9492,9492,1,0,1,3816,,:3816
NCCL:GroupLaunch,347368162,2113571,127539267,27938,StartEnd,9492,9492,1,1,0,3818,3816,:3816:3818
NCCL:API Group,349867243,2158692,128222322,35205,StartEnd,9492,9492,1,0,1,3820,,:3820
NCCL:GroupLaunch,349867243,2158692,128226497,30397,StartEnd,9492,9492,1,1,0,3822,3820,:3820:3822
NCCL:API Group,354191635,535273,129029257,33487,StartEnd,9492,9492,1,0,1,3824,,:3824
NCCL:GroupLaunch,354191635,535273,129033359,29168,StartEnd,9492,9492,1,1,0,3826,3824,:3824:3826
NCCL:API Group,354751805,529576,129549344,33503,StartEnd,9492,9492,1,0,1,3828,,:3828
NCCL:GroupLaunch,354751805,529576,129556278,26460,StartEnd,9492,9492,1,1,0,3830,3828,:3828:3830
NCCL:API Group,355325350,522985,129855746,29500,StartEnd,9492,9492,1,0,1,3832,,:3832
NCCL:GroupLaunch,355325350,522985,129861247,23872,StartEnd,9492,9492,1,1,0,3834,3832,:3832:3834
NCCL:API Group,355897488,525160,130131539,24641,StartEnd,9492,9492,1,0,1,3836,,:3836
NCCL:GroupLaunch,355897488,525160,130134098,21931,StartEnd,9492,9492,1,1,0,3838,3836,:3836:3838
NCCL:API Group,358040403,2056194,136616445,37232,StartEnd,9492,9492,1,0,1,3840,,:3840
NCCL:GroupLaunch,358040403,2056194,136620985,32315,StartEnd,9492,9492,1,1,0,3842,3840,:3840:3842
NCCL:API Group,360331673,2118147,137130446,35859,StartEnd,9492,9492,1,0,1,3844,,:3844
NCCL:GroupLaunch,360331673,2118147,137134102,32053,StartEnd,9492,9492,1,1,0,3846,3844,:3844:3846
NCCL:API Group,362827779,2112835,137737722,34046,StartEnd,9492,9492,1,0,1,3848,,:3848
NCCL:GroupLaunch,362827779,2112835,137741714,29816,StartEnd,9492,9492,1,1,0,3850,3848,:3848:3850
NCCL:API Group,365258123,2390760,138586718,36804,StartEnd,9492,9492,1,0,1,3852,,:3852
NCCL:GroupLaunch,365258123,2390760,138591429,31812,StartEnd,9492,9492,1,1,0,3854,3852,:3852:3854
NCCL:API Group,367681043,538153,139126297,31025,StartEnd,9492,9492,1,0,1,3856,,:3856
NCCL:GroupLaunch,367681043,538153,139129832,27297,StartEnd,9492,9492,1,1,0,3858,3856,:3856:3858
NCCL:API Group,368260733,524073,139437035,26137,StartEnd,9492,9492,1,0,1,3860,,:3860
NCCL:GroupLaunch,368260733,524073,139439504,23519,StartEnd,9492,9492,1,1,0,3862,3860,:3860:3862
NCCL:API Group,368841159,526088,139707789,27716,StartEnd,9492,9492,1,0,1,3864,,:3864
NCCL:GroupLaunch,368841159,526088,139710310,24906,StartEnd,9492,9492,1,1,0,3866,3864,:3864:3866
NCCL:API Group,371006539,2068962,151229710,36590,StartEnd,9492,9492,1,0,1,3868,,:3868
NCCL:GroupLaunch,371006539,2068962,151234356,31731,StartEnd,9492,9492,1,1,0,3870,3868,:3868:3870
NCCL:API Group,373312593,2110211,151751943,31594,StartEnd,9492,9492,1,0,1,3872,,:3872
NCCL:GroupLaunch,373312593,2110211,151755508,27801,StartEnd,9492,9492,1,1,0,3874,3872,:3872:3874
NCCL:API Group,375816858,2159652,152498014,36585,StartEnd,9492,9492,1,0,1,3876,,:3876
NCCL:GroupLaunch,375816858,2159652,152502536,31794,StartEnd,9492,9492,1,1,0,3878,3876,:3876:3878
NCCL:API Group,378245251,547049,153455822,37946,StartEnd,9492,9492,1,0,1,3880,,:3880
NCCL:GroupLaunch,378245251,547049,153460363,33248,StartEnd,9492,9492,1,1,0,3882,3880,:3880:3882
NCCL:API Group,380272517,550633,153989362,31604,StartEnd,9492,9492,1,0,1,3884,,:3884
NCCL:GroupLaunch,380272517,550633,153992790,27834,StartEnd,9492,9492,1,1,0,3886,3884,:3884:3886
NCCL:API Group,380849934,545417,154301196,27883,StartEnd,9492,9492,1,0,1,3888,,:3888
NCCL:GroupLaunch,380849934,545417,154303961,24729,StartEnd,9492,9492,1,1,0,3890,3888,:3888:3890
NCCL:API Group,381428728,539945,154580458,29842,StartEnd,9492,9492,1,0,1,3892,,:3892
NCCL:GroupLaunch,381428728,539945,154587288,22856,StartEnd,9492,9492,1,1,0,3894,3892,:3892:3894
NCCL:API Group,383581467,2097347,166102491,35914,StartEnd,9492,9492,1,0,1,3896,,:3896
NCCL:GroupLaunch,383581467,2097347,166107246,31054,StartEnd,9492,9492,1,1,0,3898,3896,:3896:3898
NCCL:API Group,385913698,2093027,166628743,36252,StartEnd,9492,9492,1,0,1,3900,,:3900
NCCL:GroupLaunch,385913698,2093027,166632576,32130,StartEnd,9492,9492,1,1,0,3902,3900,:3900:3902
NCCL:API Group,388461805,2139139,167313327,34750,StartEnd,9492,9492,1,0,1,3904,,:3904
NCCL:GroupLaunch,388461805,2139139,167317794,30153,StartEnd,9492,9492,1,1,0,3906,3904,:3904:3906
NCCL:API Group,390885237,525321,168267504,34244,StartEnd,9492,9492,1,0,1,3908,,:3908
NCCL:GroupLaunch,390885237,525321,168271782,29727,StartEnd,9492,9492,1,1,0,3910,3908,:3908:3910
NCCL:API Group,392914903,528808,168791956,32514,StartEnd,9492,9492,1,0,1,3912,,:3912
NCCL:GroupLaunch,392914903,528808,168795970,28249,StartEnd,9492,9492,1,1,0,3914,3912,:3912:3914
NCCL:API Group,393490496,524361,169115370,27193,StartEnd,9492,9492,1,0,1,3916,,:3916
NCCL:GroupLaunch,393490496,524361,169118203,24183,StartEnd,9492,9492,1,1,0,3918,3916,:3916:3918
NCCL:API Group,394068426,523848,169388494,24279,StartEnd,9492,9492,1,0,1,3920,,:3920
NCCL:GroupLaunch,394068426,523848,169391041,21586,StartEnd,9492,9492,1,1,0,3922,3920,:3920:3922
NCCL:API Group,396217805,2061059,179143841,36446,StartEnd,9492,9492,1,0,1,3924,,:3924
NCCL:GroupLaunch,396217805,2061059,179148503,31558,StartEnd,9492,9492,1,1,0,3926,3924,:3924:3926
NCCL:API Group,398514580,2136611,179656857,32968,StartEnd,9492,9492,1,0,1,3928,,:3928
NCCL:GroupLaunch,398514580,2136611,179660557,29012,StartEnd,9492,9492,1,1,0,3930,3928,:3928:3930
NCCL:API Group,401024125,2150340,180323456,38269,StartEnd,9492,9492,1,0,1,3932,,:3932
NCCL:GroupLaunch,401024125,2150340,180327565,33945,StartEnd,9492,9492,1,1,0,3934,3932,:3932:3934
NCCL:API Group,403450182,524552,181304475,36394,StartEnd,9492,9492,1,0,1,3936,,:3936
NCCL:GroupLaunch,403450182,524552,181309127,31489,StartEnd,9492,9492,1,1,0,3938,3936,:3936:3938
NCCL:API Group,405477543,533545,181837219,31239,StartEnd,9492,9492,1,0,1,3940,,:3940
NCCL:GroupLaunch,405477543,533545,181840645,27549,StartEnd,9492,9492,1,1,0,3942,3940,:3940:3942
NCCL:API Group,406050961,527112,182150269,27611,StartEnd,9492,9492,1,0,1,3944,,:3944
NCCL:GroupLaunch,406050961,527112,182152931,24728,StartEnd,9492,9492,1,1,0,3946,3944,:3944:3946
NCCL:API Group,406625882,522665,182427978,25967,StartEnd,9492,9492,1,0,1,3948,,:3948
NCCL:GroupLaunch,406625882,522665,182430519,23320,StartEnd,9492,9492,1,1,0,3950,3948,:3948:3950
NCCL:API Group,408776382,2064418,195405671,35618,StartEnd,9492,9492,1,0,1,3952,,:3952
NCCL:GroupLaunch,408776382,2064418,195410289,30765,StartEnd,9492,9492,1,1,0,3954,3952,:3952:3954
NCCL:API Group,411071748,2135460,195921450,32549,StartEnd,9492,9492,1,0,1,3956,,:3956
NCCL:GroupLaunch,411071748,2135460,195925233,28428,StartEnd,9492,9492,1,1,0,3958,3956,:3956:3958
NCCL:API Group,413577166,2148899,196617489,34471,StartEnd,9492,9492,1,0,1,3960,,:3960
NCCL:GroupLaunch,413577166,2148899,196621768,30052,StartEnd,9492,9492,1,1,0,3962,3960,:3960:3962
NCCL:API Group,415998294,2420296,197515635,34601,StartEnd,9492,9492,1,0,1,3964,,:3964
NCCL:GroupLaunch,415998294,2420296,197520101,29919,StartEnd,9492,9492,1,1,0,3966,3964,:3964:3966
NCCL:API Group,418451807,534665,198039839,33710,StartEnd,9492,9492,1,0,1,3968,,:3968
NCCL:GroupLaunch,418451807,534665,198043239,30051,StartEnd,9492,9492,1,1,0,3970,3968,:3968:3970
NCCL:API Group,419031432,527593,198349464,27630,StartEnd,9492,9492,1,0,1,3972,,:3972
NCCL:GroupLaunch,419031432,527593,198352150,24706,StartEnd,9492,9492,1,1,0,3974,3972,:3972:3974
NCCL:API Group,419609650,523017,198641999,25045,StartEnd,9492,9492,1,0,1,3976,,:3976
NCCL:GroupLaunch,419609650,523017,198644698,22240,StartEnd,9492,9492,1,1,0,3978,3976,:3976:3978
NCCL:API Group,421767094,2071266,208009552,38317,StartEnd,9492,9492,1,0,1,3980,,:3980
NCCL:GroupLaunch,421767094,2071266,208016131,31488,StartEnd,9492,9492,1,1,0,3982,3980,:3980:3982
NCCL:API Group,424074108,2136708,208524405,31617,StartEnd,9492,9492,1,0,1,3984,,:3984
NCCL:GroupLaunch,424074108,2136708,208527996,27786,StartEnd,9492,9492,1,1,0,3986,3984,:3984:3986
NCCL:API Group,426571558,2161123,209208759,34271,StartEnd,9492,9492,1,0,1,3988,,:3988
NCCL:GroupLaunch,426571558,2161123,209212836,30010,StartEnd,9492,9492,1,1,0,3990,3988,:3988:3990
NCCL:API Group,429001646,2468009,210205046,34311,StartEnd,9492,9492,1,0,1,3992,,:3992
NCCL:GroupLaunch,429001646,2468009,210209449,29663,StartEnd,9492,9492,1,1,0,3994,3992,:3992:3994
NCCL:API Group,431501879,533097,210745135,30498,StartEnd,9492,9492,1,0,1,3996,,:3996
NCCL:GroupLaunch,431501879,533097,210748691,26725,StartEnd,9492,9492,1,1,0,3998,3996,:3996:3998
NCCL:API Group,432081505,525161,211049553,26231,StartEnd,9492,9492,1,0,1,4000,,:4000
NCCL:GroupLaunch,432081505,525161,211052237,23237,StartEnd,9492,9492,1,1,0,4002,4000,:4000:4002
NCCL:API Group,432664203,526601,211319713,23881,StartEnd,9492,9492,1,0,1,4004,,:4004
NCCL:GroupLaunch,432664203,526601,211322079,21417,StartEnd,9492,9492,1,1,0,4006,4004,:4004:4006
NCCL:API Group,434824239,2063842,220987651,38398,StartEnd,9492,9492,1,0,1,4008,,:4008
NCCL:GroupLaunch,434824239,2063842,220992453,33329,StartEnd,9492,9492,1,1,0,4010,4008,:4008:4010
NCCL:API Group,437123861,2117219,221503867,31637,StartEnd,9492,9492,1,0,1,4012,,:4012
NCCL:GroupLaunch,437123861,2117219,221507638,27659,StartEnd,9492,9492,1,1,0,4014,4012,:4012:4014
NCCL:API Group,439636191,2153315,222194768,36409,StartEnd,9492,9492,1,0,1,4016,,:4016
NCCL:GroupLaunch,439636191,2153315,222198838,32096,StartEnd,9492,9492,1,1,0,4018,4016,:4016:4018
NCCL:API Group,442067687,2443817,223120899,33955,StartEnd,9492,9492,1,0,1,4020,,:4020
NCCL:GroupLaunch,442067687,2443817,223124968,29778,StartEnd,9492,9492,1,1,0,4022,4020,:4020:4022
NCCL:API Group,444543760,533481,223650116,30281,StartEnd,9492,9492,1,0,1,4024,,:4024
NCCL:GroupLaunch,444543760,533481,223653548,26634,StartEnd,9492,9492,1,1,0,4026,4024,:4024:4026
NCCL:API Group,445126458,522889,223962715,29716,StartEnd,9492,9492,1,0,1,4028,,:4028
NCCL:GroupLaunch,445126458,522889,223965251,27005,StartEnd,9492,9492,1,1,0,4030,4028,:4028:4030
NCCL:API Group,445712484,525736,224239981,26927,StartEnd,9492,9492,1,0,1,4032,,:4032
NCCL:GroupLaunch,445712484,525736,224242376,24322,StartEnd,9492,9492,1,1,0,4034,4032,:4032:4034
NCCL:API Group,447868231,2078083,236874560,35570,StartEnd,9492,9492,1,0,1,4036,,:4036
NCCL:GroupLaunch,447868231,2078083,236879230,30736,StartEnd,9492,9492,1,1,0,4038,4036,:4036:4038
NCCL:API Group,450183982,2088739,237393459,31344,StartEnd,9492,9492,1,0,1,4040,,:4040
NCCL:GroupLaunch,450183982,2088739,237397152,27530,StartEnd,9492,9492,1,1,0,4042,4040,:4040:4042
NCCL:API Group,452683799,2162212,238082232,34284,StartEnd,9492,9492,1,0,1,4044,,:4044
NCCL:GroupLaunch,452683799,2162212,238086586,29798,StartEnd,9492,9492,1,1,0,4046,4044,:4044:4046
NCCL:API Group,457021023,535625,239054022,33719,StartEnd,9492,9492,1,0,1,4048,,:4048
NCCL:GroupLaunch,457021023,535625,239058248,29376,StartEnd,9492,9492,1,1,0,4050,4048,:4048:4050
NCCL:API Group,457582569,532457,239580024,30616,StartEnd,9492,9492,1,0,1,4052,,:4052
NCCL:GroupLaunch,457582569,532457,239584295,25828,StartEnd,9492,9492,1,1,0,4054,4052,:4052:4054
NCCL:API Group,458156754,522569,239884509,30456,StartEnd,9492,9492,1,0,1,4056,,:4056
NCCL:GroupLaunch,458156754,522569,239891053,23789,StartEnd,9492,9492,1,1,0,4058,4056,:4056:4058
NCCL:API Group,458732668,524393,240165062,26329,StartEnd,9492,9492,1,0,1,4060,,:4060
NCCL:GroupLaunch,458732668,524393,240167720,23539,StartEnd,9492,9492,1,1,0,4062,4060,:4060:4062
NCCL:API Group,460883584,2068258,251538915,40370,StartEnd,9492,9492,1,0,1,4064,,:4064
NCCL:GroupLaunch,460883584,2068258,251543513,35535,StartEnd,9492,9492,1,1,0,4066,4064,:4064:4066
NCCL:API Group,463190214,2098371,252060461,32700,StartEnd,9492,9492,1,0,1,4068,,:4068
NCCL:GroupLaunch,463190214,2098371,252064337,28562,StartEnd,9492,9492,1,1,0,4070,4068,:4068:4070
NCCL:API Group,467694033,2137443,252752215,34247,StartEnd,9492,9492,1,0,1,4072,,:4072
NCCL:GroupLaunch,467694033,2137443,252756313,29899,StartEnd,9492,9492,1,1,0,4074,4072,:4072:4074
NCCL:API Group,471964952,2009249,253658304,34790,StartEnd,9492,9492,1,0,1,4076,,:4076
NCCL:GroupLaunch,471964952,2009249,253662412,30553,StartEnd,9492,9492,1,1,0,4078,4076,:4076:4078
NCCL:API Group,1622499168,11808,1353173614,71917,StartEnd,9492,9492,1,0,1,4080,,:4080
NCCL:GroupLaunch,1622499168,11808,1353194655,50744,StartEnd,9492,9492,1,1,0,4082,4080,:4080:4082
NCCL:API Group,1622515648,10048,1353376422,24862,StartEnd,9492,9492,1,0,1,4084,,:4084
NCCL:GroupLaunch,1622515648,10048,1353379295,21849,StartEnd,9492,9492,1,1,0,4086,4084,:4084:4086
NCCL:API Group,1622529984,8896,1353475012,16930,StartEnd,9492,9492,1,0,1,4088,,:4088
NCCL:GroupLaunch,1622529984,8896,1353476797,14921,StartEnd,9492,9492,1,1,0,4090,4088,:4088:4090
NCCL:API Group,1622544320,9696,1353551852,15425,StartEnd,9492,9492,1,0,1,4092,,:4092
NCCL:GroupLaunch,1622544320,9696,1353553427,13724,StartEnd,9492,9492,1,1,0,4094,4092,:4092:4094
NCCL:API Group,1622558657,8160,1354703033,17682,StartEnd,9492,9492,1,0,1,4096,,:4096
NCCL:GroupLaunch,1622558657,8160,1354704849,15736,StartEnd,9492,9492,1,1,0,4098,4096,:4096:4098
NCCL:API Group,1622570945,8640,1354835884,14993,StartEnd,9492,9492,1,0,1,4100,,:4100
NCCL:GroupLaunch,1622570945,8640,1354837178,13561,StartEnd,9492,9492,1,1,0,4102,4100,:4100:4102
NCCL:API Group,1622583233,8192,1354905629,18222,StartEnd,9492,9492,1,0,1,4104,,:4104
NCCL:GroupLaunch,1622583233,8192,1354907065,16516,StartEnd,9492,9492,1,1,0,4106,4104,:4104:4106
NCCL:API Group,1622595521,8512,1354968802,13885,StartEnd,9492,9492,1,0,1,4108,,:4108
NCCL:GroupLaunch,1622595521,8512,1354970022,12570,StartEnd,9492,9492,1,1,0,4110,4108,:4108:4110
NCCL:API Group,1622607809,8224,1355027118,15711,StartEnd,9492,9492,1,0,1,4112,,:4112
NCCL:GroupLaunch,1622607809,8224,1355028490,14235,StartEnd,9492,9492,1,1,0,4114,4112,:4112:4114
NCCL:API Group,1622620098,8192,1360172358,14796,StartEnd,9492,9492,1,0,1,4116,,:4116
NCCL:GroupLaunch,1622620098,8192,1360173910,13152,StartEnd,9492,9492,1,1,0,4118,4116,:4116:4118
NCCL:API Group,1622632386,8192,1360236081,14065,StartEnd,9492,9492,1,0,1,4120,,:4120
NCCL:GroupLaunch,1622632386,8192,1360237127,12891,StartEnd,9492,9492,1,1,0,4122,4120,:4120:4122
NCCL:API Group,1622644674,8512,1360295900,13315,StartEnd,9492,9492,1,0,1,4124,,:4124
NCCL:GroupLaunch,1622644674,8512,1360297036,12050,StartEnd,9492,9492,1,1,0,4126,4124,:4124:4126
NCCL:API Group,1622656962,8192,1360353631,13617,StartEnd,9492,9492,1,0,1,4128,,:4128
NCCL:GroupLaunch,1622656962,8192,1360354929,12225,StartEnd,9492,9492,1,1,0,4130,4128,:4128:4130
NCCL:API Group,1622669250,8256,1360410634,15423,StartEnd,9492,9492,1,0,1,4132,,:4132
NCCL:GroupLaunch,1622669250,8256,1360412094,13837,StartEnd,9492,9492,1,1,0,4134,4132,:4132:4134
NCCL:API Group,1622681539,8096,1360469678,13687,StartEnd,9492,9492,1,0,1,4136,,:4136
NCCL:GroupLaunch,1622681539,8096,1360470782,12454,StartEnd,9492,9492,1,1,0,4138,4136,:4136:4138
NCCL:API Group,1622693827,8576,1360527630,16647,StartEnd,9492,9492,1,0,1,4140,,:4140
NCCL:GroupLaunch,1622693827,8576,1360530797,13384,StartEnd,9492,9492,1,1,0,4142,4140,:4140:4142
NCCL:API Group,1622706115,8256,1360588378,13324,StartEnd,9492,9492,1,0,1,4144,,:4144
NCCL:GroupLaunch,1622706115,8256,1360589502,12105,StartEnd,9492,9492,1,1,0,4146,4144,:4144:4146
NCCL:API Group,1622718403,8416,1360645260,16895,StartEnd,9492,9492,1,0,1,4148,,:4148
NCCL:GroupLaunch,1622718403,8416,1360646885,15130,StartEnd,9492,9492,1,1,0,4150,4148,:4148:4150
NCCL:API Group,1622730691,8321,1360709746,13450,StartEnd,9492,9492,1,0,1,4152,,:4152
NCCL:GroupLaunch,1622730691,8321,1360710845,12262,StartEnd,9492,9492,1,1,0,4154,4152,:4152:4154
NCCL:API Group,1622742980,8416,1360770364,13402,StartEnd,9492,9492,1,0,1,4156,,:4156
NCCL:GroupLaunch,1622742980,8416,1360771412,11926,StartEnd,9492,9492,1,1,0,4158,4156,:4156:4158
NCCL:API Group,1622755268,8192,1360830066,13331,StartEnd,9492,9492,1,0,1,4160,,:4160
NCCL:GroupLaunch,1622755268,8192,1360831101,12167,StartEnd,9492,9492,1,1,0,4162,4160,:4160:4162
NCCL:API Group,1622767556,8224,1360886937,13967,StartEnd,9492,9492,1,0,1,4164,,:4164
NCCL:GroupLaunch,1622767556,8224,1360888451,12360,StartEnd,9492,9492,1,1,0,4166,4164,:4164:4166
NCCL:API Group,1622779844,8256,1360945237,14800,StartEnd,9492,9492,1,0,1,4168,,:4168
NCCL:GroupLaunch,1622779844,8256,1360946336,13573,StartEnd,9492,9492,1,1,0,4170,4168,:4168:4170
NCCL:API Group,1622792132,8129,1361003498,15192,StartEnd,9492,9492,1,0,1,4172,,:4172
NCCL:GroupLaunch,1622792132,8129,1361004576,13989,StartEnd,9492,9492,1,1,0,4174,4172,:4172:4174
NCCL:API Group,1622804421,8160,1361062301,12914,StartEnd,9492,9492,1,0,1,4176,,:4176
NCCL:GroupLaunch,1622804421,8160,1361063344,11747,StartEnd,9492,9492,1,1,0,4178,4176,:4176:4178
NCCL:API Group,1622816709,8224,1361119510,12826,StartEnd,9492,9492,1,0,1,4180,,:4180
NCCL:GroupLaunch,1622816709,8224,1361120705,11541,StartEnd,9492,9492,1,1,0,4182,4180,:4180:4182
NCCL:API Group,1622828997,8256,1361177396,13448,StartEnd,9492,9492,1,0,1,4184,,:4184
NCCL:GroupLaunch,1622828997,8256,1361178688,12064,StartEnd,9492,9492,1,1,0,4186,4184,:4184:4186
NCCL:API Group,1622841285,8224,1361236024,13274,StartEnd,9492,9492,1,0,1,4188,,:4188
NCCL:GroupLaunch,1622841285,8224,1361237070,12131,StartEnd,9492,9492,1,1,0,4190,4188,:4188:4190
NCCL:API Group,1622853573,8161,1361292613,13305,StartEnd,9492,9492,1,0,1,4192,,:4192
NCCL:GroupLaunch,1622853573,8161,1361293682,12138,StartEnd,9492,9492,1,1,0,4194,4192,:4192:4194
NCCL:API Group,1622865830,8320,1361349851,14895,StartEnd,9492,9492,1,0,1,4196,,:4196
NCCL:GroupLaunch,1622865830,8320,1361350895,13753,StartEnd,9492,9492,1,1,0,4198,4196,:4196:4198
NCCL:API Group,1622878150,8256,1361408388,13336,StartEnd,9492,9492,1,0,1,4200,,:4200
NCCL:GroupLaunch,1622878150,8256,1361409987,11649,StartEnd,9492,9492,1,1,0,4202,4200,:4200:4202
NCCL:API Group,1622890438,8384,1361464230,14776,StartEnd,9492,9492,1,0,1,4204,,:4204
NCCL:GroupLaunch,1622890438,8384,1361465427,13484,StartEnd,9492,9492,1,1,0,4206,4204,:4204:4206
NCCL:API Group,1622902726,8320,1361523377,16596,StartEnd,9492,9492,1,0,1,4208,,:4208
NCCL:GroupLaunch,1622902726,8320,1361526453,13427,StartEnd,9492,9492,1,1,0,4210,4208,:4208:4210
NCCL:API Group,1622915014,8289,1362321834,15068,StartEnd,9492,9492,1,0,1,4212,,:4212
NCCL:GroupLaunch,1622915014,8289,1362322942,13831,StartEnd,9492,9492,1,1,0,4214,4212,:4212:4214
NCCL:API Group,1622927303,8288,1362384623,12986,StartEnd,9492,9492,1,0,1,4216,,:4216
NCCL:GroupLaunch,1622927303,8288,1362385839,11677,StartEnd,9492,9492,1,1,0,4218,4216,:4216:4218
NCCL:API Group,1622939591,8224,1362440417,12863,StartEnd,9492,9492,1,0,1,4220,,:4220
NCCL:GroupLaunch,1622939591,8224,1362441573,11558,StartEnd,9492,9492,1,1,0,4222,4220,:4220:4222
NCCL:API Group,1622951879,8192,1362498416,13632,StartEnd,9492,9492,1,0,1,4224,,:4224
NCCL:GroupLaunch,1622951879,8192,1362499487,12468,StartEnd,9492,9492,1,1,0,4226,4224,:4224:4226
NCCL:API Group,1622964167,8288,1362558278,13177,StartEnd,9492,9492,1,0,1,4228,,:4228
NCCL:GroupLaunch,1622964167,8288,1362559465,11723,StartEnd,9492,9492,1,1,0,4230,4228,:4228:4230
NCCL:API Group,1622976455,8481,1362614331,14322,StartEnd,9492,9492,1,0,1,4232,,:4232
NCCL:GroupLaunch,1622976455,8481,1362615527,13028,StartEnd,9492,9492,1,1,0,4234,4232,:4232:4234
NCCL:API Group,1622988744,8288,1362671050,15888,StartEnd,9492,9492,1,0,1,4236,,:4236
NCCL:GroupLaunch,1622988744,8288,1362672653,14186,StartEnd,9492,9492,1,1,0,4238,4236,:4236:4238
NCCL:API Group,1623001032,8192,1362731187,14611,StartEnd,9492,9492,1,0,1,4240,,:4240
NCCL:GroupLaunch,1623001032,8192,1362732243,13432,StartEnd,9492,9492,1,1,0,4242,4240,:4240:4242
NCCL:API Group,1623013320,8320,1362791401,13050,StartEnd,9492,9492,1,0,1,4244,,:4244
NCCL:GroupLaunch,1623013320,8320,1362792470,11885,StartEnd,9492,9492,1,1,0,4246,4244,:4244:4246
NCCL:API Group,1623025608,8192,1362850790,13515,StartEnd,9492,9492,1,0,1,4248,,:4248
NCCL:GroupLaunch,1623025608,8192,1362851880,12298,StartEnd,9492,9492,1,1,0,4250,4248,:4248:4250
NCCL:API Group,1623037896,8353,1362911415,13584,StartEnd,9492,9492,1,0,1,4252,,:4252
NCCL:GroupLaunch,1623037896,8353,1362912729,11971,StartEnd,9492,9492,1,1,0,4254,4252,:4252:4254
NCCL:API Group,1623050185,8288,1362968468,13035,StartEnd,9492,9492,1,0,1,4256,,:4256
NCCL:GroupLaunch,1623050185,8288,1362969619,11794,StartEnd,9492,9492,1,1,0,4258,4256,:4256:4258
NCCL:API Group,1623062473,8160,1363026137,13631,StartEnd,9492,9492,1,0,1,4260,,:4260
NCCL:GroupLaunch,1623062473,8160,1363027550,12125,StartEnd,9492,9492,1,1,0,4262,4260,:4260:4262
NCCL:API Group,1623074761,8288,1363083389,13302,StartEnd,9492,9492,1,0,1,4264,,:4264
NCCL:GroupLaunch,1623074761,8288,1363084553,12042,StartEnd,9492,9492,1,1,0,4266,4264,:4264:4266
NCCL:API Group,1623087049,8384,1363231371,14614,StartEnd,9492,9492,1,0,1,4268,,:4268
NCCL:GroupLaunch,1623087049,8384,1363232509,13344,StartEnd,9492,9492,1,1,0,4270,4268,:4268:4270
NCCL:API Group,1623099337,8161,1363503394,16744,StartEnd,9492,9492,1,0,1,4272,,:4272
NCCL:GroupLaunch,1623099337,8161,1363507945,12062,StartEnd,9492,9492,1,1,0,4274,4272,:4272:4274
NCCL:API Group,1623111626,8064,1363707946,16391,StartEnd,9492,9492,1,0,1,4276,,:4276
NCCL:GroupLaunch,1623111626,8064,1363709061,15177,StartEnd,9492,9492,1,1,0,4278,4276,:4276:4278
NCCL:API Group,1623123914,8288,1363830681,13949,StartEnd,9492,9492,1,0,1,4280,,:4280
NCCL:GroupLaunch,1623123914,8288,1363832035,12458,StartEnd,9492,9492,1,1,0,4282,4280,:4280:4282
NCCL:API Group,1623136202,8320,1363969115,13700,StartEnd,9492,9492,1,0,1,4284,,:4284
NCCL:GroupLaunch,1623136202,8320,1363970239,12484,StartEnd,9492,9492,1,1,0,4286,4284,:4284:4286
NCCL:API Group,1623148490,8192,1364253808,13279,StartEnd,9492,9492,1,0,1,4288,,:4288
NCCL:GroupLaunch,1623148490,8192,1364254838,11989,StartEnd,9492,9492,1,1,0,4290,4288,:4288:4290
NCCL:API Group,1623160779,8096,1364409087,13128,StartEnd,9492,9492,1,0,1,4292,,:4292
NCCL:GroupLaunch,1623160779,8096,1364410193,11928,StartEnd,9492,9492,1,1,0,4294,4292,:4292:4294
NCCL:API Group,1623173067,8096,1364488610,13476,StartEnd,9492,9492,1,0,1,4296,,:4296
NCCL:GroupLaunch,1623173067,8096,1364490081,11871,StartEnd,9492,9492,1,1,0,4298,4296,:4296:4298
NCCL:API Group,1623185355,8224,1364547718,13213,StartEnd,9492,9492,1,0,1,4300,,:4300
NCCL:GroupLaunch,1623185355,8224,1364548822,11989,StartEnd,9492,9492,1,1,0,4302,4300,:4300:4302
NCCL:API Group,1623197643,8352,1364604937,16696,StartEnd,9492,9492,1,0,1,4304,,:4304
NCCL:GroupLaunch,1623197643,8352,1364605966,15572,StartEnd,9492,9492,1,1,0,4306,4304,:4304:4306
NCCL:API Group,1623209931,8288,1364819063,13905,StartEnd,9492,9492,1,0,1,4308,,:4308
NCCL:GroupLaunch,1623209931,8288,1364820608,12129,StartEnd,9492,9492,1,1,0,4310,4308,:4308:4310
NCCL:API Group,1623222220,8192,1364879023,15615,StartEnd,9492,9492,1,0,1,4312,,:4312
NCCL:GroupLaunch,1623222220,8192,1364880413,14133,StartEnd,9492,9492,1,1,0,4314,4312,:4312:4314
NCCL:API Group,1623234508,8128,1365004271,13779,StartEnd,9492,9492,1,0,1,4316,,:4316
NCCL:GroupLaunch,1623234508,8128,1365005726,12228,StartEnd,9492,9492,1,1,0,4318,4316,:4316:4318
NCCL:API Group,1623246796,8224,1365184333,13140,StartEnd,9492,9492,1,0,1,4320,,:4320
NCCL:GroupLaunch,1623246796,8224,1365185431,11947,StartEnd,9492,9492,1,1,0,4322,4320,:4320:4322
NCCL:API Group,1623259084,8384,1365359896,13707,StartEnd,9492,9492,1,0,1,4324,,:4324
NCCL:GroupLaunch,1623259084,8384,1365360977,12400,StartEnd,9492,9492,1,1,0,4326,4324,:4324:4326
NCCL:API Group,1623271372,8256,1365551480,13156,StartEnd,9492,9492,1,0,1,4328,,:4328
NCCL:GroupLaunch,1623271372,8256,1365552562,11979,StartEnd,9492,9492,1,1,0,4330,4328,:4328:4330
NCCL:API Group,1623283661,8192,1365609251,13240,StartEnd,9492,9492,1,0,1,4332,,:4332
NCCL:GroupLaunch,1623283661,8192,1365610624,11739,StartEnd,9492,9492,1,1,0,4334,4332,:4332:4334
NCCL:API Group,1623295949,8064,1365665100,13569,StartEnd,9492,9492,1,0,1,4336,,:4336
NCCL:GroupLaunch,1623295949,8064,1365666386,12185,StartEnd,9492,9492,1,1,0,4338,4336,:4336:4338
NCCL:API Group,1623503120,14208,1623465029,49466,StartEnd,9492,9492,1,0,1,4340,,:4340
NCCL:GroupLaunch,1623503120,14208,1623474156,39572,StartEnd,9492,9492,1,1,0,4342,4340,:4340:4342
NCCL:API Group,1718879425,6496,1718842652,48584,StartEnd,9492,9492,1,0,1,4344,,:4344
NCCL:GroupLaunch,1718879425,6496,1718851798,39270,StartEnd,9492,9492,1,1,0,4346,4344,:4344:4346
NCCL:API Group,30404407,1999676,30329558,108090,StartEnd,9491,9491,1,0,1,4349,,:4349
NCCL:GroupLaunch,30404407,1999676,30343689,93478,StartEnd,9491,9491,1,1,0,4351,4349,:4349:4351
NCCL:API Group,32642070,542855,30807306,39305,StartEnd,9491,9491,1,0,1,4353,,:4353
NCCL:GroupLaunch,32642070,542855,30811079,35288,StartEnd,9491,9491,1,1,0,4355,4353,:4353:4355
NCCL:API Group,33211870,529415,31416337,34509,StartEnd,9491,9491,1,0,1,4357,,:4357
NCCL:GroupLaunch,33211870,529415,31422079,28513,StartEnd,9491,9491,1,1,0,4359,4357,:4357:4359
NCCL:API Group,33821254,527527,31801676,30015,StartEnd,9491,9491,1,0,1,4361,,:4361
NCCL:GroupLaunch,33821254,527527,31805099,26226,StartEnd,9491,9491,1,1,0,4363,4361,:4361:4363
NCCL:API Group,34428911,525735,32106884,30940,StartEnd,9491,9491,1,0,1,4365,,:4365
NCCL:GroupLaunch,34428911,525735,32110251,27464,StartEnd,9491,9491,1,1,0,4367,4365,:4365:4367
NCCL:API Group,36632973,2062268,33387165,45650,StartEnd,9491,9491,1,0,1,4369,,:4369
NCCL:GroupLaunch,36632973,2062268,33394836,37883,StartEnd,9491,9491,1,1,0,4371,4369,:4369:4371
NCCL:API Group,38931885,2052444,33909604,34325,StartEnd,9491,9491,1,0,1,4373,,:4373
NCCL:GroupLaunch,38931885,2052444,33913053,29404,StartEnd,9491,9491,1,1,0,4375,4373,:4373:4375
NCCL:API Group,41519344,2049341,34281766,30804,StartEnd,9491,9491,1,0,1,4377,,:4377
NCCL:GroupLaunch,41519344,2049341,34284765,27685,StartEnd,9491,9491,1,1,0,4379,4377,:4377:4379
NCCL:API Group,44039091,2416257,34605440,26653,StartEnd,9491,9491,1,0,1,4381,,:4381
NCCL:GroupLaunch,44039091,2416257,34608327,23658,StartEnd,9491,9491,1,1,0,4383,4381,:4381:4383
NCCL:API Group,46490581,533735,35051379,32861,StartEnd,9491,9491,1,0,1,4385,,:4385
NCCL:GroupLaunch,46490581,533735,35054681,29342,StartEnd,9491,9491,1,1,0,4387,4385,:4385:4387
NCCL:API Group,47092861,526599,35394220,34001,StartEnd,9491,9491,1,0,1,4389,,:4389
NCCL:GroupLaunch,47092861,526599,35399589,28242,StartEnd,9491,9491,1,1,0,4391,4389,:4389:4391
NCCL:API Group,47695206,525063,35685277,26542,StartEnd,9491,9491,1,0,1,4393,,:4393
NCCL:GroupLaunch,47695206,525063,35687713,24004,StartEnd,9491,9491,1,1,0,4395,4393,:4393:4395
NCCL:API Group,49901348,2076349,36784501,42197,StartEnd,9491,9491,1,0,1,4397,,:4397
NCCL:GroupLaunch,49901348,2076349,36789157,37347,StartEnd,9491,9491,1,1,0,4399,4397,:4397:4399
NCCL:API Group,52217252,2085885,37283815,34590,StartEnd,9491,9491,1,0,1,4401,,:4401
NCCL:GroupLaunch,52217252,2085885,37289937,28224,StartEnd,9491,9491,1,1,0,4403,4401,:4401:4403
NCCL:API Group,54797095,2152734,37646058,29148,StartEnd,9491,9491,1,0,1,4405,,:4405
NCCL:GroupLaunch,54797095,2152734,37649578,25390,StartEnd,9491,9491,1,1,0,4407,4405,:4405:4407
NCCL:API Group,59119299,536232,37958001,28273,StartEnd,9491,9491,1,0,1,4409,,:4409
NCCL:GroupLaunch,59119299,536232,37961166,24897,StartEnd,9491,9491,1,1,0,4411,4409,:4409:4411
NCCL:API Group,59680011,531751,38391922,31636,StartEnd,9491,9491,1,0,1,4413,,:4413
NCCL:GroupLaunch,59680011,531751,38397120,25911,StartEnd,9491,9491,1,1,0,4415,4413,:4413:4415
NCCL:API Group,60256659,523943,38693987,28484,StartEnd,9491,9491,1,0,1,4417,,:4417
NCCL:GroupLaunch,60256659,523943,38697522,24658,StartEnd,9491,9491,1,1,0,4419,4417,:4417:4419
NCCL:API Group,60830971,524327,38974410,29749,StartEnd,9491,9491,1,0,1,4421,,:4421
NCCL:GroupLaunch,60830971,524327,38977005,26884,StartEnd,9491,9491,1,1,0,4423,4421,:4421:4423
NCCL:API Group,62986072,2073597,40074169,38942,StartEnd,9491,9491,1,0,1,4425,,:4425
NCCL:GroupLaunch,62986072,2073597,40081667,31202,StartEnd,9491,9491,1,1,0,4427,4425,:4425:4427
NCCL:API Group,65298264,2095197,40567053,33158,StartEnd,9491,9491,1,0,1,4429,,:4429
NCCL:GroupLaunch,65298264,2095197,40570480,29479,StartEnd,9491,9491,1,1,0,4431,4429,:4429:4431
NCCL:API Group,67799643,2160478,40912545,30180,StartEnd,9491,9491,1,0,1,4433,,:4433
NCCL:GroupLaunch,67799643,2160478,40915704,26817,StartEnd,9491,9491,1,1,0,4435,4433,:4433:4435
NCCL:API Group,72116886,552168,41223299,28981,StartEnd,9491,9491,1,0,1,4437,,:4437
NCCL:GroupLaunch,72116886,552168,41228353,23793,StartEnd,9491,9491,1,1,0,4439,4437,:4437:4439
NCCL:API Group,72694206,532296,41673982,32690,StartEnd,9491,9491,1,0,1,4441,,:4441
NCCL:GroupLaunch,72694206,532296,41677701,27651,StartEnd,9491,9491,1,1,0,4443,4441,:4441:4443
NCCL:API Group,73272166,527848,41971059,28075,StartEnd,9491,9491,1,0,1,4445,,:4445
NCCL:GroupLaunch,73272166,527848,41974271,24632,StartEnd,9491,9491,1,1,0,4447,4445,:4445:4447
NCCL:API Group,73848974,529352,42239164,25031,StartEnd,9491,9491,1,0,1,4449,,:4449
NCCL:GroupLaunch,73848974,529352,42241613,22431,StartEnd,9491,9491,1,1,0,4451,4449,:4449:4451
NCCL:API Group,76005420,2089085,43351854,41159,StartEnd,9491,9491,1,0,1,4453,,:4453
NCCL:GroupLaunch,76005420,2089085,43358417,34395,StartEnd,9491,9491,1,1,0,4455,4453,:4453:4455
NCCL:API Group,78329388,2132638,44654927,35765,StartEnd,9491,9491,1,0,1,4457,,:4457
NCCL:GroupLaunch,78329388,2132638,44661165,29111,StartEnd,9491,9491,1,1,0,4459,4457,:4457:4459
NCCL:API Group,80837839,2149149,45115005,39678,StartEnd,9491,9491,1,0,1,4461,,:4461
NCCL:GroupLaunch,80837839,2149149,45118949,35397,StartEnd,9491,9491,1,1,0,4463,4461,:4461:4463
NCCL:API Group,83257904,557768,45557561,40390,StartEnd,9491,9491,1,0,1,4465,,:4465
NCCL:GroupLaunch,83257904,557768,45561746,35809,StartEnd,9491,9491,1,1,0,4467,4465,:4465:4467
NCCL:API Group,85306092,549384,46171492,44366,StartEnd,9491,9491,1,0,1,4469,,:4469
NCCL:GroupLaunch,85306092,549384,46178868,36735,StartEnd,9491,9491,1,1,0,4471,4469,:4469:4471
NCCL:API Group,85883540,534440,46609915,39532,StartEnd,9491,9491,1,0,1,4473,,:4473
NCCL:GroupLaunch,85883540,534440,46613948,35229,StartEnd,9491,9491,1,1,0,4475,4473,:4473:4475
NCCL:API Group,86463004,529736,46995591,40617,StartEnd,9491,9491,1,0,1,4477,,:4477
NCCL:GroupLaunch,86463004,529736,46998909,37030,StartEnd,9491,9491,1,1,0,4479,4477,:4477:4479
NCCL:API Group,88615034,2091229,48495732,53525,StartEnd,9491,9491,1,0,1,4481,,:4481
NCCL:GroupLaunch,88615034,2091229,48503436,45496,StartEnd,9491,9491,1,1,0,4483,4481,:4481:4483
NCCL:API Group,90945882,4143481,49175489,45526,StartEnd,9491,9491,1,0,1,4485,,:4485
NCCL:GroupLaunch,90945882,4143481,49179972,40767,StartEnd,9491,9491,1,1,0,4487,4485,:4485:4487
NCCL:API Group,95321911,4108696,49659976,46667,StartEnd,9491,9491,1,0,1,4489,,:4489
NCCL:GroupLaunch,95321911,4108696,49669351,37032,StartEnd,9491,9491,1,1,0,4491,4489,:4489:4491
NCCL:API Group,101555629,540839,50095643,38256,StartEnd,9491,9491,1,0,1,4493,,:4493
NCCL:GroupLaunch,101555629,540839,50101809,31815,StartEnd,9491,9491,1,1,0,4495,4493,:4493:4495
NCCL:API Group,102124436,530824,50726027,43192,StartEnd,9491,9491,1,0,1,4497,,:4497
NCCL:GroupLaunch,102124436,530824,50730940,37938,StartEnd,9491,9491,1,1,0,4499,4497,:4497:4499
NCCL:API Group,102695772,523207,51164177,43932,StartEnd,9491,9491,1,0,1,4501,,:4501
NCCL:GroupLaunch,102695772,523207,51170109,37829,StartEnd,9491,9491,1,1,0,4503,4501,:4501:4503
NCCL:API Group,103273348,521895,51561925,36657,StartEnd,9491,9491,1,0,1,4505,,:4505
NCCL:GroupLaunch,103273348,521895,51566801,31624,StartEnd,9491,9491,1,1,0,4507,4505,:4505:4507
NCCL:API Group,105433794,2079581,53055671,52692,StartEnd,9491,9491,1,0,1,4509,,:4509
NCCL:GroupLaunch,105433794,2079581,53061666,43976,StartEnd,9491,9491,1,1,0,4511,4509,:4509:4511
NCCL:API Group,109467322,2433537,53740092,46247,StartEnd,9491,9491,1,0,1,4513,,:4513
NCCL:GroupLaunch,109467322,2433537,53744539,41466,StartEnd,9491,9491,1,1,0,4515,4513,:4513:4515
NCCL:API Group,113849462,2153310,54233152,38892,StartEnd,9491,9491,1,0,1,4517,,:4517
NCCL:GroupLaunch,113849462,2153310,54237092,34733,StartEnd,9491,9491,1,1,0,4519,4517,:4517:4519
NCCL:API Group,118141713,542920,54671705,40120,StartEnd,9491,9491,1,0,1,4521,,:4521
NCCL:GroupLaunch,118141713,542920,54675682,35845,StartEnd,9491,9491,1,1,0,4523,4521,:4521:4523
NCCL:API Group,118712985,531336,55278888,53893,StartEnd,9491,9491,1,0,1,4525,,:4525
NCCL:GroupLaunch,118712985,531336,55286037,46421,StartEnd,9491,9491,1,1,0,4527,4525,:4525:4527
NCCL:API Group,119284865,523847,55719972,38721,StartEnd,9491,9491,1,0,1,4529,,:4529
NCCL:GroupLaunch,119284865,523847,55723735,34730,StartEnd,9491,9491,1,1,0,4531,4529,:4529:4531
NCCL:API Group,119859273,525863,56107108,38510,StartEnd,9491,9491,1,0,1,4533,,:4533
NCCL:GroupLaunch,119859273,525863,56110814,34516,StartEnd,9491,9491,1,1,0,4535,4533,:4533:4535
NCCL:API Group,122016807,2075708,57598665,52291,StartEnd,9491,9491,1,0,1,4537,,:4537
NCCL:GroupLaunch,122016807,2075708,57606598,43975,StartEnd,9491,9491,1,1,0,4539,4537,:4537:4539
NCCL:API Group,126047550,2191423,58275612,42910,StartEnd,9491,9491,1,0,1,4541,,:4541
NCCL:GroupLaunch,126047550,2191423,58280028,38060,StartEnd,9491,9491,1,1,0,4543,4541,:4541:4543
NCCL:API Group,130415739,2157341,58774871,39288,StartEnd,9491,9491,1,0,1,4545,,:4545
NCCL:GroupLaunch,130415739,2157341,58778844,35077,StartEnd,9491,9491,1,1,0,4547,4545,:4545:4547
NCCL:API Group,134701110,536455,59209187,36573,StartEnd,9491,9491,1,0,1,4549,,:4549
NCCL:GroupLaunch,134701110,536455,59214579,31016,StartEnd,9491,9491,1,1,0,4551,4549,:4549:4551
NCCL:API Group,135264606,533735,59814798,43735,StartEnd,9491,9491,1,0,1,4553,,:4553
NCCL:GroupLaunch,135264606,533735,59824056,34104,StartEnd,9491,9491,1,1,0,4555,4553,:4553:4555
NCCL:API Group,135837573,524296,60213384,36049,StartEnd,9491,9491,1,0,1,4557,,:4557
NCCL:GroupLaunch,135837573,524296,60216960,32320,StartEnd,9491,9491,1,1,0,4559,4557,:4557:4559
NCCL:API Group,136411949,521224,60574387,42372,StartEnd,9491,9491,1,0,1,4561,,:4561
NCCL:GroupLaunch,136411949,521224,60580469,36132,StartEnd,9491,9491,1,1,0,4563,4561,:4561:4563
NCCL:API Group,138552555,2057244,62033877,46672,StartEnd,9491,9491,1,0,1,4565,,:4565
NCCL:GroupLaunch,138552555,2057244,62039496,40703,StartEnd,9491,9491,1,1,0,4567,4565,:4565:4567
NCCL:API Group,142560258,2193278,62686582,42816,StartEnd,9491,9491,1,0,1,4569,,:4569
NCCL:GroupLaunch,142560258,2193278,62690858,38367,StartEnd,9491,9491,1,1,0,4571,4569,:4569:4571
NCCL:API Group,144991460,2158205,63150927,48508,StartEnd,9491,9491,1,0,1,4573,,:4573
NCCL:GroupLaunch,144991460,2158205,63156552,42723,StartEnd,9491,9491,1,1,0,4575,4573,:4573:4575
NCCL:API Group,149322047,532488,63602540,38117,StartEnd,9491,9491,1,0,1,4577,,:4577
NCCL:GroupLaunch,149322047,532488,63606928,32072,StartEnd,9491,9491,1,1,0,4579,4577,:4577:4579
NCCL:API Group,149880295,531911,64219780,40088,StartEnd,9491,9491,1,0,1,4581,,:4581
NCCL:GroupLaunch,149880295,531911,64226645,32932,StartEnd,9491,9491,1,1,0,4583,4581,:4581:4583
NCCL:API Group,150457647,526567,64609823,32894,StartEnd,9491,9491,1,0,1,4585,,:4585
NCCL:GroupLaunch,150457647,526567,64613097,29451,StartEnd,9491,9491,1,1,0,4587,4585,:4585:4587
NCCL:API Group,151031735,520455,64958733,33284,StartEnd,9491,9491,1,0,1,4589,,:4589
NCCL:GroupLaunch,151031735,520455,64962126,29695,StartEnd,9491,9491,1,1,0,4591,4589,:4589:4591
NCCL:API Group,153174005,2057788,66415254,56139,StartEnd,9491,9491,1,0,1,4593,,:4593
NCCL:GroupLaunch,153174005,2057788,66425899,45196,StartEnd,9491,9491,1,1,0,4595,4593,:4593:4595
NCCL:API Group,155469492,4136953,67120527,44022,StartEnd,9491,9491,1,0,1,4597,,:4597
NCCL:GroupLaunch,155469492,4136953,67125269,38969,StartEnd,9491,9491,1,1,0,4599,4597,:4597:4599
NCCL:API Group,159839889,2146941,67640667,42023,StartEnd,9491,9491,1,0,1,4601,,:4601
NCCL:GroupLaunch,159839889,2146941,67645051,37347,StartEnd,9491,9491,1,1,0,4603,4601,:4601:4603
NCCL:API Group,162262066,2405409,68074532,39441,StartEnd,9491,9491,1,0,1,4605,,:4605
NCCL:GroupLaunch,162262066,2405409,68080853,32956,StartEnd,9491,9491,1,1,0,4607,4605,:4605:4607
NCCL:API Group,164701716,533703,68681781,40974,StartEnd,9491,9491,1,0,1,4609,,:4609
NCCL:GroupLaunch,164701716,533703,68686043,36453,StartEnd,9491,9491,1,1,0,4611,4609,:4609:4611
NCCL:API Group,165273756,524647,69104812,38706,StartEnd,9491,9491,1,0,1,4613,,:4613
NCCL:GroupLaunch,165273756,524647,69108599,34751,StartEnd,9491,9491,1,1,0,4615,4613,:4613:4615
NCCL:API Group,165847587,529064,69482344,36818,StartEnd,9491,9491,1,0,1,4617,,:4617
NCCL:GroupLaunch,165847587,529064,69487428,31530,StartEnd,9491,9491,1,1,0,4619,4617,:4617:4619
NCCL:API Group,168001089,2071837,70954769,47510,StartEnd,9491,9491,1,0,1,4621,,:4621
NCCL:GroupLaunch,168001089,2071837,70960646,41482,StartEnd,9491,9491,1,1,0,4623,4621,:4621:4623
NCCL:API Group,170310465,2106557,71627134,42548,StartEnd,9491,9491,1,0,1,4625,,:4625
NCCL:GroupLaunch,170310465,2106557,71631255,38132,StartEnd,9491,9491,1,1,0,4627,4625,:4625:4627
NCCL:API Group,172814660,2162557,72120608,44262,StartEnd,9491,9491,1,0,1,4629,,:4629
NCCL:GroupLaunch,172814660,2162557,72127593,37131,StartEnd,9491,9491,1,1,0,4631,4629,:4629:4631
NCCL:API Group,175248165,2448674,72553110,36540,StartEnd,9491,9491,1,0,1,4633,,:4633
NCCL:GroupLaunch,175248165,2448674,72556981,32293,StartEnd,9491,9491,1,1,0,4635,4633,:4633:4635
NCCL:API Group,177732615,532808,73159571,41191,StartEnd,9491,9491,1,0,1,4637,,:4637
NCCL:GroupLaunch,177732615,532808,73164421,36098,StartEnd,9491,9491,1,1,0,4639,4637,:4637:4639
NCCL:API Group,178309039,525736,73547336,36481,StartEnd,9491,9491,1,0,1,4641,,:4641
NCCL:GroupLaunch,178309039,525736,73552971,30630,StartEnd,9491,9491,1,1,0,4643,4641,:4641:4643
NCCL:API Group,178889751,526152,73909691,36441,StartEnd,9491,9491,1,0,1,4645,,:4645
NCCL:GroupLaunch,178889751,526152,73913253,30396,StartEnd,9491,9491,1,1,0,4647,4645,:4645:4647
NCCL:API Group,181051445,2071837,75383804,53341,StartEnd,9491,9491,1,0,1,4649,,:4649
NCCL:GroupLaunch,181051445,2071837,75393816,43047,StartEnd,9491,9491,1,1,0,4651,4649,:4649:4651
NCCL:API Group,185077581,2184862,76059691,42836,StartEnd,9491,9491,1,0,1,4653,,:4653
NCCL:GroupLaunch,185077581,2184862,76064586,37770,StartEnd,9491,9491,1,1,0,4655,4653,:4653:4655
NCCL:API Group,189211910,2129757,76557172,41134,StartEnd,9491,9491,1,0,1,4657,,:4657
NCCL:GroupLaunch,189211910,2129757,76561274,36772,StartEnd,9491,9491,1,1,0,4659,4657,:4657:4659
NCCL:API Group,193473185,537479,76996540,41021,StartEnd,9491,9491,1,0,1,4661,,:4661
NCCL:GroupLaunch,193473185,537479,77003096,34231,StartEnd,9491,9491,1,1,0,4663,4661,:4661:4663
NCCL:API Group,194036808,534376,77615446,39988,StartEnd,9491,9491,1,0,1,4665,,:4665
NCCL:GroupLaunch,194036808,534376,77619648,35537,StartEnd,9491,9491,1,1,0,4667,4665,:4665:4667
NCCL:API Group,194612368,527560,78003164,37263,StartEnd,9491,9491,1,0,1,4669,,:4669
NCCL:GroupLaunch,194612368,527560,78006839,33308,StartEnd,9491,9491,1,1,0,4671,4669,:4669:4671
NCCL:API Group,195186040,524359,78367628,38047,StartEnd,9491,9491,1,0,1,4673,,:4673
NCCL:GroupLaunch,195186040,524359,78373665,31853,StartEnd,9491,9491,1,1,0,4675,4673,:4673:4675
NCCL:API Group,197335030,2059228,79862185,54476,StartEnd,9491,9491,1,0,1,4677,,:4677
NCCL:GroupLaunch,197335030,2059228,79868095,48311,StartEnd,9491,9491,1,1,0,4679,4677,:4677:4679
NCCL:API Group,199630133,2110174,80532521,44985,StartEnd,9491,9491,1,0,1,4681,,:4681
NCCL:GroupLaunch,199630133,2110174,80537675,39628,StartEnd,9491,9491,1,1,0,4683,4681,:4681:4683
NCCL:API Group,202121880,2163390,81010221,39291,StartEnd,9491,9491,1,0,1,4685,,:4685
NCCL:GroupLaunch,202121880,2163390,81016083,33225,StartEnd,9491,9491,1,1,0,4687,4685,:4685:4687
NCCL:API Group,204553465,535816,81425236,35447,StartEnd,9491,9491,1,0,1,4689,,:4689
NCCL:GroupLaunch,204553465,535816,81429043,31402,StartEnd,9491,9491,1,1,0,4691,4689,:4689:4691
NCCL:API Group,206589941,553800,82025878,41553,StartEnd,9491,9491,1,0,1,4693,,:4693
NCCL:GroupLaunch,206589941,553800,82030141,37130,StartEnd,9491,9491,1,1,0,4695,4693,:4693:4695
NCCL:API Group,207167741,531368,82412746,34178,StartEnd,9491,9491,1,0,1,4697,,:4697
NCCL:GroupLaunch,207167741,531368,82417159,29617,StartEnd,9491,9491,1,1,0,4699,4697,:4697:4699
NCCL:API Group,207741861,528104,82773086,33801,StartEnd,9491,9491,1,0,1,4701,,:4701
NCCL:GroupLaunch,207741861,528104,82776809,29633,StartEnd,9491,9491,1,1,0,4703,4701,:4701:4703
NCCL:API Group,209894019,2082973,84237400,62585,StartEnd,9491,9491,1,0,1,4705,,:4705
NCCL:GroupLaunch,209894019,2082973,84250695,49122,StartEnd,9491,9491,1,1,0,4707,4705,:4705:4707
NCCL:API Group,212211651,2099709,84938708,43375,StartEnd,9491,9491,1,0,1,4709,,:4709
NCCL:GroupLaunch,212211651,2099709,84943814,37905,StartEnd,9491,9491,1,1,0,4711,4709,:4709:4711
NCCL:API Group,214767046,2122750,85430625,39418,StartEnd,9491,9491,1,0,1,4713,,:4713
NCCL:GroupLaunch,214767046,2122750,85434801,35090,StartEnd,9491,9491,1,1,0,4715,4713,:4713:4715
NCCL:API Group,219082498,540519,85857706,36301,StartEnd,9491,9491,1,0,1,4717,,:4717
NCCL:GroupLaunch,219082498,540519,85861566,32286,StartEnd,9491,9491,1,1,0,4719,4717,:4717:4719
NCCL:API Group,219651722,534503,86469034,42764,StartEnd,9491,9491,1,0,1,4721,,:4721
NCCL:GroupLaunch,219651722,534503,86473587,38054,StartEnd,9491,9491,1,1,0,4723,4721,:4721:4723
NCCL:API Group,220228146,522023,86919413,39242,StartEnd,9491,9491,1,0,1,4725,,:4725
NCCL:GroupLaunch,220228146,522023,86923650,34725,StartEnd,9491,9491,1,1,0,4727,4725,:4725:4727
NCCL:API Group,220807354,522823,87299221,38143,StartEnd,9491,9491,1,0,1,4729,,:4729
NCCL:GroupLaunch,220807354,522823,87306376,30824,StartEnd,9491,9491,1,1,0,4731,4729,:4729:4731
NCCL:API Group,222965687,2059645,88765080,48692,StartEnd,9491,9491,1,0,1,4733,,:4733
NCCL:GroupLaunch,222965687,2059645,88771199,42378,StartEnd,9491,9491,1,1,0,4735,4733,:4733:4735
NCCL:API Group,226972335,2189534,89436337,42915,StartEnd,9491,9491,1,0,1,4737,,:4737
NCCL:GroupLaunch,226972335,2189534,89440638,38439,StartEnd,9491,9491,1,1,0,4739,4737,:4737:4739
NCCL:API Group,229396688,3807093,89915435,38359,StartEnd,9491,9491,1,0,1,4741,,:4741
NCCL:GroupLaunch,229396688,3807093,89919504,33984,StartEnd,9491,9491,1,1,0,4743,4741,:4741:4743
NCCL:API Group,233436712,531463,90347844,43530,StartEnd,9491,9491,1,0,1,4745,,:4745
NCCL:GroupLaunch,233436712,531463,90357754,33472,StartEnd,9491,9491,1,1,0,4747,4745,:4745:4747
NCCL:API Group,235456196,540711,90988043,42883,StartEnd,9491,9491,1,0,1,4749,,:4749
NCCL:GroupLaunch,235456196,540711,90992801,37887,StartEnd,9491,9491,1,1,0,4751,4749,:4749:4751
NCCL:API Group,236032172,523495,91401291,41448,StartEnd,9491,9491,1,0,1,4753,,:4753
NCCL:GroupLaunch,236032172,523495,91405273,37201,StartEnd,9491,9491,1,1,0,4755,4753,:4753:4755
NCCL:API Group,236604724,526215,91778576,35065,StartEnd,9491,9491,1,0,1,4757,,:4757
NCCL:GroupLaunch,236604724,526215,91782328,31128,StartEnd,9491,9491,1,1,0,4759,4757,:4757:4759
NCCL:API Group,238751921,2101533,93423344,49826,StartEnd,9491,9491,1,0,1,4761,,:4761
NCCL:GroupLaunch,238751921,2101533,93429465,43520,StartEnd,9491,9491,1,1,0,4763,4761,:4761:4763
NCCL:API Group,241088753,3904278,94094940,41797,StartEnd,9491,9491,1,0,1,4765,,:4765
NCCL:GroupLaunch,241088753,3904278,94099563,36908,StartEnd,9491,9491,1,1,0,4767,4765,:4765:4767
NCCL:API Group,245227402,2148958,94582162,43149,StartEnd,9491,9491,1,0,1,4769,,:4769
NCCL:GroupLaunch,245227402,2148958,94585977,38947,StartEnd,9491,9491,1,1,0,4771,4769,:4769:4771
NCCL:API Group,249555142,545224,95025340,36921,StartEnd,9491,9491,1,0,1,4773,,:4773
NCCL:GroupLaunch,249555142,545224,95028965,33141,StartEnd,9491,9491,1,1,0,4775,4773,:4773:4775
NCCL:API Group,250129870,530535,95629208,38038,StartEnd,9491,9491,1,0,1,4777,,:4777
NCCL:GroupLaunch,250129870,530535,95633281,33690,StartEnd,9491,9491,1,1,0,4779,4777,:4777:4779
NCCL:API Group,250702806,523623,96011087,41747,StartEnd,9491,9491,1,0,1,4781,,:4781
NCCL:GroupLaunch,250702806,523623,96014470,38095,StartEnd,9491,9491,1,1,0,4783,4781,:4781:4783
NCCL:API Group,251274590,528999,96374897,39519,StartEnd,9491,9491,1,0,1,4785,,:4785
NCCL:GroupLaunch,251274590,528999,96383908,30316,StartEnd,9491,9491,1,1,0,4787,4785,:4785:4787
NCCL:API Group,253421243,2081309,97860401,44881,StartEnd,9491,9491,1,0,1,4789,,:4789
NCCL:GroupLaunch,253421243,2081309,97866142,38974,StartEnd,9491,9491,1,1,0,4791,4789,:4789:4791
NCCL:API Group,255738843,2137694,98513932,52225,StartEnd,9491,9491,1,0,1,4793,,:4793
NCCL:GroupLaunch,255738843,2137694,98518197,47795,StartEnd,9491,9491,1,1,0,4795,4793,:4793:4795
NCCL:API Group,258253534,4127545,99695153,53139,StartEnd,9491,9491,1,0,1,4797,,:4797
NCCL:GroupLaunch,258253534,4127545,99701241,46788,StartEnd,9491,9491,1,1,0,4799,4797,:4797:4799
NCCL:API Group,264504500,536264,100898966,48868,StartEnd,9491,9491,1,0,1,4801,,:4801
NCCL:GroupLaunch,264504500,536264,100904669,42978,StartEnd,9491,9491,1,1,0,4803,4801,:4801:4803
NCCL:API Group,265066524,531207,101641971,42866,StartEnd,9491,9491,1,0,1,4805,,:4805
NCCL:GroupLaunch,265066524,531207,101646676,37986,StartEnd,9491,9491,1,1,0,4807,4805,:4805:4807
NCCL:API Group,265646148,523047,102078320,36641,StartEnd,9491,9491,1,0,1,4809,,:4809
NCCL:GroupLaunch,265646148,523047,102082081,32573,StartEnd,9491,9491,1,1,0,4811,4809,:4809:4811
NCCL:API Group,266228748,521319,102456002,34360,StartEnd,9491,9491,1,0,1,4813,,:4813
NCCL:GroupLaunch,266228748,521319,102459667,30548,StartEnd,9491,9491,1,1,0,4815,4813,:4813:4815
NCCL:API Group,268382858,2062364,105021129,60270,StartEnd,9491,9491,1,0,1,4817,,:4817
NCCL:GroupLaunch,268382858,2062364,105027714,53378,StartEnd,9491,9491,1,1,0,4819,4817,:4817:4819
NCCL:API Group,270686474,2096029,105739387,45396,StartEnd,9491,9491,1,0,1,4821,,:4821
NCCL:GroupLaunch,270686474,2096029,105744270,40245,StartEnd,9491,9491,1,1,0,4823,4821,:4821:4823
NCCL:API Group,273194700,2135102,106628547,50135,StartEnd,9491,9491,1,0,1,4825,,:4825
NCCL:GroupLaunch,273194700,2135102,106634375,44122,StartEnd,9491,9491,1,1,0,4827,4825,:4825:4827
NCCL:API Group,275628238,2360928,107711004,51193,StartEnd,9491,9491,1,0,1,4829,,:4829
NCCL:GroupLaunch,275628238,2360928,107716875,45121,StartEnd,9491,9491,1,1,0,4831,4829,:4829:4831
NCCL:API Group,278024399,531975,108442110,52970,StartEnd,9491,9491,1,0,1,4833,,:4833
NCCL:GroupLaunch,278024399,531975,108454783,40038,StartEnd,9491,9491,1,1,0,4835,4833,:4833:4835
NCCL:API Group,278597527,528199,108882293,39597,StartEnd,9491,9491,1,0,1,4837,,:4837
NCCL:GroupLaunch,278597527,528199,108886302,35391,StartEnd,9491,9491,1,1,0,4839,4837,:4837:4839
NCCL:API Group,279172767,523463,109274520,35807,StartEnd,9491,9491,1,0,1,4841,,:4841
NCCL:GroupLaunch,279172767,523463,109277950,32188,StartEnd,9491,9491,1,1,0,4843,4841,:4841:4843
NCCL:API Group,281322236,2078237,111651884,38717,StartEnd,9491,9491,1,0,1,4845,,:4845
NCCL:GroupLaunch,281322236,2078237,111656681,33526,StartEnd,9491,9491,1,1,0,4847,4845,:4845:4847
NCCL:API Group,283637724,2094813,112155473,31905,StartEnd,9491,9491,1,0,1,4849,,:4849
NCCL:GroupLaunch,283637724,2094813,112158811,28422,StartEnd,9491,9491,1,1,0,4851,4849,:4849:4851
NCCL:API Group,286186015,2153470,112750609,36422,StartEnd,9491,9491,1,0,1,4853,,:4853
NCCL:GroupLaunch,286186015,2153470,112755025,31755,StartEnd,9491,9491,1,1,0,4855,4853,:4853:4855
NCCL:API Group,288609025,525063,113597182,37415,StartEnd,9491,9491,1,0,1,4857,,:4857
NCCL:GroupLaunch,288609025,525063,113601670,32809,StartEnd,9491,9491,1,1,0,4859,4857,:4857:4859
NCCL:API Group,290636861,533735,114150546,32469,StartEnd,9491,9491,1,0,1,4861,,:4861
NCCL:GroupLaunch,290636861,533735,114154353,28466,StartEnd,9491,9491,1,1,0,4863,4861,:4861:4863
NCCL:API Group,291213477,523367,114458900,26855,StartEnd,9491,9491,1,0,1,4865,,:4865
NCCL:GroupLaunch,291213477,523367,114461517,24124,StartEnd,9491,9491,1,1,0,4867,4865,:4865:4867
NCCL:API Group,291791341,525703,114748810,31615,StartEnd,9491,9491,1,0,1,4869,,:4869
NCCL:GroupLaunch,291791341,525703,114751548,28770,StartEnd,9491,9491,1,1,0,4871,4869,:4869:4871
NCCL:API Group,293940170,2065053,116697094,37616,StartEnd,9491,9491,1,0,1,4873,,:4873
NCCL:GroupLaunch,293940170,2065053,116701773,32733,StartEnd,9491,9491,1,1,0,4875,4873,:4873:4875
NCCL:API Group,296241706,2113629,117200341,30735,StartEnd,9491,9491,1,0,1,4877,,:4877
NCCL:GroupLaunch,296241706,2113629,117203709,27133,StartEnd,9491,9491,1,1,0,4879,4877,:4877:4879
NCCL:API Group,298749965,2133533,117821719,36266,StartEnd,9491,9491,1,0,1,4881,,:4881
NCCL:GroupLaunch,298749965,2133533,117825901,31840,StartEnd,9491,9491,1,1,0,4883,4881,:4881:4883
NCCL:API Group,303053320,537576,118656000,35043,StartEnd,9491,9491,1,0,1,4885,,:4885
NCCL:GroupLaunch,303053320,537576,118660286,30553,StartEnd,9491,9491,1,1,0,4887,4885,:4885:4887
NCCL:API Group,303615536,531847,119166957,29965,StartEnd,9491,9491,1,0,1,4889,,:4889
NCCL:GroupLaunch,303615536,531847,119170044,26558,StartEnd,9491,9491,1,1,0,4891,4889,:4889:4891
NCCL:API Group,304197240,526215,119470215,26409,StartEnd,9491,9491,1,0,1,4893,,:4893
NCCL:GroupLaunch,304197240,526215,119472869,23483,StartEnd,9491,9491,1,1,0,4895,4893,:4893:4895
NCCL:API Group,304779520,527207,119732629,25495,StartEnd,9491,9491,1,0,1,4897,,:4897
NCCL:GroupLaunch,304779520,527207,119735311,22679,StartEnd,9491,9491,1,1,0,4899,4897,:4897:4899
NCCL:API Group,306941054,2070332,121551944,37027,StartEnd,9491,9491,1,0,1,4901,,:4901
NCCL:GroupLaunch,306941054,2070332,121556762,31986,StartEnd,9491,9491,1,1,0,4903,4901,:4901:4903
NCCL:API Group,309249214,2107453,122055794,34794,StartEnd,9491,9491,1,0,1,4905,,:4905
NCCL:GroupLaunch,309249214,2107453,122059103,31274,StartEnd,9491,9491,1,1,0,4907,4905,:4905:4907
NCCL:API Group,311756704,2142398,122667403,34460,StartEnd,9491,9491,1,0,1,4909,,:4909
NCCL:GroupLaunch,311756704,2142398,122671734,29913,StartEnd,9491,9491,1,1,0,4911,4909,:4909:4911
NCCL:API Group,316083388,537383,123530033,33681,StartEnd,9491,9491,1,0,1,4913,,:4913
NCCL:GroupLaunch,316083388,537383,123534193,29290,StartEnd,9491,9491,1,1,0,4915,4913,:4913:4915
NCCL:API Group,316645092,529031,124056847,33275,StartEnd,9491,9491,1,0,1,4917,,:4917
NCCL:GroupLaunch,316645092,529031,124061039,28646,StartEnd,9491,9491,1,1,0,4919,4917,:4917:4919
NCCL:API Group,317222732,522631,124372415,26745,StartEnd,9491,9491,1,0,1,4921,,:4921
NCCL:GroupLaunch,317222732,522631,124375183,23863,StartEnd,9491,9491,1,1,0,4923,4921,:4921:4923
NCCL:API Group,317801268,522919,124639211,26092,StartEnd,9491,9491,1,0,1,4925,,:4925
NCCL:GroupLaunch,317801268,522919,124641911,23249,StartEnd,9491,9491,1,1,0,4927,4925,:4925:4927
NCCL:API Group,319952177,2053629,126549460,36839,StartEnd,9491,9491,1,0,1,4929,,:4929
NCCL:GroupLaunch,319952177,2053629,126554259,31908,StartEnd,9491,9491,1,1,0,4931,4929,:4929:4931
NCCL:API Group,322241425,2120989,127054109,30710,StartEnd,9491,9491,1,0,1,4933,,:4933
NCCL:GroupLaunch,322241425,2120989,127057342,27336,StartEnd,9491,9491,1,1,0,4935,4933,:4933:4935
NCCL:API Group,324734419,2118493,127655231,37507,StartEnd,9491,9491,1,0,1,4937,,:4937
NCCL:GroupLaunch,324734419,2118493,127662403,30122,StartEnd,9491,9491,1,1,0,4939,4937,:4937:4939
NCCL:API Group,327167925,529575,128584369,35626,StartEnd,9491,9491,1,0,1,4941,,:4941
NCCL:GroupLaunch,327167925,529575,128588676,31088,StartEnd,9491,9491,1,1,0,4943,4941,:4941:4943
NCCL:API Group,329197489,530087,129108984,31239,StartEnd,9491,9491,1,0,1,4945,,:4945
NCCL:GroupLaunch,329197489,530087,129112236,27760,StartEnd,9491,9491,1,1,0,4947,4945,:4945:4947
NCCL:API Group,329775129,527751,129427641,28834,StartEnd,9491,9491,1,0,1,4949,,:4949
NCCL:GroupLaunch,329775129,527751,129430504,25873,StartEnd,9491,9491,1,1,0,4951,4949,:4949:4951
NCCL:API Group,330353345,521095,129711561,25862,StartEnd,9491,9491,1,0,1,4953,,:4953
NCCL:GroupLaunch,330353345,521095,129714414,22910,StartEnd,9491,9491,1,1,0,4955,4953,:4953:4955
NCCL:API Group,332510655,2062140,131496574,37273,StartEnd,9491,9491,1,0,1,4957,,:4957
NCCL:GroupLaunch,332510655,2062140,131501321,32296,StartEnd,9491,9491,1,1,0,4959,4957,:4957:4959
NCCL:API Group,334812606,2140766,132006207,30539,StartEnd,9491,9491,1,0,1,4961,,:4961
NCCL:GroupLaunch,334812606,2140766,132009419,27206,StartEnd,9491,9491,1,1,0,4963,4961,:4961:4963
NCCL:API Group,337310913,2147549,132601647,36847,StartEnd,9491,9491,1,0,1,4965,,:4965
NCCL:GroupLaunch,337310913,2147549,132605616,32764,StartEnd,9491,9491,1,1,0,4967,4965,:4965:4967
NCCL:API Group,339739042,523623,133405159,36193,StartEnd,9491,9491,1,0,1,4969,,:4969
NCCL:GroupLaunch,339739042,523623,133409259,31861,StartEnd,9491,9491,1,1,0,4971,4969,:4969:4971
NCCL:API Group,341772446,530440,133936182,32380,StartEnd,9491,9491,1,0,1,4973,,:4973
NCCL:GroupLaunch,341772446,530440,133939665,28679,StartEnd,9491,9491,1,1,0,4975,4973,:4973:4975
NCCL:API Group,342352038,524648,134249485,26833,StartEnd,9491,9491,1,0,1,4977,,:4977
NCCL:GroupLaunch,342352038,524648,134252235,23968,StartEnd,9491,9491,1,1,0,4979,4977,:4977:4979
NCCL:API Group,342932558,525736,134521183,34942,StartEnd,9491,9491,1,0,1,4981,,:4981
NCCL:GroupLaunch,342932558,525736,134523453,32426,StartEnd,9491,9491,1,1,0,4983,4981,:4981:4983
NCCL:API Group,345091692,2048828,136419129,40288,StartEnd,9491,9491,1,0,1,4985,,:4985
NCCL:GroupLaunch,345091692,2048828,136427309,31977,StartEnd,9491,9491,1,1,0,4987,4985,:4985:4987
NCCL:API Group,347378028,2096925,136931983,31346,StartEnd,9491,9491,1,0,1,4989,,:4989
NCCL:GroupLaunch,347378028,2096925,136935529,27685,StartEnd,9491,9491,1,1,0,4991,4989,:4989:4991
NCCL:API Group,349884238,2130270,137544130,35079,StartEnd,9491,9491,1,0,1,4993,,:4993
NCCL:GroupLaunch,349884238,2130270,137548572,30532,StartEnd,9491,9491,1,1,0,4995,4993,:4993:4995
NCCL:API Group,352309424,2374080,138355782,35638,StartEnd,9491,9491,1,0,1,4997,,:4997
NCCL:GroupLaunch,352309424,2374080,138360256,30956,StartEnd,9491,9491,1,1,0,4999,4997,:4997:4999
NCCL:API Group,354717937,534695,138904154,34479,StartEnd,9491,9491,1,0,1,5001,,:5001
NCCL:GroupLaunch,354717937,534695,138911038,27486,StartEnd,9491,9491,1,1,0,5003,5001,:5001:5003
NCCL:API Group,355291737,524583,139219605,26654,StartEnd,9491,9491,1,0,1,5005,,:5005
NCCL:GroupLaunch,355291737,524583,139222299,23706,StartEnd,9491,9491,1,1,0,5007,5005,:5005:5007
NCCL:API Group,355866017,524583,139487455,23702,StartEnd,9491,9491,1,0,1,5009,,:5009
NCCL:GroupLaunch,355866017,524583,139489884,21173,StartEnd,9491,9491,1,1,0,5011,5009,:5009:5011
NCCL:API Group,358018078,2061757,141291254,40499,StartEnd,9491,9491,1,0,1,5013,,:5013
NCCL:GroupLaunch,358018078,2061757,141296055,35338,StartEnd,9491,9491,1,1,0,5015,5013,:5013:5015
NCCL:API Group,360317918,2093341,141799190,31738,StartEnd,9491,9491,1,0,1,5017,,:5017
NCCL:GroupLaunch,360317918,2093341,141802552,28238,StartEnd,9491,9491,1,1,0,5019,5017,:5017:5019
NCCL:API Group,362818945,2132989,142406593,35379,StartEnd,9491,9491,1,0,1,5021,,:5021
NCCL:GroupLaunch,362818945,2132989,142411009,30762,StartEnd,9491,9491,1,1,0,5023,5021,:5021:5023
NCCL:API Group,367158364,533064,143248674,36380,StartEnd,9491,9491,1,0,1,5025,,:5025
NCCL:GroupLaunch,367158364,533064,143253418,31423,StartEnd,9491,9491,1,1,0,5027,5025,:5025:5027
NCCL:API Group,367716836,535304,143787624,31334,StartEnd,9491,9491,1,0,1,5029,,:5029
NCCL:GroupLaunch,367716836,535304,143791193,27662,StartEnd,9491,9491,1,1,0,5031,5029,:5029:5031
NCCL:API Group,368294412,521799,144095776,26085,StartEnd,9491,9491,1,0,1,5033,,:5033
NCCL:GroupLaunch,368294412,521799,144098428,23336,StartEnd,9491,9491,1,1,0,5035,5033,:5033:5035
NCCL:API Group,368871924,523399,144372646,31436,StartEnd,9491,9491,1,0,1,5037,,:5037
NCCL:GroupLaunch,368871924,523399,144375181,28683,StartEnd,9491,9491,1,1,0,5039,5037,:5037:5039
NCCL:API Group,371033074,2059740,151262566,37672,StartEnd,9491,9491,1,0,1,5041,,:5041
NCCL:GroupLaunch,371033074,2059740,151267195,32824,StartEnd,9491,9491,1,1,0,5043,5041,:5041:5043
NCCL:API Group,373328594,2091644,151776085,32602,StartEnd,9491,9491,1,0,1,5045,,:5045
NCCL:GroupLaunch,373328594,2091644,151779508,28852,StartEnd,9491,9491,1,1,0,5047,5045,:5045:5047
NCCL:API Group,375877717,2124957,152470779,35566,StartEnd,9491,9491,1,0,1,5049,,:5049
NCCL:GroupLaunch,375877717,2124957,152475092,31152,StartEnd,9491,9491,1,1,0,5051,5049,:5049:5051
NCCL:API Group,378309206,525896,153426953,37767,StartEnd,9491,9491,1,0,1,5053,,:5053
NCCL:GroupLaunch,378309206,525896,153431344,33106,StartEnd,9491,9491,1,1,0,5055,5053,:5053:5055
NCCL:API Group,380338834,527880,153955287,32831,StartEnd,9491,9491,1,0,1,5057,,:5057
NCCL:GroupLaunch,380338834,527880,153958756,28959,StartEnd,9491,9491,1,1,0,5059,5057,:5057:5059
NCCL:API Group,380912346,528072,154267574,27937,StartEnd,9491,9491,1,0,1,5061,,:5061
NCCL:GroupLaunch,380912346,528072,154270224,25038,StartEnd,9491,9491,1,1,0,5063,5061,:5061:5063
NCCL:API Group,381490370,521159,154548574,27620,StartEnd,9491,9491,1,0,1,5065,,:5065
NCCL:GroupLaunch,381490370,521159,154551450,24474,StartEnd,9491,9491,1,1,0,5067,5065,:5065:5067
NCCL:API Group,383642720,2055580,166081546,38360,StartEnd,9491,9491,1,0,1,5069,,:5069
NCCL:GroupLaunch,383642720,2055580,166086253,32131,StartEnd,9491,9491,1,1,0,5071,5069,:5069:5071
NCCL:API Group,385934592,2087068,166598381,34717,StartEnd,9491,9491,1,0,1,5073,,:5073
NCCL:GroupLaunch,385934592,2087068,166602171,30828,StartEnd,9491,9491,1,1,0,5075,5073,:5073:5075
NCCL:API Group,388433666,2144734,167339389,36997,StartEnd,9491,9491,1,0,1,5077,,:5077
NCCL:GroupLaunch,388433666,2144734,167344079,32061,StartEnd,9491,9491,1,1,0,5079,5077,:5077:5079
NCCL:API Group,390857827,527208,168285582,35980,StartEnd,9491,9491,1,0,1,5081,,:5081
NCCL:GroupLaunch,390857827,527208,168290121,31339,StartEnd,9491,9491,1,1,0,5083,5081,:5081:5083
NCCL:API Group,392901440,532391,168806508,31189,StartEnd,9491,9491,1,0,1,5085,,:5085
NCCL:GroupLaunch,392901440,532391,168809967,27471,StartEnd,9491,9491,1,1,0,5087,5085,:5085:5087
NCCL:API Group,393481064,523783,169129082,28002,StartEnd,9491,9491,1,0,1,5089,,:5089
NCCL:GroupLaunch,393481064,523783,169131868,24937,StartEnd,9491,9491,1,1,0,5091,5089,:5089:5091
NCCL:API Group,394062928,523495,169397921,24642,StartEnd,9491,9491,1,0,1,5093,,:5093
NCCL:GroupLaunch,394062928,523495,169400685,21685,StartEnd,9491,9491,1,1,0,5095,5093,:5093:5095
NCCL:API Group,396219661,2058301,179123408,37710,StartEnd,9491,9491,1,0,1,5097,,:5097
NCCL:GroupLaunch,396219661,2058301,179128225,32674,StartEnd,9491,9491,1,1,0,5099,5097,:5097:5099
NCCL:API Group,398517069,2128093,179631513,33804,StartEnd,9491,9491,1,0,1,5101,,:5101
NCCL:GroupLaunch,398517069,2128093,179634950,30143,StartEnd,9491,9491,1,1,0,5103,5101,:5101:5103
NCCL:API Group,401023408,2152989,180355423,40040,StartEnd,9491,9491,1,0,1,5105,,:5105
NCCL:GroupLaunch,401023408,2152989,180359970,35277,StartEnd,9491,9491,1,1,0,5107,5105,:5105:5107
NCCL:API Group,403447793,524711,181248299,35205,StartEnd,9491,9491,1,0,1,5109,,:5109
NCCL:GroupLaunch,403447793,524711,181252525,30867,StartEnd,9491,9491,1,1,0,5111,5109,:5109:5111
NCCL:API Group,405480525,531335,181787622,33434,StartEnd,9491,9491,1,0,1,5113,,:5113
NCCL:GroupLaunch,405480525,531335,181791319,29487,StartEnd,9491,9491,1,1,0,5115,5113,:5113:5115
NCCL:API Group,406054549,523623,182100830,27052,StartEnd,9491,9491,1,0,1,5117,,:5117
NCCL:GroupLaunch,406054549,523623,182103676,23989,StartEnd,9491,9491,1,1,0,5119,5117,:5117:5119
NCCL:API Group,406632957,522823,182367802,24024,StartEnd,9491,9491,1,0,1,5121,,:5121
NCCL:GroupLaunch,406632957,522823,182370456,21167,StartEnd,9491,9491,1,1,0,5123,5121,:5121:5123
NCCL:API Group,408792603,2063932,195410645,36613,StartEnd,9491,9491,1,0,1,5125,,:5125
NCCL:GroupLaunch,408792603,2063932,195415357,31678,StartEnd,9491,9491,1,1,0,5127,5125,:5125:5127
NCCL:API Group,411090491,2095068,195923957,31936,StartEnd,9491,9491,1,0,1,5129,,:5129
NCCL:GroupLaunch,411090491,2095068,195927724,27948,StartEnd,9491,9491,1,1,0,5131,5129,:5129:5131
NCCL:API Group,413598045,2133758,196647986,35720,StartEnd,9491,9491,1,0,1,5133,,:5133
NCCL:GroupLaunch,413598045,2133758,196652258,31297,StartEnd,9491,9491,1,1,0,5135,5133,:5133:5135
NCCL:API Group,417925561,535015,197572754,36805,StartEnd,9491,9491,1,0,1,5137,,:5137
NCCL:GroupLaunch,417925561,535015,197577361,31962,StartEnd,9491,9491,1,1,0,5139,5137,:5137:5139
NCCL:API Group,418487457,528615,198119827,33688,StartEnd,9491,9491,1,0,1,5141,,:5141
NCCL:GroupLaunch,418487457,528615,198123247,30042,StartEnd,9491,9491,1,1,0,5143,5141,:5141:5143
NCCL:API Group,419066057,528743,198437599,27984,StartEnd,9491,9491,1,0,1,5145,,:5145
NCCL:GroupLaunch,419066057,528743,198440289,25108,StartEnd,9491,9491,1,1,0,5147,5145,:5145:5147
NCCL:API Group,419647729,522471,198733114,26071,StartEnd,9491,9491,1,0,1,5149,,:5149
NCCL:GroupLaunch,419647729,522471,198735913,22981,StartEnd,9491,9491,1,1,0,5151,5149,:5149:5151
NCCL:API Group,421801550,2055485,207965544,39977,StartEnd,9491,9491,1,0,1,5153,,:5153
NCCL:GroupLaunch,421801550,2055485,207973511,31884,StartEnd,9491,9491,1,1,0,5155,5153,:5153:5155
NCCL:API Group,424095086,2091101,208478019,31749,StartEnd,9491,9491,1,0,1,5157,,:5157
NCCL:GroupLaunch,424095086,2091101,208481439,28108,StartEnd,9491,9491,1,1,0,5159,5157,:5157:5159
NCCL:API Group,426646321,2137566,209151473,37455,StartEnd,9491,9491,1,0,1,5161,,:5161
NCCL:GroupLaunch,426646321,2137566,209155886,32810,StartEnd,9491,9491,1,1,0,5163,5161,:5161:5163
NCCL:API Group,430976397,535815,210169959,36494,StartEnd,9491,9491,1,0,1,5165,,:5165
NCCL:GroupLaunch,430976397,535815,210174415,31926,StartEnd,9491,9491,1,1,0,5167,5165,:5165:5167
NCCL:API Group,431540565,529639,210718186,31918,StartEnd,9491,9491,1,0,1,5169,,:5169
NCCL:GroupLaunch,431540565,529639,210721863,27902,StartEnd,9491,9491,1,1,0,5171,5169,:5169:5171
NCCL:API Group,432116093,523079,211037405,27066,StartEnd,9491,9491,1,0,1,5173,,:5173
NCCL:GroupLaunch,432116093,523079,211040151,24114,StartEnd,9491,9491,1,1,0,5175,5173,:5173:5175
NCCL:API Group,432693253,526695,211319008,26424,StartEnd,9491,9491,1,0,1,5177,,:5177
NCCL:GroupLaunch,432693253,526695,211321734,23570,StartEnd,9491,9491,1,1,0,5179,5177,:5177:5179
NCCL:API Group,434847522,2054365,221030485,36309,StartEnd,9491,9491,1,0,1,5181,,:5181
NCCL:GroupLaunch,434847522,2054365,221035154,31422,StartEnd,9491,9491,1,1,0,5183,5181,:5181:5183
NCCL:API Group,437137154,2090973,221556243,30680,StartEnd,9491,9491,1,0,1,5185,,:5185
NCCL:GroupLaunch,437137154,2090973,221559915,26810,StartEnd,9491,9491,1,1,0,5187,5185,:5185:5187
NCCL:API Group,439687717,2114365,222234252,35597,StartEnd,9491,9491,1,0,1,5189,,:5189
NCCL:GroupLaunch,439687717,2114365,222238458,31276,StartEnd,9491,9491,1,1,0,5191,5189,:5189:5191
NCCL:API Group,444016353,537703,223181298,34034,StartEnd,9491,9491,1,0,1,5193,,:5193
NCCL:GroupLaunch,444016353,537703,223185511,29587,StartEnd,9491,9491,1,1,0,5195,5193,:5193:5195
NCCL:API Group,444578248,529800,223721295,32317,StartEnd,9491,9491,1,0,1,5197,,:5197
NCCL:GroupLaunch,444578248,529800,223724854,28558,StartEnd,9491,9491,1,1,0,5199,5197,:5197:5199
NCCL:API Group,445161969,523815,224037191,27575,StartEnd,9491,9491,1,0,1,5201,,:5201
NCCL:GroupLaunch,445161969,523815,224040055,24521,StartEnd,9491,9491,1,1,0,5203,5201,:5201:5203
NCCL:API Group,445745625,523815,224311494,25654,StartEnd,9491,9491,1,0,1,5205,,:5205
NCCL:GroupLaunch,445745625,523815,224314072,22977,StartEnd,9491,9491,1,1,0,5207,5205,:5205:5207
NCCL:API Group,447909878,2055293,236838725,37598,StartEnd,9491,9491,1,0,1,5209,,:5209
NCCL:GroupLaunch,447909878,2055293,236843612,32589,StartEnd,9491,9491,1,1,0,5211,5209,:5209:5211
NCCL:API Group,450201334,2088573,237348892,31692,StartEnd,9491,9491,1,0,1,5213,,:5213
NCCL:GroupLaunch,450201334,2088573,237352468,27914,StartEnd,9491,9491,1,1,0,5215,5213,:5213:5215
NCCL:API Group,452743193,2150174,238031879,36762,StartEnd,9491,9491,1,0,1,5217,,:5217
NCCL:GroupLaunch,452743193,2150174,238036075,32434,StartEnd,9491,9491,1,1,0,5219,5217,:5217:5219
NCCL:API Group,455168603,2345056,238986227,37788,StartEnd,9491,9491,1,0,1,5221,,:5221
NCCL:GroupLaunch,455168603,2345056,238990650,33232,StartEnd,9491,9491,1,1,0,5223,5221,:5221:5223
NCCL:API Group,457550523,532552,239524399,31164,StartEnd,9491,9491,1,0,1,5225,,:5225
NCCL:GroupLaunch,457550523,532552,239527693,27576,StartEnd,9491,9491,1,1,0,5227,5225,:5225:5227
NCCL:API Group,458121891,523368,239840946,30210,StartEnd,9491,9491,1,0,1,5229,,:5229
NCCL:GroupLaunch,458121891,523368,239846430,24608,StartEnd,9491,9491,1,1,0,5231,5229,:5229:5231
NCCL:API Group,458698539,524680,240117318,26441,StartEnd,9491,9491,1,0,1,5233,,:5233
NCCL:GroupLaunch,458698539,524680,240119642,24006,StartEnd,9491,9491,1,1,0,5235,5233,:5233:5235
NCCL:API Group,460846217,2087165,251502936,39675,StartEnd,9491,9491,1,0,1,5237,,:5237
NCCL:GroupLaunch,460846217,2087165,251507706,34683,StartEnd,9491,9491,1,1,0,5239,5237,:5237:5239
NCCL:API Group,463170793,2163518,252013608,31428,StartEnd,9491,9491,1,0,1,5241,,:5241
NCCL:GroupLaunch,463170793,2163518,252017152,27752,StartEnd,9491,9491,1,1,0,5243,5241,:5241:5243
NCCL:API Group,465671947,4140826,252698213,35684,StartEnd,9491,9491,1,0,1,5245,,:5245
NCCL:GroupLaunch,465671947,4140826,252702509,31276,StartEnd,9491,9491,1,1,0,5247,5245,:5245:5247
NCCL:API Group,470044392,3922390,253613965,35830,StartEnd,9491,9491,1,0,1,5249,,:5249
NCCL:GroupLaunch,470044392,3922390,253618409,31253,StartEnd,9491,9491,1,1,0,5251,5249,:5249:5251
NCCL:API Group,1622496578,13728,1353560602,70921,StartEnd,9491,9491,1,0,1,5253,,:5253
NCCL:GroupLaunch,1622496578,13728,1353574823,56580,StartEnd,9491,9491,1,1,0,5255,5253,:5253:5255
NCCL:API Group,1622515106,9856,1353766938,24796,StartEnd,9491,9491,1,0,1,5257,,:5257
NCCL:GroupLaunch,1622515106,9856,1353769108,22518,StartEnd,9491,9491,1,1,0,5259,5257,:5257:5259
NCCL:API Group,1622529442,8992,1353861922,18162,StartEnd,9491,9491,1,0,1,5261,,:5261
NCCL:GroupLaunch,1622529442,8992,1353863982,15967,StartEnd,9491,9491,1,1,0,5263,5261,:5261:5263
NCCL:API Group,1622543746,9761,1353937773,15594,StartEnd,9491,9491,1,0,1,5265,,:5265
NCCL:GroupLaunch,1622543746,9761,1353939148,14087,StartEnd,9491,9491,1,1,0,5267,5265,:5265:5267
NCCL:API Group,1622558083,8160,1354707171,16245,StartEnd,9491,9491,1,0,1,5269,,:5269
NCCL:GroupLaunch,1622558083,8160,1354708651,14544,StartEnd,9491,9491,1,1,0,5271,5269,:5269:5271
NCCL:API Group,1622570371,8416,1354842418,15913,StartEnd,9491,9491,1,0,1,5273,,:5273
NCCL:GroupLaunch,1622570371,8416,1354844197,13803,StartEnd,9491,9491,1,1,0,5275,5273,:5273:5275
NCCL:API Group,1622582691,8320,1354906475,16784,StartEnd,9491,9491,1,0,1,5277,,:5277
NCCL:GroupLaunch,1622582691,8320,1354908482,14681,StartEnd,9491,9491,1,1,0,5279,5277,:5277:5279
NCCL:API Group,1622594979,8224,1354969267,14420,StartEnd,9491,9491,1,0,1,5281,,:5281
NCCL:GroupLaunch,1622594979,8224,1354970570,12978,StartEnd,9491,9491,1,1,0,5283,5281,:5281:5283
NCCL:API Group,1622607235,8128,1355032717,16696,StartEnd,9491,9491,1,0,1,5285,,:5285
NCCL:GroupLaunch,1622607235,8128,1355035758,13503,StartEnd,9491,9491,1,1,0,5287,5285,:5285:5287
NCCL:API Group,1622619523,8257,1360159831,17098,StartEnd,9491,9491,1,0,1,5289,,:5289
NCCL:GroupLaunch,1622619523,8257,1360161593,15153,StartEnd,9491,9491,1,1,0,5291,5289,:5289:5291
NCCL:API Group,1622631812,8160,1360221674,19050,StartEnd,9491,9491,1,0,1,5293,,:5293
NCCL:GroupLaunch,1622631812,8160,1360222912,17682,StartEnd,9491,9491,1,1,0,5295,5293,:5293:5295
NCCL:API Group,1622644100,8480,1360284990,14750,StartEnd,9491,9491,1,0,1,5297,,:5297
NCCL:GroupLaunch,1622644100,8480,1360286333,13249,StartEnd,9491,9491,1,1,0,5299,5297,:5297:5299
NCCL:API Group,1622656388,8288,1360343993,13742,StartEnd,9491,9491,1,0,1,5301,,:5301
NCCL:GroupLaunch,1622656388,8288,1360345200,12446,StartEnd,9491,9491,1,1,0,5303,5301,:5301:5303
NCCL:API Group,1622668676,8256,1360401803,13689,StartEnd,9491,9491,1,0,1,5305,,:5305
NCCL:GroupLaunch,1622668676,8256,1360403203,12040,StartEnd,9491,9491,1,1,0,5307,5305,:5305:5307
NCCL:API Group,1622680964,8224,1360460154,15334,StartEnd,9491,9491,1,0,1,5309,,:5309
NCCL:GroupLaunch,1622680964,8224,1360461406,13985,StartEnd,9491,9491,1,1,0,5311,5309,:5309:5311
NCCL:API Group,1622693285,8352,1360519142,14518,StartEnd,9491,9491,1,0,1,5313,,:5313
NCCL:GroupLaunch,1622693285,8352,1360521289,12278,StartEnd,9491,9491,1,1,0,5315,5313,:5313:5315
NCCL:API Group,1622705541,8160,1360579736,13719,StartEnd,9491,9491,1,0,1,5317,,:5317
NCCL:GroupLaunch,1622705541,8160,1360580888,12435,StartEnd,9491,9491,1,1,0,5319,5317,:5317:5319
NCCL:API Group,1622717829,8224,1360640565,15655,StartEnd,9491,9491,1,0,1,5321,,:5321
NCCL:GroupLaunch,1622717829,8224,1360641684,14339,StartEnd,9491,9491,1,1,0,5323,5321,:5321:5323
NCCL:API Group,1622730117,8384,1360701358,15327,StartEnd,9491,9491,1,0,1,5325,,:5325
NCCL:GroupLaunch,1622730117,8384,1360702506,14077,StartEnd,9491,9491,1,1,0,5327,5325,:5325:5327
NCCL:API Group,1622742437,8256,1360760238,13764,StartEnd,9491,9491,1,0,1,5329,,:5329
NCCL:GroupLaunch,1622742437,8256,1360761808,12101,StartEnd,9491,9491,1,1,0,5331,5329,:5329:5331
NCCL:API Group,1622754693,8224,1360817350,13215,StartEnd,9491,9491,1,0,1,5333,,:5333
NCCL:GroupLaunch,1622754693,8224,1360818596,11875,StartEnd,9491,9491,1,1,0,5335,5333,:5333:5335
NCCL:API Group,1622766982,8416,1360875351,13792,StartEnd,9491,9491,1,0,1,5337,,:5337
NCCL:GroupLaunch,1622766982,8416,1360876673,12279,StartEnd,9491,9491,1,1,0,5339,5337,:5337:5339
NCCL:API Group,1622779270,8320,1360932756,13916,StartEnd,9491,9491,1,0,1,5341,,:5341
NCCL:GroupLaunch,1622779270,8320,1360934244,12302,StartEnd,9491,9491,1,1,0,5343,5341,:5341:5343
NCCL:API Group,1622791590,8416,1360990917,15047,StartEnd,9491,9491,1,0,1,5345,,:5345
NCCL:GroupLaunch,1622791590,8416,1360993595,12272,StartEnd,9491,9491,1,1,0,5347,5345,:5345:5347
NCCL:API Group,1622803846,8224,1361051060,13250,StartEnd,9491,9491,1,0,1,5349,,:5349
NCCL:GroupLaunch,1622803846,8224,1361052124,11955,StartEnd,9491,9491,1,1,0,5351,5349,:5349:5351
NCCL:API Group,1622816134,8320,1361109528,13224,StartEnd,9491,9491,1,0,1,5353,,:5353
NCCL:GroupLaunch,1622816134,8320,1361110744,11881,StartEnd,9491,9491,1,1,0,5355,5353,:5353:5355
NCCL:API Group,1622828422,8192,1361165569,13104,StartEnd,9491,9491,1,0,1,5357,,:5357
NCCL:GroupLaunch,1622828422,8192,1361166830,11742,StartEnd,9491,9491,1,1,0,5359,5357,:5357:5359
NCCL:API Group,1622840743,8288,1361221246,15069,StartEnd,9491,9491,1,0,1,5361,,:5361
NCCL:GroupLaunch,1622840743,8288,1361222298,13916,StartEnd,9491,9491,1,1,0,5363,5361,:5361:5363
NCCL:API Group,1622852999,8224,1361279661,13766,StartEnd,9491,9491,1,0,1,5365,,:5365
NCCL:GroupLaunch,1622852999,8224,1361280776,12550,StartEnd,9491,9491,1,1,0,5367,5365,:5365:5367
NCCL:API Group,1622865287,8288,1361338384,13352,StartEnd,9491,9491,1,0,1,5369,,:5369
NCCL:GroupLaunch,1622865287,8288,1361339422,12214,StartEnd,9491,9491,1,1,0,5371,5369,:5369:5371
NCCL:API Group,1622877575,8352,1361395418,13478,StartEnd,9491,9491,1,0,1,5373,,:5373
NCCL:GroupLaunch,1622877575,8352,1361396874,11923,StartEnd,9491,9491,1,1,0,5375,5373,:5373:5375
NCCL:API Group,1622889863,8576,1361451200,13548,StartEnd,9491,9491,1,0,1,5377,,:5377
NCCL:GroupLaunch,1622889863,8576,1361452425,12221,StartEnd,9491,9491,1,1,0,5379,5377,:5377:5379
NCCL:API Group,1622902151,8160,1361509978,14970,StartEnd,9491,9491,1,0,1,5381,,:5381
NCCL:GroupLaunch,1622902151,8160,1361512601,12254,StartEnd,9491,9491,1,1,0,5383,5381,:5381:5383
NCCL:API Group,1622914440,8192,1362316210,16908,StartEnd,9491,9491,1,0,1,5385,,:5385
NCCL:GroupLaunch,1622914440,8192,1362317970,15058,StartEnd,9491,9491,1,1,0,5387,5385,:5385:5387
NCCL:API Group,1622926728,8128,1362377312,15183,StartEnd,9491,9491,1,0,1,5389,,:5389
NCCL:GroupLaunch,1622926728,8128,1362378374,14026,StartEnd,9491,9491,1,1,0,5391,5389,:5389:5391
NCCL:API Group,1622939048,8320,1362436058,12948,StartEnd,9491,9491,1,0,1,5393,,:5393
NCCL:GroupLaunch,1622939048,8320,1362437191,11713,StartEnd,9491,9491,1,1,0,5395,5393,:5393:5395
NCCL:API Group,1622951304,8320,1362494320,14220,StartEnd,9491,9491,1,0,1,5397,,:5397
NCCL:GroupLaunch,1622951304,8320,1362495493,12945,StartEnd,9491,9491,1,1,0,5399,5397,:5397:5399
NCCL:API Group,1622963592,8192,1362554580,13565,StartEnd,9491,9491,1,0,1,5401,,:5401
NCCL:GroupLaunch,1622963592,8192,1362555955,12068,StartEnd,9491,9491,1,1,0,5403,5401,:5401:5403
NCCL:API Group,1622975912,8161,1362611069,13483,StartEnd,9491,9491,1,0,1,5405,,:5405
NCCL:GroupLaunch,1622975912,8161,1362612159,12301,StartEnd,9491,9491,1,1,0,5407,5405,:5405:5407
NCCL:API Group,1622988201,8256,1362669644,15891,StartEnd,9491,9491,1,0,1,5409,,:5409
NCCL:GroupLaunch,1622988201,8256,1362670735,14636,StartEnd,9491,9491,1,1,0,5411,5409,:5409:5411
NCCL:API Group,1623000809,8256,1362731277,13109,StartEnd,9491,9491,1,0,1,5413,,:5413
NCCL:GroupLaunch,1623000809,8256,1362732348,11944,StartEnd,9491,9491,1,1,0,5415,5413,:5413:5415
NCCL:API Group,1623012745,8224,1362789958,13298,StartEnd,9491,9491,1,0,1,5417,,:5417
NCCL:GroupLaunch,1623012745,8224,1362791118,12044,StartEnd,9491,9491,1,1,0,5419,5417,:5417:5419
NCCL:API Group,1623025033,8224,1362846217,13359,StartEnd,9491,9491,1,0,1,5421,,:5421
NCCL:GroupLaunch,1623025033,8224,1362847440,12034,StartEnd,9491,9491,1,1,0,5423,5421,:5421:5423
NCCL:API Group,1623037353,8224,1362902858,14777,StartEnd,9491,9491,1,0,1,5425,,:5425
NCCL:GroupLaunch,1623037353,8224,1362903919,13464,StartEnd,9491,9491,1,1,0,5427,5425,:5425:5427
NCCL:API Group,1623049609,8289,1362961096,13467,StartEnd,9491,9491,1,0,1,5429,,:5429
NCCL:GroupLaunch,1623049609,8289,1362962198,12267,StartEnd,9491,9491,1,1,0,5431,5429,:5429:5431
NCCL:API Group,1623061898,8128,1363017164,13414,StartEnd,9491,9491,1,0,1,5433,,:5433
NCCL:GroupLaunch,1623061898,8128,1363018536,11937,StartEnd,9491,9491,1,1,0,5435,5433,:5433:5435
NCCL:API Group,1623074186,8256,1363074478,13348,StartEnd,9491,9491,1,0,1,5437,,:5437
NCCL:GroupLaunch,1623074186,8256,1363075711,12019,StartEnd,9491,9491,1,1,0,5439,5437,:5437:5439
NCCL:API Group,1623086506,8288,1363228284,13499,StartEnd,9491,9491,1,0,1,5441,,:5441
NCCL:GroupLaunch,1623086506,8288,1363229421,12265,StartEnd,9491,9491,1,1,0,5443,5441,:5441:5443
NCCL:API Group,1623098762,8160,1363501649,15616,StartEnd,9491,9491,1,0,1,5445,,:5445
NCCL:GroupLaunch,1623098762,8160,1363504874,12272,StartEnd,9491,9491,1,1,0,5447,5445,:5445:5447
NCCL:API Group,1623111050,8160,1363708850,14649,StartEnd,9491,9491,1,0,1,5449,,:5449
NCCL:GroupLaunch,1623111050,8160,1363709950,13455,StartEnd,9491,9491,1,1,0,5451,5449,:5449:5451
NCCL:API Group,1623123338,8161,1363827428,14234,StartEnd,9491,9491,1,0,1,5453,,:5453
NCCL:GroupLaunch,1623123338,8161,1363828830,12726,StartEnd,9491,9491,1,1,0,5455,5453,:5453:5455
NCCL:API Group,1623135659,8320,1363964218,13257,StartEnd,9491,9491,1,0,1,5457,,:5457
NCCL:GroupLaunch,1623135659,8320,1363965314,12066,StartEnd,9491,9491,1,1,0,5459,5457,:5457:5459
NCCL:API Group,1623147915,8416,1364243699,15669,StartEnd,9491,9491,1,0,1,5461,,:5461
NCCL:GroupLaunch,1623147915,8416,1364244822,14274,StartEnd,9491,9491,1,1,0,5463,5461,:5461:5463
NCCL:API Group,1623160203,8192,1364407217,13371,StartEnd,9491,9491,1,0,1,5465,,:5465
NCCL:GroupLaunch,1623160203,8192,1364408349,12145,StartEnd,9491,9491,1,1,0,5467,5465,:5465:5467
NCCL:API Group,1623172523,8288,1364489829,14699,StartEnd,9491,9491,1,0,1,5469,,:5469
NCCL:GroupLaunch,1623172523,8288,1364491103,13330,StartEnd,9491,9491,1,1,0,5471,5469,:5469:5471
NCCL:API Group,1623184811,8224,1364551020,13851,StartEnd,9491,9491,1,0,1,5473,,:5473
NCCL:GroupLaunch,1623184811,8224,1364552364,12414,StartEnd,9491,9491,1,1,0,5475,5473,:5473:5475
NCCL:API Group,1623198091,8225,1364612402,15771,StartEnd,9491,9491,1,0,1,5477,,:5477
NCCL:GroupLaunch,1623198091,8225,1364613580,14493,StartEnd,9491,9491,1,1,0,5479,5477,:5477:5479
NCCL:API Group,1623210380,8160,1364819528,13759,StartEnd,9491,9491,1,0,1,5481,,:5481
NCCL:GroupLaunch,1623210380,8160,1364820598,12552,StartEnd,9491,9491,1,1,0,5483,5481,:5481:5483
NCCL:API Group,1623222668,8224,1364877257,13393,StartEnd,9491,9491,1,0,1,5485,,:5485
NCCL:GroupLaunch,1623222668,8224,1364878460,12090,StartEnd,9491,9491,1,1,0,5487,5485,:5485:5487
NCCL:API Group,1623234988,8096,1365003608,13683,StartEnd,9491,9491,1,0,1,5489,,:5489
NCCL:GroupLaunch,1623234988,8096,1365005077,12113,StartEnd,9491,9491,1,1,0,5491,5489,:5489:5491
NCCL:API Group,1623247244,8192,1365183095,13424,StartEnd,9491,9491,1,0,1,5493,,:5493
NCCL:GroupLaunch,1623247244,8192,1365184224,12195,StartEnd,9491,9491,1,1,0,5495,5493,:5493:5495
NCCL:API Group,1623259532,8224,1365361732,14332,StartEnd,9491,9491,1,0,1,5497,,:5497
NCCL:GroupLaunch,1623259532,8224,1365362860,12996,StartEnd,9491,9491,1,1,0,5499,5497,:5497:5499
NCCL:API Group,1623271820,8225,1365550975,13441,StartEnd,9491,9491,1,0,1,5501,,:5501
NCCL:GroupLaunch,1623271820,8225,1365552125,12161,StartEnd,9491,9491,1,1,0,5503,5501,:5501:5503
NCCL:API Group,1623284109,8128,1365607147,14411,StartEnd,9491,9491,1,0,1,5505,,:5505
NCCL:GroupLaunch,1623284109,8128,1365608281,13178,StartEnd,9491,9491,1,1,0,5507,5505,:5505:5507
NCCL:API Group,1623296397,8096,1365668101,13966,StartEnd,9491,9491,1,0,1,5509,,:5509
NCCL:GroupLaunch,1623296397,8096,1365669319,12630,StartEnd,9491,9491,1,1,0,5511,5509,:5509:5511
NCCL:API Group,1623511888,4320,1623472562,52131,StartEnd,9491,9491,1,0,1,5513,,:5513
NCCL:GroupLaunch,1623511888,4320,1623481629,42194,StartEnd,9491,9491,1,1,0,5515,5513,:5513:5515
NCCL:API Group,1718874259,10912,1718834835,50697,StartEnd,9491,9491,1,0,1,5517,,:5517
NCCL:GroupLaunch,1718874259,10912,1718844868,40517,StartEnd,9491,9491,1,1,0,5519,5517,:5517:5519
NCCL:API Group,476470594,2001698,256936690,69979,StartEnd,9492,9875,1,0,1,5521,,:5521
NCCL:GroupLaunch,476470594,2001698,256969452,37022,StartEnd,9492,9875,1,1,0,5523,5521,:5521:5523
NCCL:API Group,481920125,1972865,257819069,50525,StartEnd,9492,9875,1,0,1,5525,,:5525
NCCL:GroupLaunch,481920125,1972865,257833193,36032,StartEnd,9492,9875,1,1,0,5527,5525,:5525:5527
NCCL:API Group,484082145,2051490,265150037,31938,StartEnd,9492,9875,1,0,1,5529,,:5529
NCCL:GroupLaunch,484082145,2051490,265153580,28030,StartEnd,9492,9875,1,1,0,5531,5529,:5529:5531
NCCL:API Group,489563580,2004801,266619886,35392,StartEnd,9492,9875,1,0,1,5533,,:5533
NCCL:GroupLaunch,489563580,2004801,266624967,30066,StartEnd,9492,9875,1,1,0,5535,5533,:5533:5535
NCCL:API Group,491924035,2053570,267145890,86922,StartEnd,9492,9875,1,0,1,5537,,:5537
NCCL:GroupLaunch,491924035,2053570,267153914,78334,StartEnd,9492,9875,1,1,0,5539,5537,:5537:5539
NCCL:API Group,497538048,2019074,268420822,101733,StartEnd,9492,9875,1,0,1,5541,,:5541
NCCL:GroupLaunch,497538048,2019074,268430626,91406,StartEnd,9492,9875,1,1,0,5543,5541,:5541:5543
NCCL:API Group,500253390,2052706,269291174,84170,StartEnd,9492,9875,1,0,1,5545,,:5545
NCCL:GroupLaunch,500253390,2052706,269298914,75648,StartEnd,9492,9875,1,1,0,5547,5545,:5545:5547
NCCL:API Group,505855339,2004673,270482572,106558,StartEnd,9492,9875,1,0,1,5549,,:5549
NCCL:GroupLaunch,505855339,2004673,270492696,95674,StartEnd,9492,9875,1,1,0,5551,5549,:5549:5551
NCCL:API Group,508089168,526376,272050689,96424,StartEnd,9492,9875,1,0,1,5553,,:5553
NCCL:GroupLaunch,508089168,526376,272060706,85597,StartEnd,9492,9875,1,1,0,5555,5553,:5553:5555
NCCL:API Group,509487655,531145,273319004,89722,StartEnd,9492,9875,1,0,1,5557,,:5557
NCCL:GroupLaunch,509487655,531145,273328821,79290,StartEnd,9492,9875,1,1,0,5559,5557,:5557:5559
NCCL:API Group,513484201,525769,280467598,64373,StartEnd,9492,9875,1,0,1,5561,,:5561
NCCL:GroupLaunch,513484201,525769,280474283,57361,StartEnd,9492,9875,1,1,0,5563,5561,:5561:5563
NCCL:API Group,514885441,530472,281548043,50236,StartEnd,9492,9875,1,0,1,5565,,:5565
NCCL:GroupLaunch,514885441,530472,281553743,44248,StartEnd,9492,9875,1,1,0,5567,5565,:5565:5567
NCCL:API Group,515424202,523112,281882317,41553,StartEnd,9492,9875,1,0,1,5569,,:5569
NCCL:GroupLaunch,515424202,523112,281885918,37513,StartEnd,9492,9875,1,1,0,5571,5569,:5569:5571
NCCL:API Group,516821281,531177,282457421,41628,StartEnd,9492,9875,1,0,1,5573,,:5573
NCCL:GroupLaunch,516821281,531177,282462021,36569,StartEnd,9492,9875,1,1,0,5575,5573,:5573:5575
NCCL:API Group,517399498,524617,283693192,47393,StartEnd,9492,9875,1,0,1,5577,,:5577
NCCL:GroupLaunch,517399498,524617,283697032,43291,StartEnd,9492,9875,1,1,0,5579,5577,:5577:5579
NCCL:API Group,518800898,530408,286386345,41565,StartEnd,9492,9875,1,0,1,5581,,:5581
NCCL:GroupLaunch,518800898,530408,286391268,36343,StartEnd,9492,9875,1,1,0,5583,5581,:5581:5583
NCCL:API Group,519555118,2048706,291971981,42665,StartEnd,9492,9875,1,0,1,5585,,:5585
NCCL:GroupLaunch,519555118,2048706,291976788,37613,StartEnd,9492,9875,1,1,0,5587,5585,:5585:5587
NCCL:API Group,525028169,2037602,292548844,43818,StartEnd,9492,9875,1,0,1,5589,,:5589
NCCL:GroupLaunch,525028169,2037602,292553407,38922,StartEnd,9492,9875,1,1,0,5591,5589,:5589:5591
NCCL:API Group,527425681,2060066,292903393,45428,StartEnd,9492,9875,1,0,1,5593,,:5593
NCCL:GroupLaunch,527425681,2060066,292914238,34231,StartEnd,9492,9875,1,1,0,5595,5593,:5593:5595
NCCL:API Group,533049486,2028770,293455108,38821,StartEnd,9492,9875,1,0,1,5597,,:5597
NCCL:GroupLaunch,533049486,2028770,293459317,34327,StartEnd,9492,9875,1,1,0,5599,5597,:5597:5599
NCCL:API Group,535773468,2053762,293858851,39512,StartEnd,9492,9875,1,0,1,5601,,:5601
NCCL:GroupLaunch,535773468,2053762,293862560,35611,StartEnd,9492,9875,1,1,0,5603,5601,:5601:5603
NCCL:API Group,541386457,2026529,294447876,41493,StartEnd,9492,9875,1,0,1,5605,,:5605
NCCL:GroupLaunch,541386457,2026529,294452982,36173,StartEnd,9492,9875,1,1,0,5607,5605,:5605:5607
NCCL:API Group,543639934,526121,296454846,41589,StartEnd,9492,9875,1,0,1,5609,,:5609
NCCL:GroupLaunch,543639934,526121,296459262,36940,StartEnd,9492,9875,1,1,0,5611,5609,:5609:5611
NCCL:API Group,545040310,529800,301444396,69446,StartEnd,9492,9875,1,0,1,5613,,:5613
NCCL:GroupLaunch,545040310,529800,301451111,62117,StartEnd,9492,9875,1,1,0,5615,5613,:5613:5615
NCCL:API Group,549046744,523881,307180745,73716,StartEnd,9492,9875,1,0,1,5617,,:5617
NCCL:GroupLaunch,549046744,523881,307188971,65013,StartEnd,9492,9875,1,1,0,5619,5617,:5617:5619
NCCL:API Group,550444239,528969,307957272,50861,StartEnd,9492,9875,1,0,1,5621,,:5621
NCCL:GroupLaunch,550444239,528969,307963347,44411,StartEnd,9492,9875,1,1,0,5623,5621,:5621:5623
NCCL:API Group,550981144,523049,308338746,44565,StartEnd,9492,9875,1,0,1,5625,,:5625
NCCL:GroupLaunch,550981144,523049,308342851,40134,StartEnd,9492,9875,1,1,0,5627,5625,:5625:5627
NCCL:API Group,552380847,530185,309514403,47391,StartEnd,9492,9875,1,0,1,5629,,:5629
NCCL:GroupLaunch,552380847,530185,309519859,41567,StartEnd,9492,9875,1,1,0,5631,5629,:5629:5631
NCCL:API Group,552958521,522761,311806393,43046,StartEnd,9492,9875,1,0,1,5633,,:5633
NCCL:GroupLaunch,552958521,522761,311810636,38528,StartEnd,9492,9875,1,1,0,5635,5633,:5633:5635
NCCL:API Group,554357648,528969,314430832,43498,StartEnd,9492,9875,1,0,1,5637,,:5637
NCCL:GroupLaunch,554357648,528969,314436017,37950,StartEnd,9492,9875,1,1,0,5639,5637,:5637:5639
NCCL:API Group,555116157,2053186,318074366,53742,StartEnd,9492,9875,1,0,1,5641,,:5641
NCCL:GroupLaunch,555116157,2053186,318086924,40906,StartEnd,9492,9875,1,1,0,5643,5641,:5641:5643
NCCL:API Group,560597240,2024450,318709461,43619,StartEnd,9492,9875,1,0,1,5645,,:5645
NCCL:GroupLaunch,560597240,2024450,318714528,38352,StartEnd,9492,9875,1,1,0,5647,5645,:5645:5647
NCCL:API Group,562980576,2051554,319074938,38636,StartEnd,9492,9875,1,0,1,5649,,:5649
NCCL:GroupLaunch,562980576,2051554,319078865,34259,StartEnd,9492,9875,1,1,0,5651,5649,:5649:5651
NCCL:API Group,568587805,2032097,319628215,39303,StartEnd,9492,9875,1,0,1,5653,,:5653
NCCL:GroupLaunch,568587805,2032097,319632771,34431,StartEnd,9492,9875,1,1,0,5655,5653,:5653:5655
NCCL:API Group,571318122,2055682,320017385,37025,StartEnd,9492,9875,1,0,1,5657,,:5657
NCCL:GroupLaunch,571318122,2055682,320021116,33094,StartEnd,9492,9875,1,1,0,5659,5657,:5657:5659
NCCL:API Group,576935815,2014434,320555365,39641,StartEnd,9492,9875,1,0,1,5661,,:5661
NCCL:GroupLaunch,576935815,2014434,320559906,34502,StartEnd,9492,9875,1,1,0,5663,5661,:5661:5663
NCCL:API Group,579181581,525192,324940257,43643,StartEnd,9492,9875,1,0,1,5665,,:5665
NCCL:GroupLaunch,579181581,525192,324945079,38453,StartEnd,9492,9875,1,1,0,5667,5665,:5665:5667
NCCL:API Group,580576580,534729,327476742,39661,StartEnd,9492,9875,1,0,1,5669,,:5669
NCCL:GroupLaunch,580576580,534729,327481575,34560,StartEnd,9492,9875,1,1,0,5671,5669,:5669:5671
NCCL:API Group,584581158,520905,332798853,46351,StartEnd,9492,9875,1,0,1,5673,,:5673
NCCL:GroupLaunch,584581158,520905,332804731,40188,StartEnd,9492,9875,1,1,0,5675,5673,:5673:5675
NCCL:API Group,585974365,531305,334995544,47658,StartEnd,9492,9875,1,0,1,5677,,:5677
NCCL:GroupLaunch,585974365,531305,335001154,41831,StartEnd,9492,9875,1,1,0,5679,5677,:5677:5679
NCCL:API Group,586513510,523081,335312820,37898,StartEnd,9492,9875,1,0,1,5681,,:5681
NCCL:GroupLaunch,586513510,523081,335316474,34000,StartEnd,9492,9875,1,1,0,5683,5681,:5681:5683
NCCL:API Group,587910974,528520,337525711,40286,StartEnd,9492,9875,1,0,1,5685,,:5685
NCCL:GroupLaunch,587910974,528520,337530534,35118,StartEnd,9492,9875,1,1,0,5687,5685,:5685:5687
NCCL:API Group,588486791,522185,339881885,40188,StartEnd,9492,9875,1,0,1,5689,,:5689
NCCL:GroupLaunch,588486791,522185,339885446,36282,StartEnd,9492,9875,1,1,0,5691,5689,:5689:5691
NCCL:API Group,589882398,529737,340411839,37556,StartEnd,9492,9875,1,0,1,5693,,:5693
NCCL:GroupLaunch,589882398,529737,340416362,32810,StartEnd,9492,9875,1,1,0,5695,5693,:5693:5695
NCCL:API Group,590634187,2053154,343674361,38697,StartEnd,9492,9875,1,0,1,5697,,:5697
NCCL:GroupLaunch,590634187,2053154,343678884,33916,StartEnd,9492,9875,1,1,0,5699,5697,:5697:5699
NCCL:API Group,596115046,2005345,344207408,37415,StartEnd,9492,9875,1,0,1,5701,,:5701
NCCL:GroupLaunch,596115046,2005345,344211833,32810,StartEnd,9492,9875,1,1,0,5703,5701,:5701:5703
NCCL:API Group,598476077,2054690,344527846,35016,StartEnd,9492,9875,1,0,1,5705,,:5705
NCCL:GroupLaunch,598476077,2054690,344531400,31282,StartEnd,9492,9875,1,1,0,5707,5705,:5705:5707
NCCL:API Group,604089290,2024514,345024677,35494,StartEnd,9492,9875,1,0,1,5709,,:5709
NCCL:GroupLaunch,604089290,2024514,345028853,31007,StartEnd,9492,9875,1,1,0,5711,5709,:5709:5711
NCCL:API Group,606813624,2054274,345382141,35452,StartEnd,9492,9875,1,0,1,5713,,:5713
NCCL:GroupLaunch,606813624,2054274,345385752,31476,StartEnd,9492,9875,1,1,0,5715,5713,:5713:5715
NCCL:API Group,612431093,2017281,345898408,46132,StartEnd,9492,9875,1,0,1,5717,,:5717
NCCL:GroupLaunch,612431093,2017281,345911010,33127,StartEnd,9492,9875,1,1,0,5719,5717,:5717:5719
NCCL:API Group,614674938,524105,352491698,37684,StartEnd,9492,9875,1,0,1,5721,,:5721
NCCL:GroupLaunch,614674938,524105,352495666,33427,StartEnd,9492,9875,1,1,0,5723,5721,:5721:5723
NCCL:API Group,616068561,530601,354902557,34348,StartEnd,9492,9875,1,0,1,5725,,:5725
NCCL:GroupLaunch,616068561,530601,354906601,30143,StartEnd,9492,9875,1,1,0,5727,5725,:5725:5727
NCCL:API Group,620070516,525321,360680224,52465,StartEnd,9492,9875,1,0,1,5729,,:5729
NCCL:GroupLaunch,620070516,525321,360686408,45923,StartEnd,9492,9875,1,1,0,5731,5729,:5729:5731
NCCL:API Group,621469675,529641,363019029,41197,StartEnd,9492,9875,1,0,1,5733,,:5733
NCCL:GroupLaunch,621469675,529641,363024097,35650,StartEnd,9492,9875,1,1,0,5735,5733,:5733:5735
NCCL:API Group,622006964,531529,363301011,32891,StartEnd,9492,9875,1,0,1,5737,,:5737
NCCL:GroupLaunch,622006964,531529,363304355,29284,StartEnd,9492,9875,1,1,0,5739,5737,:5737:5739
NCCL:API Group,623414475,530409,365433671,25885,StartEnd,9492,9875,1,0,1,5741,,:5741
NCCL:GroupLaunch,623414475,530409,365436702,22588,StartEnd,9492,9875,1,1,0,5743,5741,:5741:5743
NCCL:API Group,623992533,523401,365624024,29718,StartEnd,9492,9875,1,0,1,5745,,:5745
NCCL:GroupLaunch,623992533,523401,365632004,21518,StartEnd,9492,9875,1,1,0,5747,5745,:5745:5747
NCCL:API Group,625391020,534505,368361631,25101,StartEnd,9492,9875,1,0,1,5749,,:5749
NCCL:GroupLaunch,625391020,534505,368364903,21589,StartEnd,9492,9875,1,1,0,5751,5749,:5749:5751
NCCL:API Group,626157337,2058626,369621039,27371,StartEnd,9492,9875,1,0,1,5753,,:5753
NCCL:GroupLaunch,626157337,2058626,369624219,23884,StartEnd,9492,9875,1,1,0,5755,5753,:5753:5755
NCCL:API Group,631644916,2015202,369977161,25432,StartEnd,9492,9875,1,0,1,5757,,:5757
NCCL:GroupLaunch,631644916,2015202,369980345,21987,StartEnd,9492,9875,1,1,0,5759,5757,:5757:5759
NCCL:API Group,634016636,2052002,370182190,22572,StartEnd,9492,9875,1,0,1,5761,,:5761
NCCL:GroupLaunch,634016636,2052002,370184634,19931,StartEnd,9492,9875,1,1,0,5763,5761,:5761:5763
NCCL:API Group,639629625,2013761,370512100,35399,StartEnd,9492,9875,1,0,1,5765,,:5765
NCCL:GroupLaunch,639629625,2013761,370515180,32038,StartEnd,9492,9875,1,1,0,5767,5765,:5765:5767
NCCL:API Group,642341894,2053762,371149565,22797,StartEnd,9492,9875,1,0,1,5769,,:5769
NCCL:GroupLaunch,642341894,2053762,371152147,19894,StartEnd,9492,9875,1,1,0,5771,5769,:5769:5771
NCCL:API Group,647955075,2017026,373283453,24474,StartEnd,9492,9875,1,0,1,5773,,:5773
NCCL:GroupLaunch,647955075,2017026,373286317,21359,StartEnd,9492,9875,1,1,0,5775,5773,:5773:5775
NCCL:API Group,650197096,527049,378468687,27370,StartEnd,9492,9875,1,0,1,5777,,:5777
NCCL:GroupLaunch,650197096,527049,378472004,23856,StartEnd,9492,9875,1,1,0,5779,5777,:5777:5779
NCCL:API Group,651594592,529064,381560643,26028,StartEnd,9492,9875,1,0,1,5781,,:5781
NCCL:GroupLaunch,651594592,529064,381563916,22341,StartEnd,9492,9875,1,1,0,5783,5781,:5781:5783
NCCL:API Group,655580354,524776,388440253,30572,StartEnd,9492,9875,1,0,1,5785,,:5785
NCCL:GroupLaunch,655580354,524776,388444103,26608,StartEnd,9492,9875,1,1,0,5787,5785,:5785:5787
NCCL:API Group,656980089,531753,391040896,33360,StartEnd,9492,9875,1,0,1,5789,,:5789
NCCL:GroupLaunch,656980089,531753,391044554,29475,StartEnd,9492,9875,1,1,0,5791,5789,:5789:5791
NCCL:API Group,657520898,522697,391237814,23699,StartEnd,9492,9875,1,0,1,5793,,:5793
NCCL:GroupLaunch,657520898,522697,391240420,20893,StartEnd,9492,9875,1,1,0,5795,5793,:5793:5795
NCCL:API Group,658916953,531785,391583676,24767,StartEnd,9492,9875,1,0,1,5797,,:5797
NCCL:GroupLaunch,658916953,531785,391586787,21407,StartEnd,9492,9875,1,1,0,5799,5797,:5797:5799
NCCL:API Group,659496227,523272,393025281,23520,StartEnd,9492,9875,1,0,1,5801,,:5801
NCCL:GroupLaunch,659496227,523272,393028351,20328,StartEnd,9492,9875,1,1,0,5803,5801,:5801:5803
NCCL:API Group,660892474,529801,394220818,24329,StartEnd,9492,9875,1,0,1,5805,,:5805
NCCL:GroupLaunch,660892474,529801,394223921,20982,StartEnd,9492,9875,1,1,0,5807,5805,:5805:5807
NCCL:API Group,661645670,2052227,394914216,27141,StartEnd,9492,9875,1,0,1,5809,,:5809
NCCL:GroupLaunch,661645670,2052227,394917098,23869,StartEnd,9492,9875,1,1,0,5811,5809,:5809:5811
NCCL:API Group,667123841,2018626,395257478,29294,StartEnd,9492,9875,1,0,1,5813,,:5813
NCCL:GroupLaunch,667123841,2018626,395265117,21407,StartEnd,9492,9875,1,1,0,5815,5813,:5813:5815
NCCL:API Group,669499817,2050146,395525303,28908,StartEnd,9492,9875,1,0,1,5817,,:5817
NCCL:GroupLaunch,669499817,2050146,395527922,25912,StartEnd,9492,9875,1,1,0,5819,5817,:5817:5819
NCCL:API Group,675115462,2023938,396436743,24552,StartEnd,9492,9875,1,0,1,5821,,:5821
NCCL:GroupLaunch,675115462,2023938,396439691,21397,StartEnd,9492,9875,1,1,0,5823,5821,:5821:5823
NCCL:API Group,677838419,2050115,398458178,21962,StartEnd,9492,9875,1,0,1,5825,,:5825
NCCL:GroupLaunch,677838419,2050115,398460294,19733,StartEnd,9492,9875,1,1,0,5827,5825,:5825:5827
NCCL:API Group,683450385,2020161,400998335,24294,StartEnd,9492,9875,1,0,1,5829,,:5829
NCCL:GroupLaunch,683450385,2020161,401001185,21278,StartEnd,9492,9875,1,1,0,5831,5829,:5829:5831
NCCL:API Group,685696662,523945,406715606,26586,StartEnd,9492,9875,1,0,1,5833,,:5833
NCCL:GroupLaunch,685696662,523945,406718884,22778,StartEnd,9492,9875,1,1,0,5835,5833,:5833:5835
NCCL:API Group,687089901,527689,407075121,24249,StartEnd,9492,9875,1,0,1,5837,,:5837
NCCL:GroupLaunch,687089901,527689,407078077,21095,StartEnd,9492,9875,1,1,0,5839,5837,:5837:5839
NCCL:API Group,691084047,526185,416120097,32475,StartEnd,9492,9875,1,0,1,5841,,:5841
NCCL:GroupLaunch,691084047,526185,416124138,28196,StartEnd,9492,9875,1,1,0,5843,5841,:5841:5843
NCCL:API Group,692484615,530857,416522654,27243,StartEnd,9492,9875,1,0,1,5845,,:5845
NCCL:GroupLaunch,692484615,530857,416525807,23712,StartEnd,9492,9875,1,1,0,5847,5845,:5845:5847
NCCL:API Group,693024592,523592,416711041,23313,StartEnd,9492,9875,1,0,1,5849,,:5849
NCCL:GroupLaunch,693024592,523592,416713402,20814,StartEnd,9492,9875,1,1,0,5851,5849,:5849:5851
NCCL:API Group,694421223,531017,419709766,26284,StartEnd,9492,9875,1,0,1,5853,,:5853
NCCL:GroupLaunch,694421223,531017,419712712,23019,StartEnd,9492,9875,1,1,0,5855,5853,:5853:5855
NCCL:API Group,694999921,522568,419901931,21197,StartEnd,9492,9875,1,0,1,5857,,:5857
NCCL:GroupLaunch,694999921,522568,419903994,19030,StartEnd,9492,9875,1,1,0,5859,5857,:5857:5859
NCCL:API Group,696395976,533481,420236191,26617,StartEnd,9492,9875,1,0,1,5861,,:5861
NCCL:GroupLaunch,696395976,533481,420240992,21340,StartEnd,9492,9875,1,1,0,5863,5861,:5861:5863
NCCL:API Group,697151348,2051394,420685676,26911,StartEnd,9492,9875,1,0,1,5865,,:5865
NCCL:GroupLaunch,697151348,2051394,420688560,23757,StartEnd,9492,9875,1,1,0,5867,5865,:5865:5867
NCCL:API Group,702629391,2027138,421882683,26366,StartEnd,9492,9875,1,0,1,5869,,:5869
NCCL:GroupLaunch,702629391,2027138,421885720,22926,StartEnd,9492,9875,1,1,0,5871,5869,:5869:5871
NCCL:API Group,705014807,2049186,422096570,22188,StartEnd,9492,9875,1,0,1,5873,,:5873
NCCL:GroupLaunch,705014807,2049186,422098863,19752,StartEnd,9492,9875,1,1,0,5875,5873,:5873:5875
NCCL:API Group,710625108,2026818,424047152,24322,StartEnd,9492,9875,1,0,1,5877,,:5877
NCCL:GroupLaunch,710625108,2026818,424050427,20871,StartEnd,9492,9875,1,1,0,5879,5877,:5877:5879
NCCL:API Group,713348225,2054370,426521133,26899,StartEnd,9492,9875,1,0,1,5881,,:5881
NCCL:GroupLaunch,713348225,2054370,426523705,24221,StartEnd,9492,9875,1,1,0,5883,5881,:5881:5883
NCCL:API Group,718964895,2022689,429102268,24033,StartEnd,9492,9875,1,0,1,5885,,:5885
NCCL:GroupLaunch,718964895,2022689,429105329,20662,StartEnd,9492,9875,1,1,0,5887,5885,:5885:5887
NCCL:API Group,721212676,528329,432827484,26723,StartEnd,9492,9875,1,0,1,5889,,:5889
NCCL:GroupLaunch,721212676,528329,432830825,23121,StartEnd,9492,9875,1,1,0,5891,5889,:5889:5891
NCCL:API Group,722611835,530857,433405538,26310,StartEnd,9492,9875,1,0,1,5893,,:5893
NCCL:GroupLaunch,722611835,530857,433408947,22791,StartEnd,9492,9875,1,1,0,5895,5893,:5893:5895
NCCL:API Group,726602078,525448,442288611,31336,StartEnd,9492,9875,1,0,1,5897,,:5897
NCCL:GroupLaunch,726602078,525448,442292732,27097,StartEnd,9492,9875,1,1,0,5899,5897,:5897:5899
NCCL:API Group,728000405,531433,445234762,26488,StartEnd,9492,9875,1,0,1,5901,,:5901
NCCL:GroupLaunch,728000405,531433,445238417,22496,StartEnd,9492,9875,1,1,0,5903,5901,:5901:5903
NCCL:API Group,728540574,522952,445425295,22265,StartEnd,9492,9875,1,0,1,5905,,:5905
NCCL:GroupLaunch,728540574,522952,445427463,19958,StartEnd,9492,9875,1,1,0,5907,5905,:5905:5907
NCCL:API Group,729941109,532041,445943821,25105,StartEnd,9492,9875,1,0,1,5909,,:5909
NCCL:GroupLaunch,729941109,532041,445947187,21411,StartEnd,9492,9875,1,1,0,5911,5909,:5909:5911
NCCL:API Group,730519999,524232,446137135,22483,StartEnd,9492,9875,1,0,1,5913,,:5913
NCCL:GroupLaunch,730519999,524232,446139530,19808,StartEnd,9492,9875,1,1,0,5915,5913,:5913:5915
NCCL:API Group,731920726,531849,446474914,24801,StartEnd,9492,9875,1,0,1,5917,,:5917
NCCL:GroupLaunch,731920726,531849,446478134,21298,StartEnd,9492,9875,1,1,0,5919,5917,:5917:5919
NCCL:API Group,732671426,2057955,447946941,25797,StartEnd,9492,9875,1,0,1,5921,,:5921
NCCL:GroupLaunch,732671426,2057955,447949895,22740,StartEnd,9492,9875,1,1,0,5923,5921,:5921:5923
NCCL:API Group,738155421,2017378,448294383,25490,StartEnd,9492,9875,1,0,1,5925,,:5925
NCCL:GroupLaunch,738155421,2017378,448297389,22143,StartEnd,9492,9875,1,1,0,5927,5925,:5925:5927
NCCL:API Group,740532869,2051586,450129768,22697,StartEnd,9492,9875,1,0,1,5929,,:5929
NCCL:GroupLaunch,740532869,2051586,450132312,19998,StartEnd,9492,9875,1,1,0,5931,5929,:5929:5931
NCCL:API Group,746142946,2030882,452660281,33112,StartEnd,9492,9875,1,0,1,5933,,:5933
NCCL:GroupLaunch,746142946,2030882,452668364,24795,StartEnd,9492,9875,1,1,0,5935,5933,:5933:5935
NCCL:API Group,748870383,2060003,455204759,25942,StartEnd,9492,9875,1,0,1,5937,,:5937
NCCL:GroupLaunch,748870383,2060003,455208189,21820,StartEnd,9492,9875,1,1,0,5939,5937,:5937:5939
NCCL:API Group,754497069,2031266,455569487,26559,StartEnd,9492,9875,1,0,1,5941,,:5941
NCCL:GroupLaunch,754497069,2031266,455572677,23078,StartEnd,9492,9875,1,1,0,5943,5941,:5941:5943
NCCL:API Group,756757362,523817,459418949,34286,StartEnd,9492,9875,1,0,1,5945,,:5945
NCCL:GroupLaunch,756757362,523817,459421767,31257,StartEnd,9492,9875,1,1,0,5947,5945,:5945:5947
NCCL:API Group,758150922,529416,459784639,23999,StartEnd,9492,9875,1,0,1,5949,,:5949
NCCL:GroupLaunch,758150922,529416,459787804,20660,StartEnd,9492,9875,1,1,0,5951,5949,:5949:5951
NCCL:API Group,762150828,524617,474325219,34087,StartEnd,9492,9875,1,0,1,5953,,:5953
NCCL:GroupLaunch,762150828,524617,474329534,29610,StartEnd,9492,9875,1,1,0,5955,5953,:5953:5955
NCCL:API Group,763544867,530121,474741721,28429,StartEnd,9492,9875,1,0,1,5957,,:5957
NCCL:GroupLaunch,763544867,530121,474745081,24606,StartEnd,9492,9875,1,1,0,5959,5957,:5957:5959
NCCL:API Group,764083180,521321,474935723,23870,StartEnd,9492,9875,1,0,1,5961,,:5961
NCCL:GroupLaunch,764083180,521321,474938199,21153,StartEnd,9492,9875,1,1,0,5963,5961,:5961:5963
NCCL:API Group,765477379,529033,484081545,37087,StartEnd,9492,9875,1,0,1,5965,,:5965
NCCL:GroupLaunch,765477379,529033,484086348,32057,StartEnd,9492,9875,1,1,0,5967,5965,:5965:5967
NCCL:API Group,766054413,520777,484327800,25153,StartEnd,9492,9875,1,0,1,5969,,:5969
NCCL:GroupLaunch,766054413,520777,484330298,22442,StartEnd,9492,9875,1,1,0,5971,5969,:5969:5971
NCCL:API Group,767448804,531913,484710958,26402,StartEnd,9492,9875,1,0,1,5973,,:5973
NCCL:GroupLaunch,767448804,531913,484714485,22770,StartEnd,9492,9875,1,1,0,5975,5973,:5973:5975
NCCL:API Group,768205841,2052770,494323516,33991,StartEnd,9492,9875,1,0,1,5977,,:5977
NCCL:GroupLaunch,768205841,2052770,494326416,30976,StartEnd,9492,9875,1,1,0,5979,5977,:5977:5979
NCCL:API Group,773690412,2011393,499750459,28878,StartEnd,9492,9875,1,0,1,5981,,:5981
NCCL:GroupLaunch,773690412,2011393,499753881,25248,StartEnd,9492,9875,1,1,0,5983,5981,:5981:5983
NCCL:API Group,776063187,2056226,502489844,25300,StartEnd,9492,9875,1,0,1,5985,,:5985
NCCL:GroupLaunch,776063187,2056226,502492128,22790,StartEnd,9492,9875,1,1,0,5987,5985,:5985:5987
NCCL:API Group,781681264,2036034,507987984,27616,StartEnd,9492,9875,1,0,1,5989,,:5989
NCCL:GroupLaunch,781681264,2036034,507991326,23846,StartEnd,9492,9875,1,1,0,5991,5989,:5989:5991
NCCL:API Group,784410942,2064450,508241184,23851,StartEnd,9492,9875,1,0,1,5993,,:5993
NCCL:GroupLaunch,784410942,2064450,508244142,20667,StartEnd,9492,9875,1,1,0,5995,5993,:5993:5995
NCCL:API Group,790035419,2014338,508575638,27933,StartEnd,9492,9875,1,0,1,5997,,:5997
NCCL:GroupLaunch,790035419,2014338,508582322,21141,StartEnd,9492,9875,1,1,0,5999,5997,:5997:5999
NCCL:API Group,792279488,524105,510173700,25130,StartEnd,9492,9875,1,0,1,6001,,:6001
NCCL:GroupLaunch,792279488,524105,510176496,22198,StartEnd,9492,9875,1,1,0,6003,6001,:6001:6003
NCCL:API Group,793674904,529800,510522365,30304,StartEnd,9492,9875,1,0,1,6005,,:6005
NCCL:GroupLaunch,793674904,529800,510525198,27254,StartEnd,9492,9875,1,1,0,6007,6005,:6005:6007
NCCL:API Group,797677050,524649,516521907,33880,StartEnd,9492,9875,1,0,1,6009,,:6009
NCCL:GroupLaunch,797677050,524649,516526077,29333,StartEnd,9492,9875,1,1,0,6011,6009,:6009:6011
NCCL:API Group,799073713,529961,518101401,28007,StartEnd,9492,9875,1,0,1,6013,,:6013
NCCL:GroupLaunch,799073713,529961,518105030,24258,StartEnd,9492,9875,1,1,0,6015,6013,:6013:6015
NCCL:API Group,799611450,522633,518293259,23069,StartEnd,9492,9875,1,0,1,6017,,:6017
NCCL:GroupLaunch,799611450,522633,518295536,20663,StartEnd,9492,9875,1,1,0,6019,6017,:6017:6019
NCCL:API Group,801009554,529736,519481126,25702,StartEnd,9492,9875,1,0,1,6021,,:6021
NCCL:GroupLaunch,801009554,529736,519484388,22328,StartEnd,9492,9875,1,1,0,6023,6021,:6021:6023
NCCL:API Group,801585755,522537,519674322,22593,StartEnd,9492,9875,1,0,1,6025,,:6025
NCCL:GroupLaunch,801585755,522537,519676542,20270,StartEnd,9492,9875,1,1,0,6027,6025,:6025:6027
NCCL:API Group,802983026,532649,520002421,24873,StartEnd,9492,9875,1,0,1,6029,,:6029
NCCL:GroupLaunch,802983026,532649,520005151,21925,StartEnd,9492,9875,1,1,0,6031,6029,:6029:6031
NCCL:API Group,803739295,2051714,529837833,27205,StartEnd,9492,9875,1,0,1,6033,,:6033
NCCL:GroupLaunch,803739295,2051714,529840871,23892,StartEnd,9492,9875,1,1,0,6035,6033,:6033:6035
NCCL:API Group,809218490,2017313,535269275,26282,StartEnd,9492,9875,1,0,1,6037,,:6037
NCCL:GroupLaunch,809218490,2017313,535272131,23203,StartEnd,9492,9875,1,1,0,6039,6037,:6037:6039
NCCL:API Group,811593441,2047618,538010170,21790,StartEnd,9492,9875,1,0,1,6041,,:6041
NCCL:GroupLaunch,811593441,2047618,538012312,19539,StartEnd,9492,9875,1,1,0,6043,6041,:6041:6043
NCCL:API Group,817203967,2032129,543526974,28163,StartEnd,9492,9875,1,0,1,6045,,:6045
NCCL:GroupLaunch,817203967,2032129,543529941,25026,StartEnd,9492,9875,1,1,0,6047,6045,:6045:6047
NCCL:API Group,819931020,2050690,543769605,21794,StartEnd,9492,9875,1,0,1,6049,,:6049
NCCL:GroupLaunch,819931020,2050690,543771687,19438,StartEnd,9492,9875,1,1,0,6051,6049,:6049:6051
NCCL:API Group,825545033,2015234,544104315,23390,StartEnd,9492,9875,1,0,1,6053,,:6053
NCCL:GroupLaunch,825545033,2015234,544106917,20588,StartEnd,9492,9875,1,1,0,6055,6053,:6053:6055
NCCL:API Group,827791374,524137,545721487,23903,StartEnd,9492,9875,1,0,1,6057,,:6057
NCCL:GroupLaunch,827791374,524137,545724077,21067,StartEnd,9492,9875,1,1,0,6059,6057,:6057:6059
NCCL:API Group,829186598,533704,546066699,23778,StartEnd,9492,9875,1,0,1,6061,,:6061
NCCL:GroupLaunch,829186598,533704,546069369,20855,StartEnd,9492,9875,1,1,0,6063,6061,:6061:6063
NCCL:API Group,833180776,525641,552084113,35052,StartEnd,9492,9875,1,0,1,6065,,:6065
NCCL:GroupLaunch,833180776,525641,552088369,30580,StartEnd,9492,9875,1,1,0,6067,6065,:6065:6067
NCCL:API Group,834579263,529001,553673850,33070,StartEnd,9492,9875,1,0,1,6069,,:6069
NCCL:GroupLaunch,834579263,529001,553677067,29706,StartEnd,9492,9875,1,1,0,6071,6069,:6069:6071
NCCL:API Group,835116168,523689,555250450,34363,StartEnd,9492,9875,1,0,1,6073,,:6073
NCCL:GroupLaunch,835116168,523689,555252971,31561,StartEnd,9492,9875,1,1,0,6075,6073,:6073:6075
NCCL:API Group,836511743,530665,555628470,30895,StartEnd,9492,9875,1,0,1,6077,,:6077
NCCL:GroupLaunch,836511743,530665,555631781,27477,StartEnd,9492,9875,1,1,0,6079,6077,:6077:6079
NCCL:API Group,837089449,523177,555830007,22644,StartEnd,9492,9875,1,0,1,6081,,:6081
NCCL:GroupLaunch,837089449,523177,555832149,20390,StartEnd,9492,9875,1,1,0,6083,6081,:6081:6083
NCCL:API Group,838488576,529705,556167123,24922,StartEnd,9492,9875,1,0,1,6085,,:6085
NCCL:GroupLaunch,838488576,529705,556169951,21816,StartEnd,9492,9875,1,1,0,6087,6085,:6085:6087
NCCL:API Group,839240909,2046050,565380445,28692,StartEnd,9492,9875,1,0,1,6089,,:6089
NCCL:GroupLaunch,839240909,2046050,565383762,25241,StartEnd,9492,9875,1,1,0,6091,6089,:6089:6091
NCCL:API Group,844713799,2028578,570809101,26399,StartEnd,9492,9875,1,0,1,6093,,:6093
NCCL:GroupLaunch,844713799,2028578,570812324,23064,StartEnd,9492,9875,1,1,0,6095,6093,:6093:6095
NCCL:API Group,847101295,2051682,573554775,28906,StartEnd,9492,9875,1,0,1,6097,,:6097
NCCL:GroupLaunch,847101295,2051682,573562452,20985,StartEnd,9492,9875,1,1,0,6099,6097,:6097:6099
NCCL:API Group,852709516,2020898,579058408,24976,StartEnd,9492,9875,1,0,1,6101,,:6101
NCCL:GroupLaunch,852709516,2020898,579061366,21861,StartEnd,9492,9875,1,1,0,6103,6101,:6101:6103
NCCL:API Group,855424441,2051874,579299131,21983,StartEnd,9492,9875,1,0,1,6105,,:6105
NCCL:GroupLaunch,855424441,2051874,579301213,19721,StartEnd,9492,9875,1,1,0,6107,6105,:6105:6107
NCCL:API Group,861039095,2021825,579637137,23566,StartEnd,9492,9875,1,0,1,6109,,:6109
NCCL:GroupLaunch,861039095,2021825,579640000,20592,StartEnd,9492,9875,1,1,0,6111,6109,:6109:6111
NCCL:API Group,863297148,522953,581262522,25166,StartEnd,9492,9875,1,0,1,6113,,:6113
NCCL:GroupLaunch,863297148,522953,581265131,22391,StartEnd,9492,9875,1,1,0,6115,6113,:6113:6115
NCCL:API Group,864690099,530217,581622950,26312,StartEnd,9492,9875,1,0,1,6117,,:6117
NCCL:GroupLaunch,864690099,530217,581625867,23291,StartEnd,9492,9875,1,1,0,6119,6117,:6117:6119
NCCL:API Group,868685462,524360,587609090,31286,StartEnd,9492,9875,1,0,1,6121,,:6121
NCCL:GroupLaunch,868685462,524360,587612977,27276,StartEnd,9492,9875,1,1,0,6123,6121,:6121:6123
NCCL:API Group,870084813,530569,589168441,26020,StartEnd,9492,9875,1,0,1,6125,,:6125
NCCL:GroupLaunch,870084813,530569,589171510,22833,StartEnd,9492,9875,1,1,0,6127,6125,:6125:6127
NCCL:API Group,870623958,522025,589352654,23213,StartEnd,9492,9875,1,0,1,6129,,:6129
NCCL:GroupLaunch,870623958,522025,589354758,21002,StartEnd,9492,9875,1,1,0,6131,6129,:6129:6131
NCCL:API Group,872019373,530089,590556725,24927,StartEnd,9492,9875,1,0,1,6133,,:6133
NCCL:GroupLaunch,872019373,530089,590559599,21921,StartEnd,9492,9875,1,1,0,6135,6133,:6133:6135
NCCL:API Group,872597239,523144,590746422,23394,StartEnd,9492,9875,1,0,1,6137,,:6137
NCCL:GroupLaunch,872597239,523144,590748676,20904,StartEnd,9492,9875,1,1,0,6139,6137,:6137:6139
NCCL:API Group,873994862,534793,591088083,24061,StartEnd,9492,9875,1,0,1,6141,,:6141
NCCL:GroupLaunch,873994862,534793,591090933,21044,StartEnd,9492,9875,1,1,0,6143,6141,:6141:6143
NCCL:API Group,874746618,2050050,600874740,26417,StartEnd,9492,9875,1,0,1,6145,,:6145
NCCL:GroupLaunch,874746618,2050050,600877567,23488,StartEnd,9492,9875,1,1,0,6147,6145,:6145:6147
NCCL:API Group,880223445,2023042,606310051,27767,StartEnd,9492,9875,1,0,1,6149,,:6149
NCCL:GroupLaunch,880223445,2023042,606315226,22453,StartEnd,9492,9875,1,1,0,6151,6149,:6149:6151
NCCL:API Group,882604957,2050178,609048767,21926,StartEnd,9492,9875,1,0,1,6153,,:6153
NCCL:GroupLaunch,882604957,2050178,609050887,19688,StartEnd,9492,9875,1,1,0,6155,6153,:6153:6155
NCCL:API Group,888217114,2030242,614704560,49841,StartEnd,9492,9875,1,0,1,6157,,:6157
NCCL:GroupLaunch,888217114,2030242,614710302,43926,StartEnd,9492,9875,1,1,0,6159,6157,:6157:6159
NCCL:API Group,890944551,2048866,615114077,41322,StartEnd,9492,9875,1,0,1,6161,,:6161
NCCL:GroupLaunch,890944551,2048866,615117748,37337,StartEnd,9492,9875,1,1,0,6163,6161,:6161:6163
NCCL:API Group,896554853,2020577,615654642,38678,StartEnd,9492,9875,1,0,1,6165,,:6165
NCCL:GroupLaunch,896554853,2020577,615658997,34125,StartEnd,9492,9875,1,1,0,6167,6165,:6165:6167
NCCL:API Group,898802794,526889,616783662,32344,StartEnd,9492,9875,1,0,1,6169,,:6169
NCCL:GroupLaunch,898802794,526889,616787325,28556,StartEnd,9492,9875,1,1,0,6171,6169,:6169:6171
NCCL:API Group,900201537,527977,617190929,27283,StartEnd,9492,9875,1,0,1,6173,,:6173
NCCL:GroupLaunch,900201537,527977,617193841,24241,StartEnd,9492,9875,1,1,0,6175,6173,:6173:6175
NCCL:API Group,904197348,524872,623112262,32517,StartEnd,9492,9875,1,0,1,6177,,:6177
NCCL:GroupLaunch,904197348,524872,623116049,28497,StartEnd,9492,9875,1,1,0,6179,6177,:6177:6179
NCCL:API Group,905598555,529097,624686764,29172,StartEnd,9492,9875,1,0,1,6181,,:6181
NCCL:GroupLaunch,905598555,529097,624691828,23927,StartEnd,9492,9875,1,1,0,6183,6181,:6181:6183
NCCL:API Group,906135844,521512,624882304,23432,StartEnd,9492,9875,1,0,1,6185,,:6185
NCCL:GroupLaunch,906135844,521512,624884479,21123,StartEnd,9492,9875,1,1,0,6187,6185,:6185:6187
NCCL:API Group,907535163,528969,626067745,25496,StartEnd,9492,9875,1,0,1,6189,,:6189
NCCL:GroupLaunch,907535163,528969,626070680,22452,StartEnd,9492,9875,1,1,0,6191,6189,:6189:6191
NCCL:API Group,908109125,524648,626265846,21720,StartEnd,9492,9875,1,0,1,6193,,:6193
NCCL:GroupLaunch,908109125,524648,626268020,19386,StartEnd,9492,9875,1,1,0,6195,6193,:6193:6195
NCCL:API Group,909506588,529065,626615417,24560,StartEnd,9492,9875,1,0,1,6197,,:6197
NCCL:GroupLaunch,909506588,529065,626618257,21616,StartEnd,9492,9875,1,1,0,6199,6197,:6197:6199
NCCL:API Group,910256456,2054626,636415948,32793,StartEnd,9492,9875,1,0,1,6201,,:6201
NCCL:GroupLaunch,910256456,2054626,636418958,29543,StartEnd,9492,9875,1,1,0,6203,6201,:6201:6203
NCCL:API Group,915737955,2023682,641826856,26709,StartEnd,9492,9875,1,0,1,6205,,:6205
NCCL:GroupLaunch,915737955,2023682,641829925,23327,StartEnd,9492,9875,1,1,0,6207,6205,:6205:6207
NCCL:API Group,918120971,2058882,644580868,22650,StartEnd,9492,9875,1,0,1,6209,,:6209
NCCL:GroupLaunch,918120971,2058882,644583160,20076,StartEnd,9492,9875,1,1,0,6211,6209,:6209:6211
NCCL:API Group,923741096,2017730,650085061,24419,StartEnd,9492,9875,1,0,1,6213,,:6213
NCCL:GroupLaunch,923741096,2017730,650087934,21444,StartEnd,9492,9875,1,1,0,6215,6213,:6213:6215
NCCL:API Group,926456437,2052578,650329427,26345,StartEnd,9492,9875,1,0,1,6217,,:6217
NCCL:GroupLaunch,926456437,2052578,650335035,20458,StartEnd,9492,9875,1,1,0,6219,6217,:6217:6219
NCCL:API Group,932072723,2021665,650686108,23709,StartEnd,9492,9875,1,0,1,6221,,:6221
NCCL:GroupLaunch,932072723,2021665,650689092,20614,StartEnd,9492,9875,1,1,0,6223,6221,:6221:6223
NCCL:API Group,934322904,525897,652281685,24209,StartEnd,9492,9875,1,0,1,6225,,:6225
NCCL:GroupLaunch,934322904,525897,652284548,21234,StartEnd,9492,9875,1,1,0,6227,6225,:6225:6227
NCCL:API Group,935717327,529129,652630284,23290,StartEnd,9492,9875,1,0,1,6229,,:6229
NCCL:GroupLaunch,935717327,529129,652632747,20687,StartEnd,9492,9875,1,1,0,6231,6229,:6229:6231
NCCL:API Group,939707185,524233,658637585,41519,StartEnd,9492,9875,1,0,1,6233,,:6233
NCCL:GroupLaunch,939707185,524233,658642222,36461,StartEnd,9492,9875,1,1,0,6235,6233,:6233:6235
NCCL:API Group,941106889,530121,660188226,27883,StartEnd,9492,9875,1,0,1,6237,,:6237
NCCL:GroupLaunch,941106889,530121,660191154,24771,StartEnd,9492,9875,1,1,0,6239,6237,:6237:6239
NCCL:API Group,941645682,529640,660381790,23300,StartEnd,9492,9875,1,0,1,6241,,:6241
NCCL:GroupLaunch,941645682,529640,660384097,20849,StartEnd,9492,9875,1,1,0,6243,6241,:6241:6243
NCCL:API Group,943046857,529865,661577897,25546,StartEnd,9492,9875,1,0,1,6245,,:6245
NCCL:GroupLaunch,943046857,529865,661580571,22694,StartEnd,9492,9875,1,1,0,6247,6245,:6245:6247
NCCL:API Group,943625107,522088,661773322,23658,StartEnd,9492,9875,1,0,1,6249,,:6249
NCCL:GroupLaunch,943625107,522088,661775439,21381,StartEnd,9492,9875,1,1,0,6251,6249,:6249:6251
NCCL:API Group,945020330,530665,662104611,28629,StartEnd,9492,9875,1,0,1,6253,,:6253
NCCL:GroupLaunch,945020330,530665,662111451,21595,StartEnd,9492,9875,1,1,0,6255,6253,:6253:6255
NCCL:API Group,945770358,2063650,671906635,29311,StartEnd,9492,9875,1,0,1,6257,,:6257
NCCL:GroupLaunch,945770358,2063650,671909761,26078,StartEnd,9492,9875,1,1,0,6259,6257,:6257:6259
NCCL:API Group,951261937,2017602,677335632,27825,StartEnd,9492,9875,1,0,1,6261,,:6261
NCCL:GroupLaunch,951261937,2017602,677338917,24409,StartEnd,9492,9875,1,1,0,6263,6261,:6261:6263
NCCL:API Group,953640985,2051522,680073765,23901,StartEnd,9492,9875,1,0,1,6265,,:6265
NCCL:GroupLaunch,953640985,2051522,680075925,21482,StartEnd,9492,9875,1,1,0,6267,6265,:6265:6267
NCCL:API Group,959255606,2022050,685582268,25132,StartEnd,9492,9875,1,0,1,6269,,:6269
NCCL:GroupLaunch,959255606,2022050,685585123,22109,StartEnd,9492,9875,1,1,0,6271,6269,:6269:6271
NCCL:API Group,961976515,2050306,685821105,23502,StartEnd,9492,9875,1,0,1,6273,,:6273
NCCL:GroupLaunch,961976515,2050306,685823593,20687,StartEnd,9492,9875,1,1,0,6275,6273,:6273:6275
NCCL:API Group,967590529,2013793,686161346,24337,StartEnd,9492,9875,1,0,1,6277,,:6277
NCCL:GroupLaunch,967590529,2013793,686164299,21251,StartEnd,9492,9875,1,1,0,6279,6277,:6277:6279
NCCL:API Group,969830694,524969,687776941,25935,StartEnd,9492,9875,1,0,1,6281,,:6281
NCCL:GroupLaunch,969830694,524969,687779743,23021,StartEnd,9492,9875,1,1,0,6283,6281,:6281:6283
NCCL:API Group,971224925,528713,688160462,25905,StartEnd,9492,9875,1,0,1,6285,,:6285
NCCL:GroupLaunch,971224925,528713,688163452,22802,StartEnd,9492,9875,1,1,0,6287,6285,:6285:6287
NCCL:API Group,975223167,523753,694120831,30300,StartEnd,9492,9875,1,0,1,6289,,:6289
NCCL:GroupLaunch,975223167,523753,694124527,26316,StartEnd,9492,9875,1,1,0,6291,6289,:6289:6291
NCCL:API Group,976618615,529960,695693240,29177,StartEnd,9492,9875,1,0,1,6293,,:6293
NCCL:GroupLaunch,976618615,529960,695696648,25631,StartEnd,9492,9875,1,1,0,6295,6293,:6293:6295
NCCL:API Group,977157568,525608,695893572,23731,StartEnd,9492,9875,1,0,1,6297,,:6297
NCCL:GroupLaunch,977157568,525608,695895843,21357,StartEnd,9492,9875,1,1,0,6299,6297,:6297:6299
NCCL:API Group,978559319,526089,697071885,29034,StartEnd,9492,9875,1,0,1,6301,,:6301
NCCL:GroupLaunch,978559319,526089,697074710,26097,StartEnd,9492,9875,1,1,0,6303,6301,:6301:6303
NCCL:API Group,979132896,521513,697270806,22192,StartEnd,9492,9875,1,0,1,6305,,:6305
NCCL:GroupLaunch,979132896,521513,697272880,19966,StartEnd,9492,9875,1,1,0,6307,6305,:6305:6307
NCCL:API Group,980525880,532904,697603967,23683,StartEnd,9492,9875,1,0,1,6309,,:6309
NCCL:GroupLaunch,980525880,532904,697606827,20708,StartEnd,9492,9875,1,1,0,6311,6309,:6309:6311
NCCL:API Group,981280228,2056450,707420649,29646,StartEnd,9492,9875,1,0,1,6313,,:6313
NCCL:GroupLaunch,981280228,2056450,707424245,25513,StartEnd,9492,9875,1,1,0,6315,6313,:6313:6315
NCCL:API Group,986765439,2033986,712846460,26858,StartEnd,9492,9875,1,0,1,6317,,:6317
NCCL:GroupLaunch,986765439,2033986,712849605,23587,StartEnd,9492,9875,1,1,0,6319,6317,:6317:6319
NCCL:API Group,989159047,2051330,715585761,22880,StartEnd,9492,9875,1,0,1,6321,,:6321
NCCL:GroupLaunch,989159047,2051330,715588033,20466,StartEnd,9492,9875,1,1,0,6323,6321,:6321:6323
NCCL:API Group,994777540,2030946,721097747,25718,StartEnd,9492,9875,1,0,1,6325,,:6325
NCCL:GroupLaunch,994777540,2030946,721100818,22541,StartEnd,9492,9875,1,1,0,6327,6325,:6325:6327
NCCL:API Group,997506834,2046082,721342825,27422,StartEnd,9492,9875,1,0,1,6329,,:6329
NCCL:GroupLaunch,997506834,2046082,721344903,25187,StartEnd,9492,9875,1,1,0,6331,6329,:6329:6331
NCCL:API Group,1003119407,2026081,721675140,23204,StartEnd,9492,9875,1,0,1,6333,,:6333
NCCL:GroupLaunch,1003119407,2026081,721677936,20302,StartEnd,9492,9875,1,1,0,6335,6333,:6333:6335
NCCL:API Group,1005371252,524745,723295296,34062,StartEnd,9492,9875,1,0,1,6337,,:6337
NCCL:GroupLaunch,1005371252,524745,723298142,31072,StartEnd,9492,9875,1,1,0,6339,6337,:6337:6339
NCCL:API Group,1006767339,529929,723679349,25931,StartEnd,9492,9875,1,0,1,6341,,:6341
NCCL:GroupLaunch,1006767339,529929,723682520,22656,StartEnd,9492,9875,1,1,0,6343,6341,:6341:6343
NCCL:API Group,1010749390,529384,729635288,31625,StartEnd,9492,9875,1,0,1,6345,,:6345
NCCL:GroupLaunch,1010749390,529384,729639357,27421,StartEnd,9492,9875,1,1,0,6347,6345,:6345:6347
NCCL:API Group,1012150789,531465,731209422,26750,StartEnd,9492,9875,1,0,1,6349,,:6349
NCCL:GroupLaunch,1012150789,531465,731212602,23434,StartEnd,9492,9875,1,1,0,6351,6349,:6349:6351
NCCL:API Group,1012689934,524105,731398987,30059,StartEnd,9492,9875,1,0,1,6353,,:6353
NCCL:GroupLaunch,1012689934,524105,731407860,20973,StartEnd,9492,9875,1,1,0,6355,6353,:6353:6355
NCCL:API Group,1014087365,531593,732596492,25160,StartEnd,9492,9875,1,0,1,6357,,:6357
NCCL:GroupLaunch,1014087365,531593,732599396,22124,StartEnd,9492,9875,1,1,0,6359,6357,:6357:6359
NCCL:API Group,1014667279,523976,732789684,22489,StartEnd,9492,9875,1,0,1,6361,,:6361
NCCL:GroupLaunch,1014667279,523976,732792012,19914,StartEnd,9492,9875,1,1,0,6363,6361,:6361:6363
NCCL:API Group,1016064966,530793,733125149,23400,StartEnd,9492,9875,1,0,1,6365,,:6365
NCCL:GroupLaunch,1016064966,530793,733127960,20458,StartEnd,9492,9875,1,1,0,6367,6365,:6365:6367
NCCL:API Group,1016816690,2055554,742928083,27014,StartEnd,9492,9875,1,0,1,6369,,:6369
NCCL:GroupLaunch,1016816690,2055554,742930749,24163,StartEnd,9492,9875,1,1,0,6371,6369,:6369:6371
NCCL:API Group,1022305806,2014785,748370419,25708,StartEnd,9492,9875,1,0,1,6373,,:6373
NCCL:GroupLaunch,1022305806,2014785,748373519,22431,StartEnd,9492,9875,1,1,0,6375,6373,:6373:6375
NCCL:API Group,1024679125,2057314,751118509,22456,StartEnd,9492,9875,1,0,1,6377,,:6377
NCCL:GroupLaunch,1024679125,2057314,751120666,20164,StartEnd,9492,9875,1,1,0,6379,6377,:6377:6379
NCCL:API Group,1030300498,2026850,756637437,26767,StartEnd,9492,9875,1,0,1,6381,,:6381
NCCL:GroupLaunch,1030300498,2026850,756640662,23328,StartEnd,9492,9875,1,1,0,6383,6381,:6381:6383
NCCL:API Group,1033020768,2050818,756883370,21800,StartEnd,9492,9875,1,0,1,6385,,:6385
NCCL:GroupLaunch,1033020768,2050818,756885471,19426,StartEnd,9492,9875,1,1,0,6387,6385,:6385:6387
NCCL:API Group,1038632093,2013889,757221985,30074,StartEnd,9492,9875,1,0,1,6389,,:6389
NCCL:GroupLaunch,1038632093,2013889,757224653,27270,StartEnd,9492,9875,1,1,0,6391,6389,:6389:6391
NCCL:API Group,1040877026,525065,759379063,28626,StartEnd,9492,9875,1,0,1,6393,,:6393
NCCL:GroupLaunch,1040877026,525065,759382330,25219,StartEnd,9492,9875,1,1,0,6395,6393,:6393:6395
NCCL:API Group,1042273657,527753,759753875,26715,StartEnd,9492,9875,1,0,1,6397,,:6397
NCCL:GroupLaunch,1042273657,527753,759756783,23659,StartEnd,9492,9875,1,1,0,6399,6397,:6397:6399
NCCL:API Group,1046259259,529865,765172408,31923,StartEnd,9492,9875,1,0,1,6401,,:6401
NCCL:GroupLaunch,1046259259,529865,765176352,27818,StartEnd,9492,9875,1,1,0,6403,6401,:6401:6403
NCCL:API Group,1047662483,532329,766749798,29736,StartEnd,9492,9875,1,0,1,6405,,:6405
NCCL:GroupLaunch,1047662483,532329,766753412,25812,StartEnd,9492,9875,1,1,0,6407,6405,:6405:6407
NCCL:API Group,1048203868,523144,766951103,25138,StartEnd,9492,9875,1,0,1,6409,,:6409
NCCL:GroupLaunch,1048203868,523144,766953583,22318,StartEnd,9492,9875,1,1,0,6411,6409,:6409:6411
NCCL:API Group,1049601139,529705,768127247,25946,StartEnd,9492,9875,1,0,1,6413,,:6413
NCCL:GroupLaunch,1049601139,529705,768130409,22489,StartEnd,9492,9875,1,1,0,6415,6413,:6413:6415
NCCL:API Group,1050179197,522408,768328872,22626,StartEnd,9492,9875,1,0,1,6417,,:6417
NCCL:GroupLaunch,1050179197,522408,768331218,20142,StartEnd,9492,9875,1,1,0,6419,6417,:6417:6419
NCCL:API Group,1051574612,532713,768657304,24698,StartEnd,9492,9875,1,0,1,6421,,:6421
NCCL:GroupLaunch,1051574612,532713,768660455,21242,StartEnd,9492,9875,1,1,0,6423,6421,:6421:6423
NCCL:API Group,1052326560,2058178,778471161,27827,StartEnd,9492,9875,1,0,1,6425,,:6425
NCCL:GroupLaunch,1052326560,2058178,778474104,24665,StartEnd,9492,9875,1,1,0,6427,6425,:6425:6427
NCCL:API Group,1057814171,2016290,783891402,26070,StartEnd,9492,9875,1,0,1,6429,,:6429
NCCL:GroupLaunch,1057814171,2016290,783894388,22859,StartEnd,9492,9875,1,1,0,6431,6429,:6429:6431
NCCL:API Group,1060186915,2047618,786655993,22830,StartEnd,9492,9875,1,0,1,6433,,:6433
NCCL:GroupLaunch,1060186915,2047618,786658241,20337,StartEnd,9492,9875,1,1,0,6435,6433,:6433:6435
NCCL:API Group,1065797856,2022882,792162768,24977,StartEnd,9492,9875,1,0,1,6437,,:6437
NCCL:GroupLaunch,1065797856,2022882,792165686,21715,StartEnd,9492,9875,1,1,0,6439,6437,:6437:6439
NCCL:API Group,1068516269,2052450,792403561,22010,StartEnd,9492,9875,1,0,1,6441,,:6441
NCCL:GroupLaunch,1068516269,2052450,792405723,19618,StartEnd,9492,9875,1,1,0,6443,6441,:6441:6443
NCCL:API Group,1074133546,2026786,792747196,24117,StartEnd,9492,9875,1,0,1,6445,,:6445
NCCL:GroupLaunch,1074133546,2026786,792750151,20880,StartEnd,9492,9875,1,1,0,6447,6445,:6445:6447
NCCL:API Group,1076383760,524009,794358511,27081,StartEnd,9492,9875,1,0,1,6449,,:6449
NCCL:GroupLaunch,1076383760,524009,794361353,24102,StartEnd,9492,9875,1,1,0,6451,6449,:6449:6451
NCCL:API Group,1077777127,530281,794737736,26268,StartEnd,9492,9875,1,0,1,6453,,:6453
NCCL:GroupLaunch,1077777127,530281,794740890,22836,StartEnd,9492,9875,1,1,0,6455,6453,:6453:6455
NCCL:API Group,1081771113,522409,800701542,38272,StartEnd,9492,9875,1,0,1,6457,,:6457
NCCL:GroupLaunch,1081771113,522409,800705428,34139,StartEnd,9492,9875,1,1,0,6459,6457,:6457:6459
NCCL:API Group,1083170849,528648,802270050,25988,StartEnd,9492,9875,1,0,1,6461,,:6461
NCCL:GroupLaunch,1083170849,528648,802273069,22746,StartEnd,9492,9875,1,1,0,6463,6461,:6461:6463
NCCL:API Group,1083707561,522313,802457930,23164,StartEnd,9492,9875,1,0,1,6465,,:6465
NCCL:GroupLaunch,1083707561,522313,802460286,20704,StartEnd,9492,9875,1,1,0,6467,6465,:6465:6467
NCCL:API Group,1085104641,530217,803668278,27264,StartEnd,9492,9875,1,0,1,6469,,:6469
NCCL:GroupLaunch,1085104641,530217,803671395,24043,StartEnd,9492,9875,1,1,0,6471,6469,:6469:6471
NCCL:API Group,1085682890,521769,803870616,27597,StartEnd,9492,9875,1,0,1,6473,,:6473
NCCL:GroupLaunch,1085682890,521769,803877623,20479,StartEnd,9492,9875,1,1,0,6475,6473,:6473:6475
NCCL:API Group,1087076065,531209,804220381,30181,StartEnd,9492,9875,1,0,1,6477,,:6477
NCCL:GroupLaunch,1087076065,531209,804228074,21710,StartEnd,9492,9875,1,1,0,6479,6477,:6477:6479
NCCL:API Group,1087824078,2059906,813986632,25059,StartEnd,9492,9875,1,0,1,6481,,:6481
NCCL:GroupLaunch,1087824078,2059906,813989444,21961,StartEnd,9492,9875,1,1,0,6483,6481,:6481:6483
NCCL:API Group,1093311593,2022882,819412440,24471,StartEnd,9492,9875,1,0,1,6485,,:6485
NCCL:GroupLaunch,1093311593,2022882,819415538,21153,StartEnd,9492,9875,1,1,0,6487,6485,:6485:6487
NCCL:API Group,1095692657,2043202,822302357,59102,StartEnd,9492,9875,1,0,1,6489,,:6489
NCCL:GroupLaunch,1095692657,2043202,822306646,54551,StartEnd,9492,9875,1,1,0,6491,6489,:6489:6491
NCCL:API Group,1101302126,2040994,827705155,32046,StartEnd,9492,9875,1,0,1,6493,,:6493
NCCL:GroupLaunch,1101302126,2040994,827709247,27832,StartEnd,9492,9875,1,1,0,6495,6493,:6493:6495
NCCL:API Group,1104040443,2066947,827988485,24929,StartEnd,9492,9875,1,0,1,6497,,:6497
NCCL:GroupLaunch,1104040443,2066947,827990952,22281,StartEnd,9492,9875,1,1,0,6499,6497,:6497:6499
NCCL:API Group,1109671865,2015649,828362510,27085,StartEnd,9492,9875,1,0,1,6501,,:6501
NCCL:GroupLaunch,1109671865,2015649,828365912,23451,StartEnd,9492,9875,1,1,0,6503,6501,:6501:6503
NCCL:API Group,1111916158,525993,829877254,26707,StartEnd,9492,9875,1,0,1,6505,,:6505
NCCL:GroupLaunch,1111916158,525993,829880358,23463,StartEnd,9492,9875,1,1,0,6507,6505,:6505:6507
NCCL:API Group,1113313429,530633,830236613,25361,StartEnd,9492,9875,1,0,1,6509,,:6509
NCCL:GroupLaunch,1113313429,530633,830239590,22082,StartEnd,9492,9875,1,1,0,6511,6509,:6509:6511
NCCL:API Group,1117307576,526568,836210126,32597,StartEnd,9492,9875,1,0,1,6513,,:6513
NCCL:GroupLaunch,1117307576,526568,836214126,28271,StartEnd,9492,9875,1,1,0,6515,6513,:6513:6515
NCCL:API Group,1118711215,530665,837775503,25859,StartEnd,9492,9875,1,0,1,6517,,:6517
NCCL:GroupLaunch,1118711215,530665,837778549,22709,StartEnd,9492,9875,1,1,0,6519,6517,:6517:6519
NCCL:API Group,1119250168,523017,837963977,22155,StartEnd,9492,9875,1,0,1,6521,,:6521
NCCL:GroupLaunch,1119250168,523017,837966095,19891,StartEnd,9492,9875,1,1,0,6523,6521,:6521:6523
NCCL:API Group,1120649871,527977,839162875,24280,StartEnd,9492,9875,1,0,1,6525,,:6525
NCCL:GroupLaunch,1120649871,527977,839165808,21069,StartEnd,9492,9875,1,1,0,6527,6525,:6525:6527
NCCL:API Group,1121225497,522088,839359350,22240,StartEnd,9492,9875,1,0,1,6529,,:6529
NCCL:GroupLaunch,1121225497,522088,839361553,19770,StartEnd,9492,9875,1,1,0,6531,6529,:6529:6531
NCCL:API Group,1122621552,536713,839683373,23368,StartEnd,9492,9875,1,0,1,6533,,:6533
NCCL:GroupLaunch,1122621552,536713,839686080,20521,StartEnd,9492,9875,1,1,0,6535,6533,:6533:6535
NCCL:API Group,1123376892,2057731,849508382,28812,StartEnd,9492,9875,1,0,1,6537,,:6537
NCCL:GroupLaunch,1123376892,2057731,849511676,25411,StartEnd,9492,9875,1,1,0,6539,6537,:6537:6539
NCCL:API Group,1128867256,2010497,854923944,31545,StartEnd,9492,9875,1,0,1,6541,,:6541
NCCL:GroupLaunch,1128867256,2010497,854931440,23818,StartEnd,9492,9875,1,1,0,6543,6541,:6541:6543
NCCL:API Group,1131235263,2045826,857661397,23013,StartEnd,9492,9875,1,0,1,6545,,:6545
NCCL:GroupLaunch,1131235263,2045826,857663697,20500,StartEnd,9492,9875,1,1,0,6547,6545,:6545:6547
NCCL:API Group,1136842524,2027810,863180205,24825,StartEnd,9492,9875,1,0,1,6549,,:6549
NCCL:GroupLaunch,1136842524,2027810,863183235,21572,StartEnd,9492,9875,1,1,0,6551,6549,:6549:6551
NCCL:API Group,1139568681,2054499,863427858,23212,StartEnd,9492,9875,1,0,1,6553,,:6553
NCCL:GroupLaunch,1139568681,2054499,863430195,20571,StartEnd,9492,9875,1,1,0,6555,6553,:6553:6555
NCCL:API Group,1145182311,2013889,863755730,24555,StartEnd,9492,9875,1,0,1,6557,,:6557
NCCL:GroupLaunch,1145182311,2013889,863758554,21557,StartEnd,9492,9875,1,1,0,6559,6557,:6557:6559
NCCL:API Group,1147421836,526537,865370911,26534,StartEnd,9492,9875,1,0,1,6561,,:6561
NCCL:GroupLaunch,1147421836,526537,865373639,23521,StartEnd,9492,9875,1,1,0,6563,6561,:6561:6563
NCCL:API Group,1148821027,528969,865737922,25817,StartEnd,9492,9875,1,0,1,6565,,:6565
NCCL:GroupLaunch,1148821027,528969,865740718,22910,StartEnd,9492,9875,1,1,0,6567,6565,:6565:6567
NCCL:API Group,1152815365,524873,871717298,30920,StartEnd,9492,9875,1,0,1,6569,,:6569
NCCL:GroupLaunch,1152815365,524873,871721206,26905,StartEnd,9492,9875,1,1,0,6571,6569,:6569:6571
NCCL:API Group,1154214717,528872,873280497,32173,StartEnd,9492,9875,1,0,1,6573,,:6573
NCCL:GroupLaunch,1154214717,528872,873288095,24376,StartEnd,9492,9875,1,1,0,6575,6573,:6573:6575
NCCL:API Group,1154751814,523112,873479304,22903,StartEnd,9492,9875,1,0,1,6577,,:6577
NCCL:GroupLaunch,1154751814,523112,873481327,20707,StartEnd,9492,9875,1,1,0,6579,6577,:6577:6579
NCCL:API Group,1156148253,530345,874678034,24670,StartEnd,9492,9875,1,0,1,6581,,:6581
NCCL:GroupLaunch,1156148253,530345,874680953,21619,StartEnd,9492,9875,1,1,0,6583,6581,:6581:6583
NCCL:API Group,1156725414,523913,874872566,28985,StartEnd,9492,9875,1,0,1,6585,,:6585
NCCL:GroupLaunch,1156725414,523913,874874652,26791,StartEnd,9492,9875,1,1,0,6587,6585,:6585:6587
NCCL:API Group,1158119678,531848,875208231,23200,StartEnd,9492,9875,1,0,1,6589,,:6589
NCCL:GroupLaunch,1158119678,531848,875210979,20350,StartEnd,9492,9875,1,1,0,6591,6589,:6589:6591
NCCL:API Group,1158874538,2060354,885001174,26736,StartEnd,9492,9875,1,0,1,6593,,:6593
NCCL:GroupLaunch,1158874538,2060354,885003983,23589,StartEnd,9492,9875,1,1,0,6595,6593,:6593:6595
NCCL:API Group,1164362565,2025314,890428170,24847,StartEnd,9492,9875,1,0,1,6597,,:6597
NCCL:GroupLaunch,1164362565,2025314,890431006,21882,StartEnd,9492,9875,1,1,0,6599,6597,:6597:6599
NCCL:API Group,1166746125,2049154,893177155,24257,StartEnd,9492,9875,1,0,1,6601,,:6601
NCCL:GroupLaunch,1166746125,2049154,893179378,21794,StartEnd,9492,9875,1,1,0,6603,6601,:6601:6603
NCCL:API Group,1172364426,2020290,898685882,26101,StartEnd,9492,9875,1,0,1,6605,,:6605
NCCL:GroupLaunch,1172364426,2020290,898688940,22898,StartEnd,9492,9875,1,1,0,6607,6605,:6605:6607
NCCL:API Group,1175083671,2045634,898940183,26459,StartEnd,9492,9875,1,0,1,6609,,:6609
NCCL:GroupLaunch,1175083671,2045634,898945554,20867,StartEnd,9492,9875,1,1,0,6611,6609,:6609:6611
NCCL:API Group,1180689876,2010466,899282386,23829,StartEnd,9492,9875,1,0,1,6613,,:6613
NCCL:GroupLaunch,1180689876,2010466,899285149,20956,StartEnd,9492,9875,1,1,0,6615,6613,:6613:6615
NCCL:API Group,1182931738,523816,900879725,24852,StartEnd,9492,9875,1,0,1,6617,,:6617
NCCL:GroupLaunch,1182931738,523816,900882348,22079,StartEnd,9492,9875,1,1,0,6619,6617,:6617:6619
NCCL:API Group,1184325265,531369,901228793,23893,StartEnd,9492,9875,1,0,1,6621,,:6621
NCCL:GroupLaunch,1184325265,531369,901231528,21005,StartEnd,9492,9875,1,1,0,6623,6621,:6621:6623
NCCL:API Group,1188321107,524585,907238125,34896,StartEnd,9492,9875,1,0,1,6625,,:6625
NCCL:GroupLaunch,1188321107,524585,907242413,30404,StartEnd,9492,9875,1,1,0,6627,6625,:6625:6627
NCCL:API Group,1189717194,532073,908809431,27920,StartEnd,9492,9875,1,0,1,6629,,:6629
NCCL:GroupLaunch,1189717194,532073,908812848,24259,StartEnd,9492,9875,1,1,0,6631,6629,:6629:6631
NCCL:API Group,1190257555,524393,909004524,22996,StartEnd,9492,9875,1,0,1,6633,,:6633
NCCL:GroupLaunch,1190257555,524393,909006495,20730,StartEnd,9492,9875,1,1,0,6635,6633,:6633:6635
NCCL:API Group,1191655851,530920,910175690,25180,StartEnd,9492,9875,1,0,1,6637,,:6637
NCCL:GroupLaunch,1191655851,530920,910178765,21903,StartEnd,9492,9875,1,1,0,6639,6637,:6637:6639
NCCL:API Group,1192234932,524233,910365390,22111,StartEnd,9492,9875,1,0,1,6641,,:6641
NCCL:GroupLaunch,1192234932,524233,910367482,19893,StartEnd,9492,9875,1,1,0,6643,6641,:6641:6643
NCCL:API Group,1193633420,529032,910703107,29741,StartEnd,9492,9875,1,0,1,6645,,:6645
NCCL:GroupLaunch,1193633420,529032,910705778,26957,StartEnd,9492,9875,1,1,0,6647,6645,:6645:6647
NCCL:API Group,1194388440,2047714,920533635,28293,StartEnd,9492,9875,1,0,1,6649,,:6649
NCCL:GroupLaunch,1194388440,2047714,920536997,24811,StartEnd,9492,9875,1,1,0,6651,6649,:6649:6651
NCCL:API Group,1199868883,2025090,925942518,26563,StartEnd,9492,9875,1,0,1,6653,,:6653
NCCL:GroupLaunch,1199868883,2025090,925945758,23028,StartEnd,9492,9875,1,1,0,6655,6653,:6653:6655
NCCL:API Group,1202251867,2047522,928693797,23476,StartEnd,9492,9875,1,0,1,6657,,:6657
NCCL:GroupLaunch,1202251867,2047522,928696308,20840,StartEnd,9492,9875,1,1,0,6659,6657,:6657:6659
NCCL:API Group,1207857688,2018241,934209023,27199,StartEnd,9492,9875,1,0,1,6661,,:6661
NCCL:GroupLaunch,1207857688,2018241,934213896,22035,StartEnd,9492,9875,1,1,0,6663,6661,:6661:6663
NCCL:API Group,1210573029,2046722,934460923,22588,StartEnd,9492,9875,1,0,1,6665,,:6665
NCCL:GroupLaunch,1210573029,2046722,934463021,20366,StartEnd,9492,9875,1,1,0,6667,6665,:6665:6667
NCCL:API Group,1216174946,2008161,934793261,23199,StartEnd,9492,9875,1,0,1,6669,,:6669
NCCL:GroupLaunch,1216174946,2008161,934795933,20425,StartEnd,9492,9875,1,1,0,6671,6669,:6669:6671
NCCL:API Group,1218412903,527209,936396070,24748,StartEnd,9492,9875,1,0,1,6673,,:6673
NCCL:GroupLaunch,1218412903,527209,936398844,21806,StartEnd,9492,9875,1,1,0,6675,6673,:6673:6675
NCCL:API Group,1219810366,529257,936738628,25178,StartEnd,9492,9875,1,0,1,6677,,:6677
NCCL:GroupLaunch,1219810366,529257,936741445,22079,StartEnd,9492,9875,1,1,0,6679,6677,:6677:6679
NCCL:API Group,1223806369,523528,942750008,31625,StartEnd,9492,9875,1,0,1,6681,,:6681
NCCL:GroupLaunch,1223806369,523528,942753773,27735,StartEnd,9492,9875,1,1,0,6683,6681,:6681:6683
NCCL:API Group,1225207096,530505,944308554,26500,StartEnd,9492,9875,1,0,1,6685,,:6685
NCCL:GroupLaunch,1225207096,530505,944311674,23235,StartEnd,9492,9875,1,1,0,6687,6685,:6685:6687
NCCL:API Group,1225746913,526409,944497376,24061,StartEnd,9492,9875,1,0,1,6689,,:6689
NCCL:GroupLaunch,1225746913,526409,944499589,21707,StartEnd,9492,9875,1,1,0,6691,6689,:6689:6691
NCCL:API Group,1227149112,529993,945704176,24058,StartEnd,9492,9875,1,0,1,6693,,:6693
NCCL:GroupLaunch,1227149112,529993,945707129,20949,StartEnd,9492,9875,1,1,0,6695,6693,:6693:6695
NCCL:API Group,1227726306,526121,945899003,21523,StartEnd,9492,9875,1,0,1,6697,,:6697
NCCL:GroupLaunch,1227726306,526121,945900835,19576,StartEnd,9492,9875,1,1,0,6699,6697,:6697:6699
NCCL:API Group,1229129753,529897,946228365,23732,StartEnd,9492,9875,1,0,1,6701,,:6701
NCCL:GroupLaunch,1229129753,529897,946231020,20819,StartEnd,9492,9875,1,1,0,6703,6701,:6701:6703
NCCL:API Group,1229877766,2050210,956041164,26858,StartEnd,9492,9875,1,0,1,6705,,:6705
NCCL:GroupLaunch,1229877766,2050210,956044409,23242,StartEnd,9492,9875,1,1,0,6707,6705,:6705:6707
NCCL:API Group,1235353953,2019041,961481342,36660,StartEnd,9492,9875,1,0,1,6709,,:6709
NCCL:GroupLaunch,1235353953,2019041,961484515,33321,StartEnd,9492,9875,1,1,0,6711,6709,:6709:6711
NCCL:API Group,1237732008,2046274,964215740,31501,StartEnd,9492,9875,1,0,1,6713,,:6713
NCCL:GroupLaunch,1237732008,2046274,964218099,28970,StartEnd,9492,9875,1,1,0,6715,6713,:6713:6715
NCCL:API Group,1243343525,2016418,969712974,25212,StartEnd,9492,9875,1,0,1,6717,,:6717
NCCL:GroupLaunch,1243343525,2016418,969716418,21627,StartEnd,9492,9875,1,1,0,6719,6717,:6717:6719
NCCL:API Group,1246052146,2049602,969959628,21659,StartEnd,9492,9875,1,0,1,6721,,:6721
NCCL:GroupLaunch,1246052146,2049602,969961863,19324,StartEnd,9492,9875,1,1,0,6723,6721,:6721:6723
NCCL:API Group,1251664111,2023650,970291852,24072,StartEnd,9492,9875,1,0,1,6725,,:6725
NCCL:GroupLaunch,1251664111,2023650,970294610,21169,StartEnd,9492,9875,1,1,0,6727,6725,:6725:6727
NCCL:API Group,1253912437,527305,971911600,25462,StartEnd,9492,9875,1,0,1,6729,,:6729
NCCL:GroupLaunch,1253912437,527305,971914165,22773,StartEnd,9492,9875,1,1,0,6731,6729,:6729:6731
NCCL:API Group,1255313868,528617,972269744,31678,StartEnd,9492,9875,1,0,1,6733,,:6733
NCCL:GroupLaunch,1255313868,528617,972277176,24140,StartEnd,9492,9875,1,1,0,6735,6733,:6733:6735
NCCL:API Group,1259305966,531177,978251817,33179,StartEnd,9492,9875,1,0,1,6737,,:6737
NCCL:GroupLaunch,1259305966,531177,978255682,29153,StartEnd,9492,9875,1,1,0,6739,6737,:6737:6739
NCCL:API Group,1260713702,529897,979816472,26954,StartEnd,9492,9875,1,0,1,6741,,:6741
NCCL:GroupLaunch,1260713702,529897,979819601,23713,StartEnd,9492,9875,1,1,0,6743,6741,:6741:6743
NCCL:API Group,1261252655,534185,980004029,28361,StartEnd,9492,9875,1,0,1,6745,,:6745
NCCL:GroupLaunch,1261252655,534185,980006268,25930,StartEnd,9492,9875,1,1,0,6747,6745,:6745:6747
NCCL:API Group,1262659494,531625,981202424,24253,StartEnd,9492,9875,1,0,1,6749,,:6749
NCCL:GroupLaunch,1262659494,531625,981205453,21102,StartEnd,9492,9875,1,1,0,6751,6749,:6749:6751
NCCL:API Group,1263239248,522888,981392772,21062,StartEnd,9492,9875,1,0,1,6753,,:6753
NCCL:GroupLaunch,1263239248,522888,981394867,18847,StartEnd,9492,9875,1,1,0,6755,6753,:6753:6755
NCCL:API Group,1264636327,530473,981747343,25618,StartEnd,9492,9875,1,0,1,6757,,:6757
NCCL:GroupLaunch,1264636327,530473,981750607,21950,StartEnd,9492,9875,1,1,0,6759,6757,:6757:6759
NCCL:API Group,1265391732,2070178,991561020,26152,StartEnd,9492,9875,1,0,1,6761,,:6761
NCCL:GroupLaunch,1265391732,2070178,991563932,23121,StartEnd,9492,9875,1,1,0,6763,6761,:6761:6763
NCCL:API Group,1270892271,2000513,996983610,25146,StartEnd,9492,9875,1,0,1,6765,,:6765
NCCL:GroupLaunch,1270892271,2000513,996986905,21559,StartEnd,9492,9875,1,1,0,6767,6765,:6765:6767
NCCL:API Group,1273251062,2051202,999738143,24018,StartEnd,9492,9875,1,0,1,6769,,:6769
NCCL:GroupLaunch,1273251062,2051202,999740584,21452,StartEnd,9492,9875,1,1,0,6771,6769,:6769:6771
NCCL:API Group,1278863411,2008898,1005259515,26367,StartEnd,9492,9875,1,0,1,6773,,:6773
NCCL:GroupLaunch,1278863411,2008898,1005262917,22710,StartEnd,9492,9875,1,1,0,6775,6773,:6773:6775
NCCL:API Group,1281570176,2043234,1005509396,22733,StartEnd,9492,9875,1,0,1,6777,,:6777
NCCL:GroupLaunch,1281570176,2043234,1005511451,20573,StartEnd,9492,9875,1,1,0,6779,6777,:6777:6779
NCCL:API Group,1287174525,2008034,1005834408,29914,StartEnd,9492,9875,1,0,1,6781,,:6781
NCCL:GroupLaunch,1287174525,2008034,1005837236,26658,StartEnd,9492,9875,1,1,0,6783,6781,:6781:6783
NCCL:API Group,1289408994,525865,1007449811,24841,StartEnd,9492,9875,1,0,1,6785,,:6785
NCCL:GroupLaunch,1289408994,525865,1007452428,22058,StartEnd,9492,9875,1,1,0,6787,6785,:6785:6787
NCCL:API Group,1290807130,531497,1007806825,25974,StartEnd,9492,9875,1,0,1,6789,,:6789
NCCL:GroupLaunch,1290807130,531497,1007809842,22810,StartEnd,9492,9875,1,1,0,6791,6789,:6789:6791
NCCL:API Group,1294801436,526281,1013782024,31139,StartEnd,9492,9875,1,0,1,6793,,:6793
NCCL:GroupLaunch,1294801436,526281,1013785803,27135,StartEnd,9492,9875,1,1,0,6795,6793,:6793:6795
NCCL:API Group,1296203891,531817,1015353972,26126,StartEnd,9492,9875,1,0,1,6797,,:6797
NCCL:GroupLaunch,1296203891,531817,1015356990,22993,StartEnd,9492,9875,1,1,0,6799,6797,:6797:6799
NCCL:API Group,1296745084,523497,1015546678,23509,StartEnd,9492,9875,1,0,1,6801,,:6801
NCCL:GroupLaunch,1296745084,523497,1015548892,21020,StartEnd,9492,9875,1,1,0,6803,6801,:6801:6803
NCCL:API Group,1298142548,531752,1016734652,25059,StartEnd,9492,9875,1,0,1,6805,,:6805
NCCL:GroupLaunch,1298142548,531752,1016737725,21575,StartEnd,9492,9875,1,1,0,6807,6805,:6805:6807
NCCL:API Group,1298722461,522121,1016929317,21935,StartEnd,9492,9875,1,0,1,6809,,:6809
NCCL:GroupLaunch,1298722461,522121,1016931267,19857,StartEnd,9492,9875,1,1,0,6811,6809,:6809:6811
NCCL:API Group,1300118036,531433,1017255975,24562,StartEnd,9492,9875,1,0,1,6813,,:6813
NCCL:GroupLaunch,1300118036,531433,1017258927,21503,StartEnd,9492,9875,1,1,0,6815,6813,:6813:6815
NCCL:API Group,1300871873,2055266,1027112492,30759,StartEnd,9492,9875,1,0,1,6817,,:6817
NCCL:GroupLaunch,1300871873,2055266,1027116238,26893,StartEnd,9492,9875,1,1,0,6819,6817,:6817:6819
NCCL:API Group,1306354812,2017249,1032525622,29307,StartEnd,9492,9875,1,0,1,6821,,:6821
NCCL:GroupLaunch,1306354812,2017249,1032529161,25602,StartEnd,9492,9875,1,1,0,6823,6821,:6821:6823
NCCL:API Group,1308728131,2047170,1035258943,24161,StartEnd,9492,9875,1,0,1,6825,,:6825
NCCL:GroupLaunch,1308728131,2047170,1035261451,21418,StartEnd,9492,9875,1,1,0,6827,6825,:6825:6827
NCCL:API Group,1314336193,2019329,1040760025,24838,StartEnd,9492,9875,1,0,1,6829,,:6829
NCCL:GroupLaunch,1314336193,2019329,1040763120,21469,StartEnd,9492,9875,1,1,0,6831,6829,:6829:6831
NCCL:API Group,1317049294,2048194,1041003252,22172,StartEnd,9492,9875,1,0,1,6833,,:6833
NCCL:GroupLaunch,1317049294,2048194,1041005507,19780,StartEnd,9492,9875,1,1,0,6835,6833,:6833:6835
NCCL:API Group,1322653451,2022369,1041324022,22960,StartEnd,9492,9875,1,0,1,6837,,:6837
NCCL:GroupLaunch,1322653451,2022369,1041326975,19743,StartEnd,9492,9875,1,1,0,6839,6837,:6837:6839
NCCL:API Group,1324907568,525929,1042957142,31716,StartEnd,9492,9875,1,0,1,6841,,:6841
NCCL:GroupLaunch,1324907568,525929,1042959925,28727,StartEnd,9492,9875,1,1,0,6843,6841,:6841:6843
NCCL:API Group,1326307271,528937,1043322072,24202,StartEnd,9492,9875,1,0,1,6845,,:6845
NCCL:GroupLaunch,1326307271,528937,1043324757,21272,StartEnd,9492,9875,1,1,0,6847,6845,:6845:6847
NCCL:API Group,1330306186,524329,1049295499,29696,StartEnd,9492,9875,1,0,1,6849,,:6849
NCCL:GroupLaunch,1330306186,524329,1049299357,25639,StartEnd,9492,9875,1,1,0,6851,6849,:6849:6851
NCCL:API Group,1331703297,529865,1050867172,26648,StartEnd,9492,9875,1,0,1,6853,,:6853
NCCL:GroupLaunch,1331703297,529865,1050870311,23390,StartEnd,9492,9875,1,1,0,6855,6853,:6853:6855
NCCL:API Group,1332242634,522889,1051052648,22402,StartEnd,9492,9875,1,0,1,6857,,:6857
NCCL:GroupLaunch,1332242634,522889,1051054564,20380,StartEnd,9492,9875,1,1,0,6859,6857,:6857:6859
NCCL:API Group,1333637857,529609,1052243911,23320,StartEnd,9492,9875,1,0,1,6861,,:6861
NCCL:GroupLaunch,1333637857,529609,1052246740,20387,StartEnd,9492,9875,1,1,0,6863,6861,:6861:6863
NCCL:API Group,1334215915,522728,1052432507,29873,StartEnd,9492,9875,1,0,1,6865,,:6865
NCCL:GroupLaunch,1334215915,522728,1052440289,21835,StartEnd,9492,9875,1,1,0,6867,6865,:6865:6867
NCCL:API Group,1335611330,531305,1052772803,27995,StartEnd,9492,9875,1,0,1,6869,,:6869
NCCL:GroupLaunch,1335611330,531305,1052775449,20791,StartEnd,9492,9875,1,1,0,6871,6869,:6869:6871
NCCL:API Group,1336361198,2057571,1062593141,26604,StartEnd,9492,9875,1,0,1,6873,,:6873
NCCL:GroupLaunch,1336361198,2057571,1062596122,23295,StartEnd,9492,9875,1,1,0,6875,6873,:6873:6875
NCCL:API Group,1341848874,2005665,1068008802,25071,StartEnd,9492,9875,1,0,1,6877,,:6877
NCCL:GroupLaunch,1341848874,2005665,1068011866,21774,StartEnd,9492,9875,1,1,0,6879,6877,:6877:6879
NCCL:API Group,1344213393,2050146,1070753006,24663,StartEnd,9492,9875,1,0,1,6881,,:6881
NCCL:GroupLaunch,1344213393,2050146,1070755362,22130,StartEnd,9492,9875,1,1,0,6883,6881,:6881:6883
NCCL:API Group,1349821262,2014785,1076280373,25689,StartEnd,9492,9875,1,0,1,6885,,:6885
NCCL:GroupLaunch,1349821262,2014785,1076283658,22206,StartEnd,9492,9875,1,1,0,6887,6885,:6885:6887
NCCL:API Group,1352534555,2047874,1076529006,23256,StartEnd,9492,9875,1,0,1,6889,,:6889
NCCL:GroupLaunch,1352534555,2047874,1076531382,20770,StartEnd,9492,9875,1,1,0,6891,6889,:6889:6891
NCCL:API Group,1358134424,2013250,1076862550,23495,StartEnd,9492,9875,1,0,1,6893,,:6893
NCCL:GroupLaunch,1358134424,2013250,1076865269,20501,StartEnd,9492,9875,1,1,0,6895,6893,:6893:6895
NCCL:API Group,1360372317,524937,1078458592,24531,StartEnd,9492,9875,1,0,1,6897,,:6897
NCCL:GroupLaunch,1360372317,524937,1078461241,21655,StartEnd,9492,9875,1,1,0,6899,6897,:6897:6899
NCCL:API Group,1361768820,529257,1078814884,24562,StartEnd,9492,9875,1,0,1,6901,,:6901
NCCL:GroupLaunch,1361768820,529257,1078817720,21475,StartEnd,9492,9875,1,1,0,6903,6901,:6901:6903
NCCL:API Group,1365758679,525416,1084811159,34049,StartEnd,9492,9875,1,0,1,6905,,:6905
NCCL:GroupLaunch,1365758679,525416,1084815443,29605,StartEnd,9492,9875,1,1,0,6907,6905,:6905:6907
NCCL:API Group,1367158382,532425,1086370221,28334,StartEnd,9492,9875,1,0,1,6909,,:6909
NCCL:GroupLaunch,1367158382,532425,1086373297,25117,StartEnd,9492,9875,1,1,0,6911,6909,:6909:6911
NCCL:API Group,1367699223,525161,1086574804,24516,StartEnd,9492,9875,1,0,1,6913,,:6913
NCCL:GroupLaunch,1367699223,525161,1086577066,21979,StartEnd,9492,9875,1,1,0,6915,6913,:6913:6915
NCCL:API Group,1369098350,534985,1087755604,29361,StartEnd,9492,9875,1,0,1,6917,,:6917
NCCL:GroupLaunch,1369098350,534985,1087761892,22831,StartEnd,9492,9875,1,1,0,6919,6917,:6917:6919
NCCL:API Group,1369681720,522537,1087956586,23252,StartEnd,9492,9875,1,0,1,6921,,:6921
NCCL:GroupLaunch,1369681720,522537,1087958860,20788,StartEnd,9492,9875,1,1,0,6923,6921,:6921:6923
NCCL:API Group,1371080015,532937,1088288624,24302,StartEnd,9492,9875,1,0,1,6925,,:6925
NCCL:GroupLaunch,1371080015,532937,1088291308,21468,StartEnd,9492,9875,1,1,0,6927,6925,:6925:6927
NCCL:API Group,1371837276,2051426,1098088750,29694,StartEnd,9492,9875,1,0,1,6929,,:6929
NCCL:GroupLaunch,1371837276,2051426,1098092040,26304,StartEnd,9492,9875,1,1,0,6931,6929,:6929:6931
NCCL:API Group,1377317559,2013697,1103539988,32401,StartEnd,9492,9875,1,0,1,6933,,:6933
NCCL:GroupLaunch,1377317559,2013697,1103543150,28986,StartEnd,9492,9875,1,1,0,6935,6933,:6933:6935
NCCL:API Group,1379688414,2050498,1106294775,23457,StartEnd,9492,9875,1,0,1,6937,,:6937
NCCL:GroupLaunch,1379688414,2050498,1106297169,20918,StartEnd,9492,9875,1,1,0,6939,6937,:6937:6939
NCCL:API Group,1385294811,2012674,1111798872,25420,StartEnd,9492,9875,1,0,1,6941,,:6941
NCCL:GroupLaunch,1385294811,2012674,1111801675,22501,StartEnd,9492,9875,1,1,0,6943,6941,:6941:6943
NCCL:API Group,1388003432,2055650,1112043906,21936,StartEnd,9492,9875,1,0,1,6945,,:6945
NCCL:GroupLaunch,1388003432,2055650,1112046000,19728,StartEnd,9492,9875,1,1,0,6947,6945,:6945:6947
NCCL:API Group,1393615397,2024418,1112375982,23508,StartEnd,9492,9875,1,0,1,6949,,:6949
NCCL:GroupLaunch,1393615397,2024418,1112378562,20808,StartEnd,9492,9875,1,1,0,6951,6949,:6949:6951
NCCL:API Group,1395861675,526697,1113993418,31569,StartEnd,9492,9875,1,0,1,6953,,:6953
NCCL:GroupLaunch,1395861675,526697,1114000660,24147,StartEnd,9492,9875,1,1,0,6955,6953,:6953:6955
NCCL:API Group,1397257986,531145,1114349408,24998,StartEnd,9492,9875,1,0,1,6957,,:6957
NCCL:GroupLaunch,1397257986,531145,1114352193,22053,StartEnd,9492,9875,1,1,0,6959,6957,:6957:6959
NCCL:API Group,1401254180,525545,1120349105,31068,StartEnd,9492,9875,1,0,1,6961,,:6961
NCCL:GroupLaunch,1401254180,525545,1120353236,26820,StartEnd,9492,9875,1,1,0,6963,6961,:6961:6963
NCCL:API Group,1402651644,535464,1121909264,30947,StartEnd,9492,9875,1,0,1,6965,,:6965
NCCL:GroupLaunch,1402651644,535464,1121912174,27899,StartEnd,9492,9875,1,1,0,6967,6965,:6965:6967
NCCL:API Group,1403195749,522536,1122104921,26600,StartEnd,9492,9875,1,0,1,6969,,:6969
NCCL:GroupLaunch,1403195749,522536,1122107008,24400,StartEnd,9492,9875,1,1,0,6971,6969,:6969:6971
NCCL:API Group,1404592348,536617,1123304769,24860,StartEnd,9492,9875,1,0,1,6973,,:6973
NCCL:GroupLaunch,1404592348,536617,1123308036,21382,StartEnd,9492,9875,1,1,0,6975,6973,:6973:6975
NCCL:API Group,1405176198,523592,1123496712,21750,StartEnd,9492,9875,1,0,1,6977,,:6977
NCCL:GroupLaunch,1405176198,523592,1123498815,19500,StartEnd,9492,9875,1,1,0,6979,6977,:6977:6979
NCCL:API Group,1406573277,531657,1123834288,25772,StartEnd,9492,9875,1,0,1,6981,,:6981
NCCL:GroupLaunch,1406573277,531657,1123837452,22461,StartEnd,9492,9875,1,1,0,6983,6981,:6981:6983
NCCL:API Group,1407325609,2055906,1133629942,32130,StartEnd,9492,9875,1,0,1,6985,,:6985
NCCL:GroupLaunch,1407325609,2055906,1133637725,24058,StartEnd,9492,9875,1,1,0,6987,6985,:6985:6987
NCCL:API Group,1412806692,2022466,1139053108,25582,StartEnd,9492,9875,1,0,1,6989,,:6989
NCCL:GroupLaunch,1412806692,2022466,1139056168,22373,StartEnd,9492,9875,1,1,0,6991,6989,:6989:6991
NCCL:API Group,1415188012,2054210,1141812597,22161,StartEnd,9492,9875,1,0,1,6993,,:6993
NCCL:GroupLaunch,1415188012,2054210,1141814821,19765,StartEnd,9492,9875,1,1,0,6995,6993,:6993:6995
NCCL:API Group,1420800361,2024514,1147301587,24949,StartEnd,9492,9875,1,0,1,6997,,:6997
NCCL:GroupLaunch,1420800361,2024514,1147304236,22121,StartEnd,9492,9875,1,1,0,6999,6997,:6997:6999
NCCL:API Group,1423519414,2055234,1147546750,29217,StartEnd,9492,9875,1,0,1,7001,,:7001
NCCL:GroupLaunch,1423519414,2055234,1147548868,26962,StartEnd,9492,9875,1,1,0,7003,7001,:7001:7003
NCCL:API Group,1429131987,2020322,1147877224,23106,StartEnd,9492,9875,1,0,1,7005,,:7005
NCCL:GroupLaunch,1429131987,2020322,1147879870,20197,StartEnd,9492,9875,1,1,0,7007,7005,:7005:7007
NCCL:API Group,1431381817,523529,1149504184,27155,StartEnd,9492,9875,1,0,1,7009,,:7009
NCCL:GroupLaunch,1431381817,523529,1149507149,24032,StartEnd,9492,9875,1,1,0,7011,7009,:7009:7011
NCCL:API Group,1432777872,529993,1149883509,26614,StartEnd,9492,9875,1,0,1,7013,,:7013
NCCL:GroupLaunch,1432777872,529993,1149886489,23520,StartEnd,9492,9875,1,1,0,7015,7013,:7013:7015
NCCL:API Group,1436778322,523689,1155865466,33294,StartEnd,9492,9875,1,0,1,7017,,:7017
NCCL:GroupLaunch,1436778322,523689,1155869759,28894,StartEnd,9492,9875,1,1,0,7019,7017,:7017:7019
NCCL:API Group,1438173610,530632,1157411790,26134,StartEnd,9492,9875,1,0,1,7021,,:7021
NCCL:GroupLaunch,1438173610,530632,1157414926,22737,StartEnd,9492,9875,1,1,0,7023,7021,:7021:7023
NCCL:API Group,1438712755,521384,1157597026,22214,StartEnd,9492,9875,1,0,1,7025,,:7025
NCCL:GroupLaunch,1438712755,521384,1157599093,19941,StartEnd,9492,9875,1,1,0,7027,7025,:7025:7027
NCCL:API Group,1440110218,529033,1158794964,25074,StartEnd,9492,9875,1,0,1,7029,,:7029
NCCL:GroupLaunch,1440110218,529033,1158797988,21902,StartEnd,9492,9875,1,1,0,7031,7029,:7029:7031
NCCL:API Group,1440686003,522217,1158990402,31673,StartEnd,9492,9875,1,0,1,7033,,:7033
NCCL:GroupLaunch,1440686003,522217,1158992603,29245,StartEnd,9492,9875,1,1,0,7035,7033,:7033:7035
NCCL:API Group,1442083691,529928,1159345692,27953,StartEnd,9492,9875,1,0,1,7037,,:7037
NCCL:GroupLaunch,1442083691,529928,1159348548,24987,StartEnd,9492,9875,1,1,0,7039,7037,:7037:7039
NCCL:API Group,1442837495,2051330,1169146324,28735,StartEnd,9492,9875,1,0,1,7041,,:7041
NCCL:GroupLaunch,1442837495,2051330,1169149363,25583,StartEnd,9492,9875,1,1,0,7043,7041,:7041:7043
NCCL:API Group,1448314290,2015810,1174574159,26126,StartEnd,9492,9875,1,0,1,7045,,:7045
NCCL:GroupLaunch,1448314290,2015810,1174577354,22801,StartEnd,9492,9875,1,1,0,7047,7045,:7045:7047
NCCL:API Group,1450689658,2053378,1177315292,22299,StartEnd,9492,9875,1,0,1,7049,,:7049
NCCL:GroupLaunch,1450689658,2053378,1177317474,19808,StartEnd,9492,9875,1,1,0,7051,7049,:7049:7051
NCCL:API Group,1456301879,2019137,1182806141,30083,StartEnd,9492,9875,1,0,1,7053,,:7053
NCCL:GroupLaunch,1456301879,2019137,1182814565,21443,StartEnd,9492,9875,1,1,0,7055,7053,:7053:7055
NCCL:API Group,1459016964,2048162,1183052752,21230,StartEnd,9492,9875,1,0,1,7057,,:7057
NCCL:GroupLaunch,1459016964,2048162,1183054768,19105,StartEnd,9492,9875,1,1,0,7059,7057,:7057:7059
NCCL:API Group,1464622145,2015969,1183381166,25497,StartEnd,9492,9875,1,0,1,7061,,:7061
NCCL:GroupLaunch,1464622145,2015969,1183384296,22207,StartEnd,9492,9875,1,1,0,7063,7061,:7061:7063
NCCL:API Group,1466869126,525161,1185011136,26583,StartEnd,9492,9875,1,0,1,7065,,:7065
NCCL:GroupLaunch,1466869126,525161,1185013976,23543,StartEnd,9492,9875,1,1,0,7067,7065,:7065:7067
NCCL:API Group,1468263709,530217,1185357219,23912,StartEnd,9492,9875,1,0,1,7069,,:7069
NCCL:GroupLaunch,1468263709,530217,1185359959,20931,StartEnd,9492,9875,1,1,0,7071,7069,:7069:7071
NCCL:API Group,1472257472,524681,1191357300,34373,StartEnd,9492,9875,1,0,1,7073,,:7073
NCCL:GroupLaunch,1472257472,524681,1191361522,29892,StartEnd,9492,9875,1,1,0,7075,7073,:7073:7075
NCCL:API Group,1473654583,531305,1192940099,27648,StartEnd,9492,9875,1,0,1,7077,,:7077
NCCL:GroupLaunch,1473654583,531305,1192943201,24394,StartEnd,9492,9875,1,1,0,7079,7077,:7077:7079
NCCL:API Group,1474193920,524105,1193136275,23488,StartEnd,9492,9875,1,0,1,7081,,:7081
NCCL:GroupLaunch,1474193920,524105,1193138377,21273,StartEnd,9492,9875,1,1,0,7083,7081,:7081:7083
NCCL:API Group,1475593239,531113,1194303814,26541,StartEnd,9492,9875,1,0,1,7085,,:7085
NCCL:GroupLaunch,1475593239,531113,1194306712,23534,StartEnd,9492,9875,1,1,0,7087,7085,:7085:7087
NCCL:API Group,1476171297,520392,1194499297,23014,StartEnd,9492,9875,1,0,1,7089,,:7089
NCCL:GroupLaunch,1476171297,520392,1194501663,20498,StartEnd,9492,9875,1,1,0,7091,7089,:7089:7091
NCCL:API Group,1477566712,531849,1194831406,23896,StartEnd,9492,9875,1,0,1,7093,,:7093
NCCL:GroupLaunch,1477566712,531849,1194834134,20979,StartEnd,9492,9875,1,1,0,7095,7093,:7093:7095
NCCL:API Group,1478324837,2050818,1204653721,35396,StartEnd,9492,9875,1,0,1,7097,,:7097
NCCL:GroupLaunch,1478324837,2050818,1204657468,31129,StartEnd,9492,9875,1,1,0,7099,7097,:7097:7099
NCCL:API Group,1483798080,2019265,1210062904,34341,StartEnd,9492,9875,1,0,1,7101,,:7101
NCCL:GroupLaunch,1483798080,2019265,1210066175,30927,StartEnd,9492,9875,1,1,0,7103,7101,:7101:7103
NCCL:API Group,1486176967,2046210,1212806491,24013,StartEnd,9492,9875,1,0,1,7105,,:7105
NCCL:GroupLaunch,1486176967,2046210,1212808814,21501,StartEnd,9492,9875,1,1,0,7107,7105,:7105:7107
NCCL:API Group,1491779716,2006977,1218313298,26462,StartEnd,9492,9875,1,0,1,7109,,:7109
NCCL:GroupLaunch,1491779716,2006977,1218316479,23157,StartEnd,9492,9875,1,1,0,7111,7109,:7109:7111
NCCL:API Group,1494483793,2050562,1218566474,22613,StartEnd,9492,9875,1,0,1,7113,,:7113
NCCL:GroupLaunch,1494483793,2050562,1218568769,20148,StartEnd,9492,9875,1,1,0,7115,7113,:7113:7115
NCCL:API Group,1500099022,2011682,1218918053,23944,StartEnd,9492,9875,1,0,1,7117,,:7117
NCCL:GroupLaunch,1500099022,2011682,1218920886,20975,StartEnd,9492,9875,1,1,0,7119,7117,:7117:7119
NCCL:API Group,1502341076,524776,1220491336,26798,StartEnd,9492,9875,1,0,1,7121,,:7121
NCCL:GroupLaunch,1502341076,524776,1220494297,23733,StartEnd,9492,9875,1,1,0,7123,7121,:7121:7123
NCCL:API Group,1503734443,528552,1220870303,30516,StartEnd,9492,9875,1,0,1,7125,,:7125
NCCL:GroupLaunch,1503734443,528552,1220877940,22597,StartEnd,9492,9875,1,1,0,7127,7125,:7125:7127
NCCL:API Group,1507724269,529577,1226850950,33828,StartEnd,9492,9875,1,0,1,7129,,:7129
NCCL:GroupLaunch,1507724269,529577,1226855415,29124,StartEnd,9492,9875,1,1,0,7131,7129,:7129:7131
NCCL:API Group,1509126084,531625,1228413101,26343,StartEnd,9492,9875,1,0,1,7133,,:7133
NCCL:GroupLaunch,1509126084,531625,1228416060,23204,StartEnd,9492,9875,1,1,0,7135,7133,:7133:7135
NCCL:API Group,1509666893,524713,1228606232,27379,StartEnd,9492,9875,1,0,1,7137,,:7137
NCCL:GroupLaunch,1509666893,524713,1228608545,24865,StartEnd,9492,9875,1,1,0,7139,7137,:7137:7139
NCCL:API Group,1511066020,531913,1229817572,25091,StartEnd,9492,9875,1,0,1,7141,,:7141
NCCL:GroupLaunch,1511066020,531913,1229820653,21905,StartEnd,9492,9875,1,1,0,7143,7141,:7141:7143
NCCL:API Group,1511646318,519561,1230016860,21564,StartEnd,9492,9875,1,0,1,7145,,:7145
NCCL:GroupLaunch,1511646318,519561,1230018899,19372,StartEnd,9492,9875,1,1,0,7147,7145,:7145:7147
NCCL:API Group,1513041541,529289,1230341632,24150,StartEnd,9492,9875,1,0,1,7149,,:7149
NCCL:GroupLaunch,1513041541,529289,1230344258,21408,StartEnd,9492,9875,1,1,0,7151,7149,:7149:7151
NCCL:API Group,1513795730,2061730,1240357048,93189,StartEnd,9492,9875,1,0,1,7153,,:7153
NCCL:GroupLaunch,1513795730,2061730,1240363014,87024,StartEnd,9492,9875,1,1,0,7155,7153,:7153:7155
NCCL:API Group,1519285229,2002721,1245591937,30893,StartEnd,9492,9875,1,0,1,7157,,:7157
NCCL:GroupLaunch,1519285229,2002721,1245595561,27157,StartEnd,9492,9875,1,1,0,7159,7157,:7157:7159
NCCL:API Group,1521645844,2047618,1248297514,26130,StartEnd,9492,9875,1,0,1,7161,,:7161
NCCL:GroupLaunch,1521645844,2047618,1248300120,23422,StartEnd,9492,9875,1,1,0,7163,7161,:7161:7163
NCCL:API Group,1527253265,2021474,1253818273,30438,StartEnd,9492,9875,1,0,1,7165,,:7165
NCCL:GroupLaunch,1527253265,2021474,1253821950,26615,StartEnd,9492,9875,1,1,0,7167,7165,:7165:7167
NCCL:API Group,1529973151,2047682,1254088272,24591,StartEnd,9492,9875,1,0,1,7169,,:7169
NCCL:GroupLaunch,1529973151,2047682,1254090799,21955,StartEnd,9492,9875,1,1,0,7171,7169,:7169:7171
NCCL:API Group,1535588188,2006561,1254452917,27444,StartEnd,9492,9875,1,0,1,7173,,:7173
NCCL:GroupLaunch,1535588188,2006561,1254456075,24121,StartEnd,9492,9875,1,1,0,7175,7173,:7173:7175
NCCL:API Group,1537820193,522569,1255999552,26473,StartEnd,9492,9875,1,0,1,7177,,:7177
NCCL:GroupLaunch,1537820193,522569,1256002438,23473,StartEnd,9492,9875,1,1,0,7179,7177,:7177:7179
NCCL:API Group,1539211320,529897,1256368104,25924,StartEnd,9492,9875,1,0,1,7181,,:7181
NCCL:GroupLaunch,1539211320,529897,1256370898,23019,StartEnd,9492,9875,1,1,0,7183,7181,:7181:7183
NCCL:API Group,1543199322,525513,1262367198,33589,StartEnd,9492,9875,1,0,1,7185,,:7185
NCCL:GroupLaunch,1543199322,525513,1262371392,29291,StartEnd,9492,9875,1,1,0,7187,7185,:7185:7187
NCCL:API Group,1544598865,529321,1263967237,27630,StartEnd,9492,9875,1,0,1,7189,,:7189
NCCL:GroupLaunch,1544598865,529321,1263970461,24193,StartEnd,9492,9875,1,1,0,7191,7189,:7189:7191
NCCL:API Group,1545135770,522921,1265342159,25463,StartEnd,9492,9875,1,0,1,7193,,:7193
NCCL:GroupLaunch,1545135770,522921,1265344683,22771,StartEnd,9492,9875,1,1,0,7195,7193,:7193:7195
NCCL:API Group,1546535442,528712,1265749972,28378,StartEnd,9492,9875,1,0,1,7197,,:7197
NCCL:GroupLaunch,1546535442,528712,1265752687,25559,StartEnd,9492,9875,1,1,0,7199,7197,:7197:7199
NCCL:API Group,1547109019,524137,1265955090,23391,StartEnd,9492,9875,1,0,1,7201,,:7201
NCCL:GroupLaunch,1547109019,524137,1265957214,21137,StartEnd,9492,9875,1,1,0,7203,7201,:7201:7203
NCCL:API Group,1548509202,528393,1266291388,30759,StartEnd,9492,9875,1,0,1,7205,,:7205
NCCL:GroupLaunch,1548509202,528393,1266295393,26645,StartEnd,9492,9875,1,1,0,7207,7205,:7205:7207
NCCL:API Group,1549258495,2063554,1275655988,30902,StartEnd,9492,9875,1,0,1,7209,,:7209
NCCL:GroupLaunch,1549258495,2063554,1275660804,25778,StartEnd,9492,9875,1,1,0,7211,7209,:7209:7211
NCCL:API Group,1554746746,2010081,1281061400,27685,StartEnd,9492,9875,1,0,1,7213,,:7213
NCCL:GroupLaunch,1554746746,2010081,1281064701,24259,StartEnd,9492,9875,1,1,0,7215,7213,:7213:7215
NCCL:API Group,1557114721,2040482,1283799001,24374,StartEnd,9492,9875,1,0,1,7217,,:7217
NCCL:GroupLaunch,1557114721,2040482,1283801347,21916,StartEnd,9492,9875,1,1,0,7219,7217,:7217:7219
NCCL:API Group,1562717886,2018626,1289294491,26407,StartEnd,9492,9875,1,0,1,7221,,:7221
NCCL:GroupLaunch,1562717886,2018626,1289297224,23541,StartEnd,9492,9875,1,1,0,7223,7221,:7221:7223
NCCL:API Group,1565431788,2048162,1289539947,28951,StartEnd,9492,9875,1,0,1,7225,,:7225
NCCL:GroupLaunch,1565431788,2048162,1289542137,26619,StartEnd,9492,9875,1,1,0,7227,7225,:7225:7227
NCCL:API Group,1571033065,2012225,1289871122,25252,StartEnd,9492,9875,1,0,1,7229,,:7229
NCCL:GroupLaunch,1571033065,2012225,1289875942,20276,StartEnd,9492,9875,1,1,0,7231,7229,:7229:7231
NCCL:API Group,1573276782,521257,1291495878,26278,StartEnd,9492,9875,1,0,1,7233,,:7233
NCCL:GroupLaunch,1573276782,521257,1291500104,21848,StartEnd,9492,9875,1,1,0,7235,7233,:7233:7235
NCCL:API Group,1574667717,528041,1291852114,23637,StartEnd,9492,9875,1,0,1,7237,,:7237
NCCL:GroupLaunch,1574667717,528041,1291854836,20801,StartEnd,9492,9875,1,1,0,7239,7237,:7237:7239
NCCL:API Group,1578664103,524969,1297847051,40473,StartEnd,9492,9875,1,0,1,7241,,:7241
NCCL:GroupLaunch,1578664103,524969,1297855813,31547,StartEnd,9492,9875,1,1,0,7243,7241,:7241:7243
NCCL:API Group,1580064479,528936,1299412078,30505,StartEnd,9492,9875,1,0,1,7245,,:7245
NCCL:GroupLaunch,1580064479,528936,1299415398,26839,StartEnd,9492,9875,1,1,0,7247,7245,:7245:7247
NCCL:API Group,1580602600,522728,1299608551,23205,StartEnd,9492,9875,1,0,1,7249,,:7249
NCCL:GroupLaunch,1580602600,522728,1299610721,20840,StartEnd,9492,9875,1,1,0,7251,7249,:7249:7251
NCCL:API Group,1582001087,529545,1300793465,27231,StartEnd,9492,9875,1,0,1,7253,,:7253
NCCL:GroupLaunch,1582001087,529545,1300798526,21762,StartEnd,9492,9875,1,1,0,7255,7253,:7253:7255
NCCL:API Group,1582577896,520969,1300991413,26076,StartEnd,9492,9875,1,0,1,7257,,:7257
NCCL:GroupLaunch,1582577896,520969,1300994550,22786,StartEnd,9492,9875,1,1,0,7259,7257,:7257:7259
NCCL:API Group,1583974560,529864,1301328186,30517,StartEnd,9492,9875,1,0,1,7261,,:7261
NCCL:GroupLaunch,1583974560,529864,1301330823,27575,StartEnd,9492,9875,1,1,0,7263,7261,:7261:7263
NCCL:API Group,1584723276,2065538,1311129104,28275,StartEnd,9492,9875,1,0,1,7265,,:7265
NCCL:GroupLaunch,1584723276,2065538,1311132464,24756,StartEnd,9492,9875,1,1,0,7267,7265,:7265:7267
NCCL:API Group,1590209255,2006401,1316551767,30712,StartEnd,9492,9875,1,0,1,7269,,:7269
NCCL:GroupLaunch,1590209255,2006401,1316555122,26959,StartEnd,9492,9875,1,1,0,7271,7269,:7269:7271
NCCL:API Group,1592574382,2047042,1319280549,24035,StartEnd,9492,9875,1,0,1,7273,,:7273
NCCL:GroupLaunch,1592574382,2047042,1319283083,21338,StartEnd,9492,9875,1,1,0,7275,7273,:7273:7275
NCCL:API Group,1598176299,2017154,1324784450,25101,StartEnd,9492,9875,1,0,1,7277,,:7277
NCCL:GroupLaunch,1598176299,2017154,1324787105,22226,StartEnd,9492,9875,1,1,0,7279,7277,:7277:7279
NCCL:API Group,1600887385,2044929,1325045026,22501,StartEnd,9492,9875,1,0,1,7281,,:7281
NCCL:GroupLaunch,1600887385,2044929,1325047106,20214,StartEnd,9492,9875,1,1,0,7283,7281,:7281:7283
NCCL:API Group,1606489462,2015105,1325385193,25707,StartEnd,9492,9875,1,0,1,7285,,:7285
NCCL:GroupLaunch,1606489462,2015105,1325387927,22661,StartEnd,9492,9875,1,1,0,7287,7285,:7285:7287
NCCL:API Group,1608729211,529737,1326991519,25329,StartEnd,9492,9875,1,0,1,7289,,:7289
NCCL:GroupLaunch,1608729211,529737,1326994253,22484,StartEnd,9492,9875,1,1,0,7291,7289,:7289:7291
NCCL:API Group,1610128978,530249,1327360202,25822,StartEnd,9492,9875,1,0,1,7293,,:7293
NCCL:GroupLaunch,1610128978,530249,1327363336,22453,StartEnd,9492,9875,1,1,0,7295,7293,:7293:7295
NCCL:API Group,1614124788,523881,1333339327,32971,StartEnd,9492,9875,1,0,1,7297,,:7297
NCCL:GroupLaunch,1614124788,523881,1333343297,28792,StartEnd,9492,9875,1,1,0,7299,7297,:7297:7299
NCCL:API Group,1615520876,533320,1334905022,28519,StartEnd,9492,9875,1,0,1,7301,,:7301
NCCL:GroupLaunch,1615520876,533320,1334908276,24966,StartEnd,9492,9875,1,1,0,7303,7301,:7301:7303
NCCL:API Group,1616063285,522376,1335106423,24419,StartEnd,9492,9875,1,0,1,7305,,:7305
NCCL:GroupLaunch,1616063285,522376,1335108542,22090,StartEnd,9492,9875,1,1,0,7307,7305,:7305:7307
NCCL:API Group,1617461580,532361,1336287805,31401,StartEnd,9492,9875,1,0,1,7309,,:7309
NCCL:GroupLaunch,1617461580,532361,1336291027,27909,StartEnd,9492,9875,1,1,0,7311,7309,:7309:7311
NCCL:API Group,1618040661,520777,1336504880,22824,StartEnd,9492,9875,1,0,1,7313,,:7313
NCCL:GroupLaunch,1618040661,520777,1336507021,20541,StartEnd,9492,9875,1,1,0,7315,7313,:7313:7315
NCCL:API Group,1619435053,528904,1336846808,24184,StartEnd,9492,9875,1,0,1,7317,,:7317
NCCL:GroupLaunch,1619435053,528904,1336849816,20893,StartEnd,9492,9875,1,1,0,7319,7317,:7317:7319
NCCL:API Group,1620506942,1971585,1351961706,28321,StartEnd,9492,9875,1,0,1,7321,,:7321
NCCL:GroupLaunch,1620506942,1971585,1351965270,24521,StartEnd,9492,9875,1,1,0,7323,7321,:7321:7323
NCCL:API Group,476469152,2002684,256915927,74942,StartEnd,9491,9872,1,0,1,7325,,:7325
NCCL:GroupLaunch,476469152,2002684,256951352,39280,StartEnd,9491,9872,1,1,0,7327,7325,:7325:7327
NCCL:API Group,481925868,1965211,257791401,48557,StartEnd,9491,9872,1,0,1,7329,,:7329
NCCL:GroupLaunch,481925868,1965211,257804893,34946,StartEnd,9491,9872,1,1,0,7331,7329,:7329:7331
NCCL:API Group,484077609,2055677,265187866,33274,StartEnd,9491,9872,1,0,1,7333,,:7333
NCCL:GroupLaunch,484077609,2055677,265191313,29602,StartEnd,9491,9872,1,1,0,7335,7333,:7333:7335
NCCL:API Group,489568277,1990012,266678121,37257,StartEnd,9491,9872,1,0,1,7337,,:7337
NCCL:GroupLaunch,489568277,1990012,266683154,31964,StartEnd,9491,9872,1,1,0,7339,7337,:7337:7339
NCCL:API Group,491916406,2059260,267051028,40296,StartEnd,9491,9872,1,0,1,7341,,:7341
NCCL:GroupLaunch,491916406,2059260,267055073,35868,StartEnd,9491,9872,1,1,0,7343,7341,:7341:7343
NCCL:API Group,497546819,2016124,267627491,39877,StartEnd,9491,9872,1,0,1,7345,,:7345
NCCL:GroupLaunch,497546819,2016124,267632066,35020,StartEnd,9491,9872,1,1,0,7347,7345,:7345:7347
NCCL:API Group,500260073,2048252,268002168,43221,StartEnd,9491,9872,1,0,1,7349,,:7349
NCCL:GroupLaunch,500260073,2048252,268005535,39489,StartEnd,9491,9872,1,1,0,7351,7349,:7349:7351
NCCL:API Group,505872246,2005084,268523238,37632,StartEnd,9491,9872,1,0,1,7353,,:7353
NCCL:GroupLaunch,505872246,2005084,268527848,32741,StartEnd,9491,9872,1,1,0,7355,7353,:7353:7355
NCCL:API Group,508104021,525831,269178341,38484,StartEnd,9491,9872,1,0,1,7357,,:7357
NCCL:GroupLaunch,508104021,525831,269182278,34187,StartEnd,9491,9872,1,1,0,7359,7357,:7357:7359
NCCL:API Group,509501480,530023,270978605,42994,StartEnd,9491,9872,1,0,1,7361,,:7361
NCCL:GroupLaunch,509501480,530023,270983726,37486,StartEnd,9491,9872,1,1,0,7363,7361,:7361:7363
NCCL:API Group,513491359,524295,280438982,72226,StartEnd,9491,9872,1,0,1,7365,,:7365
NCCL:GroupLaunch,513491359,524295,280446595,64261,StartEnd,9491,9872,1,1,0,7367,7365,:7365:7367
NCCL:API Group,514892082,529992,281505091,48801,StartEnd,9491,9872,1,0,1,7369,,:7369
NCCL:GroupLaunch,514892082,529992,281510469,43128,StartEnd,9491,9872,1,1,0,7371,7369,:7369:7371
NCCL:API Group,515429818,522695,281848941,42300,StartEnd,9491,9872,1,0,1,7373,,:7373
NCCL:GroupLaunch,515429818,522695,281853016,37807,StartEnd,9491,9872,1,1,0,7375,7373,:7373:7375
NCCL:API Group,516829997,529576,282449979,43053,StartEnd,9491,9872,1,0,1,7377,,:7377
NCCL:GroupLaunch,516829997,529576,282454719,37913,StartEnd,9491,9872,1,1,0,7379,7377,:7377:7379
NCCL:API Group,517406165,521511,283678593,46978,StartEnd,9491,9872,1,0,1,7381,,:7381
NCCL:GroupLaunch,517406165,521511,283682727,42571,StartEnd,9491,9872,1,1,0,7383,7381,:7381:7383
NCCL:API Group,518801416,529768,286371321,41710,StartEnd,9491,9872,1,0,1,7385,,:7385
NCCL:GroupLaunch,518801416,529768,286376062,36695,StartEnd,9491,9872,1,1,0,7387,7385,:7385:7387
NCCL:API Group,519554579,2045212,291969691,43836,StartEnd,9491,9872,1,0,1,7389,,:7389
NCCL:GroupLaunch,519554579,2045212,291973990,39327,StartEnd,9491,9872,1,1,0,7391,7389,:7389:7391
NCCL:API Group,525034814,2038717,292571710,46898,StartEnd,9491,9872,1,0,1,7393,,:7393
NCCL:GroupLaunch,525034814,2038717,292576770,41395,StartEnd,9491,9872,1,1,0,7395,7393,:7393:7395
NCCL:API Group,527432287,2052317,292946352,45643,StartEnd,9491,9872,1,0,1,7397,,:7397
NCCL:GroupLaunch,527432287,2052317,292955654,36008,StartEnd,9491,9872,1,1,0,7399,7397,:7397:7399
NCCL:API Group,533057133,2010108,293531825,41260,StartEnd,9491,9872,1,0,1,7401,,:7401
NCCL:GroupLaunch,533057133,2010108,293536838,35947,StartEnd,9491,9872,1,1,0,7403,7401,:7401:7403
NCCL:API Group,535765746,2059901,293938515,40360,StartEnd,9491,9872,1,0,1,7405,,:7405
NCCL:GroupLaunch,535765746,2059901,293942237,36374,StartEnd,9491,9872,1,1,0,7407,7405,:7405:7407
NCCL:API Group,541398176,2016348,294510950,52191,StartEnd,9491,9872,1,0,1,7409,,:7409
NCCL:GroupLaunch,541398176,2016348,294515668,47269,StartEnd,9491,9872,1,1,0,7411,7409,:7409:7411
NCCL:API Group,543640351,526471,296441683,42434,StartEnd,9491,9872,1,0,1,7413,,:7413
NCCL:GroupLaunch,543640351,526471,296446080,37827,StartEnd,9491,9872,1,1,0,7415,7413,:7413:7415
NCCL:API Group,545037682,530216,301237146,47835,StartEnd,9491,9872,1,0,1,7417,,:7417
NCCL:GroupLaunch,545037682,530216,301242670,41998,StartEnd,9491,9872,1,1,0,7419,7417,:7417:7419
NCCL:API Group,549037930,524807,306211349,53144,StartEnd,9491,9872,1,0,1,7421,,:7421
NCCL:GroupLaunch,549037930,524807,306217082,46992,StartEnd,9491,9872,1,1,0,7423,7421,:7421:7423
NCCL:API Group,550442621,530375,307355595,47015,StartEnd,9491,9872,1,0,1,7425,,:7425
NCCL:GroupLaunch,550442621,530375,307360864,41412,StartEnd,9491,9872,1,1,0,7427,7425,:7425:7427
NCCL:API Group,550981540,521960,307678885,41612,StartEnd,9491,9872,1,0,1,7429,,:7429
NCCL:GroupLaunch,550981540,521960,307682887,37341,StartEnd,9491,9872,1,1,0,7431,7429,:7429:7431
NCCL:API Group,552379192,530503,309487736,42568,StartEnd,9491,9872,1,0,1,7433,,:7433
NCCL:GroupLaunch,552379192,530503,309492747,37341,StartEnd,9491,9872,1,1,0,7435,7433,:7433:7435
NCCL:API Group,552956864,524199,311799197,42939,StartEnd,9491,9872,1,0,1,7437,,:7437
NCCL:GroupLaunch,552956864,524199,311803481,38296,StartEnd,9491,9872,1,1,0,7439,7437,:7437:7439
NCCL:API Group,554356019,530535,314424224,41733,StartEnd,9491,9872,1,0,1,7441,,:7441
NCCL:GroupLaunch,554356019,530535,314429121,36459,StartEnd,9491,9872,1,1,0,7443,7441,:7441:7443
NCCL:API Group,555116573,2052189,318110945,52681,StartEnd,9491,9872,1,0,1,7445,,:7445
NCCL:GroupLaunch,555116573,2052189,318122180,41126,StartEnd,9491,9872,1,1,0,7447,7445,:7445:7447
NCCL:API Group,560603753,2022172,318738994,43037,StartEnd,9491,9872,1,0,1,7449,,:7449
NCCL:GroupLaunch,560603753,2022172,318744281,37539,StartEnd,9491,9872,1,1,0,7451,7449,:7449:7451
NCCL:API Group,562985034,2048444,319097343,39311,StartEnd,9491,9872,1,0,1,7453,,:7453
NCCL:GroupLaunch,562985034,2048444,319101242,35216,StartEnd,9491,9872,1,1,0,7455,7453,:7453:7455
NCCL:API Group,568599447,2017788,319655395,40907,StartEnd,9491,9872,1,0,1,7457,,:7457
NCCL:GroupLaunch,568599447,2017788,319659906,36214,StartEnd,9491,9872,1,1,0,7459,7457,:7457:7459
NCCL:API Group,571316413,2057532,320043777,36621,StartEnd,9491,9872,1,0,1,7461,,:7461
NCCL:GroupLaunch,571316413,2057532,320047328,32876,StartEnd,9491,9872,1,1,0,7463,7461,:7461:7463
NCCL:API Group,576939210,2005180,320580932,38229,StartEnd,9491,9872,1,0,1,7465,,:7465
NCCL:GroupLaunch,576939210,2005180,320585427,33357,StartEnd,9491,9872,1,1,0,7467,7465,:7465:7467
NCCL:API Group,579172681,525543,324930995,41958,StartEnd,9491,9872,1,0,1,7469,,:7469
NCCL:GroupLaunch,579172681,525543,324935244,37435,StartEnd,9491,9872,1,1,0,7471,7469,:7469:7471
NCCL:API Group,580567708,535016,327465922,40003,StartEnd,9491,9872,1,0,1,7473,,:7473
NCCL:GroupLaunch,580567708,535016,327470736,34769,StartEnd,9491,9872,1,1,0,7475,7473,:7473:7475
NCCL:API Group,584576372,525959,332795384,48943,StartEnd,9491,9872,1,0,1,7477,,:7477
NCCL:GroupLaunch,584576372,525959,332801364,42763,StartEnd,9491,9872,1,1,0,7479,7477,:7477:7479
NCCL:API Group,585976743,529415,334988271,43944,StartEnd,9491,9872,1,0,1,7481,,:7481
NCCL:GroupLaunch,585976743,529415,334993370,38671,StartEnd,9491,9872,1,1,0,7483,7481,:7481:7483
NCCL:API Group,586513838,522312,335274639,35488,StartEnd,9491,9872,1,0,1,7485,,:7485
NCCL:GroupLaunch,586513838,522312,335277659,32301,StartEnd,9491,9872,1,1,0,7487,7485,:7485:7487
NCCL:API Group,587909218,529767,337525849,37193,StartEnd,9491,9872,1,0,1,7489,,:7489
NCCL:GroupLaunch,587909218,529767,337530246,32510,StartEnd,9491,9872,1,1,0,7491,7489,:7489:7491
NCCL:API Group,588487082,523783,339901346,44567,StartEnd,9491,9872,1,0,1,7493,,:7493
NCCL:GroupLaunch,588487082,523783,339904816,40834,StartEnd,9491,9872,1,1,0,7495,7493,:7493:7495
NCCL:API Group,589884733,528359,340460601,39428,StartEnd,9491,9872,1,0,1,7497,,:7497
NCCL:GroupLaunch,589884733,528359,340465366,34441,StartEnd,9491,9872,1,1,0,7499,7497,:7497:7499
NCCL:API Group,590630311,2057405,343704780,43954,StartEnd,9491,9872,1,0,1,7501,,:7501
NCCL:GroupLaunch,590630311,2057405,343708857,39565,StartEnd,9491,9872,1,1,0,7503,7501,:7501:7503
NCCL:API Group,596125587,1992124,344254987,35730,StartEnd,9491,9872,1,0,1,7505,,:7505
NCCL:GroupLaunch,596125587,1992124,344259233,31298,StartEnd,9491,9872,1,1,0,7507,7505,:7505:7507
NCCL:API Group,598476340,2054012,344550529,31723,StartEnd,9491,9872,1,0,1,7509,,:7509
NCCL:GroupLaunch,598476340,2054012,344553844,28258,StartEnd,9491,9872,1,1,0,7511,7509,:7509:7511
NCCL:API Group,604098753,2001756,345008891,33045,StartEnd,9491,9872,1,0,1,7513,,:7513
NCCL:GroupLaunch,604098753,2001756,345013019,28631,StartEnd,9491,9872,1,1,0,7515,7513,:7513:7515
NCCL:API Group,606797478,2055165,345326552,30428,StartEnd,9491,9872,1,0,1,7517,,:7517
NCCL:GroupLaunch,606797478,2055165,345329605,27059,StartEnd,9491,9872,1,1,0,7519,7517,:7517:7519
NCCL:API Group,612420084,2017692,345770154,40319,StartEnd,9491,9872,1,0,1,7521,,:7521
NCCL:GroupLaunch,612420084,2017692,345781042,29123,StartEnd,9491,9872,1,1,0,7523,7521,:7521:7523
NCCL:API Group,614670067,526887,352536622,47033,StartEnd,9491,9872,1,0,1,7525,,:7525
NCCL:GroupLaunch,614670067,526887,352540659,42741,StartEnd,9491,9872,1,1,0,7527,7525,:7525:7527
NCCL:API Group,616069798,530184,354876462,39277,StartEnd,9491,9872,1,0,1,7529,,:7529
NCCL:GroupLaunch,616069798,530184,354881168,34178,StartEnd,9491,9872,1,1,0,7531,7529,:7529:7531
NCCL:API Group,620072765,524104,360576840,38604,StartEnd,9491,9872,1,0,1,7533,,:7533
NCCL:GroupLaunch,620072765,524104,360581648,33590,StartEnd,9491,9872,1,1,0,7535,7533,:7533:7535
NCCL:API Group,621467857,531463,362953167,29576,StartEnd,9491,9872,1,0,1,7537,,:7537
NCCL:GroupLaunch,621467857,531463,362956806,25774,StartEnd,9491,9872,1,1,0,7539,7537,:7537:7539
NCCL:API Group,622007160,531399,363155058,23754,StartEnd,9491,9872,1,0,1,7541,,:7541
NCCL:GroupLaunch,622007160,531399,363157348,21242,StartEnd,9491,9872,1,1,0,7543,7541,:7541:7543
NCCL:API Group,623412652,531623,365428396,25202,StartEnd,9491,9872,1,0,1,7545,,:7545
NCCL:GroupLaunch,623412652,531623,365431442,22046,StartEnd,9491,9872,1,1,0,7547,7545,:7545:7547
NCCL:API Group,623990675,524648,365621889,22017,StartEnd,9491,9872,1,0,1,7549,,:7549
NCCL:GroupLaunch,623990675,524648,365624184,19411,StartEnd,9491,9872,1,1,0,7551,7549,:7549:7551
NCCL:API Group,625388135,536839,368386034,25936,StartEnd,9491,9872,1,0,1,7553,,:7553
NCCL:GroupLaunch,625388135,536839,368389255,22554,StartEnd,9491,9872,1,1,0,7555,7553,:7553:7555
NCCL:API Group,626149297,2066141,369646678,26106,StartEnd,9491,9872,1,0,1,7557,,:7557
NCCL:GroupLaunch,626149297,2066141,369649519,22942,StartEnd,9491,9872,1,1,0,7559,7557,:7557:7559
NCCL:API Group,631650237,1998108,370007604,26575,StartEnd,9491,9872,1,0,1,7561,,:7561
NCCL:GroupLaunch,631650237,1998108,370010805,23118,StartEnd,9491,9872,1,1,0,7563,7561,:7561:7563
NCCL:API Group,634004510,2059836,370219473,22365,StartEnd,9491,9872,1,0,1,7565,,:7565
NCCL:GroupLaunch,634004510,2059836,370221767,19802,StartEnd,9491,9872,1,1,0,7567,7565,:7565:7567
NCCL:API Group,639634891,2012252,370558952,28573,StartEnd,9491,9872,1,0,1,7569,,:7569
NCCL:GroupLaunch,639634891,2012252,370562026,25194,StartEnd,9491,9872,1,1,0,7571,7569,:7569:7571
NCCL:API Group,642344081,2052380,371179672,23177,StartEnd,9491,9872,1,0,1,7573,,:7573
NCCL:GroupLaunch,642344081,2052380,371182172,20460,StartEnd,9491,9872,1,1,0,7575,7573,:7573:7575
NCCL:API Group,647972638,1985980,373292613,24442,StartEnd,9491,9872,1,0,1,7577,,:7577
NCCL:GroupLaunch,647972638,1985980,373295560,21162,StartEnd,9491,9872,1,1,0,7579,7577,:7577:7579
NCCL:API Group,650190045,528647,378533233,31166,StartEnd,9491,9872,1,0,1,7581,,:7581
NCCL:GroupLaunch,650190045,528647,378536339,27859,StartEnd,9491,9872,1,1,0,7583,7581,:7581:7583
NCCL:API Group,651590608,531336,381622395,25558,StartEnd,9491,9872,1,0,1,7585,,:7585
NCCL:GroupLaunch,651590608,531336,381625718,21972,StartEnd,9491,9872,1,1,0,7587,7585,:7585:7587
NCCL:API Group,655580455,525191,388428365,31797,StartEnd,9491,9872,1,0,1,7589,,:7589
NCCL:GroupLaunch,655580455,525191,388432425,27629,StartEnd,9491,9872,1,1,0,7591,7589,:7589:7591
NCCL:API Group,656982235,530727,391016998,29988,StartEnd,9491,9872,1,0,1,7593,,:7593
NCCL:GroupLaunch,656982235,530727,391020368,26488,StartEnd,9491,9872,1,1,0,7595,7593,:7593:7595
NCCL:API Group,657521026,522247,391212212,23354,StartEnd,9491,9872,1,0,1,7597,,:7597
NCCL:GroupLaunch,657521026,522247,391214778,20673,StartEnd,9491,9872,1,1,0,7599,7597,:7597:7599
NCCL:API Group,658918101,530984,391554173,24187,StartEnd,9491,9872,1,0,1,7601,,:7601
NCCL:GroupLaunch,658918101,530984,391557290,20907,StartEnd,9491,9872,1,1,0,7603,7601,:7601:7603
NCCL:API Group,659496317,522503,393017920,23134,StartEnd,9491,9872,1,0,1,7605,,:7605
NCCL:GroupLaunch,659496317,522503,393020307,20581,StartEnd,9491,9872,1,1,0,7607,7605,:7605:7607
NCCL:API Group,660893617,528551,394218678,24645,StartEnd,9491,9872,1,0,1,7609,,:7609
NCCL:GroupLaunch,660893617,528551,394221955,21197,StartEnd,9491,9872,1,1,0,7611,7609,:7609:7611
NCCL:API Group,661645755,2053788,394920848,29585,StartEnd,9491,9872,1,0,1,7613,,:7613
NCCL:GroupLaunch,661645755,2053788,394923828,26501,StartEnd,9491,9872,1,1,0,7615,7613,:7613:7615
NCCL:API Group,667133159,1997499,395287789,32414,StartEnd,9491,9872,1,0,1,7617,,:7617
NCCL:GroupLaunch,667133159,1997499,395296261,23439,StartEnd,9491,9872,1,1,0,7619,7617,:7617:7619
NCCL:API Group,669489703,2058013,395563622,31504,StartEnd,9491,9872,1,0,1,7621,,:7621
NCCL:GroupLaunch,669489703,2058013,395566168,28655,StartEnd,9491,9872,1,1,0,7623,7621,:7621:7623
NCCL:API Group,675122709,2014556,396436904,25684,StartEnd,9491,9872,1,0,1,7625,,:7625
NCCL:GroupLaunch,675122709,2014556,396439862,22316,StartEnd,9491,9872,1,1,0,7627,7625,:7625:7627
NCCL:API Group,677837466,2052573,398464316,23352,StartEnd,9491,9872,1,0,1,7629,,:7629
NCCL:GroupLaunch,677837466,2052573,398467129,20293,StartEnd,9491,9872,1,1,0,7631,7629,:7629:7631
NCCL:API Group,683459656,2001627,400995690,24623,StartEnd,9491,9872,1,0,1,7633,,:7633
NCCL:GroupLaunch,683459656,2001627,400998897,21298,StartEnd,9491,9872,1,1,0,7635,7633,:7633:7635
NCCL:API Group,685687527,525799,406722503,27923,StartEnd,9491,9872,1,0,1,7637,,:7637
NCCL:GroupLaunch,685687527,525799,406725677,24314,StartEnd,9491,9872,1,1,0,7639,7637,:7637:7639
NCCL:API Group,687085850,529991,407085547,26584,StartEnd,9491,9872,1,0,1,7641,,:7641
NCCL:GroupLaunch,687085850,529991,407088501,23411,StartEnd,9491,9872,1,1,0,7643,7641,:7641:7643
NCCL:API Group,691088177,523911,416153175,37508,StartEnd,9491,9872,1,0,1,7645,,:7645
NCCL:GroupLaunch,691088177,523911,416160744,29627,StartEnd,9491,9872,1,1,0,7647,7645,:7645:7647
NCCL:API Group,692485668,530248,416546415,26794,StartEnd,9491,9872,1,0,1,7649,,:7649
NCCL:GroupLaunch,692485668,530248,416549474,23419,StartEnd,9491,9872,1,1,0,7651,7649,:7649:7651
NCCL:API Group,693024620,524231,416733783,22451,StartEnd,9491,9872,1,0,1,7653,,:7653
NCCL:GroupLaunch,693024620,524231,416736029,20067,StartEnd,9491,9872,1,1,0,7655,7653,:7653:7655
NCCL:API Group,694426335,528775,419744368,26161,StartEnd,9491,9872,1,0,1,7657,,:7657
NCCL:GroupLaunch,694426335,528775,419747520,22849,StartEnd,9491,9872,1,1,0,7659,7657,:7657:7659
NCCL:API Group,695001959,522119,419938627,21820,StartEnd,9491,9872,1,0,1,7661,,:7661
NCCL:GroupLaunch,695001959,522119,419940849,19431,StartEnd,9491,9872,1,1,0,7663,7661,:7661:7663
NCCL:API Group,696401114,530152,420268206,27407,StartEnd,9491,9872,1,0,1,7665,,:7665
NCCL:GroupLaunch,696401114,530152,420273182,22200,StartEnd,9491,9872,1,1,0,7667,7665,:7665:7667
NCCL:API Group,697151333,2054364,420720106,27670,StartEnd,9491,9872,1,0,1,7669,,:7669
NCCL:GroupLaunch,697151333,2054364,420723132,24344,StartEnd,9491,9872,1,1,0,7671,7669,:7669:7671
NCCL:API Group,702638608,2005020,421909695,25845,StartEnd,9491,9872,1,0,1,7673,,:7673
NCCL:GroupLaunch,702638608,2005020,421913204,22092,StartEnd,9491,9872,1,1,0,7675,7673,:7673:7675
NCCL:API Group,705001489,2059260,422114311,22196,StartEnd,9491,9872,1,0,1,7677,,:7677
NCCL:GroupLaunch,705001489,2059260,422116644,19756,StartEnd,9491,9872,1,1,0,7679,7677,:7677:7679
NCCL:API Group,710634303,2012891,424059534,24310,StartEnd,9491,9872,1,0,1,7681,,:7681
NCCL:GroupLaunch,710634303,2012891,424062658,21077,StartEnd,9491,9872,1,1,0,7683,7681,:7681:7683
NCCL:API Group,713343076,2058396,426592040,22689,StartEnd,9491,9872,1,0,1,7685,,:7685
NCCL:GroupLaunch,713343076,2058396,426594714,19912,StartEnd,9491,9872,1,1,0,7687,7685,:7685:7687
NCCL:API Group,718972018,2021148,429188033,24848,StartEnd,9491,9872,1,0,1,7689,,:7689
NCCL:GroupLaunch,718972018,2021148,429191032,21532,StartEnd,9491,9872,1,1,0,7691,7689,:7689:7691
NCCL:API Group,721217745,527335,432867245,28375,StartEnd,9491,9872,1,0,1,7693,,:7693
NCCL:GroupLaunch,721217745,527335,432870298,25070,StartEnd,9491,9872,1,1,0,7695,7693,:7693:7695
NCCL:API Group,722617924,529319,433431720,26412,StartEnd,9491,9872,1,0,1,7697,,:7697
NCCL:GroupLaunch,722617924,529319,433434556,23201,StartEnd,9491,9872,1,1,0,7699,7697,:7697:7699
NCCL:API Group,726614267,524071,442347661,33995,StartEnd,9491,9872,1,0,1,7701,,:7701
NCCL:GroupLaunch,726614267,524071,442351668,29739,StartEnd,9491,9872,1,1,0,7703,7701,:7701:7703
NCCL:API Group,728013646,530184,445269996,28976,StartEnd,9491,9872,1,0,1,7705,,:7705
NCCL:GroupLaunch,728013646,530184,445273617,25090,StartEnd,9491,9872,1,1,0,7707,7705,:7705:7707
NCCL:API Group,728552790,522855,445474857,23534,StartEnd,9491,9872,1,0,1,7709,,:7709
NCCL:GroupLaunch,728552790,522855,445477355,20871,StartEnd,9491,9872,1,1,0,7711,7709,:7709:7711
NCCL:API Group,729952297,529672,445976729,25254,StartEnd,9491,9872,1,0,1,7713,,:7713
NCCL:GroupLaunch,729952297,529672,445979718,22031,StartEnd,9491,9872,1,1,0,7715,7713,:7713:7715
NCCL:API Group,730530129,521895,446166436,22682,StartEnd,9491,9872,1,0,1,7717,,:7717
NCCL:GroupLaunch,730530129,521895,446168641,20359,StartEnd,9491,9872,1,1,0,7719,7717,:7717:7719
NCCL:API Group,731927780,529832,446510015,24655,StartEnd,9491,9872,1,0,1,7721,,:7721
NCCL:GroupLaunch,731927780,529832,446512908,21617,StartEnd,9491,9872,1,1,0,7723,7721,:7721:7723
NCCL:API Group,732677487,2051196,447987824,28054,StartEnd,9491,9872,1,0,1,7725,,:7725
NCCL:GroupLaunch,732677487,2051196,447991108,24635,StartEnd,9491,9872,1,1,0,7727,7725,:7725:7727
NCCL:API Group,738160442,2003996,448345641,25211,StartEnd,9491,9872,1,0,1,7729,,:7729
NCCL:GroupLaunch,738160442,2003996,448348584,21974,StartEnd,9491,9872,1,1,0,7731,7729,:7729:7731
NCCL:API Group,740523483,2059356,450149820,23170,StartEnd,9491,9872,1,0,1,7733,,:7733
NCCL:GroupLaunch,740523483,2059356,450152420,20449,StartEnd,9491,9872,1,1,0,7735,7733,:7733:7735
NCCL:API Group,746152041,2019932,452717352,30850,StartEnd,9491,9872,1,0,1,7737,,:7737
NCCL:GroupLaunch,746152041,2019932,452723903,24145,StartEnd,9491,9872,1,1,0,7739,7737,:7737:7739
NCCL:API Group,748867182,2062237,455258528,25726,StartEnd,9491,9872,1,0,1,7741,,:7741
NCCL:GroupLaunch,748867182,2062237,455261137,22730,StartEnd,9491,9872,1,1,0,7743,7741,:7741:7743
NCCL:API Group,754503068,2016380,455605699,24764,StartEnd,9491,9872,1,0,1,7745,,:7745
NCCL:GroupLaunch,754503068,2016380,455608481,21820,StartEnd,9491,9872,1,1,0,7747,7745,:7745:7747
NCCL:API Group,756750011,527847,459384823,33235,StartEnd,9491,9872,1,0,1,7749,,:7749
NCCL:GroupLaunch,756750011,527847,459387549,30336,StartEnd,9491,9872,1,1,0,7751,7749,:7749:7751
NCCL:API Group,758150734,529288,459758005,26754,StartEnd,9491,9872,1,0,1,7753,,:7753
NCCL:GroupLaunch,758150734,529288,459761053,23447,StartEnd,9491,9872,1,1,0,7755,7753,:7753:7755
NCCL:API Group,762140421,524551,474317876,33608,StartEnd,9491,9872,1,0,1,7757,,:7757
NCCL:GroupLaunch,762140421,524551,474322144,29038,StartEnd,9491,9872,1,1,0,7759,7757,:7757:7759
NCCL:API Group,763537529,531783,474715534,27768,StartEnd,9491,9872,1,0,1,7761,,:7761
NCCL:GroupLaunch,763537529,531783,474718929,23994,StartEnd,9491,9872,1,1,0,7763,7761,:7761:7763
NCCL:API Group,764076832,522759,474908438,23581,StartEnd,9491,9872,1,0,1,7765,,:7765
NCCL:GroupLaunch,764076832,522759,474910775,20990,StartEnd,9491,9872,1,1,0,7767,7765,:7765:7767
NCCL:API Group,765474131,530280,483999240,26653,StartEnd,9491,9872,1,0,1,7769,,:7769
NCCL:GroupLaunch,765474131,530280,484002374,23229,StartEnd,9491,9872,1,1,0,7771,7769,:7769:7771
NCCL:API Group,766052155,523463,484199485,23232,StartEnd,9491,9872,1,0,1,7773,,:7773
NCCL:GroupLaunch,766052155,523463,484201686,20803,StartEnd,9491,9872,1,1,0,7775,7773,:7773:7775
NCCL:API Group,767451663,530663,484534780,24581,StartEnd,9491,9872,1,0,1,7777,,:7777
NCCL:GroupLaunch,767451663,530663,484538139,21051,StartEnd,9491,9872,1,1,0,7779,7777,:7777:7779
NCCL:API Group,768207737,2052220,494322813,29896,StartEnd,9491,9872,1,0,1,7781,,:7781
NCCL:GroupLaunch,768207737,2052220,494325625,26955,StartEnd,9491,9872,1,1,0,7783,7781,:7781:7783
NCCL:API Group,773697381,2006875,499745761,26180,StartEnd,9491,9872,1,0,1,7785,,:7785
NCCL:GroupLaunch,773697381,2006875,499748996,22647,StartEnd,9491,9872,1,1,0,7787,7785,:7785:7787
NCCL:API Group,776063941,2055197,502489791,23437,StartEnd,9491,9872,1,0,1,7789,,:7789
NCCL:GroupLaunch,776063941,2055197,502491919,20981,StartEnd,9491,9872,1,1,0,7791,7789,:7789:7791
NCCL:API Group,781693331,2028700,507996889,24897,StartEnd,9491,9872,1,0,1,7793,,:7793
NCCL:GroupLaunch,781693331,2028700,507999904,21774,StartEnd,9491,9872,1,1,0,7795,7793,:7793:7795
NCCL:API Group,784419929,2060412,508230754,22749,StartEnd,9491,9872,1,0,1,7797,,:7797
NCCL:GroupLaunch,784419929,2060412,508233010,20380,StartEnd,9491,9872,1,1,0,7799,7797,:7797:7799
NCCL:API Group,790051526,2001564,508559401,28191,StartEnd,9491,9872,1,0,1,7801,,:7801
NCCL:GroupLaunch,790051526,2001564,508566794,20604,StartEnd,9491,9872,1,1,0,7803,7801,:7801:7803
NCCL:API Group,792281221,524935,510186685,25605,StartEnd,9491,9872,1,0,1,7805,,:7805
NCCL:GroupLaunch,792281221,524935,510189248,22917,StartEnd,9491,9872,1,1,0,7807,7805,:7805:7807
NCCL:API Group,793678744,528264,510545271,25388,StartEnd,9491,9872,1,0,1,7809,,:7809
NCCL:GroupLaunch,793678744,528264,510548277,22068,StartEnd,9491,9872,1,1,0,7811,7809,:7809:7811
NCCL:API Group,797672655,525672,516531868,33807,StartEnd,9491,9872,1,0,1,7813,,:7813
NCCL:GroupLaunch,797672655,525672,516535928,29454,StartEnd,9491,9872,1,1,0,7815,7813,:7813:7815
NCCL:API Group,799070339,531815,518103984,28235,StartEnd,9491,9872,1,0,1,7817,,:7817
NCCL:GroupLaunch,799070339,531815,518107116,24961,StartEnd,9491,9872,1,1,0,7819,7817,:7817:7819
NCCL:API Group,799611178,521575,518298781,23772,StartEnd,9491,9872,1,0,1,7821,,:7821
NCCL:GroupLaunch,799611178,521575,518300952,21381,StartEnd,9491,9872,1,1,0,7823,7821,:7821:7823
NCCL:API Group,801008253,530888,519480410,25773,StartEnd,9491,9872,1,0,1,7825,,:7825
NCCL:GroupLaunch,801008253,530888,519483475,22501,StartEnd,9491,9872,1,1,0,7827,7825,:7825:7827
NCCL:API Group,801586469,522536,519676284,22708,StartEnd,9491,9872,1,0,1,7829,,:7829
NCCL:GroupLaunch,801586469,522536,519678259,20626,StartEnd,9491,9872,1,1,0,7831,7829,:7829:7831
NCCL:API Group,802985817,529959,520005785,24720,StartEnd,9491,9872,1,0,1,7833,,:7833
NCCL:GroupLaunch,802985817,529959,520008450,21837,StartEnd,9491,9872,1,1,0,7835,7833,:7833:7835
NCCL:API Group,803737923,2053596,529832379,27805,StartEnd,9491,9872,1,0,1,7837,,:7837
NCCL:GroupLaunch,803737923,2053596,529835284,24669,StartEnd,9491,9872,1,1,0,7839,7837,:7837:7839
NCCL:API Group,809227407,2001691,535251143,26388,StartEnd,9491,9872,1,0,1,7841,,:7841
NCCL:GroupLaunch,809227407,2001691,535254250,23120,StartEnd,9491,9872,1,1,0,7843,7841,:7841:7843
NCCL:API Group,811585967,2053437,538010344,23013,StartEnd,9491,9872,1,0,1,7845,,:7845
NCCL:GroupLaunch,811585967,2053437,538012618,20632,StartEnd,9491,9872,1,1,0,7847,7845,:7845:7847
NCCL:API Group,817213885,2010204,543528095,26497,StartEnd,9491,9872,1,0,1,7849,,:7849
NCCL:GroupLaunch,817213885,2010204,543531066,23380,StartEnd,9491,9872,1,1,0,7851,7849,:7849:7851
NCCL:API Group,819919426,2054109,543766853,22403,StartEnd,9491,9872,1,0,1,7853,,:7853
NCCL:GroupLaunch,819919426,2054109,543769076,19971,StartEnd,9491,9872,1,1,0,7855,7853,:7853:7855
NCCL:API Group,825542640,2007612,544094526,23986,StartEnd,9491,9872,1,0,1,7857,,:7857
NCCL:GroupLaunch,825542640,2007612,544097347,20938,StartEnd,9491,9872,1,1,0,7859,7857,:7857:7859
NCCL:API Group,827780783,526727,545718089,24917,StartEnd,9491,9872,1,0,1,7861,,:7861
NCCL:GroupLaunch,827780783,526727,545720691,22160,StartEnd,9491,9872,1,1,0,7863,7861,:7861:7863
NCCL:API Group,829178050,536071,546062354,25619,StartEnd,9491,9872,1,0,1,7865,,:7865
NCCL:GroupLaunch,829178050,536071,546065328,22383,StartEnd,9491,9872,1,1,0,7867,7865,:7865:7867
NCCL:API Group,833178297,526375,552077616,32540,StartEnd,9491,9872,1,0,1,7869,,:7869
NCCL:GroupLaunch,833178297,526375,552081582,28277,StartEnd,9491,9872,1,1,0,7871,7869,:7869:7871
NCCL:API Group,834575788,531912,553658440,28877,StartEnd,9491,9872,1,0,1,7873,,:7873
NCCL:GroupLaunch,834575788,531912,553661553,25559,StartEnd,9491,9872,1,1,0,7875,7873,:7873:7875
NCCL:API Group,835116788,522951,555207299,31215,StartEnd,9491,9872,1,0,1,7877,,:7877
NCCL:GroupLaunch,835116788,522951,555209543,28640,StartEnd,9491,9872,1,1,0,7879,7877,:7877:7879
NCCL:API Group,836514439,528712,555569917,32969,StartEnd,9491,9872,1,0,1,7881,,:7881
NCCL:GroupLaunch,836514439,528712,555577926,24530,StartEnd,9491,9872,1,1,0,7883,7881,:7881:7883
NCCL:API Group,837090063,523559,555774791,23570,StartEnd,9491,9872,1,0,1,7885,,:7885
NCCL:GroupLaunch,837090063,523559,555777163,21035,StartEnd,9491,9872,1,1,0,7887,7885,:7885:7887
NCCL:API Group,838487170,531304,556113220,25389,StartEnd,9491,9872,1,0,1,7889,,:7889
NCCL:GroupLaunch,838487170,531304,556116294,22034,StartEnd,9491,9872,1,1,0,7891,7889,:7889:7891
NCCL:API Group,839239437,2047900,565378589,27086,StartEnd,9491,9872,1,0,1,7893,,:7893
NCCL:GroupLaunch,839239437,2047900,565381243,24329,StartEnd,9491,9872,1,1,0,7895,7893,:7893:7895
NCCL:API Group,844717496,2021212,570794839,25763,StartEnd,9491,9872,1,0,1,7897,,:7897
NCCL:GroupLaunch,844717496,2021212,570797902,22500,StartEnd,9491,9872,1,1,0,7899,7897,:7897:7899
NCCL:API Group,847095737,2056221,573555517,36980,StartEnd,9491,9872,1,0,1,7901,,:7901
NCCL:GroupLaunch,847095737,2056221,573571098,21181,StartEnd,9491,9872,1,1,0,7903,7901,:7901:7903
NCCL:API Group,852717287,2002075,579051174,25045,StartEnd,9491,9872,1,0,1,7905,,:7905
NCCL:GroupLaunch,852717287,2002075,579054112,21894,StartEnd,9491,9872,1,1,0,7907,7905,:7905:7907
NCCL:API Group,855418892,2056156,579285236,22179,StartEnd,9491,9872,1,0,1,7909,,:7909
NCCL:GroupLaunch,855418892,2056156,579287330,19960,StartEnd,9491,9872,1,1,0,7911,7909,:7909:7911
NCCL:API Group,861055002,1993787,579621908,24017,StartEnd,9491,9872,1,0,1,7913,,:7913
NCCL:GroupLaunch,861055002,1993787,579624853,20962,StartEnd,9491,9872,1,1,0,7915,7913,:7913:7915
NCCL:API Group,863282296,524328,581261080,28164,StartEnd,9491,9872,1,0,1,7917,,:7917
NCCL:GroupLaunch,863282296,524328,581263804,25284,StartEnd,9491,9872,1,1,0,7919,7917,:7917:7919
NCCL:API Group,864675308,531367,581644636,27240,StartEnd,9491,9872,1,0,1,7921,,:7921
NCCL:GroupLaunch,864675308,531367,581647544,24106,StartEnd,9491,9872,1,1,0,7923,7921,:7921:7923
NCCL:API Group,868671651,525895,587608205,32463,StartEnd,9491,9872,1,0,1,7925,,:7925
NCCL:GroupLaunch,868671651,525895,587612283,28281,StartEnd,9491,9872,1,1,0,7927,7925,:7925:7927
NCCL:API Group,870071030,531911,589176517,27680,StartEnd,9491,9872,1,0,1,7929,,:7929
NCCL:GroupLaunch,870071030,531911,589179773,24280,StartEnd,9491,9872,1,1,0,7931,7929,:7929:7931
NCCL:API Group,870612222,524903,589369292,22760,StartEnd,9491,9872,1,0,1,7933,,:7933
NCCL:GroupLaunch,870612222,524903,589371456,20458,StartEnd,9491,9872,1,1,0,7935,7933,:7933:7935
NCCL:API Group,872014769,532807,590562765,25663,StartEnd,9491,9872,1,0,1,7937,,:7937
NCCL:GroupLaunch,872014769,532807,590565823,22250,StartEnd,9491,9872,1,1,0,7939,7937,:7937:7939
NCCL:API Group,872595705,524327,590761820,22914,StartEnd,9491,9872,1,0,1,7941,,:7941
NCCL:GroupLaunch,872595705,524327,590763972,20556,StartEnd,9491,9872,1,1,0,7943,7941,:7941:7943
NCCL:API Group,873996428,534120,591092573,24008,StartEnd,9491,9872,1,0,1,7945,,:7945
NCCL:GroupLaunch,873996428,534120,591095373,21087,StartEnd,9491,9872,1,1,0,7947,7945,:7945:7947
NCCL:API Group,874747159,2049820,600877665,25926,StartEnd,9491,9872,1,0,1,7949,,:7949
NCCL:GroupLaunch,874747159,2049820,600880409,23022,StartEnd,9491,9872,1,1,0,7951,7949,:7949:7951
NCCL:API Group,880231106,2003772,606280894,30763,StartEnd,9491,9872,1,0,1,7953,,:7953
NCCL:GroupLaunch,880231106,2003772,606289002,22405,StartEnd,9491,9872,1,1,0,7955,7953,:7953:7955
NCCL:API Group,882593155,2061468,609039286,22647,StartEnd,9491,9872,1,0,1,7957,,:7957
NCCL:GroupLaunch,882593155,2061468,609041520,20235,StartEnd,9491,9872,1,1,0,7959,7957,:7957:7959
NCCL:API Group,888222737,2013499,614557475,27359,StartEnd,9491,9872,1,0,1,7961,,:7961
NCCL:GroupLaunch,888222737,2013499,614560603,24024,StartEnd,9491,9872,1,1,0,7963,7961,:7961:7963
NCCL:API Group,890930678,2055228,614818384,25851,StartEnd,9491,9872,1,0,1,7965,,:7965
NCCL:GroupLaunch,890930678,2055228,614820729,23260,StartEnd,9491,9872,1,1,0,7967,7965,:7965:7967
NCCL:API Group,896558404,2006939,615155536,24272,StartEnd,9491,9872,1,0,1,7969,,:7969
NCCL:GroupLaunch,896558404,2006939,615158187,21419,StartEnd,9491,9872,1,1,0,7971,7969,:7969:7971
NCCL:API Group,898794082,525512,616750067,25473,StartEnd,9491,9872,1,0,1,7973,,:7973
NCCL:GroupLaunch,898794082,525512,616752783,22615,StartEnd,9491,9872,1,1,0,7975,7973,:7973:7975
NCCL:API Group,900191734,530343,617107697,25452,StartEnd,9491,9872,1,0,1,7977,,:7977
NCCL:GroupLaunch,900191734,530343,617110726,22310,StartEnd,9491,9872,1,1,0,7979,7977,:7977:7979
NCCL:API Group,904193709,526695,623119864,34165,StartEnd,9491,9872,1,0,1,7981,,:7981
NCCL:GroupLaunch,904193709,526695,623123887,29933,StartEnd,9491,9872,1,1,0,7983,7981,:7981:7983
NCCL:API Group,905593888,530471,624680264,33981,StartEnd,9491,9872,1,0,1,7985,,:7985
NCCL:GroupLaunch,905593888,530471,624688647,25366,StartEnd,9491,9872,1,1,0,7987,7985,:7985:7987
NCCL:API Group,906132200,522631,624882599,24534,StartEnd,9491,9872,1,0,1,7989,,:7989
NCCL:GroupLaunch,906132200,522631,624884633,22118,StartEnd,9491,9872,1,1,0,7991,7989,:7989:7991
NCCL:API Group,907532539,531047,626067471,25288,StartEnd,9491,9872,1,0,1,7993,,:7993
NCCL:GroupLaunch,907532539,531047,626070274,22260,StartEnd,9491,9872,1,1,0,7995,7993,:7993:7995
NCCL:API Group,908111587,521895,626259022,22284,StartEnd,9491,9872,1,0,1,7997,,:7997
NCCL:GroupLaunch,908111587,521895,626261168,20024,StartEnd,9491,9872,1,1,0,7999,7997,:7997:7999
NCCL:API Group,909506006,530503,626587144,24531,StartEnd,9491,9872,1,0,1,8001,,:8001
NCCL:GroupLaunch,909506006,530503,626590029,21524,StartEnd,9491,9872,1,1,0,8003,8001,:8001:8003
NCCL:API Group,910261025,2050108,636413395,34734,StartEnd,9491,9872,1,0,1,8005,,:8005
NCCL:GroupLaunch,910261025,2050108,636416370,31645,StartEnd,9491,9872,1,1,0,8007,8005,:8005:8007
NCCL:API Group,915749644,2015484,641838868,28008,StartEnd,9491,9872,1,0,1,8009,,:8009
NCCL:GroupLaunch,915749644,2015484,641842032,24633,StartEnd,9491,9872,1,1,0,8011,8009,:8009:8011
NCCL:API Group,918124429,2055260,644580986,22908,StartEnd,9491,9872,1,0,1,8013,,:8013
NCCL:GroupLaunch,918124429,2055260,644583240,20526,StartEnd,9491,9872,1,1,0,8015,8013,:8013:8015
NCCL:API Group,923748635,2004315,650063090,24844,StartEnd,9491,9872,1,0,1,8017,,:8017
NCCL:GroupLaunch,923748635,2004315,650065933,21872,StartEnd,9491,9872,1,1,0,8019,8017,:8017:8019
NCCL:API Group,926449632,2059964,650304731,26093,StartEnd,9491,9872,1,0,1,8021,,:8021
NCCL:GroupLaunch,926449632,2059964,650310115,20565,StartEnd,9491,9872,1,1,0,8023,8021,:8021:8023
NCCL:API Group,932082286,1999835,650644364,23684,StartEnd,9491,9872,1,0,1,8025,,:8025
NCCL:GroupLaunch,932082286,1999835,650647261,20665,StartEnd,9491,9872,1,1,0,8027,8025,:8025:8027
NCCL:API Group,934309932,526472,652269316,25229,StartEnd,9491,9872,1,0,1,8029,,:8029
NCCL:GroupLaunch,934309932,526472,652271752,22683,StartEnd,9491,9872,1,1,0,8031,8029,:8029:8031
NCCL:API Group,935709472,530215,652614002,24484,StartEnd,9491,9872,1,0,1,8033,,:8033
NCCL:GroupLaunch,935709472,530215,652616727,21625,StartEnd,9491,9872,1,1,0,8035,8033,:8033:8035
NCCL:API Group,939701367,524295,658633512,41119,StartEnd,9491,9872,1,0,1,8037,,:8037
NCCL:GroupLaunch,939701367,524295,658637892,36364,StartEnd,9491,9872,1,1,0,8039,8037,:8037:8039
NCCL:API Group,941098026,531207,660192696,29405,StartEnd,9491,9872,1,0,1,8041,,:8041
NCCL:GroupLaunch,941098026,531207,660196028,25890,StartEnd,9491,9872,1,1,0,8043,8041,:8041:8043
NCCL:API Group,941637841,529736,660389137,23332,StartEnd,9491,9872,1,0,1,8045,,:8045
NCCL:GroupLaunch,941637841,529736,660391206,21156,StartEnd,9491,9872,1,1,0,8047,8045,:8045:8047
NCCL:API Group,943040037,530471,661575633,25180,StartEnd,9491,9872,1,0,1,8049,,:8049
NCCL:GroupLaunch,943040037,530471,661578675,21963,StartEnd,9491,9872,1,1,0,8051,8049,:8049:8051
NCCL:API Group,943617229,522951,661767127,23589,StartEnd,9491,9872,1,0,1,8053,,:8053
NCCL:GroupLaunch,943617229,522951,661769228,21362,StartEnd,9491,9872,1,1,0,8055,8053,:8053:8055
NCCL:API Group,945017600,531175,662095337,29871,StartEnd,9491,9872,1,0,1,8057,,:8057
NCCL:GroupLaunch,945017600,531175,662102625,22417,StartEnd,9491,9872,1,1,0,8059,8057,:8057:8059
NCCL:API Group,945768650,2066141,671897013,27245,StartEnd,9491,9872,1,0,1,8061,,:8061
NCCL:GroupLaunch,945768650,2066141,671899911,24228,StartEnd,9491,9872,1,1,0,8063,8061,:8061:8063
NCCL:API Group,951265334,2002140,677324247,27294,StartEnd,9491,9872,1,0,1,8065,,:8065
NCCL:GroupLaunch,951265334,2002140,677327398,24019,StartEnd,9491,9872,1,1,0,8067,8065,:8065:8067
NCCL:API Group,953625943,2056604,680072559,23123,StartEnd,9491,9872,1,0,1,8069,,:8069
NCCL:GroupLaunch,953625943,2056604,680074749,20810,StartEnd,9491,9872,1,1,0,8071,8069,:8069:8071
NCCL:API Group,959252836,2018172,685578050,24722,StartEnd,9491,9872,1,0,1,8073,,:8073
NCCL:GroupLaunch,959252836,2018172,685581063,21539,StartEnd,9491,9872,1,1,0,8075,8073,:8073:8075
NCCL:API Group,961967562,2058812,685815754,22046,StartEnd,9491,9872,1,0,1,8077,,:8077
NCCL:GroupLaunch,961967562,2058812,685818025,19607,StartEnd,9491,9872,1,1,0,8079,8077,:8077:8079
NCCL:API Group,967600024,1992475,686141507,23050,StartEnd,9491,9872,1,0,1,8081,,:8081
NCCL:GroupLaunch,967600024,1992475,686144008,20443,StartEnd,9491,9872,1,1,0,8083,8081,:8081:8083
NCCL:API Group,969819702,525447,687772085,27635,StartEnd,9491,9872,1,0,1,8085,,:8085
NCCL:GroupLaunch,969819702,525447,687774882,24606,StartEnd,9491,9872,1,1,0,8087,8085,:8085:8087
NCCL:API Group,971214953,532360,688152083,25861,StartEnd,9491,9872,1,0,1,8089,,:8089
NCCL:GroupLaunch,971214953,532360,688155186,22565,StartEnd,9491,9872,1,1,0,8091,8089,:8089:8091
NCCL:API Group,975213185,526087,694125368,31446,StartEnd,9491,9872,1,0,1,8093,,:8093
NCCL:GroupLaunch,975213185,526087,694129163,27420,StartEnd,9491,9872,1,1,0,8095,8093,:8093:8095
NCCL:API Group,976613716,530887,695684015,28408,StartEnd,9491,9872,1,0,1,8097,,:8097
NCCL:GroupLaunch,976613716,530887,695687217,25065,StartEnd,9491,9872,1,1,0,8099,8097,:8097:8099
NCCL:API Group,977153691,528776,695871828,23346,StartEnd,9491,9872,1,0,1,8101,,:8101
NCCL:GroupLaunch,977153691,528776,695874143,20920,StartEnd,9491,9872,1,1,0,8103,8101,:8101:8103
NCCL:API Group,978556463,528007,697084061,27669,StartEnd,9491,9872,1,0,1,8105,,:8105
NCCL:GroupLaunch,978556463,528007,697087260,24322,StartEnd,9491,9872,1,1,0,8107,8105,:8105:8107
NCCL:API Group,979131063,523559,697283072,22912,StartEnd,9491,9872,1,0,1,8109,,:8109
NCCL:GroupLaunch,979131063,523559,697285319,20501,StartEnd,9491,9872,1,1,0,8111,8109,:8109:8111
NCCL:API Group,980531242,529927,697612689,24736,StartEnd,9491,9872,1,0,1,8113,,:8113
NCCL:GroupLaunch,980531242,529927,697615831,21483,StartEnd,9491,9872,1,1,0,8115,8113,:8113:8115
NCCL:API Group,981286644,2055293,707413022,27612,StartEnd,9491,9872,1,0,1,8117,,:8117
NCCL:GroupLaunch,981286644,2055293,707415971,24223,StartEnd,9491,9872,1,1,0,8119,8117,:8117:8119
NCCL:API Group,986774880,2016988,712825660,26611,StartEnd,9491,9872,1,0,1,8121,,:8121
NCCL:GroupLaunch,986774880,2016988,712828911,23248,StartEnd,9491,9872,1,1,0,8123,8121,:8121:8123
NCCL:API Group,989151041,2060124,715589420,22499,StartEnd,9491,9872,1,0,1,8125,,:8125
NCCL:GroupLaunch,989151041,2060124,715591527,20287,StartEnd,9491,9872,1,1,0,8127,8125,:8125:8127
NCCL:API Group,994784911,2011003,721097784,24506,StartEnd,9491,9872,1,0,1,8129,,:8129
NCCL:GroupLaunch,994784911,2011003,721100883,21294,StartEnd,9491,9872,1,1,0,8131,8129,:8129:8131
NCCL:API Group,997491636,2055292,721334858,28742,StartEnd,9491,9872,1,0,1,8133,,:8133
NCCL:GroupLaunch,997491636,2055292,721337021,26468,StartEnd,9491,9872,1,1,0,8135,8133,:8133:8135
NCCL:API Group,1003124674,2007131,721673435,23884,StartEnd,9491,9872,1,0,1,8137,,:8137
NCCL:GroupLaunch,1003124674,2007131,721676395,20707,StartEnd,9491,9872,1,1,0,8139,8137,:8137:8139
NCCL:API Group,1005358080,528616,723302118,30819,StartEnd,9491,9872,1,0,1,8141,,:8141
NCCL:GroupLaunch,1005358080,528616,723304514,28282,StartEnd,9491,9872,1,1,0,8143,8141,:8141:8143
NCCL:API Group,1006757268,530439,723662561,24408,StartEnd,9491,9872,1,0,1,8145,,:8145
NCCL:GroupLaunch,1006757268,530439,723665334,21432,StartEnd,9491,9872,1,1,0,8147,8145,:8145:8147
NCCL:API Group,1010747499,530631,729660776,34502,StartEnd,9491,9872,1,0,1,8149,,:8149
NCCL:GroupLaunch,1010747499,530631,729665152,29873,StartEnd,9491,9872,1,1,0,8151,8149,:8149:8151
NCCL:API Group,1012150942,531239,731220726,29221,StartEnd,9491,9872,1,0,1,8153,,:8153
NCCL:GroupLaunch,1012150942,531239,731224097,25706,StartEnd,9491,9872,1,1,0,8155,8153,:8153:8155
NCCL:API Group,1012690086,523655,731415606,30980,StartEnd,9491,9872,1,0,1,8157,,:8157
NCCL:GroupLaunch,1012690086,523655,731423924,22419,StartEnd,9491,9872,1,1,0,8159,8157,:8157:8159
NCCL:API Group,1014090585,529575,732606088,25699,StartEnd,9491,9872,1,0,1,8161,,:8161
NCCL:GroupLaunch,1014090585,529575,732609259,22337,StartEnd,9491,9872,1,1,0,8163,8161,:8161:8163
NCCL:API Group,1014668449,523591,732801874,22570,StartEnd,9491,9872,1,0,1,8165,,:8165
NCCL:GroupLaunch,1014668449,523591,732803976,20210,StartEnd,9491,9872,1,1,0,8167,8165,:8165:8167
NCCL:API Group,1016066100,531143,733127903,24558,StartEnd,9491,9872,1,0,1,8169,,:8169
NCCL:GroupLaunch,1016066100,531143,733130864,21467,StartEnd,9491,9872,1,1,0,8171,8169,:8169:8171
NCCL:API Group,1016816798,2055037,742932744,28397,StartEnd,9491,9872,1,0,1,8173,,:8173
NCCL:GroupLaunch,1016816798,2055037,742935758,25112,StartEnd,9491,9872,1,1,0,8175,8173,:8173:8175
NCCL:API Group,1022304874,2016540,748361911,27097,StartEnd,9491,9872,1,0,1,8177,,:8177
NCCL:GroupLaunch,1022304874,2016540,748365209,23677,StartEnd,9491,9872,1,1,0,8179,8177,:8177:8179
NCCL:API Group,1024682315,2054364,751114915,22913,StartEnd,9491,9872,1,0,1,8181,,:8181
NCCL:GroupLaunch,1024682315,2054364,751117168,20554,StartEnd,9491,9872,1,1,0,8183,8181,:8181:8183
NCCL:API Group,1030308793,2005723,756631085,26793,StartEnd,9491,9872,1,0,1,8185,,:8185
NCCL:GroupLaunch,1030308793,2005723,756634114,23514,StartEnd,9491,9872,1,1,0,8187,8185,:8185:8187
NCCL:API Group,1033013662,2057916,756876396,23025,StartEnd,9491,9872,1,0,1,8189,,:8189
NCCL:GroupLaunch,1033013662,2057916,756878592,20692,StartEnd,9491,9872,1,1,0,8191,8189,:8189:8191
NCCL:API Group,1038648556,1987707,757220626,31849,StartEnd,9491,9872,1,0,1,8193,,:8193
NCCL:GroupLaunch,1038648556,1987707,757223245,29106,StartEnd,9491,9872,1,1,0,8195,8193,:8193:8195
NCCL:API Group,1040865770,526407,759332511,25836,StartEnd,9491,9872,1,0,1,8197,,:8197
NCCL:GroupLaunch,1040865770,526407,759335204,22997,StartEnd,9491,9872,1,1,0,8199,8197,:8197:8199
NCCL:API Group,1042265502,529127,759695364,27244,StartEnd,9491,9872,1,0,1,8201,,:8201
NCCL:GroupLaunch,1042265502,529127,759698506,23925,StartEnd,9491,9872,1,1,0,8203,8201,:8201:8203
NCCL:API Group,1046259285,530791,765175239,32111,StartEnd,9491,9872,1,0,1,8205,,:8205
NCCL:GroupLaunch,1046259285,530791,765179161,28072,StartEnd,9491,9872,1,1,0,8207,8205,:8205:8207
NCCL:API Group,1047663560,530823,766740896,28831,StartEnd,9491,9872,1,0,1,8209,,:8209
NCCL:GroupLaunch,1047663560,530823,766744333,25105,StartEnd,9491,9872,1,1,0,8211,8209,:8209:8211
NCCL:API Group,1048202863,524232,766930895,24592,StartEnd,9491,9872,1,0,1,8213,,:8213
NCCL:GroupLaunch,1048202863,524232,766933508,21760,StartEnd,9491,9872,1,1,0,8215,8213,:8213:8215
NCCL:API Group,1049602211,529863,768118072,24531,StartEnd,9491,9872,1,0,1,8217,,:8217
NCCL:GroupLaunch,1049602211,529863,768121186,21299,StartEnd,9491,9872,1,1,0,8219,8217,:8217:8219
NCCL:API Group,1050180235,522119,768318223,24309,StartEnd,9491,9872,1,0,1,8221,,:8221
NCCL:GroupLaunch,1050180235,522119,768320720,21657,StartEnd,9491,9872,1,1,0,8223,8221,:8221:8223
NCCL:API Group,1051577694,529735,768666217,25395,StartEnd,9491,9872,1,0,1,8225,,:8225
NCCL:GroupLaunch,1051577694,529735,768669239,22044,StartEnd,9491,9872,1,1,0,8227,8225,:8225:8227
NCCL:API Group,1052327560,2057565,778469991,28617,StartEnd,9491,9872,1,0,1,8229,,:8229
NCCL:GroupLaunch,1052327560,2057565,778473030,25435,StartEnd,9491,9872,1,1,0,8231,8229,:8229:8231
NCCL:API Group,1057819316,2009692,783906239,26612,StartEnd,9491,9872,1,0,1,8233,,:8233
NCCL:GroupLaunch,1057819316,2009692,783909444,23094,StartEnd,9491,9872,1,1,0,8235,8233,:8233:8235
NCCL:API Group,1060185909,2048540,786664932,23597,StartEnd,9491,9872,1,0,1,8237,,:8237
NCCL:GroupLaunch,1060185909,2048540,786667362,20883,StartEnd,9491,9872,1,1,0,8239,8237,:8237:8239
NCCL:API Group,1065810146,2000348,792160462,24434,StartEnd,9491,9872,1,0,1,8241,,:8241
NCCL:GroupLaunch,1065810146,2000348,792163515,21261,StartEnd,9491,9872,1,1,0,8243,8241,:8241:8243
NCCL:API Group,1068506984,2055740,792397171,22637,StartEnd,9491,9872,1,0,1,8245,,:8245
NCCL:GroupLaunch,1068506984,2055740,792399578,20117,StartEnd,9491,9872,1,1,0,8247,8245,:8245:8247
NCCL:API Group,1074127381,2023132,792738321,26015,StartEnd,9491,9872,1,0,1,8249,,:8249
NCCL:GroupLaunch,1074127381,2023132,792741570,22550,StartEnd,9491,9872,1,1,0,8251,8249,:8249:8251
NCCL:API Group,1076373492,527687,794364880,27497,StartEnd,9491,9872,1,0,1,8253,,:8253
NCCL:GroupLaunch,1076373492,527687,794367635,24628,StartEnd,9491,9872,1,1,0,8255,8253,:8253:8255
NCCL:API Group,1077770951,531080,794733618,26060,StartEnd,9491,9872,1,0,1,8257,,:8257
NCCL:GroupLaunch,1077770951,531080,794736722,22740,StartEnd,9491,9872,1,1,0,8259,8257,:8257:8259
NCCL:API Group,1081765950,525864,800707177,40019,StartEnd,9491,9872,1,0,1,8261,,:8261
NCCL:GroupLaunch,1081765950,525864,800711344,35560,StartEnd,9491,9872,1,1,0,8263,8261,:8261:8263
NCCL:API Group,1083167698,530375,802281303,28368,StartEnd,9491,9872,1,0,1,8265,,:8265
NCCL:GroupLaunch,1083167698,530375,802284639,24824,StartEnd,9491,9872,1,1,0,8267,8265,:8265:8267
NCCL:API Group,1083706489,522887,802474407,23786,StartEnd,9491,9872,1,0,1,8269,,:8269
NCCL:GroupLaunch,1083706489,522887,802476593,21498,StartEnd,9491,9872,1,1,0,8271,8269,:8269:8271
NCCL:API Group,1085103564,531240,803664186,26791,StartEnd,9491,9872,1,0,1,8273,,:8273
NCCL:GroupLaunch,1085103564,531240,803667243,23588,StartEnd,9491,9872,1,1,0,8275,8273,:8273:8275
NCCL:API Group,1085679700,524520,803859710,26844,StartEnd,9491,9872,1,0,1,8277,,:8277
NCCL:GroupLaunch,1085679700,524520,803865861,20495,StartEnd,9491,9872,1,1,0,8279,8277,:8277:8279
NCCL:API Group,1087083176,529127,804198242,30461,StartEnd,9491,9872,1,0,1,8281,,:8281
NCCL:GroupLaunch,1087083176,529127,804206131,22079,StartEnd,9491,9872,1,1,0,8283,8281,:8281:8283
NCCL:API Group,1087829106,2052636,813991104,28111,StartEnd,9491,9872,1,0,1,8285,,:8285
NCCL:GroupLaunch,1087829106,2052636,813994057,24953,StartEnd,9491,9872,1,1,0,8287,8285,:8285:8287
NCCL:API Group,1093320670,2004251,819411045,26532,StartEnd,9491,9872,1,0,1,8289,,:8289
NCCL:GroupLaunch,1093320670,2004251,819414172,23182,StartEnd,9491,9872,1,1,0,8291,8289,:8289:8291
NCCL:API Group,1095681278,2054301,822160472,27735,StartEnd,9491,9872,1,0,1,8293,,:8293
NCCL:GroupLaunch,1095681278,2054301,822162681,25341,StartEnd,9491,9872,1,1,0,8295,8293,:8293:8295
NCCL:API Group,1101312268,2039612,827661750,24609,StartEnd,9491,9872,1,0,1,8297,,:8297
NCCL:GroupLaunch,1101312268,2039612,827664785,21407,StartEnd,9491,9872,1,1,0,8299,8297,:8297:8299
NCCL:API Group,1104047474,2062428,827900607,22873,StartEnd,9491,9872,1,0,1,8301,,:8301
NCCL:GroupLaunch,1104047474,2062428,827902894,20421,StartEnd,9491,9872,1,1,0,8303,8301,:8301:8303
NCCL:API Group,1109675807,2004572,828234953,24000,StartEnd,9491,9872,1,0,1,8305,,:8305
NCCL:GroupLaunch,1109675807,2004572,828237901,20816,StartEnd,9491,9872,1,1,0,8307,8305,:8305:8307
NCCL:API Group,1111905694,527816,829869155,27801,StartEnd,9491,9872,1,0,1,8309,,:8309
NCCL:GroupLaunch,1111905694,527816,829871991,24670,StartEnd,9491,9872,1,1,0,8311,8309,:8309:8311
NCCL:API Group,1113306130,532007,830234802,26131,StartEnd,9491,9872,1,0,1,8313,,:8313
NCCL:GroupLaunch,1113306130,532007,830237692,22968,StartEnd,9491,9872,1,1,0,8315,8313,:8313:8315
NCCL:API Group,1117308457,526215,836211882,34193,StartEnd,9491,9872,1,0,1,8317,,:8317
NCCL:GroupLaunch,1117308457,526215,836216074,29783,StartEnd,9491,9872,1,1,0,8319,8317,:8317:8319
NCCL:API Group,1118710044,532039,837781457,27961,StartEnd,9491,9872,1,0,1,8321,,:8321
NCCL:GroupLaunch,1118710044,532039,837784739,24570,StartEnd,9491,9872,1,1,0,8323,8321,:8321:8323
NCCL:API Group,1119251012,523175,837975565,23226,StartEnd,9491,9872,1,0,1,8325,,:8325
NCCL:GroupLaunch,1119251012,523175,837977659,20966,StartEnd,9491,9872,1,1,0,8327,8325,:8325:8327
NCCL:API Group,1120648663,530631,839168985,25696,StartEnd,9491,9872,1,0,1,8329,,:8329
NCCL:GroupLaunch,1120648663,530631,839172179,22236,StartEnd,9491,9872,1,1,0,8331,8329,:8329:8331
NCCL:API Group,1121226335,522471,839364289,22664,StartEnd,9491,9872,1,0,1,8333,,:8333
NCCL:GroupLaunch,1121226335,522471,839366588,20175,StartEnd,9491,9872,1,1,0,8335,8333,:8333:8335
NCCL:API Group,1122625490,534631,839688842,24320,StartEnd,9491,9872,1,0,1,8337,,:8337
NCCL:GroupLaunch,1122625490,534631,839691905,20993,StartEnd,9491,9872,1,1,0,8339,8337,:8337:8339
NCCL:API Group,1123376732,2057821,849496897,26800,StartEnd,9491,9872,1,0,1,8341,,:8341
NCCL:GroupLaunch,1123376732,2057821,849499669,23921,StartEnd,9491,9872,1,1,0,8343,8341,:8341:8343
NCCL:API Group,1128873224,1993244,854900096,31308,StartEnd,9491,9872,1,0,1,8345,,:8345
NCCL:GroupLaunch,1128873224,1993244,854908001,23126,StartEnd,9491,9872,1,1,0,8347,8345,:8345:8347
NCCL:API Group,1131225865,2053116,857659264,22550,StartEnd,9491,9872,1,0,1,8349,,:8349
NCCL:GroupLaunch,1131225865,2053116,857661324,20382,StartEnd,9491,9872,1,1,0,8351,8349,:8349:8351
NCCL:API Group,1136850486,2020796,863168899,25367,StartEnd,9491,9872,1,0,1,8353,,:8353
NCCL:GroupLaunch,1136850486,2020796,863172026,22099,StartEnd,9491,9872,1,1,0,8355,8353,:8353:8355
NCCL:API Group,1139569500,2054236,863412938,22306,StartEnd,9491,9872,1,0,1,8357,,:8357
NCCL:GroupLaunch,1139569500,2054236,863415124,19923,StartEnd,9491,9872,1,1,0,8359,8357,:8357:8359
NCCL:API Group,1145194345,1990684,863746767,24427,StartEnd,9491,9872,1,0,1,8361,,:8361
NCCL:GroupLaunch,1145194345,1990684,863749433,21616,StartEnd,9491,9872,1,1,0,8363,8361,:8361:8363
NCCL:API Group,1147415496,524999,865358002,27561,StartEnd,9491,9872,1,0,1,8365,,:8365
NCCL:GroupLaunch,1147415496,524999,865360734,24571,StartEnd,9491,9872,1,1,0,8367,8365,:8365:8367
NCCL:API Group,1148813627,531560,865730345,25452,StartEnd,9491,9872,1,0,1,8369,,:8369
NCCL:GroupLaunch,1148813627,531560,865733294,22390,StartEnd,9491,9872,1,1,0,8371,8369,:8369:8371
NCCL:API Group,1152809970,525928,871708660,31748,StartEnd,9491,9872,1,0,1,8373,,:8373
NCCL:GroupLaunch,1152809970,525928,871712972,27255,StartEnd,9491,9872,1,1,0,8375,8373,:8373:8375
NCCL:API Group,1154211398,530503,873283285,31341,StartEnd,9491,9872,1,0,1,8377,,:8377
NCCL:GroupLaunch,1154211398,530503,873290258,24037,StartEnd,9491,9872,1,1,0,8379,8377,:8377:8379
NCCL:API Group,1154750541,522919,873476167,22060,StartEnd,9491,9872,1,0,1,8381,,:8381
NCCL:GroupLaunch,1154750541,522919,873478081,20032,StartEnd,9491,9872,1,1,0,8383,8381,:8381:8383
NCCL:API Group,1156147969,530567,874679230,25574,StartEnd,9491,9872,1,0,1,8385,,:8385
NCCL:GroupLaunch,1156147969,530567,874682397,22201,StartEnd,9491,9872,1,1,0,8387,8385,:8385:8387
NCCL:API Group,1156725833,523655,874880399,27869,StartEnd,9491,9872,1,0,1,8389,,:8389
NCCL:GroupLaunch,1156725833,523655,874882557,25543,StartEnd,9491,9872,1,1,0,8391,8389,:8389:8391
NCCL:API Group,1158125532,529159,875223454,23809,StartEnd,9491,9872,1,0,1,8393,,:8393
NCCL:GroupLaunch,1158125532,529159,875226034,21120,StartEnd,9491,9872,1,1,0,8395,8393,:8393:8395
NCCL:API Group,1158877318,2058237,885001113,26158,StartEnd,9491,9872,1,0,1,8397,,:8397
NCCL:GroupLaunch,1158877318,2058237,885003938,23224,StartEnd,9491,9872,1,1,0,8399,8397,:8397:8399
NCCL:API Group,1164368434,2030140,890415211,25239,StartEnd,9491,9872,1,0,1,8401,,:8401
NCCL:GroupLaunch,1164368434,2030140,890418560,21626,StartEnd,9491,9872,1,1,0,8403,8401,:8401:8403
NCCL:API Group,1166758099,2048028,893174986,25356,StartEnd,9491,9872,1,0,1,8405,,:8405
NCCL:GroupLaunch,1166758099,2048028,893177240,22914,StartEnd,9491,9872,1,1,0,8407,8405,:8405:8407
NCCL:API Group,1172382560,1990236,898676209,25282,StartEnd,9491,9872,1,0,1,8409,,:8409
NCCL:GroupLaunch,1172382560,1990236,898679297,21977,StartEnd,9491,9872,1,1,0,8411,8409,:8409:8411
NCCL:API Group,1175071078,2054748,898921322,27959,StartEnd,9491,9872,1,0,1,8413,,:8413
NCCL:GroupLaunch,1175071078,2054748,898928302,20795,StartEnd,9491,9872,1,1,0,8415,8413,:8413:8415
NCCL:API Group,1180701843,1988316,899258410,23523,StartEnd,9491,9872,1,0,1,8417,,:8417
NCCL:GroupLaunch,1180701843,1988316,899261185,20607,StartEnd,9491,9872,1,1,0,8419,8417,:8417:8419
NCCL:API Group,1182919058,531303,900872572,25394,StartEnd,9491,9872,1,0,1,8421,,:8421
NCCL:GroupLaunch,1182919058,531303,900875022,22811,StartEnd,9491,9872,1,1,0,8423,8421,:8421:8423
NCCL:API Group,1184321861,530888,901221877,24982,StartEnd,9491,9872,1,0,1,8425,,:8425
NCCL:GroupLaunch,1184321861,530888,901224571,22128,StartEnd,9491,9872,1,1,0,8427,8425,:8425:8427
NCCL:API Group,1188319708,525800,907240516,36569,StartEnd,9491,9872,1,0,1,8429,,:8429
NCCL:GroupLaunch,1188319708,525800,907245424,31438,StartEnd,9491,9872,1,1,0,8431,8429,:8429:8431
NCCL:API Group,1189722992,530087,908807217,29191,StartEnd,9491,9872,1,0,1,8433,,:8433
NCCL:GroupLaunch,1189722992,530087,908810554,25720,StartEnd,9491,9872,1,1,0,8435,8433,:8433:8435
NCCL:API Group,1190262295,521223,909004200,23834,StartEnd,9491,9872,1,0,1,8437,,:8437
NCCL:GroupLaunch,1190262295,521223,909006185,21710,StartEnd,9491,9872,1,1,0,8439,8437,:8437:8439
NCCL:API Group,1191659594,529544,910180202,26449,StartEnd,9491,9872,1,0,1,8441,,:8441
NCCL:GroupLaunch,1191659594,529544,910183106,23096,StartEnd,9491,9872,1,1,0,8443,8441,:8441:8443
NCCL:API Group,1192235570,523240,910375464,25145,StartEnd,9491,9872,1,0,1,8445,,:8445
NCCL:GroupLaunch,1192235570,523240,910377611,22889,StartEnd,9491,9872,1,1,0,8447,8445,:8445:8447
NCCL:API Group,1193633062,531111,910731066,31658,StartEnd,9491,9872,1,0,1,8449,,:8449
NCCL:GroupLaunch,1193633062,531111,910733907,28507,StartEnd,9491,9872,1,1,0,8451,8449,:8449:8451
NCCL:API Group,1194387024,2051964,920539773,29034,StartEnd,9491,9872,1,0,1,8453,,:8453
NCCL:GroupLaunch,1194387024,2051964,920542605,26091,StartEnd,9491,9872,1,1,0,8455,8453,:8453:8455
NCCL:API Group,1199878748,2004635,925939813,26989,StartEnd,9491,9872,1,0,1,8457,,:8457
NCCL:GroupLaunch,1199878748,2004635,925942946,23608,StartEnd,9491,9872,1,1,0,8459,8457,:8457:8459
NCCL:API Group,1202241212,2054781,928694308,23631,StartEnd,9491,9872,1,0,1,8461,,:8461
NCCL:GroupLaunch,1202241212,2054781,928696496,21109,StartEnd,9491,9872,1,1,0,8463,8461,:8461:8463
NCCL:API Group,1207859338,2005212,934189867,30713,StartEnd,9491,9872,1,0,1,8465,,:8465
NCCL:GroupLaunch,1207859338,2005212,934197275,23113,StartEnd,9491,9872,1,1,0,8467,8465,:8465:8467
NCCL:API Group,1210560303,2056509,934443481,23558,StartEnd,9491,9872,1,0,1,8469,,:8469
NCCL:GroupLaunch,1210560303,2056509,934445997,20934,StartEnd,9491,9872,1,1,0,8471,8469,:8469:8471
NCCL:API Group,1216172477,1997435,934793535,24264,StartEnd,9491,9872,1,0,1,8473,,:8473
NCCL:GroupLaunch,1216172477,1997435,934796292,21340,StartEnd,9491,9872,1,1,0,8475,8473,:8473:8475
NCCL:API Group,1218398107,526248,936394531,25756,StartEnd,9491,9872,1,0,1,8477,,:8477
NCCL:GroupLaunch,1218398107,526248,936397037,23116,StartEnd,9491,9872,1,1,0,8479,8477,:8477:8479
NCCL:API Group,1219798671,528711,936749658,24468,StartEnd,9491,9872,1,0,1,8481,,:8481
NCCL:GroupLaunch,1219798671,528711,936752471,21466,StartEnd,9491,9872,1,1,0,8483,8481,:8481:8483
NCCL:API Group,1223798726,526951,942747527,34492,StartEnd,9491,9872,1,0,1,8485,,:8485
NCCL:GroupLaunch,1223798726,526951,942751774,30011,StartEnd,9491,9872,1,1,0,8487,8485,:8485:8487
NCCL:API Group,1225202553,531207,944313617,28741,StartEnd,9491,9872,1,0,1,8489,,:8489
NCCL:GroupLaunch,1225202553,531207,944316803,25425,StartEnd,9491,9872,1,1,0,8491,8489,:8489:8491
NCCL:API Group,1225741345,530471,944511115,25336,StartEnd,9491,9872,1,0,1,8493,,:8493
NCCL:GroupLaunch,1225741345,530471,944513382,22956,StartEnd,9491,9872,1,1,0,8495,8493,:8493:8495
NCCL:API Group,1227146612,530471,945695012,25711,StartEnd,9491,9872,1,0,1,8497,,:8497
NCCL:GroupLaunch,1227146612,530471,945697958,22655,StartEnd,9491,9872,1,1,0,8499,8497,:8497:8499
NCCL:API Group,1227724828,527623,945885782,23955,StartEnd,9491,9872,1,0,1,8501,,:8501
NCCL:GroupLaunch,1227724828,527623,945887958,21671,StartEnd,9491,9872,1,1,0,8503,8501,:8501:8503
NCCL:API Group,1229124175,531336,946215975,25968,StartEnd,9491,9872,1,0,1,8505,,:8505
NCCL:GroupLaunch,1229124175,531336,946219076,22646,StartEnd,9491,9872,1,1,0,8507,8505,:8505:8507
NCCL:API Group,1229872154,2059484,956038621,29222,StartEnd,9491,9872,1,0,1,8509,,:8509
NCCL:GroupLaunch,1229872154,2059484,956041774,25585,StartEnd,9491,9872,1,1,0,8511,8509,:8509:8511
NCCL:API Group,1235361669,2000092,961485150,32481,StartEnd,9491,9872,1,0,1,8513,,:8513
NCCL:GroupLaunch,1235361669,2000092,961488511,28932,StartEnd,9491,9872,1,1,0,8515,8513,:8513:8515
NCCL:API Group,1237722310,2054396,964220273,29851,StartEnd,9491,9872,1,0,1,8517,,:8517
NCCL:GroupLaunch,1237722310,2054396,964222511,27465,StartEnd,9491,9872,1,1,0,8519,8517,:8517:8519
NCCL:API Group,1243346099,2015004,969710057,25742,StartEnd,9491,9872,1,0,1,8521,,:8521
NCCL:GroupLaunch,1243346099,2015004,969713137,22452,StartEnd,9491,9872,1,1,0,8523,8521,:8521:8523
NCCL:API Group,1246057753,2043836,969958800,22940,StartEnd,9491,9872,1,0,1,8525,,:8525
NCCL:GroupLaunch,1246057753,2043836,969961289,20345,StartEnd,9491,9872,1,1,0,8527,8525,:8525:8527
NCCL:API Group,1251666630,2014012,970291359,24914,StartEnd,9491,9872,1,0,1,8529,,:8529
NCCL:GroupLaunch,1251666630,2014012,970294296,21758,StartEnd,9491,9872,1,1,0,8531,8529,:8529:8531
NCCL:API Group,1253905765,529127,971904754,26239,StartEnd,9491,9872,1,0,1,8533,,:8533
NCCL:GroupLaunch,1253905765,529127,971907293,23574,StartEnd,9491,9872,1,1,0,8535,8533,:8533:8535
NCCL:API Group,1255308216,531848,972265601,31680,StartEnd,9491,9872,1,0,1,8537,,:8537
NCCL:GroupLaunch,1255308216,531848,972273477,23566,StartEnd,9491,9872,1,1,0,8539,8537,:8537:8539
NCCL:API Group,1259306448,531303,978253950,31554,StartEnd,9491,9872,1,0,1,8541,,:8541
NCCL:GroupLaunch,1259306448,531303,978257775,27439,StartEnd,9491,9872,1,1,0,8543,8541,:8541:8543
NCCL:API Group,1260714147,529735,979820876,27846,StartEnd,9491,9872,1,0,1,8545,,:8545
NCCL:GroupLaunch,1260714147,529735,979824090,24520,StartEnd,9491,9872,1,1,0,8547,8545,:8545:8547
NCCL:API Group,1261253098,534824,980013546,28614,StartEnd,9491,9872,1,0,1,8549,,:8549
NCCL:GroupLaunch,1261253098,534824,980015583,26473,StartEnd,9491,9872,1,1,0,8551,8549,:8549:8551
NCCL:API Group,1262660990,530823,981206765,25927,StartEnd,9491,9872,1,0,1,8553,,:8553
NCCL:GroupLaunch,1262660990,530823,981209943,22633,StartEnd,9491,9872,1,1,0,8555,8553,:8553:8555
NCCL:API Group,1263238662,523303,981400353,23281,StartEnd,9491,9872,1,0,1,8557,,:8557
NCCL:GroupLaunch,1263238662,523303,981402542,20952,StartEnd,9491,9872,1,1,0,8559,8557,:8557:8559
NCCL:API Group,1264635769,531047,981727772,23705,StartEnd,9491,9872,1,0,1,8561,,:8561
NCCL:GroupLaunch,1264635769,531047,981730426,20930,StartEnd,9491,9872,1,1,0,8563,8561,:8561:8563
NCCL:API Group,1265390116,2070268,991566146,28972,StartEnd,9491,9872,1,0,1,8565,,:8565
NCCL:GroupLaunch,1265390116,2070268,991569000,25986,StartEnd,9491,9872,1,1,0,8567,8565,:8565:8567
NCCL:API Group,1270889647,2008092,996985195,27296,StartEnd,9491,9872,1,0,1,8569,,:8569
NCCL:GroupLaunch,1270889647,2008092,996988421,23822,StartEnd,9491,9872,1,1,0,8571,8569,:8569:8571
NCCL:API Group,1273254544,2047100,999734671,23883,StartEnd,9491,9872,1,0,1,8573,,:8573
NCCL:GroupLaunch,1273254544,2047100,999736975,21452,StartEnd,9491,9872,1,1,0,8575,8573,:8573:8575
NCCL:API Group,1278874078,1985115,1005252792,26080,StartEnd,9491,9872,1,0,1,8577,,:8577
NCCL:GroupLaunch,1278874078,1985115,1005256434,22113,StartEnd,9491,9872,1,1,0,8579,8577,:8577:8579
NCCL:API Group,1281555203,2056796,1005497027,23357,StartEnd,9491,9872,1,0,1,8581,,:8581
NCCL:GroupLaunch,1281555203,2056796,1005499148,21001,StartEnd,9491,9872,1,1,0,8583,8581,:8581:8583
NCCL:API Group,1287176976,2001692,1005831042,26401,StartEnd,9491,9872,1,0,1,8585,,:8585
NCCL:GroupLaunch,1287176976,2001692,1005833922,23386,StartEnd,9491,9872,1,1,0,8587,8585,:8585:8587
NCCL:API Group,1289408367,526599,1007445305,25273,StartEnd,9491,9872,1,0,1,8589,,:8589
NCCL:GroupLaunch,1289408367,526599,1007447924,22474,StartEnd,9491,9872,1,1,0,8591,8589,:8589:8591
NCCL:API Group,1290807522,529895,1007802266,26141,StartEnd,9491,9872,1,0,1,8593,,:8593
NCCL:GroupLaunch,1290807522,529895,1007805219,23055,StartEnd,9491,9872,1,1,0,8595,8593,:8593:8595
NCCL:API Group,1294805913,526024,1013788091,32231,StartEnd,9491,9872,1,0,1,8597,,:8597
NCCL:GroupLaunch,1294805913,526024,1013792178,27988,StartEnd,9491,9872,1,1,0,8599,8597,:8597:8599
NCCL:API Group,1296207341,529223,1015349498,27238,StartEnd,9491,9872,1,0,1,8601,,:8601
NCCL:GroupLaunch,1296207341,529223,1015352550,23994,StartEnd,9491,9872,1,1,0,8603,8601,:8601:8603
NCCL:API Group,1296744436,524999,1015547793,22945,StartEnd,9491,9872,1,0,1,8605,,:8605
NCCL:GroupLaunch,1296744436,524999,1015549797,20829,StartEnd,9491,9872,1,1,0,8607,8605,:8605:8607
NCCL:API Group,1298143911,530216,1016735468,25128,StartEnd,9491,9872,1,0,1,8609,,:8609
NCCL:GroupLaunch,1298143911,530216,1016738456,22032,StartEnd,9491,9872,1,1,0,8611,8609,:8609:8611
NCCL:API Group,1298721743,523816,1016924240,22603,StartEnd,9491,9872,1,0,1,8613,,:8613
NCCL:GroupLaunch,1298721743,523816,1016926398,20161,StartEnd,9491,9872,1,1,0,8615,8613,:8613:8615
NCCL:API Group,1300121475,530343,1017262439,25166,StartEnd,9491,9872,1,0,1,8617,,:8617
NCCL:GroupLaunch,1300121475,530343,1017265293,22206,StartEnd,9491,9872,1,1,0,8619,8617,:8617:8619
NCCL:API Group,1300873261,2053436,1027089653,26747,StartEnd,9491,9872,1,0,1,8621,,:8621
NCCL:GroupLaunch,1300873261,2053436,1027092398,23900,StartEnd,9491,9872,1,1,0,8623,8621,:8621:8623
NCCL:API Group,1306360281,1998619,1032492977,27121,StartEnd,9491,9872,1,0,1,8625,,:8625
NCCL:GroupLaunch,1306360281,1998619,1032495826,24113,StartEnd,9491,9872,1,1,0,8627,8625,:8625:8627
NCCL:API Group,1308715129,2058109,1035257163,22825,StartEnd,9491,9872,1,0,1,8629,,:8629
NCCL:GroupLaunch,1308715129,2058109,1035259154,20605,StartEnd,9491,9872,1,1,0,8631,8629,:8629:8631
NCCL:API Group,1314334471,2009179,1040739598,24327,StartEnd,9491,9872,1,0,1,8633,,:8633
NCCL:GroupLaunch,1314334471,2009179,1040742497,21167,StartEnd,9491,9872,1,1,0,8635,8633,:8633:8635
NCCL:API Group,1317040396,2054140,1040974015,21801,StartEnd,9491,9872,1,0,1,8637,,:8637
NCCL:GroupLaunch,1317040396,2054140,1040976682,19028,StartEnd,9491,9872,1,1,0,8639,8637,:8637:8639
NCCL:API Group,1322666042,1997051,1041301537,25385,StartEnd,9491,9872,1,0,1,8641,,:8641
NCCL:GroupLaunch,1322666042,1997051,1041304920,21881,StartEnd,9491,9872,1,1,0,8643,8641,:8641:8643
NCCL:API Group,1324895576,528040,1042951042,33822,StartEnd,9491,9872,1,0,1,8645,,:8645
NCCL:GroupLaunch,1324895576,528040,1042954247,30471,StartEnd,9491,9872,1,1,0,8647,8645,:8645:8647
NCCL:API Group,1326299372,529959,1043324839,25797,StartEnd,9491,9872,1,0,1,8649,,:8649
NCCL:GroupLaunch,1326299372,529959,1043328076,22312,StartEnd,9491,9872,1,1,0,8651,8649,:8649:8651
NCCL:API Group,1330297251,523943,1049302915,34335,StartEnd,9491,9872,1,0,1,8653,,:8653
NCCL:GroupLaunch,1330297251,523943,1049306896,30078,StartEnd,9491,9872,1,1,0,8655,8653,:8653:8655
NCCL:API Group,1331698454,531720,1050866761,29209,StartEnd,9491,9872,1,0,1,8657,,:8657
NCCL:GroupLaunch,1331698454,531720,1050869978,25875,StartEnd,9491,9872,1,1,0,8659,8657,:8657:8659
NCCL:API Group,1332237790,524455,1051060858,23615,StartEnd,9491,9872,1,0,1,8661,,:8661
NCCL:GroupLaunch,1332237790,524455,1051063180,21176,StartEnd,9491,9872,1,1,0,8663,8661,:8661:8663
NCCL:API Group,1333639153,528647,1052248978,24187,StartEnd,9491,9872,1,0,1,8665,,:8665
NCCL:GroupLaunch,1333639153,528647,1052251765,21250,StartEnd,9491,9872,1,1,0,8667,8665,:8665:8667
NCCL:API Group,1334213081,524807,1052437959,29556,StartEnd,9491,9872,1,0,1,8669,,:8669
NCCL:GroupLaunch,1334213081,524807,1052445498,21720,StartEnd,9491,9872,1,1,0,8671,8669,:8669:8671
NCCL:API Group,1335613612,529544,1052770527,29495,StartEnd,9491,9872,1,0,1,8673,,:8673
NCCL:GroupLaunch,1335613612,529544,1052773162,26644,StartEnd,9491,9872,1,1,0,8675,8673,:8673:8675
NCCL:API Group,1336362455,2057692,1062601554,30071,StartEnd,9491,9872,1,0,1,8677,,:8677
NCCL:GroupLaunch,1336362455,2057692,1062604829,26585,StartEnd,9491,9872,1,1,0,8679,8677,:8677:8679
NCCL:API Group,1341849090,1997660,1068025143,28471,StartEnd,9491,9872,1,0,1,8681,,:8681
NCCL:GroupLaunch,1341849090,1997660,1068028476,24859,StartEnd,9491,9872,1,1,0,8683,8681,:8681:8683
NCCL:API Group,1344206435,2055996,1070755491,23752,StartEnd,9491,9872,1,0,1,8685,,:8685
NCCL:GroupLaunch,1344206435,2055996,1070757716,21287,StartEnd,9491,9872,1,1,0,8687,8685,:8685:8687
NCCL:API Group,1349829680,1997020,1076270369,25858,StartEnd,9491,9872,1,0,1,8689,,:8689
NCCL:GroupLaunch,1349829680,1997020,1076273671,22409,StartEnd,9491,9872,1,1,0,8691,8689,:8689:8691
NCCL:API Group,1352523478,2057116,1076514933,22288,StartEnd,9491,9872,1,0,1,8693,,:8693
NCCL:GroupLaunch,1352523478,2057116,1076517046,20074,StartEnd,9491,9872,1,1,0,8695,8693,:8693:8695
NCCL:API Group,1358140771,1993436,1076841752,23347,StartEnd,9491,9872,1,0,1,8697,,:8697
NCCL:GroupLaunch,1358140771,1993436,1076844594,20239,StartEnd,9491,9872,1,1,0,8699,8697,:8697:8699
NCCL:API Group,1360360226,527527,1078458731,27383,StartEnd,9491,9872,1,0,1,8701,,:8701
NCCL:GroupLaunch,1360360226,527527,1078461581,24301,StartEnd,9491,9872,1,1,0,8703,8701,:8701:8703
NCCL:API Group,1361761813,530247,1078841720,26403,StartEnd,9491,9872,1,0,1,8705,,:8705
NCCL:GroupLaunch,1361761813,530247,1078844709,23200,StartEnd,9491,9872,1,1,0,8707,8705,:8705:8707
NCCL:API Group,1365761900,524039,1084803857,32570,StartEnd,9491,9872,1,0,1,8709,,:8709
NCCL:GroupLaunch,1365761900,524039,1084807789,28525,StartEnd,9491,9872,1,1,0,8711,8709,:8709:8711
NCCL:API Group,1367164704,528967,1086371010,28601,StartEnd,9491,9872,1,0,1,8713,,:8713
NCCL:GroupLaunch,1367164704,528967,1086374243,25221,StartEnd,9491,9872,1,1,0,8715,8713,:8713:8715
NCCL:API Group,1367702439,522439,1086566817,23650,StartEnd,9491,9872,1,0,1,8717,,:8717
NCCL:GroupLaunch,1367702439,522439,1086569056,21276,StartEnd,9491,9872,1,1,0,8719,8717,:8717:8719
NCCL:API Group,1369098522,534280,1087754377,30357,StartEnd,9491,9872,1,0,1,8721,,:8721
NCCL:GroupLaunch,1369098522,534280,1087762122,22401,StartEnd,9491,9872,1,1,0,8723,8721,:8721:8723
NCCL:API Group,1369679810,523399,1087956694,22298,StartEnd,9491,9872,1,0,1,8725,,:8725
NCCL:GroupLaunch,1369679810,523399,1087959067,19714,StartEnd,9491,9872,1,1,0,8727,8725,:8725:8727
NCCL:API Group,1371078133,535336,1088285784,24524,StartEnd,9491,9872,1,0,1,8729,,:8729
NCCL:GroupLaunch,1371078133,535336,1088288881,21319,StartEnd,9491,9872,1,1,0,8731,8729,:8729:8731
NCCL:API Group,1371835360,2054076,1098088558,26122,StartEnd,9491,9872,1,0,1,8733,,:8733
NCCL:GroupLaunch,1371835360,2054076,1098091127,23285,StartEnd,9491,9872,1,1,0,8735,8733,:8733:8735
NCCL:API Group,1377325868,1994075,1103531852,31843,StartEnd,9491,9872,1,0,1,8737,,:8737
NCCL:GroupLaunch,1377325868,1994075,1103534982,28509,StartEnd,9491,9872,1,1,0,8739,8737,:8737:8739
NCCL:API Group,1379678284,2060253,1106295810,24197,StartEnd,9491,9872,1,0,1,8741,,:8741
NCCL:GroupLaunch,1379678284,2060253,1106298196,21492,StartEnd,9491,9872,1,1,0,8743,8741,:8741:8743
NCCL:API Group,1385307226,1989083,1111794359,25123,StartEnd,9491,9872,1,0,1,8745,,:8745
NCCL:GroupLaunch,1385307226,1989083,1111797226,22107,StartEnd,9491,9872,1,1,0,8747,8745,:8745:8747
NCCL:API Group,1387993311,2067516,1112042150,21829,StartEnd,9491,9872,1,0,1,8749,,:8749
NCCL:GroupLaunch,1387993311,2067516,1112044311,19529,StartEnd,9491,9872,1,1,0,8751,8749,:8749:8751
NCCL:API Group,1393627789,2027740,1112368401,23964,StartEnd,9491,9872,1,0,1,8753,,:8753
NCCL:GroupLaunch,1393627789,2027740,1112371070,21154,StartEnd,9491,9872,1,1,0,8755,8753,:8753:8755
NCCL:API Group,1395878156,524903,1113985928,32618,StartEnd,9491,9872,1,0,1,8757,,:8757
NCCL:GroupLaunch,1395878156,524903,1113994162,24226,StartEnd,9491,9872,1,1,0,8759,8757,:8757:8759
NCCL:API Group,1397273439,528839,1114346931,24718,StartEnd,9491,9872,1,0,1,8761,,:8761
NCCL:GroupLaunch,1397273439,528839,1114349885,21654,StartEnd,9491,9872,1,1,0,8763,8761,:8761:8763
NCCL:API Group,1401263478,523655,1120360155,35046,StartEnd,9491,9872,1,0,1,8765,,:8765
NCCL:GroupLaunch,1401263478,523655,1120364626,30435,StartEnd,9491,9872,1,1,0,8767,8765,:8765:8767
NCCL:API Group,1402664009,534280,1121915799,33689,StartEnd,9491,9872,1,0,1,8769,,:8769
NCCL:GroupLaunch,1402664009,534280,1121919230,30031,StartEnd,9491,9872,1,1,0,8771,8769,:8769:8771
NCCL:API Group,1403206033,522343,1122119223,28219,StartEnd,9491,9872,1,0,1,8773,,:8773
NCCL:GroupLaunch,1403206033,522343,1122121521,25807,StartEnd,9491,9872,1,1,0,8775,8773,:8773:8775
NCCL:API Group,1404604708,533895,1123309893,26400,StartEnd,9491,9872,1,0,1,8777,,:8777
NCCL:GroupLaunch,1404604708,533895,1123313168,23016,StartEnd,9491,9872,1,1,0,8779,8777,:8777:8779
NCCL:API Group,1405186476,522759,1123505082,22871,StartEnd,9491,9872,1,0,1,8781,,:8781
NCCL:GroupLaunch,1405186476,522759,1123507504,20347,StartEnd,9491,9872,1,1,0,8783,8781,:8781:8783
NCCL:API Group,1406586655,529800,1123834823,24990,StartEnd,9491,9872,1,0,1,8785,,:8785
NCCL:GroupLaunch,1406586655,529800,1123837842,21828,StartEnd,9491,9872,1,1,0,8787,8785,:8785:8787
NCCL:API Group,1407341034,2044156,1133638465,34858,StartEnd,9491,9872,1,0,1,8789,,:8789
NCCL:GroupLaunch,1407341034,2044156,1133646466,26637,StartEnd,9491,9872,1,1,0,8791,8789,:8789:8791
NCCL:API Group,1412816981,2000892,1139058386,27529,StartEnd,9491,9872,1,0,1,8793,,:8793
NCCL:GroupLaunch,1412816981,2000892,1139061883,23924,StartEnd,9491,9872,1,1,0,8795,8793,:8793:8795
NCCL:API Group,1415177814,2059292,1141813520,22849,StartEnd,9491,9872,1,0,1,8797,,:8797
NCCL:GroupLaunch,1415177814,2059292,1141815710,20529,StartEnd,9491,9872,1,1,0,8799,8797,:8797:8799
NCCL:API Group,1420804483,2010940,1147295430,27403,StartEnd,9491,9872,1,0,1,8801,,:8801
NCCL:GroupLaunch,1420804483,2010940,1147298493,24090,StartEnd,9491,9872,1,1,0,8803,8801,:8801:8803
NCCL:API Group,1423509161,2062460,1147555652,27006,StartEnd,9491,9872,1,0,1,8805,,:8805
NCCL:GroupLaunch,1423509161,2062460,1147557843,24483,StartEnd,9491,9872,1,1,0,8807,8805,:8805:8807
NCCL:API Group,1429136054,2005628,1147911390,24932,StartEnd,9491,9872,1,0,1,8809,,:8809
NCCL:GroupLaunch,1429136054,2005628,1147914362,21854,StartEnd,9491,9872,1,1,0,8811,8809,:8809:8811
NCCL:API Group,1431373621,525416,1149495571,25635,StartEnd,9491,9872,1,0,1,8813,,:8813
NCCL:GroupLaunch,1431373621,525416,1149498257,22805,StartEnd,9491,9872,1,1,0,8815,8813,:8813:8815
NCCL:API Group,1432770697,531495,1149861990,25430,StartEnd,9491,9872,1,0,1,8817,,:8817
NCCL:GroupLaunch,1432770697,531495,1149865033,22083,StartEnd,9491,9872,1,1,0,8819,8817,:8817:8819
NCCL:API Group,1436764992,526311,1155851761,34237,StartEnd,9491,9872,1,0,1,8821,,:8821
NCCL:GroupLaunch,1436764992,526311,1155856474,29370,StartEnd,9491,9872,1,1,0,8823,8821,:8821:8823
NCCL:API Group,1438167443,531719,1157417604,28017,StartEnd,9491,9872,1,0,1,8825,,:8825
NCCL:GroupLaunch,1438167443,531719,1157420967,24419,StartEnd,9491,9872,1,1,0,8827,8825,:8825:8827
NCCL:API Group,1438707610,524776,1157608311,23183,StartEnd,9491,9872,1,0,1,8829,,:8829
NCCL:GroupLaunch,1438707610,524776,1157610413,20877,StartEnd,9491,9872,1,1,0,8831,8829,:8829:8831
NCCL:API Group,1440112238,527719,1158798159,24658,StartEnd,9491,9872,1,0,1,8833,,:8833
NCCL:GroupLaunch,1440112238,527719,1158801188,21440,StartEnd,9491,9872,1,1,0,8835,8833,:8833:8835
NCCL:API Group,1440686998,522023,1159006346,22711,StartEnd,9491,9872,1,0,1,8837,,:8837
NCCL:GroupLaunch,1440686998,522023,1159008481,20472,StartEnd,9491,9872,1,1,0,8839,8837,:8837:8839
NCCL:API Group,1442089769,528551,1159344448,27643,StartEnd,9491,9872,1,0,1,8841,,:8841
NCCL:GroupLaunch,1442089769,528551,1159347347,24585,StartEnd,9491,9872,1,1,0,8843,8841,:8841:8843
NCCL:API Group,1442840499,2051645,1169157393,28108,StartEnd,9491,9872,1,0,1,8845,,:8845
NCCL:GroupLaunch,1442840499,2051645,1169160248,25146,StartEnd,9491,9872,1,1,0,8847,8845,:8845:8847
NCCL:API Group,1448322399,1996828,1174553431,26158,StartEnd,9491,9872,1,0,1,8849,,:8849
NCCL:GroupLaunch,1448322399,1996828,1174556564,22698,StartEnd,9491,9872,1,1,0,8851,8849,:8849:8851
NCCL:API Group,1450677280,2058556,1177320790,23940,StartEnd,9491,9872,1,0,1,8853,,:8853
NCCL:GroupLaunch,1450677280,2058556,1177323010,21435,StartEnd,9491,9872,1,1,0,8855,8853,:8853:8855
NCCL:API Group,1456299693,2010268,1182800093,29559,StartEnd,9491,9872,1,0,1,8857,,:8857
NCCL:GroupLaunch,1456299693,2010268,1182807715,21821,StartEnd,9491,9872,1,1,0,8859,8857,:8857:8859
NCCL:API Group,1459008690,2055805,1183054374,22184,StartEnd,9491,9872,1,0,1,8861,,:8861
NCCL:GroupLaunch,1459008690,2055805,1183056569,19883,StartEnd,9491,9872,1,1,0,8863,8861,:8861:8863
NCCL:API Group,1464631264,1998140,1183389190,23262,StartEnd,9491,9872,1,0,1,8865,,:8865
NCCL:GroupLaunch,1464631264,1998140,1183391812,20383,StartEnd,9491,9872,1,1,0,8867,8865,:8865:8867
NCCL:API Group,1466860799,529351,1185005726,25466,StartEnd,9491,9872,1,0,1,8869,,:8869
NCCL:GroupLaunch,1466860799,529351,1185008290,22694,StartEnd,9491,9872,1,1,0,8871,8869,:8869:8871
NCCL:API Group,1468260498,531655,1185361363,24264,StartEnd,9491,9872,1,0,1,8873,,:8873
NCCL:GroupLaunch,1468260498,531655,1185364060,21337,StartEnd,9491,9872,1,1,0,8875,8873,:8873:8875
NCCL:API Group,1472256297,525479,1191364844,34647,StartEnd,9491,9872,1,0,1,8877,,:8877
NCCL:GroupLaunch,1472256297,525479,1191369127,30185,StartEnd,9491,9872,1,1,0,8879,8877,:8877:8879
NCCL:API Group,1473654461,531943,1192924769,27568,StartEnd,9491,9872,1,0,1,8881,,:8881
NCCL:GroupLaunch,1473654461,531943,1192927969,24223,StartEnd,9491,9872,1,1,0,8883,8881,:8881:8883
NCCL:API Group,1474195812,523367,1193116387,23873,StartEnd,9491,9872,1,0,1,8885,,:8885
NCCL:GroupLaunch,1474195812,523367,1193118627,21520,StartEnd,9491,9872,1,1,0,8887,8885,:8885:8887
NCCL:API Group,1475595159,529288,1194303714,26991,StartEnd,9491,9872,1,0,1,8889,,:8889
NCCL:GroupLaunch,1475595159,529288,1194306848,23701,StartEnd,9491,9872,1,1,0,8891,8889,:8889:8891
NCCL:API Group,1476171135,522951,1194496539,22349,StartEnd,9491,9872,1,0,1,8893,,:8893
NCCL:GroupLaunch,1476171135,522951,1194498836,19948,StartEnd,9491,9872,1,1,0,8895,8893,:8893:8895
NCCL:API Group,1477570643,530375,1194830631,34852,StartEnd,9491,9872,1,0,1,8897,,:8897
NCCL:GroupLaunch,1477570643,530375,1194833378,31898,StartEnd,9491,9872,1,1,0,8899,8897,:8897:8899
NCCL:API Group,1478326685,2048316,1204658775,37776,StartEnd,9491,9872,1,0,1,8901,,:8901
NCCL:GroupLaunch,1478326685,2048316,1204662548,33632,StartEnd,9491,9872,1,1,0,8903,8901,:8901:8903
NCCL:API Group,1483804073,2002107,1210060081,27940,StartEnd,9491,9872,1,0,1,8905,,:8905
NCCL:GroupLaunch,1483804073,2002107,1210063834,24076,StartEnd,9491,9872,1,1,0,8907,8905,:8905:8907
NCCL:API Group,1486164489,2058941,1212803814,23557,StartEnd,9491,9872,1,0,1,8909,,:8909
NCCL:GroupLaunch,1486164489,2058941,1212805977,21125,StartEnd,9491,9872,1,1,0,8911,8909,:8909:8911
NCCL:API Group,1491784663,1989851,1218285057,39425,StartEnd,9491,9872,1,0,1,8913,,:8913
NCCL:GroupLaunch,1491784663,1989851,1218288253,36071,StartEnd,9491,9872,1,1,0,8915,8913,:8913:8915
NCCL:API Group,1494471292,2060412,1218557386,24031,StartEnd,9491,9872,1,0,1,8917,,:8917
NCCL:GroupLaunch,1494471292,2060412,1218559646,21365,StartEnd,9491,9872,1,1,0,8919,8917,:8917:8919
NCCL:API Group,1500101897,2000700,1218901097,24008,StartEnd,9491,9872,1,0,1,8921,,:8921
NCCL:GroupLaunch,1500101897,2000700,1218903924,21019,StartEnd,9491,9872,1,1,0,8923,8921,:8921:8923
NCCL:API Group,1502333672,525831,1220485331,25503,StartEnd,9491,9872,1,0,1,8925,,:8925
NCCL:GroupLaunch,1502333672,525831,1220487890,22834,StartEnd,9491,9872,1,1,0,8927,8925,:8925:8927
NCCL:API Group,1503733211,529480,1220840655,31960,StartEnd,9491,9872,1,0,1,8929,,:8929
NCCL:GroupLaunch,1503733211,529480,1220848476,24027,StartEnd,9491,9872,1,1,0,8931,8929,:8929:8931
NCCL:API Group,1507728147,529127,1226851717,34487,StartEnd,9491,9872,1,0,1,8933,,:8933
NCCL:GroupLaunch,1507728147,529127,1226855871,30189,StartEnd,9491,9872,1,1,0,8935,8933,:8933:8935
NCCL:API Group,1509135046,529863,1228417921,27286,StartEnd,9491,9872,1,0,1,8937,,:8937
NCCL:GroupLaunch,1509135046,529863,1228421072,24016,StartEnd,9491,9872,1,1,0,8939,8937,:8937:8939
NCCL:API Group,1509673837,522600,1228607362,22461,StartEnd,9491,9872,1,0,1,8941,,:8941
NCCL:GroupLaunch,1509673837,522600,1228609340,20322,StartEnd,9491,9872,1,1,0,8943,8941,:8941:8943
NCCL:API Group,1511071937,530119,1229806882,27789,StartEnd,9491,9872,1,0,1,8945,,:8945
NCCL:GroupLaunch,1511071937,530119,1229810164,24322,StartEnd,9491,9872,1,1,0,8947,8945,:8945:8947
NCCL:API Group,1511650153,523239,1230010814,23987,StartEnd,9491,9872,1,0,1,8949,,:8949
NCCL:GroupLaunch,1511650153,523239,1230012904,21779,StartEnd,9491,9872,1,1,0,8951,8949,:8949:8951
NCCL:API Group,1513051516,529991,1230351373,24634,StartEnd,9491,9872,1,0,1,8953,,:8953
NCCL:GroupLaunch,1513051516,529991,1230354265,21633,StartEnd,9491,9872,1,1,0,8955,8953,:8953:8955
NCCL:API Group,1513807750,2050365,1240136408,28748,StartEnd,9491,9872,1,0,1,8957,,:8957
NCCL:GroupLaunch,1513807750,2050365,1240139530,25368,StartEnd,9491,9872,1,1,0,8959,8957,:8957:8959
NCCL:API Group,1519287026,1990267,1245541299,26590,StartEnd,9491,9872,1,0,1,8961,,:8961
NCCL:GroupLaunch,1519287026,1990267,1245544536,23070,StartEnd,9491,9872,1,1,0,8963,8961,:8961:8963
NCCL:API Group,1521633266,2051037,1248295826,24161,StartEnd,9491,9872,1,0,1,8965,,:8965
NCCL:GroupLaunch,1521633266,2051037,1248298331,21548,StartEnd,9491,9872,1,1,0,8967,8965,:8965:8967
NCCL:API Group,1527254016,2011548,1253800365,26374,StartEnd,9491,9872,1,0,1,8969,,:8969
NCCL:GroupLaunch,1527254016,2011548,1253803822,22678,StartEnd,9491,9872,1,1,0,8971,8969,:8969:8971
NCCL:API Group,1529962629,2055197,1254057619,22606,StartEnd,9491,9872,1,0,1,8973,,:8973
NCCL:GroupLaunch,1529962629,2055197,1254059792,20330,StartEnd,9491,9872,1,1,0,8975,8973,:8973:8975
NCCL:API Group,1535588915,1995419,1254393570,32567,StartEnd,9491,9872,1,0,1,8977,,:8977
NCCL:GroupLaunch,1535588915,1995419,1254396530,29447,StartEnd,9491,9872,1,1,0,8979,8977,:8977:8979
NCCL:API Group,1537810386,525223,1256004025,27960,StartEnd,9491,9872,1,0,1,8981,,:8981
NCCL:GroupLaunch,1537810386,525223,1256006960,24916,StartEnd,9491,9872,1,1,0,8983,8981,:8981:8983
NCCL:API Group,1539209989,530247,1256387743,26789,StartEnd,9491,9872,1,0,1,8985,,:8985
NCCL:GroupLaunch,1539209989,530247,1256390837,23559,StartEnd,9491,9872,1,1,0,8987,8985,:8985:8987
NCCL:API Group,1543203100,523015,1262363140,32537,StartEnd,9491,9872,1,0,1,8989,,:8989
NCCL:GroupLaunch,1543203100,523015,1262367220,28277,StartEnd,9491,9872,1,1,0,8991,8989,:8989:8991
NCCL:API Group,1544598543,529735,1263932063,28379,StartEnd,9491,9872,1,0,1,8993,,:8993
NCCL:GroupLaunch,1544598543,529735,1263935493,24797,StartEnd,9491,9872,1,1,0,8995,8993,:8993:8995
NCCL:API Group,1545137495,522695,1264136182,23441,StartEnd,9491,9872,1,0,1,8997,,:8997
NCCL:GroupLaunch,1545137495,522695,1264138488,21033,StartEnd,9491,9872,1,1,0,8999,8997,:8997:8999
NCCL:API Group,1546535146,528743,1265317850,25565,StartEnd,9491,9872,1,0,1,9001,,:9001
NCCL:GroupLaunch,1546535146,528743,1265320827,22446,StartEnd,9491,9872,1,1,0,9003,9001,:9001:9003
NCCL:API Group,1547110738,523239,1265520986,21658,StartEnd,9491,9872,1,0,1,9005,,:9005
NCCL:GroupLaunch,1547110738,523239,1265523086,19391,StartEnd,9491,9872,1,1,0,9007,9005,:9005:9007
NCCL:API Group,1548507845,529223,1265849425,23978,StartEnd,9491,9872,1,0,1,9009,,:9009
NCCL:GroupLaunch,1548507845,529223,1265852042,21217,StartEnd,9491,9872,1,1,0,9011,9009,:9009:9011
NCCL:API Group,1549260207,2062333,1275733568,28952,StartEnd,9491,9872,1,0,1,9013,,:9013
NCCL:GroupLaunch,1549260207,2062333,1275737281,25073,StartEnd,9491,9872,1,1,0,9015,9013,:9013:9015
NCCL:API Group,1554761723,1983996,1281055064,28620,StartEnd,9491,9872,1,0,1,9017,,:9017
NCCL:GroupLaunch,1554761723,1983996,1281058548,24993,StartEnd,9491,9872,1,1,0,9019,9017,:9017:9019
NCCL:API Group,1557102044,2051484,1283802196,25802,StartEnd,9491,9872,1,0,1,9021,,:9021
NCCL:GroupLaunch,1557102044,2051484,1283804553,23133,StartEnd,9491,9872,1,1,0,9023,9021,:9021:9023
NCCL:API Group,1562722601,2004156,1289291656,26622,StartEnd,9491,9872,1,0,1,9025,,:9025
NCCL:GroupLaunch,1562722601,2004156,1289294899,23112,StartEnd,9491,9872,1,1,0,9027,9025,:9025:9027
NCCL:API Group,1565421134,2053629,1289535571,30385,StartEnd,9491,9872,1,0,1,9029,,:9029
NCCL:GroupLaunch,1565421134,2053629,1289537657,28005,StartEnd,9491,9872,1,1,0,9031,9029,:9029:9031
NCCL:API Group,1571041884,1993243,1289876808,24904,StartEnd,9491,9872,1,0,1,9033,,:9033
NCCL:GroupLaunch,1571041884,1993243,1289880542,21067,StartEnd,9491,9872,1,1,0,9035,9033,:9033:9035
NCCL:API Group,1573263003,526183,1291501176,28908,StartEnd,9491,9872,1,0,1,9037,,:9037
NCCL:GroupLaunch,1573263003,526183,1291505014,24868,StartEnd,9491,9872,1,1,0,9039,9037,:9037:9039
NCCL:API Group,1574659118,530087,1291881796,26561,StartEnd,9491,9872,1,0,1,9041,,:9041
NCCL:GroupLaunch,1574659118,530087,1291884806,23426,StartEnd,9491,9872,1,1,0,9043,9041,:9041:9043
NCCL:API Group,1578655461,521415,1297847627,40137,StartEnd,9491,9872,1,0,1,9045,,:9045
NCCL:GroupLaunch,1578655461,521415,1297856957,30600,StartEnd,9491,9872,1,1,0,9047,9045,:9045:9047
NCCL:API Group,1580054840,530536,1299412622,30639,StartEnd,9491,9872,1,0,1,9049,,:9049
NCCL:GroupLaunch,1580054840,530536,1299415756,27389,StartEnd,9491,9872,1,1,0,9051,9049,:9049:9051
NCCL:API Group,1580593984,523879,1299615628,24600,StartEnd,9491,9872,1,0,1,9053,,:9053
NCCL:GroupLaunch,1580593984,523879,1299617929,22056,StartEnd,9491,9872,1,1,0,9055,9053,:9053:9055
NCCL:API Group,1581993459,532583,1300794065,25561,StartEnd,9491,9872,1,0,1,9057,,:9057
NCCL:GroupLaunch,1581993459,532583,1300797824,21535,StartEnd,9491,9872,1,1,0,9059,9057,:9057:9059
NCCL:API Group,1582573371,523719,1300989992,26980,StartEnd,9491,9872,1,0,1,9061,,:9061
NCCL:GroupLaunch,1582573371,523719,1300993061,23747,StartEnd,9491,9872,1,1,0,9063,9061,:9061:9063
NCCL:API Group,1583971022,532072,1301327216,31349,StartEnd,9491,9872,1,0,1,9065,,:9065
NCCL:GroupLaunch,1583971022,532072,1301330089,28186,StartEnd,9491,9872,1,1,0,9067,9065,:9065:9067
NCCL:API Group,1584720729,2067452,1311126308,28497,StartEnd,9491,9872,1,0,1,9069,,:9069
NCCL:GroupLaunch,1584720729,2067452,1311129496,24990,StartEnd,9491,9872,1,1,0,9071,9069,:9069:9071
NCCL:API Group,1590209828,1999900,1316537548,29881,StartEnd,9491,9872,1,0,1,9073,,:9073
NCCL:GroupLaunch,1590209828,1999900,1316540831,26188,StartEnd,9491,9872,1,1,0,9075,9073,:9073:9075
NCCL:API Group,1592566725,2054364,1319281680,23083,StartEnd,9491,9872,1,0,1,9077,,:9077
NCCL:GroupLaunch,1592566725,2054364,1319283996,20649,StartEnd,9491,9872,1,1,0,9079,9077,:9077:9079
NCCL:API Group,1598187090,1995260,1324773062,25117,StartEnd,9491,9872,1,0,1,9081,,:9081
NCCL:GroupLaunch,1598187090,1995260,1324776115,21809,StartEnd,9491,9872,1,1,0,9083,9081,:9081:9083
NCCL:API Group,1600877624,2055516,1325016923,21959,StartEnd,9491,9872,1,0,1,9085,,:9085
NCCL:GroupLaunch,1600877624,2055516,1325019037,19596,StartEnd,9491,9872,1,1,0,9087,9085,:9085:9087
NCCL:API Group,1606504325,1984988,1325363568,26015,StartEnd,9491,9872,1,0,1,9089,,:9089
NCCL:GroupLaunch,1606504325,1984988,1325366534,22940,StartEnd,9491,9872,1,1,0,9091,9089,:9089:9091
NCCL:API Group,1608719492,529639,1326988090,26914,StartEnd,9491,9872,1,0,1,9093,,:9093
NCCL:GroupLaunch,1608719492,529639,1326990988,23558,StartEnd,9491,9872,1,1,0,9095,9093,:9093:9095
NCCL:API Group,1610119223,529063,1327364133,27046,StartEnd,9491,9872,1,0,1,9097,,:9097
NCCL:GroupLaunch,1610119223,529063,1327367410,23487,StartEnd,9491,9872,1,1,0,9099,9097,:9097:9099
NCCL:API Group,1614111982,525479,1333341399,31913,StartEnd,9491,9872,1,0,1,9101,,:9101
NCCL:GroupLaunch,1614111982,525479,1333345352,27739,StartEnd,9491,9872,1,1,0,9103,9101,:9101:9103
NCCL:API Group,1615513185,534312,1334901672,29182,StartEnd,9491,9872,1,0,1,9105,,:9105
NCCL:GroupLaunch,1615513185,534312,1334905087,25540,StartEnd,9491,9872,1,1,0,9107,9105,:9105:9107
NCCL:API Group,1616055561,523559,1335098545,33296,StartEnd,9491,9872,1,0,1,9109,,:9109
NCCL:GroupLaunch,1616055561,523559,1335101020,30553,StartEnd,9491,9872,1,1,0,9111,9109,:9109:9111
NCCL:API Group,1617451836,534728,1336282221,29017,StartEnd,9491,9872,1,0,1,9113,,:9113
NCCL:GroupLaunch,1617451836,534728,1336288741,22257,StartEnd,9491,9872,1,1,0,9115,9113,:9113:9115
NCCL:API Group,1618032964,523911,1336495492,23337,StartEnd,9491,9872,1,0,1,9117,,:9117
NCCL:GroupLaunch,1618032964,523911,1336497845,20839,StartEnd,9491,9872,1,1,0,9119,9117,:9117:9119
NCCL:API Group,1619429367,529672,1336826882,23577,StartEnd,9491,9872,1,0,1,9121,,:9121
NCCL:GroupLaunch,1619429367,529672,1336829694,20652,StartEnd,9491,9872,1,1,0,9123,9121,:9121:9123
NCCL:API Group,1620502310,1972667,1351959906,32112,StartEnd,9491,9872,1,0,1,9125,,:9125
NCCL:GroupLaunch,1620502310,1972667,1351963865,27886,StartEnd,9491,9872,1,1,0,9127,9125,:9125:9127
