iteration,train_loss,validation_loss,learning_rate,gradient_norm_before_clip,elapsed_seconds
1,9.231608390808105,9.235990047454834,0.0,1.1721659898757935,1.7036729999999807
10,9.21256160736084,,4.5e-06,1.1533206701278687,3.4349630999995497
20,9.138792037963867,,9.5e-06,1.150518536567688,5.360825899999327
30,8.999979972839355,,1.45e-05,1.2455588579177856,7.302891299999828
40,8.808470726013184,,1.95e-05,1.429665446281433,9.230343100000027
50,8.567028045654297,,2.4500000000000003e-05,1.7620331048965454,11.163379900000109
60,8.247406959533691,,2.9500000000000002e-05,2.1820883750915527,13.106014199999663
70,7.970519542694092,,3.4500000000000005e-05,2.3040854930877686,15.040890499999477
80,7.679526329040527,,3.95e-05,2.391676425933838,16.993282599999475
90,7.395370006561279,,4.45e-05,2.3649730682373047,18.929219300000113
100,7.082322120666504,,4.9500000000000004e-05,2.362758159637451,20.864785299999312
110,6.803776741027832,,5.4499999999999997e-05,2.2051613330841064,22.81357409999964
120,6.435531139373779,,5.95e-05,2.116331100463867,24.757122099999833
130,6.147366046905518,,6.45e-05,1.8880069255828857,26.709455700000035
140,5.8252153396606445,,6.950000000000001e-05,1.655634880065918,28.649468399999932
150,5.585328102111816,,7.45e-05,1.2998263835906982,30.58941809999942
160,5.313591957092285,,7.950000000000001e-05,1.0754508972167969,32.55147229999966
170,5.014942646026611,,8.450000000000001e-05,0.8939520120620728,34.49224929999946
180,4.882306098937988,,8.95e-05,0.6768671870231628,36.44302509999943
190,4.691091537475586,,9.45e-05,0.6610211133956909,38.39203600000019
200,4.56048059463501,,9.95e-05,0.6191261410713196,40.333023299999695
210,4.412186145782471,,0.00010449999999999999,0.5470336079597473,42.29107279999971
220,4.2792229652404785,,0.0001095,0.4783170521259308,44.232801299999664
230,4.239866733551025,,0.0001145,0.46703997254371643,46.179465600000185
240,4.200117111206055,,0.0001195,0.5148890614509583,48.13596150000012
250,4.118444919586182,,0.0001245,0.41116994619369507,50.08112339999934
260,4.055961608886719,,0.0001295,0.4922808110713959,52.044219800000064
270,3.889456272125244,,0.00013450000000000002,0.47170937061309814,53.98986759999934
280,3.9294180870056152,,0.0001395,0.6625413298606873,55.93266919999951
290,3.7782304286956787,,0.0001445,0.5506129860877991,57.894928900000195
300,3.7370898723602295,,0.0001495,0.49265235662460327,59.84044129999984
310,3.6759047508239746,,0.0001545,0.5755620002746582,61.80168210000011
320,3.585538864135742,,0.0001595,0.4701792895793915,63.751509499999884
330,3.477717399597168,,0.00016450000000000001,0.46288153529167175,65.69627589999982
340,3.667782783508301,,0.0001695,0.47104349732398987,67.66108259999965
350,3.342641592025757,,0.0001745,0.5905553102493286,69.61317689999942
360,3.56111478805542,,0.0001795,0.7795017957687378,71.57239859999936
370,3.491551160812378,,0.00018449999999999999,0.7755062580108643,73.5322400999994
380,3.5200271606445312,,0.0001895,0.6068133115768433,75.48074329999963
390,3.313523292541504,,0.0001945,0.6084364652633667,77.44492569999966
400,3.4051332473754883,,0.0001995,0.5769970417022705,79.39660730000014
410,3.470256805419922,,0.0002045,0.6681866645812988,81.35671060000004
420,3.26493501663208,,0.0002095,0.7620128989219666,83.31549869999981
430,3.3156685829162598,,0.0002145,0.670413076877594,85.26707889999943
440,3.3391456604003906,,0.0002195,0.67445969581604,87.23624990000008
450,3.140791654586792,,0.0002245,0.5747923851013184,89.19218499999988
460,3.2884750366210938,,0.00022950000000000002,0.7581601738929749,91.14856349999991
470,3.163160800933838,,0.0002345,0.5671710968017578,93.12060639999982
480,3.123082160949707,,0.00023950000000000002,0.5858736038208008,95.0732065000002
490,3.1639957427978516,,0.0002445,0.58692866563797,97.04108619999988
500,3.060781240463257,3.076800298690796,0.0002495,0.6281617283821106,100.25286169999981
510,3.191093921661377,,0.0002545,0.5709519386291504,102.22089999999935
520,3.1827855110168457,,0.0002595,0.7294963002204895,104.17353899999944
530,3.031801223754883,,0.00026450000000000003,0.6864795088768005,106.12610029999996
540,3.024794578552246,,0.0002695,0.587783932685852,108.09472819999974
550,2.9805195331573486,,0.0002745,0.5729897618293762,110.0526847000001
560,2.975466728210449,,0.0002795,0.7921143174171448,112.02287340000021
570,2.9739623069763184,,0.00028450000000000003,0.6717169284820557,113.97642610000003
580,2.944392204284668,,0.0002895,0.6384370923042297,115.93227649999972
590,3.0148749351501465,,0.0002945,0.623526930809021,117.90034569999989
600,3.0035901069641113,,0.00029949999999999996,0.7495863437652588,119.85741629999939
610,2.941093921661377,,0.0003045,0.612830638885498,121.8312906000001
620,2.9006381034851074,,0.0003095,0.5880593061447144,123.7856813999997
630,2.9869039058685303,,0.0003145,0.7253552675247192,125.74168219999956
640,2.921494960784912,,0.0003195,0.6250373125076294,127.71445700000004
650,2.8377959728240967,,0.00032450000000000003,0.6109273433685303,129.66846999999962
660,2.903153896331787,,0.00032950000000000004,0.7024333477020264,131.6361440999999
670,2.917757272720337,,0.0003345,0.6594403982162476,133.59521479999967
680,2.9003190994262695,,0.0003395,0.6053041815757751,135.5591663999994
690,2.7122182846069336,,0.0003445,0.601919412612915,137.5327529999995
700,2.837569236755371,,0.00034950000000000004,0.6197388768196106,139.49282649999986
710,2.7432374954223633,,0.0003545,0.656131386756897,141.45546620000005
720,2.723557949066162,,0.0003595,0.5913439989089966,143.42121289999977
730,2.7016196250915527,,0.00036449999999999997,0.5839194655418396,145.37574829999994
740,2.720430850982666,,0.0003695,0.6104897260665894,147.34666089999973
750,2.626451253890991,,0.0003745,0.5927431583404541,149.30388779999976
760,2.7148561477661133,,0.0003795,0.6094540357589722,151.26248130000022
770,2.7029433250427246,,0.0003845,0.5799650549888611,153.2336094000002
780,2.7816553115844727,,0.00038950000000000003,0.5664109587669373,155.1929240999998
790,2.724785327911377,,0.0003945,0.6050739288330078,157.1643752
800,2.7191505432128906,,0.0003995,0.5833138823509216,159.12254229999962
810,2.6502175331115723,,0.0004045,0.6471810936927795,161.0803277999994
820,2.8361945152282715,,0.00040950000000000003,0.5850429534912109,163.05471260000013
830,2.7298285961151123,,0.00041450000000000005,0.5693062543869019,165.0107253999995
840,2.577139377593994,,0.0004195,0.5808260440826416,166.97989710000002
850,2.6515140533447266,,0.00042449999999999996,0.6466877460479736,168.93433790000017
860,2.554920196533203,,0.0004295,0.6063255667686462,170.89047779999964
870,2.6923937797546387,,0.0004345,0.5989537239074707,172.86082309999983
880,2.592604160308838,,0.0004395,0.605761706829071,174.81695919999947
890,2.6274189949035645,,0.0004445,0.5748600959777832,176.7870366999996
900,2.536501884460449,,0.00044950000000000003,0.5584141612052917,178.74460659999932
910,2.483306407928467,,0.0004545,0.6233957409858704,180.69820759999948
920,2.7050750255584717,,0.0004595,0.5972259640693665,182.67205749999994
930,2.5570156574249268,,0.0004645,0.5664462447166443,184.62894679999954
940,2.5233407020568848,,0.00046950000000000003,0.5833010673522949,186.5925729999999
950,2.639838457107544,,0.00047450000000000004,0.5662361979484558,188.55593930000032
960,2.604579448699951,,0.00047950000000000005,0.5639983415603638,190.5094592000005
970,2.4670073986053467,,0.0004845,0.5844050049781799,192.48102280000057
980,2.5226216316223145,,0.0004895,0.5902509689331055,194.4413659999991
990,2.4840283393859863,,0.0004945,0.5586370825767517,196.4012129999992
1000,2.616123676300049,2.5442726850509643,0.0004995,0.586147129535675,199.63221259999955
1010,2.5508766174316406,,0.0005045000000000001,0.5876960158348083,201.60439889999907
1020,2.557529926300049,,0.0005095000000000001,0.6206908822059631,203.5688054000002
1030,2.4447903633117676,,0.0005145,0.5340172052383423,205.52362320000066
1040,2.5730490684509277,,0.0005195,0.553801953792572,207.49893990000055
1050,2.491647720336914,,0.0005245,0.548973023891449,209.45422789999975
1060,2.4387130737304688,,0.0005295,0.5551996827125549,211.41397659999893
1070,2.5193428993225098,,0.0005344999999999999,0.5392731428146362,213.37940340000023
1080,2.4096438884735107,,0.0005394999999999999,0.5426934361457825,215.334927599999
1090,2.4326977729797363,,0.0005445,0.5683643817901611,217.30635599999914
1100,2.487497329711914,,0.0005495,0.5780854225158691,219.2654524999998
1110,2.4431748390197754,,0.0005545,0.5726054906845093,221.22509440000067
1120,2.494739294052124,,0.0005595,0.574569582939148,223.1967358999991
1130,2.5133516788482666,,0.0005645,0.5779857039451599,225.15595100000064
1140,2.31363582611084,,0.0005695,0.5524277091026306,227.1374777000001
1150,2.2994093894958496,,0.0005745,0.5408985614776611,229.09507949999897
1160,2.3527321815490723,,0.0005795,0.5299027562141418,231.05106460000025
1170,2.3611388206481934,,0.0005845000000000001,0.5304954648017883,233.0225835000001
1180,2.465817451477051,,0.0005895000000000001,0.5529441237449646,234.97866040000008
1190,2.386500835418701,,0.0005945,0.5761485695838928,236.95647289999943
1200,2.3060407638549805,,0.0005995,0.5414881110191345,238.91488740000023
1210,2.3795363903045654,,0.0006045,0.5488876700401306,240.87173059999986
1220,2.263003349304199,,0.0006095,0.5673777461051941,242.84464019999905
1230,2.401306629180908,,0.0006145,0.6029398441314697,244.80253989999983
1240,2.2515580654144287,,0.0006195,0.5636335611343384,246.77494040000056
1250,2.402395248413086,,0.0006245000000000001,0.5564533472061157,248.73751029999949
1260,2.3468058109283447,,0.0006295000000000001,0.5678794384002686,250.69958659999975
1270,2.3136065006256104,,0.0006345000000000001,0.5566892027854919,252.6810272999992
1280,2.409252405166626,,0.0006395000000000001,0.5508673191070557,254.63969240000006
1290,2.439453601837158,,0.0006445,0.6271054744720459,256.6117119999999
1300,2.442812442779541,,0.0006495,0.5609790086746216,258.5799719000006
1310,2.366452217102051,,0.0006544999999999999,0.5611396431922913,260.53751790000024
1320,2.416717767715454,,0.0006594999999999999,0.5768521428108215,262.5121729000002
1330,2.274775981903076,,0.0006644999999999999,0.5372337698936462,264.47628520000035
1340,2.429682731628418,,0.0006695,0.5867617130279541,266.43987930000003
1350,2.2122445106506348,,0.0006745,0.5198254585266113,268.4112915000005
1360,2.1542859077453613,,0.0006795,0.6112030744552612,270.3732961000005
1370,2.2804644107818604,,0.0006845,0.5471409559249878,272.3550013999993
1380,2.4370298385620117,,0.0006895,0.5724116563796997,274.31679339999937
1390,2.3671579360961914,,0.0006945,0.550749659538269,276.29231309999886
1400,2.292567253112793,,0.0006995,0.5561500787734985,278.2753757999999
1410,2.246455669403076,,0.0007045,0.5219606161117554,280.24998889999915
1420,2.3371944427490234,,0.0007095000000000001,0.5602946281433105,282.24066689999927
1430,2.207517147064209,,0.0007145000000000001,0.5425678491592407,284.2067225999999
1440,2.2900912761688232,,0.0007195,0.5377616882324219,286.1628865999992
1450,2.355599880218506,,0.0007245,0.5356147289276123,288.15573790000053
1460,2.2825355529785156,,0.0007295,0.546935498714447,290.1248405999995
1470,2.1519057750701904,,0.0007345,0.5394501686096191,292.11871900000006
1480,2.266853094100952,,0.0007395,0.5323312878608704,294.09853060000023
1490,2.2859153747558594,,0.0007445,0.5281763076782227,296.0670776999996
1500,2.2478981018066406,2.245637059211731,0.0007495000000000001,0.5490252375602722,299.35422499999913
1510,2.2333812713623047,,0.0007545000000000001,0.5261735916137695,301.32425909999984
1520,2.213693141937256,,0.0007595000000000001,0.5133622288703918,303.3115414999993
1530,2.1819543838500977,,0.0007645000000000001,0.5328981876373291,305.28584070000034
1540,2.161405324935913,,0.0007695,0.5195967555046082,307.2744038000001
1550,2.2476978302001953,,0.0007745,0.528098464012146,309.26422939999975
1560,2.1985726356506348,,0.0007794999999999999,0.5543145537376404,311.2276598999997
1570,2.2036020755767822,,0.0007844999999999999,0.5636591911315918,313.2228593
1580,2.2991786003112793,,0.0007894999999999999,0.5295888185501099,315.2063737999997
1590,2.1533164978027344,,0.0007945,0.490447998046875,317.1866661999993
1600,2.1879937648773193,,0.0007995,0.5355152487754822,319.1647888999996
1610,2.1384365558624268,,0.0008045,0.5525729060173035,321.1342590999993
1620,2.1491713523864746,,0.0008095,0.5227547883987427,323.1193158999995
1630,2.1068906784057617,,0.0008145,0.5007249712944031,325.0977576000005
1640,2.1367664337158203,,0.0008195,0.5117723345756531,327.0875703999991
1650,2.262951374053955,,0.0008245,0.539394199848175,329.05178800000067
1660,2.158766984939575,,0.0008295,0.5488573908805847,331.02552300000025
1670,2.2011945247650146,,0.0008345000000000001,0.5316646695137024,333.01436749999993
1680,2.116281032562256,,0.0008395000000000001,0.5295965075492859,334.9700498000002
1690,2.119076728820801,,0.0008445,0.5507243275642395,336.956232999999
1700,2.222916603088379,,0.0008495,0.5479961633682251,338.94568059999983
1710,2.190635919570923,,0.0008545,0.5258497595787048,340.9082151999992
1720,2.1202759742736816,,0.0008595,0.5295095443725586,342.9103295999994
1730,2.2536139488220215,,0.0008645,0.5585008263587952,344.8923673999998
1740,2.1427488327026367,,0.0008695,0.6391846537590027,346.8656391000004
1750,2.0905537605285645,,0.0008745000000000001,0.5122364163398743,348.85027869999976
1760,2.138054370880127,,0.0008795000000000001,0.5450288653373718,350.83106600000065
1770,2.0472028255462646,,0.0008845000000000001,0.5876228213310242,352.8146371999992
1780,2.1995294094085693,,0.0008895000000000001,0.537288248538971,354.78911829999925
1790,2.398583173751831,,0.0008945000000000001,0.5496423840522766,356.77528859999984
1800,2.239931106567383,,0.0008995,0.5384780764579773,358.7528681999993
1810,2.2400779724121094,,0.0009044999999999999,0.5223414301872253,360.72582560000046
1820,2.1089813709259033,,0.0009094999999999999,0.5195308923721313,362.70784210000056
1830,2.2742385864257812,,0.0009145,0.5259946584701538,364.6784160999996
1840,2.0298354625701904,,0.0009195,0.5023489594459534,366.66596480000044
1850,2.098522901535034,,0.0009245,0.5248429775238037,368.6452582999991
1860,2.066375970840454,,0.0009295,0.5347509384155273,370.60526949999985
1870,2.1780002117156982,,0.0009345,0.5346741676330566,372.5928158000006
1880,2.132575035095215,,0.0009395,0.5086724758148193,374.5798281999996
1890,2.077646255493164,,0.0009445,0.517867386341095,376.5453794999994
1900,2.1110079288482666,,0.0009495,0.5121534466743469,378.5406029000005
1910,2.1851718425750732,,0.0009545,0.5258471369743347,380.5219109999998
1920,2.1171646118164062,,0.0009595000000000001,0.488890141248703,382.5037579
1930,2.140861749649048,,0.0009645,0.5147822499275208,384.4747145000001
1940,2.0252182483673096,,0.0009695,0.508060872554779,386.4560220000003
1950,2.1555731296539307,,0.0009745,0.5235150456428528,388.44243330000063
1960,2.1491098403930664,,0.0009795000000000001,0.5018782615661621,390.41380129999925
1970,2.1032519340515137,,0.0009845000000000001,0.5153655409812927,392.4098756000003
1980,2.161412239074707,,0.0009895000000000001,0.5104215145111084,394.3815269000006
1990,2.1135566234588623,,0.0009945000000000002,0.4937869608402252,396.3528575
2000,2.154633045196533,2.1254088044166566,0.0009995,0.49645891785621643,399.6267962000002
2010,2.196744918823242,,0.0009999998754338423,0.5282106399536133,401.8145826
2020,2.27500581741333,,0.0009999994448348665,0.539982259273529,403.78541009999935
2030,2.236367702484131,,0.0009999987066655136,0.5993328094482422,405.7633358999992
2040,2.1052143573760986,,0.000999997660926288,0.5022586584091187,407.7642615999994
2050,2.104966163635254,,0.0009999963076179042,0.4832322299480438,409.7366146000004
2060,2.104038953781128,,0.0009999946467412876,0.5324555039405823,411.70934619999935
2070,1.9703227281570435,,0.000999992678297573,0.5081140398979187,413.68622329999926
2080,2.161527633666992,,0.0009999904022881061,0.5017961859703064,415.6593018000003
2090,2.046304225921631,,0.0009999878187144423,0.4920898675918579,417.6511245999991
2100,2.095940351486206,,0.0009999849275783475,0.4783623218536377,419.61979539999993
2110,2.088709831237793,,0.0009999817288817978,0.5017942190170288,421.58139819999997
2120,2.21986722946167,,0.0009999782226269795,0.5258830189704895,423.5773793999997
2130,2.1920342445373535,,0.000999974408816289,0.49344179034233093,425.5549226999992
2140,2.2795448303222656,,0.0009999702874523334,0.4846888780593872,427.5401091999993
2150,2.1017374992370605,,0.000999965858537929,0.497569739818573,429.51713500000005
2160,2.2125978469848633,,0.000999961122076103,0.49582841992378235,431.4912196999994
2170,2.0418004989624023,,0.0009999560780700936,0.5570512413978577,433.47387979999985
2180,2.1738338470458984,,0.0009999507265233472,0.5407704710960388,435.4536644
2190,2.0211710929870605,,0.000999945067439522,0.5101023316383362,437.4454645000005
2200,2.1923294067382812,,0.000999939100822486,0.519088089466095,439.4150785999991
2210,2.0094528198242188,,0.0009999328266763173,0.4902718961238861,441.3936847999994
2220,2.0531487464904785,,0.0009999262450053042,0.49497807025909424,443.3983647999994
2230,2.1019182205200195,,0.000999919355813945,0.47829025983810425,445.3715673000006
2240,2.1422128677368164,,0.000999912159106949,0.4991726279258728,447.3661572000001
2250,2.2468502521514893,,0.0009999046548892342,0.5145015120506287,449.3522766999995
2260,2.0650277137756348,,0.0009998968431659304,0.4936492443084717,451.3299229999993
2270,2.0509088039398193,,0.0009998887239423765,0.4682479798793793,453.32251949999954
2280,2.1595442295074463,,0.000999880297224122,0.5042320489883423,455.3013099999989
2290,2.140226364135742,,0.0009998715630169263,0.4936430752277374,457.2973087999999
2300,2.1376700401306152,,0.0009998625213267596,0.48926785588264465,459.2675402999994
2310,2.0591652393341064,,0.0009998531721598014,0.48361149430274963,461.239125099999
2320,2.0309462547302246,,0.0009998435155224418,0.4953427016735077,463.22720280000067
2330,1.8639543056488037,,0.0009998335514212814,0.46396929025650024,465.2078908000003
2340,1.8565218448638916,,0.0009998232798631298,0.45988333225250244,467.2013922999995
2350,2.0114874839782715,,0.0009998127008550085,0.49727916717529297,469.1907465000004
2360,2.0128862857818604,,0.0009998018144041472,0.5092995166778564,471.15965569999935
2370,1.9796271324157715,,0.0009997906205179874,0.48277100920677185,473.152976899999
2380,2.100832939147949,,0.0009997791192041798,0.4698244035243988,475.1399853999992
2390,2.1185922622680664,,0.0009997673104705854,0.504449725151062,477.11860929999966
2400,2.1304664611816406,,0.000999755194325275,0.4794501066207886,479.0812611000001
2410,2.077683448791504,,0.0009997427707765306,0.48373958468437195,481.0610235000004
2420,2.0970096588134766,,0.0009997300398328429,0.45941075682640076,483.0415594999995
2430,2.0019497871398926,,0.000999717001502914,0.4702621400356293,485.01459179999983
2440,2.032525062561035,,0.0009997036557956548,0.4640117287635803,487.00584100000015
2450,2.142534017562866,,0.0009996900027201875,0.49769625067710876,488.9863442999995
2460,2.1195154190063477,,0.0009996760422858436,0.46757328510284424,490.95706640000026
2470,1.9211111068725586,,0.000999661774502165,0.5030652284622192,492.94001729999945
2480,2.053419589996338,,0.0009996471993789036,0.5219261646270752,494.8977152999996
2490,2.0658884048461914,,0.0009996323169260213,0.498098760843277,496.8732622999996
2500,2.042166233062744,2.0206256747245788,0.0009996171271536903,0.47807425260543823,500.1228793999999
2510,2.0149898529052734,,0.0009996016300722924,0.470000296831131,502.10805529999925
2520,2.0264382362365723,,0.00099958582569242,0.48085933923721313,504.07513579999977
2530,1.9540849924087524,,0.0009995697140248749,0.45390892028808594,506.0495443
2540,2.088402271270752,,0.0009995532950806696,0.47928664088249207,508.02571030000036
2550,1.9155731201171875,,0.0009995365688710261,0.45808565616607666,510.0180507999994
2560,2.047771453857422,,0.0009995195354073763,0.47398024797439575,512.0021211000003
2570,2.0411200523376465,,0.0009995021947013633,0.5021085143089294,513.9785577999992
2580,2.0200843811035156,,0.0009994845467648386,0.4780549108982086,515.952956699999
2590,2.13862681388855,,0.0009994665916098645,0.48710083961486816,517.9458990999992
2600,2.042381763458252,,0.0009994483292487131,0.47579145431518555,519.9173226000003
2610,2.0029783248901367,,0.000999429759693867,0.45494186878204346,521.8959077
2620,1.9624263048171997,,0.000999410882958018,0.45989862084388733,523.8858445000005
2630,1.924048900604248,,0.000999391699054068,0.4782750606536865,525.8576414999989
2640,1.9764434099197388,,0.0009993722079951295,0.45993658900260925,527.8460761999995
2650,2.150744915008545,,0.0009993524097945236,0.4743945002555847,529.8358417
2660,2.0244140625,,0.0009993323044657832,0.4994778633117676,531.8143655000003
2670,1.9374189376831055,,0.0009993118920226497,0.44456955790519714,533.7917201
2680,2.011012315750122,,0.0009992911724790745,0.4868684709072113,535.7734966999997
2690,1.9958946704864502,,0.0009992701458492197,0.49884548783302307,537.7565307000004
2700,2.002929210662842,,0.0009992488121474564,0.47505030035972595,539.7303769999999
2710,1.9222201108932495,,0.0009992271713883663,0.4534763693809509,541.7158251000001
2720,1.9372129440307617,,0.0009992052235867402,0.49528300762176514,543.7032813999995
2730,2.041318655014038,,0.00099918296875758,0.4794662892818451,545.6686690999995
2740,1.9201310873031616,,0.000999160406916096,0.4519977569580078,547.6701429000004
2750,1.8704373836517334,,0.000999137538077709,0.47232747077941895,549.6532294999997
2760,2.0646986961364746,,0.0009991143622580501,0.4773159921169281,551.6145655
2770,2.054434299468994,,0.0009990908794729593,0.4830469489097595,553.6091457999992
2780,1.9124751091003418,,0.000999067089738487,0.46197861433029175,555.5871984999994
2790,1.9988116025924683,,0.0009990429930708936,0.4618879556655884,557.5759964999997
2800,1.8924221992492676,,0.0009990185894866485,0.464428186416626,559.5488831000002
2810,1.9708423614501953,,0.0009989938790024315,0.4573231041431427,561.5211672999994
2820,1.969466209411621,,0.000998968861635132,0.4668901562690735,563.5092268999997
2830,1.8711243867874146,,0.0009989435374018491,0.44874444603919983,565.4878150999994
2840,1.9429188966751099,,0.0009989179063198915,0.4661983847618103,567.4873843999994
2850,1.9618778228759766,,0.0009988919684067782,0.4582735002040863,569.4518384999992
2860,1.8722023963928223,,0.000998865723680237,0.44281327724456787,571.4218621
2870,1.934253454208374,,0.0009988391721582066,0.4566788375377655,573.4078823999989
2880,1.853671669960022,,0.000998812313858834,0.445871502161026,575.3922636000007
2890,1.9532021284103394,,0.0009987851488004772,0.46024540066719055,577.3792154999992
2900,2.0121428966522217,,0.0009987576770017028,0.46259281039237976,579.3605045999993
2910,1.9053715467453003,,0.0009987298984812877,0.46792343258857727,581.3280639000004
2920,2.0241847038269043,,0.0009987018132582184,0.47278812527656555,583.3223046999992
2930,2.0124735832214355,,0.0009986734213516906,0.524982213973999,585.2994839999992
2940,1.8602972030639648,,0.00099864472278111,0.4595041573047638,587.2801120999993
2950,1.9482917785644531,,0.000998615717566092,0.4609907865524292,589.2601376000002
2960,1.9339194297790527,,0.0009985864057264612,0.45003968477249146,591.2375369999991
2970,1.9509507417678833,,0.0009985567872822518,0.4505757689476013,593.2248622000006
2980,1.991012692451477,,0.0009985268622537083,0.46592745184898376,595.2053723999998
2990,1.919314980506897,,0.0009984966306612836,0.4472154378890991,597.1881577999993
3000,1.9234813451766968,1.9776541709899902,0.000998466092525641,0.47874584794044495,600.4461362000002
3010,1.8994989395141602,,0.0009984352478676526,0.46835774183273315,602.4353625999993
3020,2.0038812160491943,,0.000998404096708401,0.4687575101852417,604.4158891000006
3030,1.9081710577011108,,0.0009983726390691778,0.4437744617462158,606.3904440999995
3040,2.0196382999420166,,0.0009983408749714834,0.448654443025589,608.3621891999992
3050,1.9611002206802368,,0.0009983088044370285,0.4507148563861847,610.3192369999997
3060,1.9769917726516724,,0.0009982764274877333,0.45818576216697693,612.3005555999989
3070,1.987382411956787,,0.0009982437441457266,0.4521782696247101,614.2588921999995
3080,1.8783814907073975,,0.0009982107544333476,0.43618592619895935,616.2161911999992
3090,2.0039753913879395,,0.0009981774583731444,0.46195095777511597,618.1920891999998
3100,1.9490251541137695,,0.0009981438559878745,0.4475228488445282,620.1575933999993
3110,2.0519449710845947,,0.0009981099473005046,0.4952836036682129,622.1239662999997
3120,1.8056366443634033,,0.0009980757323342112,0.45540928840637207,624.0988914999998
3130,1.7976996898651123,,0.0009980412111123798,0.4497554302215576,626.0570735000001
3140,1.926490306854248,,0.0009980063836586056,0.468500018119812,628.0334289000002
3150,1.9544754028320312,,0.0009979712499966925,0.46389371156692505,630.0064361999994
3160,1.996065378189087,,0.0009979358101506542,0.4670354425907135,631.9840057000001
3170,2.020648241043091,,0.0009979000641447133,0.46874111890792847,633.9562628999993
3180,1.982738971710205,,0.0009978640120033022,0.46981364488601685,635.9321920000002
3190,2.0302531719207764,,0.0009978276537510617,0.45886632800102234,637.9201448000003
3200,1.822655439376831,,0.0009977909894128428,0.4375649094581604,639.8787243999996
3210,1.95791757106781,,0.0009977540190137051,0.43735766410827637,641.8580261999996
3220,2.0361485481262207,,0.0009977167425789172,0.4580608606338501,643.8303962999998
3230,1.97407066822052,,0.0009976791601339578,0.49387797713279724,645.8066113000004
3240,2.066347599029541,,0.0009976412717045138,0.46505415439605713,647.796350999999
3250,1.8690202236175537,,0.0009976030773164815,0.4575696885585785,649.7583689999992
3260,1.8479233980178833,,0.0009975645769959665,0.4263111352920532,651.7243122
3270,1.942718505859375,,0.0009975257707692834,0.44377046823501587,653.7269333999993
3280,1.9684584140777588,,0.000997486658662956,0.4558970332145691,655.6939528999992
3290,1.8361544609069824,,0.0009974472407037166,0.4374788701534271,657.682893199999
3300,1.9318056106567383,,0.0009974075169185076,0.4437648057937622,659.6618044999996
3310,1.9197638034820557,,0.0009973674873344797,0.4405563473701477,661.6261859000006
3320,1.8731329441070557,,0.0009973271519789924,0.46263769268989563,663.6289292000001
3330,2.008995771408081,,0.0009972865108796149,0.45615148544311523,665.6040594999995
3340,1.9969793558120728,,0.000997245564064125,0.4367482364177704,667.5816947000003
3350,1.9686646461486816,,0.000997204311560509,0.4632320702075958,669.5647491999989
3360,1.9961706399917603,,0.000997162753396963,0.47984209656715393,671.5446276999992
3370,1.8895695209503174,,0.000997120889601892,0.4597470164299011,673.5285910999992
3380,1.897995948791504,,0.0009970787202039084,0.4460793733596802,675.5044574999993
3390,1.8926591873168945,,0.0009970362452318357,0.4883899390697479,677.4930095999989
3400,1.9528825283050537,,0.0009969934647147045,0.4572110176086426,679.4591242000006
3410,1.897615671157837,,0.0009969503786817551,0.4651309549808502,681.4445030999996
3420,1.8907119035720825,,0.0009969069871624365,0.4502124786376953,683.4221443000006
3430,1.908303141593933,,0.0009968632901864061,0.43737947940826416,685.3818038999998
3440,1.9281013011932373,,0.0009968192877835304,0.4467924237251282,687.3610100000005
3450,1.9286644458770752,,0.000996774979983885,0.4662731885910034,689.3352092999994
3460,1.8653411865234375,,0.0009967303668177534,0.46699389815330505,691.3144176000005
3470,1.978096842765808,,0.0009966854483156287,0.46700963377952576,693.3064195000006
3480,1.8081388473510742,,0.000996640224508212,0.46780872344970703,695.2928659999998
3490,1.9952305555343628,,0.0009965946954264135,0.4684910178184509,697.2645309
3500,1.9480658769607544,1.8725835025310515,0.0009965488611013516,0.43612244725227356,700.5311108000005
3510,1.9445085525512695,,0.0009965027215643539,0.4486822187900543,702.5135793999998
3520,1.8997074365615845,,0.0009964562768469563,0.45304998755455017,704.4979425999991
3530,1.8839908838272095,,0.0009964095269809035,0.4233846962451935,706.4694645999989
3540,1.8741059303283691,,0.0009963624719981482,0.4332015812397003,708.4583889999994
3550,1.9617741107940674,,0.0009963151119308522,0.44484397768974304,710.4378102999999
3560,1.9536876678466797,,0.0009962674468113857,0.4773179590702057,712.4164660999995
3570,1.8678518533706665,,0.0009962194766723275,0.45179393887519836,714.4089764
3580,2.015909194946289,,0.0009961712015464645,0.5056432485580444,716.3834668999989
3590,1.933488368988037,,0.0009961226214667924,0.44559183716773987,718.3643529000001
3600,1.9696354866027832,,0.0009960737364665153,0.4402986764907837,720.3462404999991
3610,1.8568298816680908,,0.0009960245465790453,0.4410940110683441,722.334954599999
3620,1.8478009700775146,,0.0009959750518380036,0.4424293339252472,724.311974799999
3630,1.918613076210022,,0.0009959252522772194,0.4667252004146576,726.2866873000003
3640,1.905484676361084,,0.00099587514793073,0.4303538501262665,728.2655968999989
3650,1.9164040088653564,,0.0009958247388327814,0.4554043114185333,730.2277020000001
3660,1.8009475469589233,,0.0009957740250178275,0.44482192397117615,732.2194485999989
3670,1.8599952459335327,,0.000995723006520531,0.44058555364608765,734.1983058999995
3680,1.7872381210327148,,0.0009956716833757625,0.4363339841365814,736.1595866999996
3690,1.9313256740570068,,0.0009956200556186009,0.4487624764442444,738.147289999999
3700,1.8480594158172607,,0.000995568123284333,0.4623292088508606,740.1270741999997
3710,1.886192798614502,,0.0009955158864084547,0.45393332839012146,742.0963546999992
3720,1.8321428298950195,,0.0009954633450266687,0.4698576033115387,744.0750979000004
3730,1.8579022884368896,,0.0009954104991748867,0.42318472266197205,746.040597199999
3740,1.8653624057769775,,0.0009953573488892288,0.4397229254245758,748.0219596999996
3750,1.884415626525879,,0.0009953038942060223,0.471237450838089,750.0036345999997
3760,1.8611259460449219,,0.000995250135161803,0.44284412264823914,751.9759281000006
3770,1.9033126831054688,,0.0009951960717933148,0.4666562080383301,753.9610348000006
3780,1.8523447513580322,,0.0009951417041375093,0.4476684629917145,755.9388982
3790,1.9375956058502197,,0.0009950870322315468,0.46375536918640137,757.9208670999997
3800,1.9207305908203125,,0.0009950320561127946,0.4570508301258087,759.8815892999992
3810,1.8827953338623047,,0.0009949767758188285,0.45073598623275757,761.8524784000001
3820,1.8954851627349854,,0.0009949211913874317,0.4338979125022888,763.8315115999994
3830,1.8880715370178223,,0.0009948653028565963,0.42886021733283997,765.8137021999992
3840,1.8930888175964355,,0.000994809110264521,0.4410017132759094,767.8001758999999
3850,1.94293212890625,,0.0009947526136496131,0.46994006633758545,769.7596278000001
3860,1.8961513042449951,,0.0009946958130504877,0.45124855637550354,771.7271424999999
3870,1.7161881923675537,,0.0009946387085059674,0.4238148629665375,773.7106002
3880,1.9516620635986328,,0.0009945813000550822,0.4562387466430664,775.6824608999996
3890,2.0523476600646973,,0.0009945235877370708,0.45627251267433167,777.6683002999998
3900,1.9661738872528076,,0.0009944655715913788,0.44247180223464966,779.6314521000004
3910,1.8888773918151855,,0.0009944072516576594,0.4304351806640625,781.5890135999998
3920,1.8131811618804932,,0.0009943486279757744,0.440505713224411,783.5837835000002
3930,1.8394395112991333,,0.0009942897005857918,0.4316820204257965,785.5608138999996
3940,1.8200087547302246,,0.0009942304695279883,0.44599100947380066,787.5370588000005
3950,1.8752055168151855,,0.000994170934842848,0.44006338715553284,789.5294314999992
3960,1.9679797887802124,,0.000994111096571062,0.44841936230659485,791.5021864999999
3970,1.8723946809768677,,0.0009940509547535289,0.4426966607570648,793.4921976000005
3980,1.9359937906265259,,0.0009939905094313555,0.4435175657272339,795.4618731999999
3990,1.8396284580230713,,0.0009939297606458555,0.42649000883102417,797.4402700999999
4000,1.9374321699142456,1.820260864496231,0.0009938687084385502,0.43109118938446045,800.6744498999997
4010,1.8849353790283203,,0.000993807352851168,0.44274505972862244,802.8572463
4020,1.8309919834136963,,0.000993745693925645,0.43143272399902344,804.8125612000003
4030,1.9399104118347168,,0.0009936837317041244,0.44426149129867554,806.7753014999998
4040,1.8807644844055176,,0.000993621466228957,0.43934914469718933,808.7520218999998
4050,1.9240516424179077,,0.0009935588975427004,0.4439411163330078,810.711166699999
4060,1.7961879968643188,,0.00099349602568812,0.44358301162719727,812.6839359999994
4070,1.9571154117584229,,0.0009934328507081877,0.44433358311653137,814.6446503000006
4080,1.7634432315826416,,0.0009933693726460835,0.42285728454589844,816.6009219999996
4090,2.0138473510742188,,0.000993305591545194,0.4449252486228943,818.5732133999991
4100,1.7940165996551514,,0.0009932415074491124,0.41914984583854675,820.5329074000001
4110,1.7782182693481445,,0.00099317712040164,0.4188319146633148,822.5040568999993
4120,1.7724894285202026,,0.000993112430446785,0.4416210353374481,824.4632495000005
4130,1.7722680568695068,,0.000993047437628762,0.4296972155570984,826.4227981000004
4140,1.8701540231704712,,0.000992982141991993,0.4295642077922821,828.3988465000002
4150,1.8728517293930054,,0.000992916543581107,0.435375452041626,830.3566391000004
4160,1.9054819345474243,,0.0009928506424409398,0.4174405336380005,832.3236668999998
4170,1.754982352256775,,0.0009927844386165346,0.4190830886363983,834.2868555000005
4180,1.791355013847351,,0.0009927179321531406,0.4445321261882782,836.2436041000001
4190,1.9171552658081055,,0.0009926511230962146,0.42992424964904785,838.2211564999998
4200,1.8776631355285645,,0.0009925840114914201,0.44763877987861633,840.1826318999993
4210,1.9813380241394043,,0.000992516597384627,0.4967305660247803,842.1480164999994
4220,2.0484671592712402,,0.000992448880821912,0.4419167637825012,844.1143462999989
4230,1.9412615299224854,,0.0009923808618495591,0.45662230253219604,846.0765408000007
4240,1.7758479118347168,,0.0009923125405140588,0.433929979801178,848.0523751000001
4250,1.7313799858093262,,0.0009922439168621076,0.4048912227153778,850.008887
4260,1.8351869583129883,,0.0009921749909406095,0.4365570843219757,851.972726
4270,1.831507682800293,,0.0009921057627966742,0.4436214864253998,853.9514017000001
4280,1.8669489622116089,,0.0009920362324776191,0.4490913450717926,855.9084695999991
4290,1.7005836963653564,,0.0009919664000309673,0.4213399291038513,857.8879775999994
4300,1.81050705909729,,0.0009918962655044484,0.42761629819869995,859.8454963000004
4310,1.8730437755584717,,0.000991825828945999,0.44180285930633545,861.8032039999998
4320,1.8290599584579468,,0.0009917550904037615,0.4361313283443451,863.7799302999993
4330,1.7623541355133057,,0.0009916840499260855,0.4272156059741974,865.7424345
4340,1.7942664623260498,,0.0009916127075615259,0.42276400327682495,867.7126575000002
4350,1.766813039779663,,0.0009915410633588452,0.4177243411540985,869.6722578999997
4360,1.8160425424575806,,0.0009914691173670109,0.41585975885391235,871.6331917999996
4370,1.8555190563201904,,0.0009913968696351977,0.44510412216186523,873.6075787999998
4380,1.8186272382736206,,0.0009913243202127862,0.4344509243965149,875.5703924999998
4390,1.811405897140503,,0.0009912514691493633,0.43726983666419983,877.5411566999992
4400,1.800877571105957,,0.0009911783164947223,0.4281954765319824,879.5087721999989
4410,1.8658537864685059,,0.0009911048622988615,0.45330145955085754,881.4684787000006
4420,1.8041982650756836,,0.000991031106611987,0.4502854347229004,883.4408062999992
4430,1.732112169265747,,0.0009909570494845098,0.45714256167411804,885.3961736000001
4440,1.7898973226547241,,0.0009908826909670473,0.4330132007598877,887.3648143999999
4450,1.7639033794403076,,0.0009908080311104228,0.4131541848182678,889.3300748000001
4460,1.9896165132522583,,0.0009907330699656656,0.4291861057281494,891.2855588999992
4470,1.8139333724975586,,0.0009906578075840108,0.43058428168296814,893.2599986000005
4480,1.7498735189437866,,0.0009905822440168996,0.4418267011642456,895.2214134000005
4490,1.8166701793670654,,0.0009905063793159792,0.42602989077568054,897.1822610999989
4500,1.989795207977295,1.8021358370780944,0.0009904302135331023,0.44136980175971985,900.4239885000006
4510,1.837700366973877,,0.0009903537467203275,0.4251880645751953,902.3916487999995
4520,1.812333345413208,,0.000990276978929919,0.4565216600894928,904.3554530000001
4530,1.8110524415969849,,0.000990199910214347,0.4358448088169098,906.3119219
4540,1.7995966672897339,,0.0009901225406262872,0.4297507405281067,908.2844341
4550,1.8369956016540527,,0.000990044870218621,0.4500097334384918,910.2452054000005
4560,1.8188222646713257,,0.0009899668990444354,0.42311444878578186,912.2095300000001
4570,1.98445725440979,,0.0009898886271570227,0.45537641644477844,914.1806584999995
4580,1.820801019668579,,0.0009898100546098815,0.4115413427352905,916.1362172999998
4590,1.7091751098632812,,0.000989731181456715,0.4610968232154846,918.113131099999
4600,1.837018370628357,,0.0009896520077514327,0.4200746417045593,920.0723961000003
4610,1.8268998861312866,,0.0009895725335481486,0.4483335018157959,922.0326846999997
4620,1.8718801736831665,,0.0009894927589011826,0.44095689058303833,924.0100327
4630,1.8248080015182495,,0.0009894126838650601,0.44871053099632263,925.969382199999
4640,1.8235199451446533,,0.0009893323084945117,0.4285264313220978,927.9427777000001
4650,1.7494233846664429,,0.000989251632844473,0.48714759945869446,929.901281299999
4660,1.7797322273254395,,0.0009891706569700853,0.41700467467308044,931.8596847999997
4670,1.740977168083191,,0.0009890893809266946,0.3977126479148865,933.8316426000001
4680,1.764583706855774,,0.0009890078047698522,0.4278969168663025,935.797219
4690,1.8687719106674194,,0.0009889259285553152,0.43328920006752014,937.7711094999995
4700,1.7670058012008667,,0.0009888437523390447,0.4180130958557129,939.726944
4710,1.7945103645324707,,0.0009887612761772073,0.42372018098831177,941.6837801999991
4720,1.7965283393859863,,0.0009886785001261753,0.4475989043712616,943.6628523999989
4730,1.7432501316070557,,0.0009885954242425247,0.43303582072257996,945.6278292000006
4740,1.913304328918457,,0.0009885120485830375,0.4365520775318146,947.5997590999996
4750,1.944772481918335,,0.0009884283732046997,0.4528559744358063,949.5638404000001
4760,1.9306752681732178,,0.0009883443981647032,0.44375160336494446,951.5214350999995
4770,1.8384273052215576,,0.0009882601235204438,0.42708441615104675,953.4977414000005
4780,1.7516489028930664,,0.0009881755493295226,0.41380345821380615,955.4556706999992
4790,1.8027219772338867,,0.0009880906756497452,0.45932385325431824,957.4220327000003
4800,1.7951394319534302,,0.000988005502539122,0.422508180141449,959.3878224
4810,1.7407255172729492,,0.0009879200300558677,0.43288442492485046,961.3442259999993
4820,1.8571817874908447,,0.0009878342582584024,0.4328221082687378,963.3182416999989
4830,1.7614409923553467,,0.00098774818720535,0.44207078218460083,965.2767684999999
4840,1.8403849601745605,,0.0009876618169555394,0.4211082458496094,967.2351237999992
4850,1.6985089778900146,,0.000987575147568004,0.4564535319805145,969.208220999999
4860,1.686882734298706,,0.0009874881791019812,0.415780633687973,971.1692905999989
4870,1.887275218963623,,0.000987400911616913,0.4371662139892578,973.1474498999996
4880,1.8166561126708984,,0.0009873133451724467,0.47671714425086975,975.1040365999997
4890,1.8941926956176758,,0.0009872254798284322,0.43288150429725647,977.0620146000001
4900,1.7756075859069824,,0.000987137315644925,0.42740964889526367,979.0352225000006
4910,1.672458291053772,,0.0009870488526821845,0.40148496627807617,980.9948793000003
4920,1.881192684173584,,0.0009869600910006745,0.4207381010055542,982.9679658000005
4930,1.6430559158325195,,0.0009868710306610625,0.40648484230041504,984.9310795999991
4940,1.7386529445648193,,0.0009867816717242205,0.4285214841365814,986.8896660999999
4950,1.7685004472732544,,0.0009866920142512245,0.4036603569984436,988.8644449000003
4960,1.8522109985351562,,0.0009866020583033546,0.4235883951187134,990.827165499999
4970,1.7212750911712646,,0.0009865118039420946,0.4144878685474396,992.8049828999992
4980,1.8969345092773438,,0.0009864212512291327,0.4363851845264435,994.7737355999998
4990,1.890759825706482,,0.0009863304002263608,0.4503791928291321,996.7432484000001
5000,1.7242040634155273,1.808999478816986,0.0009862392509958748,0.413673460483551,999.9843707
5010,1.873849630355835,,0.000986147803599974,0.43713366985321045,1001.9586550000004
5020,1.7260196208953857,,0.0009860560581011622,0.42019975185394287,1003.9414218999991
5030,1.6850509643554688,,0.0009859640145621466,0.4106922745704651,1005.912177799999
5040,1.773772120475769,,0.0009858716730458377,0.45705676078796387,1007.9048134999994
5050,1.7987967729568481,,0.0009857790336153505,0.4528299570083618,1009.8852709000003
5060,1.7629090547561646,,0.000985686096334003,0.40704959630966187,1011.857320699999
5070,1.9080314636230469,,0.0009855928612653169,0.44737038016319275,1013.8373842000001
5080,1.774732232093811,,0.0009854993284730174,0.4177643358707428,1015.8191277000005
5090,1.7096331119537354,,0.0009854054980210332,0.425963431596756,1017.7977123000001
5100,1.7823376655578613,,0.0009853113699734972,0.406807005405426,1019.7757691999996
5110,1.7413562536239624,,0.0009852169443947442,0.41951751708984375,1021.7790458999989
5120,1.8764879703521729,,0.0009851222213493136,0.43759608268737793,1023.7889684000002
5130,1.7188489437103271,,0.000985027200901948,0.44902503490448,1025.7675428999992
5140,1.823674201965332,,0.0009849318831175922,0.4107089042663574,1027.760545699999
5150,1.7735130786895752,,0.0009848362680613956,0.41229602694511414,1029.7551492000002
5160,1.7363218069076538,,0.0009847403557987102,0.44648995995521545,1031.744667699999
5170,1.8354110717773438,,0.000984644146395091,0.41999173164367676,1033.7150858000005
5180,1.7150158882141113,,0.0009845476399162958,0.4160527288913727,1035.6902928
5190,1.8213346004486084,,0.0009844508364282867,0.4335477352142334,1037.6977141999996
5200,1.8597298860549927,,0.0009843537359972272,0.4507195055484772,1039.6804114000006
5210,1.8900551795959473,,0.000984256338689485,0.4202629327774048,1041.660742099999
5220,1.791023850440979,,0.00098415864457163,0.42280471324920654,1043.656044899999
5230,1.8024559020996094,,0.0009840606537104355,0.4183945655822754,1045.6432958999994
5240,1.7836437225341797,,0.000983962366172877,0.42499715089797974,1047.6324363000003
5250,1.797780156135559,,0.0009838637820261333,0.4321215748786926,1049.6380647000005
5260,1.880218267440796,,0.0009837649013375856,0.4408719837665558,1051.6231585000005
5270,1.7627904415130615,,0.0009836657241748179,0.42895787954330444,1053.605825999999
5280,1.886338233947754,,0.0009835662506056174,0.43680399656295776,1055.5983288000007
5290,1.706376552581787,,0.0009834664806979724,0.3946012258529663,1057.5874705999995
5300,1.6804475784301758,,0.0009833664145200754,0.40837961435317993,1059.6052514999992
5310,1.7260913848876953,,0.0009832660521403205,0.4323468804359436,1061.5911765
5320,1.841350793838501,,0.0009831653936273044,0.42679232358932495,1063.5967626000001
5330,1.8698179721832275,,0.000983064439049826,0.432600736618042,1065.579345
5340,1.7389490604400635,,0.0009829631884768874,0.4128010869026184,1067.5798687000006
5350,1.8034619092941284,,0.000982861641977692,0.432676762342453,1069.5725253
5360,1.8938056230545044,,0.0009827597996216457,0.44856899976730347,1071.5435195999999
5370,1.8942420482635498,,0.0009826576614783574,0.44266626238822937,1073.5469730000004
5380,1.7709410190582275,,0.0009825552276176372,0.40735095739364624,1075.5392259
5390,1.8108384609222412,,0.0009824524981094974,0.43108177185058594,1077.5209364000002
5400,1.7413740158081055,,0.000982349473024153,0.4224254786968231,1079.5188309999994
5410,1.659590482711792,,0.0009822461524320208,0.42522791028022766,1081.5175801000005
5420,1.7825719118118286,,0.0009821425364037188,0.4125204384326935,1083.5106684000002
5430,1.6612327098846436,,0.0009820386250100684,0.4503147304058075,1085.4859348999998
5440,1.7624342441558838,,0.0009819344183220917,0.4184270203113556,1087.4784347999994
5450,1.6077412366867065,,0.0009818299164110129,0.43443089723587036,1089.5021569
5460,1.8642284870147705,,0.0009817251193482582,0.4252859354019165,1091.4877032000004
5470,1.7561161518096924,,0.0009816200272054552,0.4164597690105438,1093.4973439000005
5480,1.9529131650924683,,0.0009815146400544337,0.4558209478855133,1095.4965742999993
5490,1.7721140384674072,,0.0009814089579672247,0.43714088201522827,1097.5027964
5500,1.7300708293914795,1.7649164736270904,0.0009813029810160606,0.40948250889778137,1100.7919000000002
5510,1.6934089660644531,,0.000981196709273376,0.40752366185188293,1102.7912747999999
5520,1.8677583932876587,,0.0009810901428118069,0.45367106795310974,1104.7755634000005
5530,1.8580849170684814,,0.0009809832817041896,0.41936787962913513,1106.7756233
5540,1.7604827880859375,,0.0009808761260235636,0.4232938289642334,1108.7847849999998
5550,1.726505994796753,,0.000980768675843168,0.40020251274108887,1110.8020429999997
5560,1.762945532798767,,0.0009806609312364447,0.4294402003288269,1112.7981786
5570,1.7181789875030518,,0.0009805528922770357,0.4125501215457916,1114.7854007999995
5580,1.7132259607315063,,0.0009804445590387847,0.41723883152008057,1116.7854895
5590,1.7770658731460571,,0.0009803359315957365,0.43319210410118103,1118.8007271000006
5600,1.8245311975479126,,0.0009802270100221367,0.43159571290016174,1120.7957999999999
5610,1.6770341396331787,,0.0009801177943924324,0.39857789874076843,1122.8085351999998
5620,1.807564616203308,,0.0009800082847812716,0.41986700892448425,1124.7873132000004
5630,1.6925939321517944,,0.0009798984812635027,0.3997827470302582,1126.7872604999993
5640,1.7391161918640137,,0.0009797883839141755,0.4065292477607727,1128.7867640999993
5650,1.8607268333435059,,0.0009796779928085407,0.43674689531326294,1130.7759666999991
5660,1.7221598625183105,,0.0009795673080220495,0.4316052794456482,1132.770167999999
5670,1.727623701095581,,0.0009794563296303537,0.3951819837093353,1134.7799667999989
5680,1.7999193668365479,,0.0009793450577093063,0.40475714206695557,1136.7746972000004
5690,1.778725504875183,,0.0009792334923349603,0.4325866401195526,1138.786418399999
5700,1.7501786947250366,,0.0009791216335835696,0.4500809907913208,1140.7598202999998
5710,1.7639052867889404,,0.0009790094815315888,0.416431725025177,1142.7678579999993
5720,1.8267606496810913,,0.0009788970362556728,0.42582088708877563,1144.7733697999993
5730,1.8308818340301514,,0.0009787842978326766,0.41844263672828674,1146.7552501999999
5740,1.8791269063949585,,0.0009786712663396562,0.43083763122558594,1148.7627661999995
5750,1.7801520824432373,,0.0009785579418538674,0.4314787983894348,1150.7509735000003
5760,1.7239136695861816,,0.0009784443244527663,0.43833160400390625,1152.7432009999993
5770,1.6777949333190918,,0.0009783304142140094,0.40286654233932495,1154.7298861999989
5780,1.7690682411193848,,0.0009782162112154534,0.4432394802570343,1156.709989699999
5790,1.9170112609863281,,0.0009781017155351547,0.4474046528339386,1158.739953299999
5800,1.8150016069412231,,0.0009779869272513702,0.42513957619667053,1160.7276182999994
5810,1.70078706741333,,0.0009778718464425568,0.41033220291137695,1162.7158450000006
5820,1.723632574081421,,0.000977756473187371,0.43254923820495605,1164.7134256999998
5830,1.7933547496795654,,0.000977640807564669,0.4258362948894501,1166.7159147000002
5840,1.8869783878326416,,0.0009775248496535077,0.4281766712665558,1168.7017529000004
5850,1.7367831468582153,,0.0009774085995331427,0.4066501557826996,1170.6803688
5860,1.7305654287338257,,0.0009772920572830304,0.45801523327827454,1172.6746984000001
5870,1.8011577129364014,,0.0009771752229828258,0.4336736500263214,1174.7055996
5880,1.8213491439819336,,0.0009770580967123847,0.4216057062149048,1176.6811041
5890,1.7345882654190063,,0.0009769406785517611,0.44920772314071655,1178.694155199999
5900,1.7035579681396484,,0.0009768229685812096,0.4351632297039032,1180.689434
5910,1.663177490234375,,0.0009767049668811837,0.4320274889469147,1182.7018867000006
5920,1.7805438041687012,,0.0009765866735323367,0.45200178027153015,1184.720211599999
5930,1.79971182346344,,0.0009764680886155208,0.4180627763271332,1186.7134293999989
5940,1.7180994749069214,,0.0009763492122117877,0.41194891929626465,1188.7138183000006
5950,1.7207025289535522,,0.0009762300444023881,0.4102041721343994,1190.6951119000005
5960,1.6973243951797485,,0.0009761105852687724,0.4132035970687866,1192.7009495999991
5970,1.720538854598999,,0.0009759908348925897,0.4027325510978699,1194.6946150999993
5980,1.7341444492340088,,0.000975870793355688,0.4271273612976074,1196.689260199999
5990,1.6874191761016846,,0.0009757504607401148,0.4164332151412964,1198.6878739000003
6000,1.7012752294540405,1.7536336123943328,0.0009756298371281165,0.41334858536720276,1201.9714523000002
6010,1.7389516830444336,,0.0009755089226021377,0.41813403367996216,1204.1610443999998
6020,1.747636318206787,,0.0009753877172448228,0.43121474981307983,1206.1388026000004
6030,1.726596474647522,,0.0009752662211390142,0.42511266469955444,1208.1572290000004
6040,1.6959984302520752,,0.0009751444343677536,0.443195641040802,1210.1479961000005
6050,1.6721335649490356,,0.0009750223570142809,0.43365710973739624,1212.1346030000004
6060,1.6818864345550537,,0.0009748999891620349,0.4045907258987427,1214.1349463999995
6070,1.6842546463012695,,0.000974777330894653,0.42603692412376404,1216.1138169000005
6080,1.7807300090789795,,0.0009746543822959706,0.4040689170360565,1218.1337124000001
6090,1.831668734550476,,0.0009745311434500223,0.4113868176937103,1220.1313596
6100,1.7254104614257812,,0.0009744076144410405,0.44842538237571716,1222.1078175000002
6110,1.7052087783813477,,0.0009742837953534563,0.42166170477867126,1224.1166890999993
6120,1.7810850143432617,,0.0009741596862718985,0.4364807605743408,1226.1099300999995
6130,1.8010817766189575,,0.0009740352872811949,0.43765759468078613,1228.1023249999998
6140,1.6581923961639404,,0.0009739105984663708,0.4031680226325989,1230.0828065999995
6150,1.7988717555999756,,0.0009737856199126499,0.4248508810997009,1232.0865892000002
6160,1.6878342628479004,,0.0009736603517054538,0.45523595809936523,1234.1028643999998
6170,1.6748173236846924,,0.0009735347939304021,0.411588579416275,1236.0799669999997
6180,1.7033233642578125,,0.0009734089466733126,0.43115249276161194,1238.0758898000004
6190,1.7518815994262695,,0.0009732828100202006,0.4124305546283722,1240.063069599999
6200,1.7248460054397583,,0.0009731563840572792,0.42586880922317505,1242.0544685000004
6210,1.7438392639160156,,0.0009730296688709594,0.4210146367549896,1244.0551569
6220,1.8019564151763916,,0.0009729026645478498,0.45030850172042847,1246.0573881
6230,1.7177841663360596,,0.0009727753711747569,0.4235909879207611,1248.0503472
6240,1.8253190517425537,,0.000972647788838684,0.4197959303855896,1250.054924
6250,1.6481298208236694,,0.0009725199176268331,0.40634244680404663,1252.022515499999
6260,1.7351789474487305,,0.0009723917576266025,0.40961953997612,1254.0302145000005
6270,1.624589204788208,,0.0009722633089255885,0.42069610953330994,1256.0203077000006
6280,1.6488264799118042,,0.0009721345716115845,0.4185883402824402,1258.0251728999992
6290,1.7029961347579956,,0.0009720055457725813,0.42125025391578674,1259.9993525999998
6300,1.8070627450942993,,0.0009718762314967668,0.4213152527809143,1262.0005101999996
6310,1.6501997709274292,,0.0009717466288725262,0.4154905080795288,1264.0114338999992
6320,1.7467448711395264,,0.0009716167379884416,0.42790907621383667,1266.0031930000005
6330,1.6510637998580933,,0.0009714865589332924,0.4070235788822174,1268.0037226000004
6340,1.7477796077728271,,0.0009713560917960542,0.402833491563797,1270.0074888999989
6350,1.6752926111221313,,0.0009712253366659005,0.4176512658596039,1271.9954638999989
6360,1.7189853191375732,,0.0009710942936322013,0.404642790555954,1274.0310054000001
6370,1.7979755401611328,,0.0009709629627845228,0.4275569021701813,1276.0011584000003
6380,1.8318688869476318,,0.0009708313442126288,0.4249788224697113,1278.0013669
6390,1.638832926750183,,0.0009706994380064792,0.4120276868343353,1279.9897466000002
6400,1.8053689002990723,,0.0009705672442562308,0.3981093466281891,1281.9918715999993
6410,1.6700838804244995,,0.0009704347630522366,0.4022688865661621,1283.977470599999
6420,1.7694149017333984,,0.0009703019944850463,0.4310579001903534,1285.9824303999994
6430,1.807114839553833,,0.0009701689386454061,0.40588459372520447,1287.9771784999994
6440,1.87159264087677,,0.0009700355956242581,0.44775456190109253,1289.9838139999993
6450,1.6611073017120361,,0.0009699019655127413,0.3951528072357178,1291.9696961999998
6460,1.7445240020751953,,0.0009697680484021904,0.4005372226238251,1293.9819057999994
6470,1.787491798400879,,0.0009696338443841367,0.4255657494068146,1295.9615560000002
6480,1.6985445022583008,,0.0009694993535503073,0.42444658279418945,1297.9784149999996
6490,1.8395246267318726,,0.0009693645759926252,0.45684298872947693,1299.9462120999997
6500,1.6433380842208862,1.6993444323539735,0.00096922951180321,0.4273280203342438,1303.2247097
6510,1.7718912363052368,,0.0009690941610743764,0.41582807898521423,1305.2342683999996
6520,1.7660908699035645,,0.0009689585238986358,0.41732150316238403,1307.2157989000007
6530,1.6943612098693848,,0.0009688226003686944,0.4122949242591858,1309.220146399999
6540,1.642284631729126,,0.000968686390577455,0.4248690903186798,1311.1988669000002
6550,1.7020208835601807,,0.0009685498946180156,0.4553786814212799,1313.1973443999996
6560,1.6633716821670532,,0.0009684131125836699,0.40849778056144714,1315.2022304000002
6570,1.7450965642929077,,0.0009682760445679072,0.40942704677581787,1317.1700409999994
6580,1.711759090423584,,0.0009681386906644122,0.41191768646240234,1319.1717946999997
6590,1.6627357006072998,,0.0009680010509670648,0.4124237596988678,1321.1514241999994
6600,1.8143274784088135,,0.0009678631255699405,0.42071616649627686,1323.1472269999995
6610,1.5736095905303955,,0.0009677249145673103,0.41718804836273193,1325.1096684999993
6620,1.7462513446807861,,0.0009675864180536399,0.42946088314056396,1327.0921612999991
6630,1.677883505821228,,0.0009674476361235903,0.43069401383399963,1329.1337944999996
6640,1.6030913591384888,,0.0009673085688720178,0.39453110098838806,1331.1068809999997
6650,1.6264593601226807,,0.0009671692163939733,0.4527430534362793,1333.1166099999991
6660,1.7287609577178955,,0.0009670295787847031,0.405332088470459,1335.1158104000006
6670,1.8100281953811646,,0.0009668896561396481,0.40350857377052307,1337.1098497999992
6680,1.7289447784423828,,0.0009667494485544443,0.40309298038482666,1339.0877424999999
6690,1.722833275794983,,0.0009666089561249222,0.43232572078704834,1341.0611532000003
6700,1.783975601196289,,0.0009664681789471068,0.401311993598938,1343.0655962
6710,1.7112946510314941,,0.0009663271171172182,0.4037948250770569,1345.0685508999995
6720,1.7897999286651611,,0.0009661857707316707,0.41215965151786804,1347.056606799999
6730,1.7413744926452637,,0.0009660441398870734,0.42907416820526123,1349.0602794999995
6740,1.7345337867736816,,0.0009659022246802294,0.4087681174278259,1351.0467291999994
6750,1.6417676210403442,,0.0009657600252081368,0.4108946919441223,1353.0292673999993
6760,1.6835027933120728,,0.0009656175415679873,0.4312577545642853,1355.0254621999993
6770,1.7640645503997803,,0.000965474773857167,0.4406724274158478,1357.0032623999996
6780,1.761056900024414,,0.0009653317221732566,0.4064365327358246,1359.0302181999996
6790,1.6685707569122314,,0.0009651883866140305,0.45399749279022217,1361.0129309000004
6800,1.683227300643921,,0.000965044767277457,0.41511833667755127,1363.014959
6810,1.6420371532440186,,0.0009649008642616986,0.40925487875938416,1365.0078627000003
6820,1.7535910606384277,,0.0009647566776651121,0.4093996286392212,1366.9984459999996
6830,1.878926157951355,,0.0009646122075862472,0.4290963411331177,1368.9980827
6840,1.6228591203689575,,0.0009644674541238479,0.3830670714378357,1370.9714731000004
6850,1.6729736328125,,0.0009643224173768519,0.433252215385437,1372.9695083999995
6860,1.6964044570922852,,0.0009641770974443905,0.4144969582557678,1374.9729982999997
6870,1.7135093212127686,,0.0009640314944257884,0.41167157888412476,1376.9383925000002
6880,1.7235180139541626,,0.000963885608420564,0.43535563349723816,1378.9367686000005
6890,1.5749337673187256,,0.000963739439528429,0.4154914915561676,1380.9383467999996
6900,1.823625922203064,,0.0009635929878492882,0.46423518657684326,1382.9150565
6910,1.7603884935379028,,0.0009634462534832403,0.4041512906551361,1384.9150934999998
6920,1.7181812524795532,,0.0009632992365305767,0.43484261631965637,1386.8923885999993
6930,1.7907867431640625,,0.0009631519370917822,0.4573850929737091,1388.8825123999995
6940,1.613479733467102,,0.0009630043552675344,0.39813828468322754,1390.8524109999998
6950,1.762385606765747,,0.0009628564911587042,0.42413586378097534,1392.838755499999
6960,1.6894711256027222,,0.0009627083448663551,0.42599427700042725,1394.8525726999997
6970,1.7870683670043945,,0.0009625599164917442,0.4222612679004669,1396.8153805000002
6980,1.6359357833862305,,0.0009624112061363204,0.4243110120296478,1398.8208438000001
6990,1.6321463584899902,,0.0009622622139017262,0.4103949964046478,1400.8120894000003
7000,1.5930027961730957,1.70976682305336,0.000962112939889796,0.40204310417175293,1404.0830425999993
7010,1.697593092918396,,0.0009619633842025574,0.4193888306617737,1406.0645941000002
7020,1.62688410282135,,0.0009618135469422304,0.4060380160808563,1408.0669376999995
7030,1.6722755432128906,,0.0009616634282112271,0.3977612853050232,1410.0448606999998
7040,1.7343300580978394,,0.0009615130281121524,0.41037991642951965,1412.0269114000002
7050,1.7871466875076294,,0.0009613623467478033,0.43892598152160645,1414.0362311999997
7060,1.6944105625152588,,0.0009612113842211692,0.41006454825401306,1416.0122737000002
7070,1.6596198081970215,,0.0009610601406354314,0.3889511525630951,1418.0163677
7080,1.721290111541748,,0.0009609086160939636,0.3955974280834198,1420.000656099999
7090,1.7865525484085083,,0.0009607568107003314,0.443273663520813,1421.9782161999992
7100,1.6281113624572754,,0.000960604724558292,0.3901018798351288,1423.9618425999997
7110,1.9011160135269165,,0.0009604523577717955,0.4392877221107483,1425.9505819000005
7120,1.6297492980957031,,0.0009602997104449825,0.3843832015991211,1427.9441016
7130,1.6627538204193115,,0.0009601467826821866,0.41520771384239197,1429.954775799999
7140,1.7621099948883057,,0.0009599935745879319,0.42815378308296204,1431.9433028000003
7150,1.619030475616455,,0.0009598400862669351,0.3983162045478821,1433.961360899999
7160,1.7269115447998047,,0.0009596863178241039,0.4029437005519867,1435.9505296999996
7170,1.6944336891174316,,0.0009595322693645376,0.432860791683197,1437.9315819999993
7180,1.6281163692474365,,0.0009593779409935269,0.3953251838684082,1439.9374955000003
7190,1.6114217042922974,,0.0009592233328165535,0.4122926890850067,1441.9236946
7200,1.6840944290161133,,0.0009590684449392911,0.4015570282936096,1443.9170011999995
7210,1.827134609222412,,0.0009589132774676039,0.4341350495815277,1445.8993874999996
7220,1.7234619855880737,,0.0009587578305075473,0.4351613223552704,1447.8954952999993
7230,1.59214448928833,,0.0009586021041653679,0.3905492126941681,1449.8894271999998
7240,1.8419921398162842,,0.0009584460985475031,0.43528077006340027,1451.8637990999996
7250,1.6843262910842896,,0.0009582898137605815,0.41591545939445496,1453.871056099999
7260,1.6325902938842773,,0.000958133249911422,0.4059954583644867,1455.8648780999993
7270,1.677644968032837,,0.0009579764071070346,0.4134286940097809,1457.8338469999999
7280,1.690698504447937,,0.0009578192854546202,0.4097323417663574,1459.8364736999993
7290,1.624457597732544,,0.0009576618850615694,0.41221433877944946,1461.8241345000006
7300,1.6489696502685547,,0.0009575042060354644,0.4034143388271332,1463.8072510000002
7310,1.6338781118392944,,0.000957346248484077,0.40843626856803894,1465.8031111
7320,1.6364636421203613,,0.0009571880125153699,0.4022117257118225,1467.785702699999
7330,1.7012771368026733,,0.0009570294982374957,0.42394664883613586,1469.775139899999
7340,1.7234783172607422,,0.0009568707057587976,0.41289496421813965,1471.762213599999
7350,1.610173225402832,,0.0009567116351878086,0.41044193506240845,1473.7730247
7360,1.6700135469436646,,0.0009565522866332521,0.4210909605026245,1475.753765899999
7370,1.6127655506134033,,0.0009563926602040411,0.4080588221549988,1477.7440078
7380,1.573543906211853,,0.000956232756009279,0.4171387255191803,1479.7419823
7390,1.7026734352111816,,0.0009560725741582588,0.44869762659072876,1481.7211673000002
7400,1.6827929019927979,,0.000955912114760463,0.394909530878067,1483.7168241999989
7410,1.6725801229476929,,0.0009557513779255643,0.40342995524406433,1485.6884582999992
7420,1.597314715385437,,0.0009555903637634251,0.37671223282814026,1487.6896455999995
7430,1.6853845119476318,,0.0009554290723840964,0.41359037160873413,1489.6962929000001
7440,1.610135555267334,,0.0009552675038978198,0.4064541459083557,1491.6760147999994
7450,1.6097358465194702,,0.0009551056584150258,0.40283504128456116,1493.6810454000006
7460,1.778706431388855,,0.0009549435360463341,0.42310479283332825,1495.6813550000006
7470,1.6246156692504883,,0.000954781136902554,0.4021279513835907,1497.6713717000002
7480,1.7440601587295532,,0.0009546184610946837,0.4319489598274231,1499.6570382999998
7490,1.8220417499542236,,0.0009544555087339104,0.4127598702907562,1501.6272523999996
7500,1.669948697090149,1.6762405157089233,0.0009542922799316108,0.41874781250953674,1504.9125681999994
7510,1.7582346200942993,,0.0009541287747993502,0.4145731031894684,1506.9121316
7520,1.7052853107452393,,0.0009539649934488826,0.41281867027282715,1508.9004361000007
7530,1.7311360836029053,,0.0009538009359921511,0.39268746972084045,1510.8698062000003
7540,1.7786123752593994,,0.0009536366025412875,0.4089239537715912,1512.8545424999993
7550,1.665513038635254,,0.0009534719932086121,0.4335431158542633,1514.8756864999996
7560,1.648115873336792,,0.0009533071081066339,0.41353484988212585,1516.8453532999993
7570,1.6972240209579468,,0.0009531419473480503,0.3964259922504425,1518.862232399999
7580,1.5351829528808594,,0.0009529765110457471,0.4035353362560272,1520.8536831000001
7590,1.5808943510055542,,0.0009528107993127984,0.4144601821899414,1522.8487509000006
7600,1.6917768716812134,,0.0009526448122624666,0.4053865075111389,1524.8450823000003
7610,1.6316295862197876,,0.0009524785500082024,0.4150885045528412,1526.8263422
7620,1.6813669204711914,,0.0009523120126636444,0.4281567931175232,1528.8409279999996
7630,1.6926283836364746,,0.0009521452003426194,0.43125900626182556,1530.8562143999989
7640,1.7274723052978516,,0.0009519781131591418,0.4288942515850067,1532.8461982999997
7650,1.7434899806976318,,0.0009518107512274144,0.4590446352958679,1534.8480316000005
7660,1.7078601121902466,,0.0009516431146618273,0.4122011065483093,1536.8577206999998
7670,1.6479442119598389,,0.0009514752035769587,0.41663914918899536,1538.8571376
7680,1.7669830322265625,,0.0009513070180875741,0.4060380756855011,1540.8547383999994
7690,1.6494659185409546,,0.0009511385583086267,0.39965346455574036,1542.8304534
7700,1.6387652158737183,,0.0009509698243552572,0.421436071395874,1544.8347173000002
7710,1.6863806247711182,,0.0009508008163427937,0.4091845750808716,1546.8317016
7720,1.7490432262420654,,0.0009506315343867516,0.4098636209964752,1548.8319539999993
7730,1.6356279850006104,,0.0009504619786028334,0.38805729150772095,1550.8212516999993
7740,1.683074951171875,,0.000950292149106929,0.41459470987319946,1552.8073255999989
7750,1.739720344543457,,0.0009501220460151152,0.4147445261478424,1554.8200825999993
7760,1.5217082500457764,,0.0009499516694436559,0.3889613449573517,1556.7984333999993
7770,1.7241462469100952,,0.0009497810195090017,0.4134152829647064,1558.7965373999996
7780,1.6620078086853027,,0.0009496100963277906,0.4011554718017578,1560.7804732999994
7790,1.7281441688537598,,0.0009494389000168468,0.40489816665649414,1562.7685614999991
7800,1.6141998767852783,,0.0009492674306931812,0.3920202851295471,1564.7687981999989
7810,1.581404447555542,,0.0009490956884739915,0.40377283096313477,1566.7412466999995
7820,1.7109438180923462,,0.000948923673476662,0.39285945892333984,1568.7557125999992
7830,1.7663300037384033,,0.0009487513858187634,0.4192788898944855,1570.7571286999992
7840,1.7523021697998047,,0.0009485788256180526,0.42513784766197205,1572.738799499999
7850,1.689672827720642,,0.0009484059929924728,0.42125868797302246,1574.747304299999
7860,1.6820292472839355,,0.0009482328880601535,0.39832884073257446,1576.7325486999998
7870,1.647644281387329,,0.0009480595109394104,0.4105675220489502,1578.728358299999
7880,1.6523122787475586,,0.000947885861748745,0.4336572289466858,1580.7117137999994
7890,1.655226707458496,,0.000947711940606845,0.4101829528808594,1582.6885452999995
7900,1.6570442914962769,,0.0009475377476325837,0.39460036158561707,1584.7154565
7910,1.6739474534988403,,0.0009473632829450205,0.4090617299079895,1586.6999923999992
7920,1.6381441354751587,,0.0009471885466634003,0.4181327819824219,1588.7092377999998
7930,1.622277855873108,,0.0009470135389071537,0.4108462929725647,1590.6920054999991
7940,1.6786329746246338,,0.000946838259795897,0.42099815607070923,1592.689899699999
7950,1.6573536396026611,,0.0009466627094494315,0.4045335650444031,1594.6830988000002
7960,1.559190034866333,,0.0009464868879877446,0.3994338810443878,1596.6587753000003
7970,1.687208890914917,,0.0009463107955310083,0.46059679985046387,1598.6609377000004
7980,1.8026583194732666,,0.0009461344321995802,0.41418641805648804,1600.6572536999993
7990,1.7206673622131348,,0.000945957798114003,0.41101160645484924,1602.6269455000001
8000,1.6333119869232178,1.6662679851055144,0.0009457808933950046,0.4155779778957367,1605.9160687000003
8010,1.665869116783142,,0.0009456037181634975,0.4075324237346649,1608.1212132
8020,1.744753360748291,,0.0009454262725405793,0.39095214009284973,1610.1216817000004
8030,1.6454625129699707,,0.0009452485566475325,0.4006318151950836,1612.0970113000003
8040,1.6612303256988525,,0.0009450705706058242,0.4589570164680481,1614.102111799999
8050,1.6185532808303833,,0.0009448923145371061,0.39767923951148987,1616.1086811999994
8060,1.6438666582107544,,0.0009447137885632146,0.41398856043815613,1618.099017299999
8070,1.6520249843597412,,0.0009445349928061708,0.4310937523841858,1620.0803997999992
8080,1.725489854812622,,0.0009443559273881794,0.3988908529281616,1622.0725263999993
8090,1.6040481328964233,,0.0009441765924316304,0.40786516666412354,1624.0722224
8100,1.8134467601776123,,0.0009439969880590972,0.4315274953842163,1626.0791257
8110,1.6792011260986328,,0.0009438171143933379,0.410852313041687,1628.0521143999995
8120,1.7238383293151855,,0.0009436369715572943,0.4113456904888153,1630.048764199999
8130,1.6121801137924194,,0.0009434565596740924,0.4150906205177307,1632.0352791000005
8140,1.6870455741882324,,0.0009432758788670421,0.4176514744758606,1634.0677923000003
8150,1.7524089813232422,,0.0009430949292596369,0.42494380474090576,1636.0498136000006
8160,1.5885066986083984,,0.0009429137109755543,0.41741013526916504,1638.0271125
8170,1.7226436138153076,,0.0009427322241386552,0.4335954487323761,1640.0350087000006
8180,1.628767967224121,,0.0009425504688729842,0.387437641620636,1642.0370846999995
8190,1.6942360401153564,,0.0009423684453027691,0.41997766494750977,1644.0337896
8200,1.5979771614074707,,0.0009421861535524216,0.41454172134399414,1646.030584799999
8210,1.7456425428390503,,0.0009420035937465361,0.40236523747444153,1648.0344346000002
8220,1.6585924625396729,,0.0009418207660098907,0.38595741987228394,1650.0523974999996
8230,1.6270662546157837,,0.0009416376704674465,0.39223605394363403,1652.0479649999997
8240,1.850113868713379,,0.0009414543072443472,0.4210127294063568,1654.064940799999
8250,1.7317464351654053,,0.0009412706764659202,0.4146418869495392,1656.0621062999999
8260,1.7676167488098145,,0.0009410867782576755,0.4191429913043976,1658.0654092999994
8270,1.6442763805389404,,0.0009409026127453053,0.40950119495391846,1660.087972199999
8280,1.6860679388046265,,0.0009407181800546855,0.4065234363079071,1662.0680305999995
8290,1.6585561037063599,,0.0009405334803118738,0.4269431531429291,1664.0760869000005
8300,1.5659980773925781,,0.0009403485136431107,0.4112299084663391,1666.0726734
8310,1.5136501789093018,,0.0009401632801748195,0.38697052001953125,1668.0812776999992
8320,1.6525917053222656,,0.0009399777800336052,0.39372411370277405,1670.1083534999998
8330,1.6267216205596924,,0.0009397920133462556,0.4047524631023407,1672.0992774000006
8340,1.634803056716919,,0.0009396059802397402,0.39210817217826843,1674.1087327000005
8350,1.621397614479065,,0.0009394196808412112,0.3955932855606079,1676.1102455
8360,1.6602892875671387,,0.0009392331152780024,0.3871024549007416,1678.111983499999
8370,1.689774990081787,,0.0009390462836776296,0.45374786853790283,1680.1272477000002
8380,1.5961565971374512,,0.0009388591861677903,0.4003995656967163,1682.117603499999
8390,1.7735137939453125,,0.0009386718228763639,0.42920824885368347,1684.1435825999997
8400,1.6906472444534302,,0.0009384841939314116,0.4086303114891052,1686.1497562999994
8410,1.6512913703918457,,0.0009382962994611759,0.41789209842681885,1688.1516255999995
8420,1.659241795539856,,0.0009381081395940811,0.40143680572509766,1690.1806228999994
8430,1.6381213665008545,,0.0009379197144587324,0.394197553396225,1692.1487137999993
8440,1.8047230243682861,,0.0009377310241839166,0.4286607503890991,1694.173026999999
8450,1.6637475490570068,,0.0009375420688986022,0.4346184730529785,1696.1535194999997
8460,1.5975046157836914,,0.0009373528487319377,0.3943618834018707,1698.1607777999998
8470,1.6444275379180908,,0.0009371633638132538,0.3983570635318756,1700.1505512999993
8480,1.7272324562072754,,0.0009369736142720613,0.43113812804222107,1702.1462981999994
8490,1.7638006210327148,,0.0009367836002380524,0.4340965151786804,1704.1560305000003
8500,1.6734662055969238,1.6746253669261932,0.0009365933218411001,0.4106388986110687,1707.4440433
8510,1.6187772750854492,,0.0009364027792112575,0.39539608359336853,1709.4691119999989
8520,1.7145395278930664,,0.0009362119724787589,0.4151446521282196,1711.4726365000006
8530,1.633865475654602,,0.0009360209017740188,0.4139927923679352,1713.4628147000003
8540,1.5498793125152588,,0.0009358295672276324,0.39060178399086,1715.4618250999993
8550,1.7099870443344116,,0.000935637968970375,0.40113481879234314,1717.447196699999
8560,1.724717378616333,,0.0009354461071332021,0.43447428941726685,1719.4852260999996
8570,1.6222176551818848,,0.0009352539818472494,0.417424738407135,1721.4710665999992
8580,1.6735183000564575,,0.0009350615932438329,0.4052864611148834,1723.457236799999
8590,1.6696550846099854,,0.0009348689414544484,0.4219951331615448,1725.4486242000003
8600,1.6078039407730103,,0.0009346760266107715,0.40561720728874207,1727.4523683999996
8610,1.6254358291625977,,0.0009344828488446576,0.41883715987205505,1729.439885599999
8620,1.6617193222045898,,0.000934289408288142,0.39972129464149475,1731.4208610999995
8630,1.6624835729599,,0.0009340957050734395,0.41714203357696533,1733.4291187
8640,1.6348488330841064,,0.0009339017393329445,0.38368913531303406,1735.4485447999996
8650,1.7794911861419678,,0.0009337075111992305,0.41569504141807556,1737.4372306000005
8660,1.6681203842163086,,0.0009335130208050508,0.43964746594429016,1739.466674899999
8670,1.528510570526123,,0.0009333182682833376,0.38756412267684937,1741.449886299999
8680,1.7610832452774048,,0.0009331232537672026,0.416340708732605,1743.4543348999996
8690,1.6476932764053345,,0.0009329279773899363,0.40973013639450073,1745.4624206999997
8700,1.642491102218628,,0.0009327324392850081,0.3958330452442169,1747.4501741999993
8710,1.622876763343811,,0.0009325366395860668,0.4238874614238739,1749.4531506999992
8720,1.685570240020752,,0.0009323405784269394,0.41242533922195435,1751.4365025999996
8730,1.5437157154083252,,0.0009321442559416318,0.39499160647392273,1753.4419904999995
8740,1.5878417491912842,,0.0009319476722643288,0.4043745696544647,1755.4288964000007
8750,1.6199878454208374,,0.0009317508275293933,0.3986135423183441,1757.4277497000003
8760,1.7343018054962158,,0.0009315537218713667,0.41868680715560913,1759.4343669999998
8770,1.63441002368927,,0.0009313563554249693,0.388022243976593,1761.4272067000002
8780,1.6825737953186035,,0.0009311587283250989,0.4250961244106293,1763.4003529000001
8790,1.7793359756469727,,0.0009309608407068317,0.40214598178863525,1765.3982424000005
8800,1.6389225721359253,,0.0009307626927054221,0.4331071674823761,1767.3942441999989
8810,1.6846659183502197,,0.0009305642844563025,0.4090711772441864,1769.3880991000005
8820,1.6726794242858887,,0.000930365616095083,0.40320929884910583,1771.3649946000005
8830,1.6802217960357666,,0.0009301666877575515,0.39715251326560974,1773.3564454000007
8840,1.615272045135498,,0.0009299674995796737,0.39272022247314453,1775.3658319000006
8850,1.5888633728027344,,0.0009297680516975928,0.395126074552536,1777.3297442999992
8860,1.595484733581543,,0.0009295683442476294,0.3869580328464508,1779.3367328999993
8870,1.5847961902618408,,0.0009293683773662821,0.3930181562900543,1781.325882199999
8880,1.670198678970337,,0.000929168151190226,0.3938424289226532,1783.3090310999996
8890,1.6394577026367188,,0.0009289676658563138,0.4055189788341522,1785.3017053000003
8900,1.6516847610473633,,0.0009287669215015755,0.4045611023902893,1787.2821322
8910,1.7498598098754883,,0.000928565918263218,0.39221861958503723,1789.3186026999992
8920,1.6754673719406128,,0.0009283646562786249,0.42677852511405945,1791.2994128999999
8930,1.5995452404022217,,0.0009281631356853571,0.38996773958206177,1793.2863005999989
8940,1.66617751121521,,0.0009279613566211519,0.412813663482666,1795.2868483000002
8950,1.6819859743118286,,0.0009277593192239233,0.4143168032169342,1797.2787876999992
8960,1.6101127862930298,,0.0009275570236317622,0.41874924302101135,1799.2719512999993
8970,1.7869782447814941,,0.0009273544699829355,0.42010119557380676,1801.2488297
8980,1.7092876434326172,,0.000927151658415887,0.4115213453769684,1803.248392399999
8990,1.6654572486877441,,0.000926948589069236,0.39792975783348083,1805.2754666
9000,1.5544404983520508,1.6386282384395598,0.000926745262081779,0.40580976009368896,1808.545409799999
9010,1.6914384365081787,,0.0009265416775924878,0.3992241322994232,1810.5330157999997
9020,1.6038732528686523,,0.0009263378357405106,0.4022705852985382,1812.5022449999997
9030,1.6403157711029053,,0.0009261337366651712,0.3951338529586792,1814.5098402999993
9040,1.623727560043335,,0.0009259293805059698,0.4007490873336792,1816.4895882
9050,1.6653051376342773,,0.0009257247674025813,0.3977210521697998,1818.4746818999993
9060,1.5437121391296387,,0.0009255198974948573,0.38762515783309937,1820.4771101999995
9070,1.6517319679260254,,0.0009253147709228243,0.3954755663871765,1822.4776082999997
9080,1.7356188297271729,,0.0009251093878266843,0.4545166790485382,1824.4660464999997
9090,1.6329052448272705,,0.0009249037483468149,0.4306241273880005,1826.4481973999991
9100,1.5818204879760742,,0.0009246978526237685,0.4025174081325531,1828.4399527000005
9110,1.5752780437469482,,0.0009244917007982732,0.39293143153190613,1830.4453515000005
9120,1.6483805179595947,,0.0009242852930112314,0.4097020924091339,1832.4040951999996
9130,1.6019396781921387,,0.0009240786294037214,0.40783536434173584,1834.4084146000005
9140,1.5493003129959106,,0.0009238717101169955,0.3872644901275635,1836.4120039999998
9150,1.6424435377120972,,0.000923664535292481,0.41869282722473145,1838.384360099999
9160,1.636931300163269,,0.0009234571050717802,0.3995869755744934,1840.3840765000004
9170,1.7323133945465088,,0.0009232494195966694,0.4090026915073395,1842.3650003999992
9180,1.7212499380111694,,0.0009230414790091001,0.42021477222442627,1844.3953581999995
9190,1.6356556415557861,,0.0009228332834511972,0.4026077091693878,1846.3811026000003
9200,1.6048591136932373,,0.0009226248330652608,0.41292452812194824,1848.3604551999997
9210,1.570026159286499,,0.0009224161279937647,0.39771130681037903,1850.3636955000002
9220,1.7576239109039307,,0.0009222071683793567,0.4224758446216583,1852.3547945999999
9230,1.6396290063858032,,0.0009219979543648588,0.3884240686893463,1854.348700999999
9240,1.7338801622390747,,0.0009217884860932669,0.41788843274116516,1856.3261550999996
9250,1.662646770477295,,0.0009215787637077505,0.39511600136756897,1858.3245594
9260,1.7494254112243652,,0.0009213687873516527,0.412370502948761,1860.3161861999997
9270,1.601879596710205,,0.0009211585571684909,0.40150126814842224,1862.2933125
9280,1.5528925657272339,,0.0009209480733019548,0.39886674284935,1864.285821399999
9290,1.6585707664489746,,0.0009207373358959086,0.4169943034648895,1866.296345499999
9300,1.4969780445098877,,0.000920526345094389,0.41505512595176697,1868.2628055000005
9310,1.61588716506958,,0.0009203151010416065,0.39202049374580383,1870.2669329
9320,1.6471670866012573,,0.0009201036038819443,0.40065258741378784,1872.2562534999997
9330,1.650994062423706,,0.0009198918537599586,0.411511093378067,1874.2407156999998
9340,1.571418046951294,,0.0009196798508203787,0.404865026473999,1876.2337683999995
9350,1.5819816589355469,,0.0009194675952081069,0.4187617003917694,1878.2168978999998
9360,1.6102640628814697,,0.0009192550870682174,0.41423749923706055,1880.236745799999
9370,1.7126137018203735,,0.0009190423265459579,0.40721815824508667,1882.2028504999998
9380,1.6430214643478394,,0.000918829313786748,0.4035950303077698,1884.2046219999993
9390,1.6259524822235107,,0.0009186160489361799,0.3923582136631012,1886.1902231000004
9400,1.6024737358093262,,0.0009184025321400183,0.39954909682273865,1888.1709050999998
9410,1.6815803050994873,,0.0009181887635441999,0.39384472370147705,1890.1730100000004
9420,1.638066053390503,,0.0009179747432948333,0.4141506254673004,1892.151147999999
9430,1.6336431503295898,,0.0009177604715381995,0.4006687104701996,1894.168266999999
9440,1.6023948192596436,,0.0009175459484207512,0.38356539607048035,1896.1442277999995
9450,1.6472254991531372,,0.0009173311740891128,0.4429401755332947,1898.116759299999
9460,1.518662929534912,,0.0009171161486900807,0.3982207775115967,1900.1167356999995
9470,1.654545545578003,,0.0009169008723706226,0.40393999218940735,1902.109640999999
9480,1.6708014011383057,,0.0009166853452778781,0.3927474915981293,1904.1053150999996
9490,1.624561071395874,,0.0009164695675591574,0.4025760293006897,1906.0917219000003
9500,1.6471226215362549,1.6641467273235322,0.0009162535393619431,0.4222239553928375,1909.3830772000001
9510,1.7031903266906738,,0.0009160372608338883,0.4058574438095093,1911.3825706999996
9520,1.6395485401153564,,0.000915820732122817,0.4052063822746277,1913.3773547
9530,1.7330849170684814,,0.0009156039533767251,0.39435023069381714,1915.3654752999992
9540,1.5482866764068604,,0.0009153869247437782,0.4040945768356323,1917.347582299999
9550,1.772229790687561,,0.0009151696463723137,0.4182060658931732,1919.3680851999998
9560,1.579666256904602,,0.0009149521184108393,0.3960666358470917,1921.3435630000004
9570,1.554256796836853,,0.0009147343410080334,0.408781498670578,1923.3485363
9580,1.619584321975708,,0.0009145163143127444,0.4234530031681061,1925.370089
9590,1.6515246629714966,,0.0009142980384739919,0.4040260314941406,1927.3580794999998
9600,1.607100486755371,,0.0009140795136409652,0.4163662791252136,1929.3775440999998
9610,1.5997636318206787,,0.0009138607399630241,0.4174066185951233,1931.3423975999995
9620,1.6595715284347534,,0.000913641717589698,0.39953652024269104,1933.3283102000005
9630,1.6615338325500488,,0.000913422446670687,0.42331168055534363,1935.3425298000002
9640,1.722542405128479,,0.0009132029273558606,0.43514615297317505,1937.3392951999995
9650,1.5814940929412842,,0.0009129831597952581,0.4006273150444031,1939.3527032999991
9660,1.507868766784668,,0.0009127631441390886,0.388252317905426,1941.3467672999996
9670,1.5938055515289307,,0.0009125428805377307,0.3813909888267517,1943.3383525999998
9680,1.6501274108886719,,0.0009123223691417326,0.39759352803230286,1945.3584955000006
9690,1.681315541267395,,0.0009121016101018116,0.4148319363594055,1947.3471489999993
9700,1.5694808959960938,,0.0009118806035688547,0.4160366654396057,1949.3527216000002
9710,1.6470997333526611,,0.0009116593496939175,0.41332143545150757,1951.3363467
9720,1.6883728504180908,,0.000911437848628225,0.39012446999549866,1953.3452636999991
9730,1.6264245510101318,,0.0009112161005231711,0.41703155636787415,1955.3252960999998
9740,1.668391466140747,,0.0009109941055303186,0.40960896015167236,1957.2953758000003
9750,1.582292079925537,,0.0009107718638013988,0.4118584394454956,1959.3086330999995
9760,1.679695963859558,,0.0009105493754883121,0.40879419445991516,1961.3065274
9770,1.632253646850586,,0.000910326640743127,0.3956839144229889,1963.3007412999996
9780,1.6821691989898682,,0.0009101036597180806,0.40014418959617615,1965.300435699999
9790,1.623288869857788,,0.0009098804325655784,0.42459940910339355,1967.287523699999
9800,1.6488603353500366,,0.0009096569594381939,0.4441358745098114,1969.2863094000004
9810,1.6047673225402832,,0.0009094332404886692,0.39307981729507446,1971.269588199999
9820,1.636202335357666,,0.0009092092758699138,0.39525753259658813,1973.2717095999997
9830,1.6609139442443848,,0.0009089850657350054,0.43249523639678955,1975.2828059999993
9840,1.675266981124878,,0.0009087606102371897,0.4133434295654297,1977.2683490999989
9850,1.6101311445236206,,0.0009085359095298797,0.4201263189315796,1979.2613039999997
9860,1.5804383754730225,,0.0009083109637666565,0.4106896221637726,1981.2453110000006
9870,1.5831372737884521,,0.0009080857731012681,0.4042598009109497,1983.244461799999
9880,1.6235421895980835,,0.0009078603376876304,0.3793894350528717,1985.2350731999995
9890,1.7800960540771484,,0.0009076346576798262,0.4275568723678589,1987.213479099999
9900,1.5629172325134277,,0.0009074087332321057,0.4138801097869873,1989.211808099999
9910,1.6151185035705566,,0.0009071825644988865,0.392194002866745,1991.1997957999993
9920,1.5649303197860718,,0.0009069561516347524,0.38419675827026367,1993.1756588999997
9930,1.6696993112564087,,0.0009067294947944544,0.4133988618850708,1995.1833525999991
9940,1.6189838647842407,,0.0009065025941329105,0.38197264075279236,1997.1818748000005
9950,1.6451845169067383,,0.0009062754498052052,0.3985436260700226,1999.1689036999996
9960,1.8559932708740234,,0.0009060480619665895,0.42370620369911194,2001.151939199999
9970,1.5739672183990479,,0.0009058204307724806,0.4040667414665222,2003.1325092000006
9980,1.6259154081344604,,0.0009055925563784625,0.4269799590110779,2005.1653093999994
9990,1.6811038255691528,,0.0009053644389402852,0.38953766226768494,2007.149491099999
10000,1.6303679943084717,1.6562073647975921,0.0009051360786138648,0.38490960001945496,2010.4179490000006
10010,1.6395025253295898,,0.0009049074755552835,0.3856833279132843,2012.6042531000003
10020,1.5962579250335693,,0.0009046786299207889,0.4004610776901245,2014.6007195000002
10030,1.6255406141281128,,0.0009044495418667955,0.41746243834495544,2016.580317
10040,1.7552154064178467,,0.0009042202115498824,0.4170750677585602,2018.5711121999993
10050,1.6387391090393066,,0.0009039906391267947,0.3903231620788574,2020.5754677999994
10060,1.596445083618164,,0.0009037608247544432,0.4002891480922699,2022.5650067999995
10070,1.6355026960372925,,0.0009035307685899037,0.39887526631355286,2024.5452413000003
10080,1.629779577255249,,0.0009033004707904175,0.4052897095680237,2026.541424699999
10090,1.7242803573608398,,0.0009030699315133909,0.4148973226547241,2028.5281269000006
10100,1.7017135620117188,,0.0009028391509163954,0.45964547991752625,2030.5425476
10110,1.640312671661377,,0.0009026081291571672,0.4062005877494812,2032.5093111000006
10120,1.6825783252716064,,0.0009023768663936077,0.40045270323753357,2034.5135783999995
10130,1.6017980575561523,,0.0009021453627837828,0.452842116355896,2036.5052830000004
10140,1.557134747505188,,0.0009019136184859229,0.4020649492740631,2038.4930977000004
10150,1.667393684387207,,0.0009016816336584231,0.4243181645870209,2040.4780035000003
10160,1.6702356338500977,,0.0009014494084598428,0.3806164860725403,2042.4601506
10170,1.6525014638900757,,0.0009012169430489059,0.43265026807785034,2044.4904704
10180,1.6131983995437622,,0.0009009842375845002,0.40897423028945923,2046.4756453999998
10190,1.734921932220459,,0.0009007512922256778,0.4112941324710846,2048.476062399999
10200,1.4918558597564697,,0.0009005181071316544,0.38168367743492126,2050.4862594000006
10210,1.7342870235443115,,0.0009002846824618099,0.419725626707077,2052.4781698999996
10220,1.5314147472381592,,0.000900051018375688,0.4037540853023529,2054.461020999999
10230,1.6589977741241455,,0.000899817115032996,0.42720460891723633,2056.4544012000006
10240,1.6620031595230103,,0.0008995829725936041,0.42551353573799133,2058.4397666999994
10250,1.536708950996399,,0.000899348591217547,0.385742723941803,2060.4635889
10260,1.5863983631134033,,0.000899113971065022,0.3965586721897125,2062.4459186999993
10270,1.5553007125854492,,0.0008988791122963896,0.37695321440696716,2064.4571682000005
10280,1.6789617538452148,,0.0008986440150721737,0.3918282389640808,2066.434532199999
10290,1.5930873155593872,,0.0008984086795530611,0.39448848366737366,2068.4337651000005
10300,1.7024340629577637,,0.0008981731058999012,0.4143225848674774,2070.4277518
10310,1.666190266609192,,0.0008979372942737067,0.417252779006958,2072.4039125
10320,1.6966183185577393,,0.0008977012448356523,0.40898552536964417,2074.4075591
10330,1.5883092880249023,,0.0008974649577470757,0.42709869146347046,2076.3911255000003
10340,1.5539040565490723,,0.0008972284331694769,0.3936072885990143,2078.3719139999994
10350,1.7197239398956299,,0.000896991671264518,0.3906531035900116,2080.3769761999993
10360,1.7429938316345215,,0.0008967546721940239,0.41413503885269165,2082.3721456000003
10370,1.7161521911621094,,0.000896517436119981,0.43019694089889526,2084.3662516999993
10380,1.7394322156906128,,0.0008962799632045381,0.40493640303611755,2086.3424557
10390,1.6422336101531982,,0.0008960422536100054,0.42015284299850464,2088.3283331000002
10400,1.6059203147888184,,0.0008958043074988555,0.40135183930397034,2090.3647387
10410,1.6795973777770996,,0.0008955661250337221,0.447478324174881,2092.3400602
10420,1.6294230222702026,,0.0008953277063774007,0.4241059720516205,2094.3381967000005
10430,1.663498878479004,,0.0008950890516928484,0.4209047555923462,2096.3239761999994
10440,1.6090283393859863,,0.000894850161143183,0.40069782733917236,2098.3137358000004
10450,1.6708879470825195,,0.0008946110348916844,0.40050208568573,2100.313103299999
10460,1.6088612079620361,,0.0008943716731017928,0.39924174547195435,2102.2897954
10470,1.6679272651672363,,0.0008941320759371099,0.42093589901924133,2104.308288799999
10480,1.7785300016403198,,0.0008938922435613982,0.4081403911113739,2106.3141132
10490,1.5666308403015137,,0.0008936521761385807,0.393509179353714,2108.282632299999
10500,1.7500395774841309,1.6313418209552766,0.0008934118738327412,0.42634692788124084,2111.5771927000005
10510,1.65552818775177,,0.000893171336808124,0.4074515104293823,2113.5815924
10520,1.6248254776000977,,0.0008929305652291341,0.39769282937049866,2115.6030186999997
10530,1.5477206707000732,,0.0008926895592603365,0.4062666893005371,2117.6042545
10540,1.6170446872711182,,0.0008924483190664566,0.39811673760414124,2119.5968360000006
10550,1.5951895713806152,,0.0008922068448123795,0.48043450713157654,2121.5821703
10560,1.7349227666854858,,0.000891965136663151,0.415604829788208,2123.5877378999994
10570,1.712193250656128,,0.000891723194783976,0.3957173824310303,2125.598302799999
10580,1.5688451528549194,,0.0008914810193402198,0.41615450382232666,2127.5934084
10590,1.6498236656188965,,0.0008912386104974068,0.4178012013435364,2129.6085832999997
10600,1.6332740783691406,,0.0008909959684212211,0.4203619658946991,2131.5905571999992
10610,1.5702325105667114,,0.0008907530932775065,0.3904604911804199,2133.5940197
10620,1.535851240158081,,0.0008905099852322656,0.38636136054992676,2135.6183332
10630,1.5399904251098633,,0.0008902666444516608,0.38820040225982666,2137.6086343000006
10640,1.5208762884140015,,0.0008900230711020128,0.396182119846344,2139.610175
10650,1.6119933128356934,,0.0008897792653498021,0.397244930267334,2141.591279099999
10660,1.6091777086257935,,0.0008895352273616675,0.3986820578575134,2143.6038229999995
10670,1.7237846851348877,,0.0008892909573044065,0.4145238697528839,2145.579936
10680,1.6197824478149414,,0.0008890464553449757,0.40701717138290405,2147.5735179000003
10690,1.634150743484497,,0.0008888017216504894,0.3990204334259033,2149.5891321
10700,1.6452476978302002,,0.0008885567563882212,0.40325140953063965,2151.596521199999
10710,1.5952503681182861,,0.0008883115597256024,0.4161868393421173,2153.5846987000004
10720,1.5740067958831787,,0.0008880661318302227,0.4173615276813507,2155.5862576
10730,1.6459506750106812,,0.0008878204728698297,0.3807446360588074,2157.5900688
10740,1.5589771270751953,,0.0008875745830123288,0.39072173833847046,2159.601798399999
10750,1.6813132762908936,,0.0008873284624257836,0.44941505789756775,2161.5930592000004
10760,1.5289584398269653,,0.0008870821112784152,0.39865437150001526,2163.5689101999997
10770,1.5507028102874756,,0.0008868355297386021,0.40633493661880493,2165.5826982
10780,1.6997408866882324,,0.0008865887179748807,0.4323718547821045,2167.584954
10790,1.703478217124939,,0.0008863416761559444,0.42380785942077637,2169.618819899999
10800,1.6576969623565674,,0.0008860944044506439,0.4104960858821869,2171.5938141000006
10810,1.6021382808685303,,0.0008858469030279872,0.3800465762615204,2173.5872130999996
10820,1.6373159885406494,,0.0008855991720571391,0.3974398374557495,2175.605459999999
10830,1.6359407901763916,,0.0008853512117074214,0.3957279920578003,2177.6083954999995
10840,1.6739780902862549,,0.0008851030221483127,0.41456854343414307,2179.5971157999993
10850,1.6957837343215942,,0.0008848546035494482,0.401579886674881,2181.581723899999
10860,1.619279146194458,,0.0008846059560806197,0.4157145917415619,2183.5805806999997
10870,1.5933212041854858,,0.0008843570799117752,0.38385939598083496,2185.5983018000006
10880,1.7721011638641357,,0.0008841079752130195,0.4076182246208191,2187.5821493000003
10890,1.513983964920044,,0.0008838586421546132,0.3826751410961151,2189.5900987000005
10900,1.6846063137054443,,0.000883609080906973,0.40983226895332336,2191.5805478
10910,1.4760034084320068,,0.0008833592916406719,0.3774774968624115,2193.5782292000004
10920,1.497765064239502,,0.0008831092745264382,0.4170423746109009,2195.5687655
10930,1.6911685466766357,,0.0008828590297351566,0.3999190330505371,2197.5484159999996
10940,1.5980044603347778,,0.0008826085574378666,0.40328195691108704,2199.5572028999995
10950,1.5042486190795898,,0.0008823578578057641,0.39639008045196533,2201.5617869
10960,1.60320246219635,,0.0008821069310101996,0.3930981457233429,2203.545073899999
10970,1.525057315826416,,0.0008818557772226794,0.3808472156524658,2205.5440235999995
10980,1.5240452289581299,,0.0008816043966148646,0.39570194482803345,2207.5299933999995
10990,1.5284173488616943,,0.0008813527893585716,0.41085368394851685,2209.5602615999996
11000,1.489156723022461,1.6139914691448212,0.0008811009556257717,0.3901522755622864,2212.8299167000005
11010,1.588175654411316,,0.0008808488955885905,0.4107879102230072,2214.822226299999
11020,1.6470155715942383,,0.0008805966094193089,0.4124630391597748,2216.802783199999
11030,1.7129329442977905,,0.0008803440972903623,0.4309881329536438,2218.7913088999994
11040,1.642100214958191,,0.00088009135937434,0.41670703887939453,2220.8143892999997
11050,1.6013357639312744,,0.0008798383958439861,0.41086524724960327,2222.7989400000006
11060,1.6870841979980469,,0.0008795852068721991,0.40888991951942444,2224.8021200999992
11070,1.5793695449829102,,0.0008793317926320307,0.4109196364879608,2226.7792056
11080,1.6196259260177612,,0.0008790781532966876,0.3905161917209625,2228.8011456999993
11090,1.698481798171997,,0.0008788242890395298,0.42506715655326843,2230.7697553
11100,1.5697187185287476,,0.0008785702000340709,0.39516422152519226,2232.7445867999995
11110,1.6181972026824951,,0.0008783158864539786,0.40347713232040405,2234.762779999999
11120,1.5742747783660889,,0.0008780613484730737,0.3801534175872803,2236.7668293000006
11130,1.5588948726654053,,0.0008778065862653305,0.4014833867549896,2238.7479559000003
11140,1.6087892055511475,,0.0008775516000048768,0.3912651240825653,2240.7468147
11150,1.5357732772827148,,0.000877296389865993,0.37031733989715576,2242.7412912
11160,1.5697182416915894,,0.000877040956023113,0.38705331087112427,2244.7368556
11170,1.7156741619110107,,0.0008767852986508232,0.3990221917629242,2246.7154106
11180,1.6171205043792725,,0.0008765294179238634,0.4056346118450165,2248.6982406999996
11190,1.7043129205703735,,0.0008762733140171255,0.39964503049850464,2250.718850699999
11200,1.6142868995666504,,0.0008760169871056537,0.4048207104206085,2252.6853699999992
11210,1.5971033573150635,,0.0008757604373646458,0.42644980549812317,2254.695925
11220,1.609763503074646,,0.0008755036649694503,0.4046150743961334,2256.6944905
11230,1.60953688621521,,0.0008752466700955693,0.39014381170272827,2258.7039893
11240,1.6911418437957764,,0.0008749894529186562,0.405482679605484,2260.6866095999994
11250,1.5599462985992432,,0.0008747320136145164,0.38912034034729004,2262.6646296
11260,1.6275241374969482,,0.0008744743523591074,0.4104457199573517,2264.667405799999
11270,1.6563336849212646,,0.0008742164693285382,0.4443973898887634,2266.6661231
11280,1.5896737575531006,,0.0008739583646990694,0.4109223484992981,2268.6517812
11290,1.576319932937622,,0.000873700038647113,0.41167643666267395,2270.6607490000006
11300,1.596982479095459,,0.0008734414913492324,0.38831809163093567,2272.6498047999994
11310,1.5644631385803223,,0.0008731827229821425,0.4049244821071625,2274.691526999999
11320,1.7355040311813354,,0.0008729237337227088,0.4301854372024536,2276.6883791
11330,1.581402063369751,,0.0008726645237479482,0.4020582437515259,2278.6667366
11340,1.5948100090026855,,0.0008724050932350279,0.4293786287307739,2280.6693450000002
11350,1.6053454875946045,,0.0008721454423612668,0.3983093500137329,2282.6712480999995
11360,1.5658353567123413,,0.0008718855713041332,0.4102916717529297,2284.6621357999993
11370,1.6321725845336914,,0.0008716254802412472,0.4273589253425598,2286.6407234
11380,1.6309967041015625,,0.0008713651693503777,0.39361822605133057,2288.6461093
11390,1.5134919881820679,,0.0008711046388094457,0.37235939502716064,2290.6633463
11400,1.6363115310668945,,0.0008708438887965206,0.4138454794883728,2292.6409005999994
11410,1.732027530670166,,0.000870582919489823,0.4720757305622101,2294.6480823
11420,1.4971745014190674,,0.0008703217310677229,0.3912195861339569,2296.6479880000006
11430,1.561258316040039,,0.00087006032370874,0.42514023184776306,2298.6444673999995
11440,1.6177575588226318,,0.0008697986975915439,0.39286085963249207,2300.644586299999
11450,1.6545295715332031,,0.0008695368528949534,0.42737945914268494,2302.6334804
11460,1.6814212799072266,,0.000869274789797937,0.41830945014953613,2304.6365084999998
11470,1.647186040878296,,0.0008690125084796124,0.3993285298347473,2306.6383523000004
11480,1.5635337829589844,,0.0008687500091192464,0.4168638586997986,2308.637622099999
11490,1.7239538431167603,,0.0008684872918962548,0.42831864953041077,2310.6419174000002
11500,1.5474016666412354,1.61118483543396,0.0008682243569902024,0.4138452112674713,2313.9159139999992
11510,1.5838998556137085,,0.0008679612045808025,0.39714372158050537,2315.9250680999994
11520,1.6415290832519531,,0.0008676978348479175,0.3999663293361664,2317.908026199999
11530,1.5915709733963013,,0.0008674342479715582,0.3920866847038269,2319.9250389999997
11540,1.550386905670166,,0.0008671704441318836,0.3947250247001648,2321.8987667
11550,1.5530942678451538,,0.0008669064235092012,0.41261082887649536,2323.8869139
11560,1.5593934059143066,,0.0008666421862839665,0.39664793014526367,2325.8937380999996
11570,1.6522557735443115,,0.0008663777326367833,0.3920001685619354,2327.887049699999
11580,1.5914037227630615,,0.0008661130627484031,0.38731321692466736,2329.9038452000004
11590,1.679573655128479,,0.0008658481767997253,0.40004032850265503,2331.8991575
11600,1.6090874671936035,,0.0008655830749717968,0.4337962865829468,2333.8945478000005
11610,1.5550262928009033,,0.0008653177574458124,0.4032623767852783,2335.915272099999
11620,1.6783967018127441,,0.0008650522244031141,0.39845332503318787,2337.902594699999
11630,1.6544554233551025,,0.0008647864760251911,0.4184390902519226,2339.9085364000002
11640,1.5548683404922485,,0.00086452051249368,0.3866335451602936,2341.910237
11650,1.5730524063110352,,0.0008642543339903646,0.4067349433898926,2343.91907
11660,1.5975518226623535,,0.0008639879406971749,0.4080873429775238,2345.9496187000004
11670,1.5483167171478271,,0.0008637213327961885,0.39483824372291565,2347.9397205999994
11680,1.690826654434204,,0.0008634545104696293,0.40148431062698364,2349.943783999999
11690,1.6746716499328613,,0.0008631874738998682,0.41516971588134766,2351.9465851000004
11700,1.6044275760650635,,0.0008629202232694215,0.42102983593940735,2353.949215999999
11710,1.575206995010376,,0.0008626527587609529,0.39480432868003845,2355.9702168999993
11720,1.5584272146224976,,0.000862385080557272,0.4373079836368561,2357.9499407999992
11730,1.635198712348938,,0.0008621171888413342,0.41065356135368347,2359.9542476999995
11740,1.6970001459121704,,0.0008618490837962408,0.3941138982772827,2361.9390263000005
11750,1.7275067567825317,,0.0008615807656052391,0.4139551818370819,2363.9390084000006
11760,1.4820387363433838,,0.0008613122344517223,0.39215099811553955,2365.9199905999994
11770,1.5517852306365967,,0.0008610434905192286,0.3750210702419281,2367.9075333
11780,1.5063238143920898,,0.0008607745339914422,0.3977608382701874,2369.9281300000002
11790,1.595793604850769,,0.0008605053650521923,0.3907851278781891,2371.9270146
11800,1.511586308479309,,0.0008602359838854531,0.3898840546607971,2373.9223435000004
11810,1.6902155876159668,,0.0008599663906753444,0.4183647036552429,2375.92677
11820,1.5828909873962402,,0.0008596965856061304,0.43855270743370056,2377.9162087999994
11830,1.5783421993255615,,0.0008594265688622205,0.4152483642101288,2379.9437137999994
11840,1.5357961654663086,,0.0008591563406281685,0.3978549838066101,2381.9277932999994
11850,1.6884303092956543,,0.0008588859010886727,0.40812286734580994,2383.903288399999
11860,1.5094354152679443,,0.0008586152504285762,0.4034900963306427,2385.9115012
11870,1.5467206239700317,,0.0008583443888328662,0.4007222056388855,2387.9024842
11880,1.6879730224609375,,0.0008580733164866739,0.39729490876197815,2389.9027910999994
11890,1.6355836391448975,,0.0008578020335752747,0.39676570892333984,2391.8761933999995
11900,1.627601146697998,,0.0008575305402840879,0.39328858256340027,2393.874865599999
11910,1.5082013607025146,,0.0008572588367986767,0.39938101172447205,2395.8651955999994
11920,1.634204626083374,,0.0008569869233047478,0.40763089060783386,2397.8459456
11930,1.4926724433898926,,0.0008567147999881516,0.39362695813179016,2399.85261
11940,1.605705976486206,,0.0008564424670348818,0.416091650724411,2401.8516404
11950,1.7457213401794434,,0.0008561699246310752,0.41088730096817017,2403.842401599999
11960,1.581421971321106,,0.0008558971729630123,0.40989288687705994,2405.8466886999995
11970,1.5865380764007568,,0.000855624212217116,0.4197273552417755,2407.846983399999
11980,1.4711941480636597,,0.0008553510425799527,0.36708390712738037,2409.865246899999
11990,1.5796515941619873,,0.0008550776642382308,0.3945649564266205,2411.8704756999996
12000,1.583297610282898,1.5943936347961425,0.0008548040773788022,0.38454410433769226,2415.1414784999997
12010,1.624178171157837,,0.0008545302821886609,0.4054373502731323,2417.325278099999
12020,1.5153882503509521,,0.0008542562788549432,0.4106830656528473,2419.3463166
12030,1.6284112930297852,,0.0008539820675649279,0.43918460607528687,2421.3359748000003
12040,1.6850662231445312,,0.0008537076485060359,0.39517953991889954,2423.3274230000006
12050,1.6418167352676392,,0.0008534330218658298,0.4261166453361511,2425.323590599999
12060,1.6403677463531494,,0.0008531581878320146,0.40034276247024536,2427.3029731000006
12070,1.6497167348861694,,0.0008528831465924365,0.42013853788375854,2429.3193384999995
12080,1.6297025680541992,,0.0008526078983350837,0.4009135067462921,2431.3373632000003
12090,1.6774685382843018,,0.0008523324432480858,0.4047497510910034,2433.3256612000005
12100,1.5287965536117554,,0.000852056781519714,0.3880325257778168,2435.3327405
12110,1.661431908607483,,0.0008517809133383801,0.4035155773162842,2437.3104592
12120,1.5031452178955078,,0.0008515048388926375,0.38849112391471863,2439.3254140999998
12130,1.6186206340789795,,0.0008512285583711806,0.4217955470085144,2441.3013764999996
12140,1.6218169927597046,,0.0008509520719628444,0.41408032178878784,2443.2772597999992
12150,1.542810082435608,,0.000850675379856605,0.37607356905937195,2445.2929609000003
12160,1.6685140132904053,,0.0008503984822415784,0.415372371673584,2447.274375499999
12170,1.6453206539154053,,0.0008501213793070219,0.4052498936653137,2449.2491257
12180,1.6183738708496094,,0.0008498440712423327,0.38952019810676575,2451.2514173
12190,1.6843249797821045,,0.0008495665582370481,0.40554100275039673,2453.2408123000005
12200,1.5397083759307861,,0.0008492888404808459,0.395976185798645,2455.2442709999996
12210,1.5447587966918945,,0.000849010918163543,0.3920804262161255,2457.2154936999996
12220,1.5567567348480225,,0.0008487327914750971,0.4289924204349518,2459.2207072
12230,1.5589714050292969,,0.0008484544606056053,0.39251458644866943,2461.2355449000006
12240,1.5255217552185059,,0.0008481759257453038,0.410052090883255,2463.2123606999994
12250,1.5805079936981201,,0.0008478971870845687,0.4100273549556732,2465.233122399999
12260,1.494647741317749,,0.0008476182448139153,0.39201903343200684,2467.2236195999994
12270,1.5405594110488892,,0.0008473390991239979,0.3985132575035095,2469.228193699999
12280,1.6221039295196533,,0.0008470597502056099,0.40310603380203247,2471.2185444000006
12290,1.6775599718093872,,0.0008467801982496839,0.4140480160713196,2473.1882466000006
12300,1.6201250553131104,,0.0008465004434472907,0.4182533919811249,2475.199604899999
12310,1.5337553024291992,,0.0008462204859896403,0.3788043260574341,2477.2046656
12320,1.5399669408798218,,0.000845940326068081,0.4069892168045044,2479.1973830000006
12330,1.574049472808838,,0.0008456599638740993,0.4300863444805145,2481.1911301
12340,1.6141191720962524,,0.0008453793995993203,0.4088388681411743,2483.1774308000004
12350,1.622877597808838,,0.0008450986334355068,0.41998836398124695,2485.190307499999
12360,1.5910048484802246,,0.0008448176655745601,0.3993646204471588,2487.1569008000006
12370,1.5531699657440186,,0.0008445364962085188,0.38794639706611633,2489.1465719999997
12380,1.568801760673523,,0.0008442551255295596,0.4170339107513428,2491.1605237000003
12390,1.60267972946167,,0.0008439735537299969,0.38711732625961304,2493.137168699999
12400,1.6413028240203857,,0.0008436917810022822,0.44549664855003357,2495.1467312999994
12410,1.4811142683029175,,0.0008434098075390046,0.41225603222846985,2497.1422583000003
12420,1.6402029991149902,,0.00084312763353289,0.4201994836330414,2499.1468946000005
12430,1.610459804534912,,0.0008428452591768023,0.4301179051399231,2501.1523371000003
12440,1.473785400390625,,0.0008425626846637411,0.4186103343963623,2503.1343911999993
12450,1.5223066806793213,,0.0008422799101868437,0.37363213300704956,2505.1462401999997
12460,1.5521124601364136,,0.0008419969359393835,0.39459308981895447,2507.1331910999997
12470,1.646428108215332,,0.0008417137621147711,0.4002688229084015,2509.127361499999
12480,1.6345160007476807,,0.0008414303889065531,0.4179357588291168,2511.1130133000006
12490,1.5216237306594849,,0.0008411468165084122,0.3962465226650238,2513.1143446000005
12500,1.6980326175689697,1.5922460019588471,0.0008408630451141675,0.4189126193523407,2516.4243282000007
12510,1.6108484268188477,,0.0008405790749177742,0.4117876887321472,2518.4073009000003
12520,1.6013333797454834,,0.0008402949061133232,0.4052518606185913,2520.445726099999
12530,1.6085234880447388,,0.0008400105388950412,0.4065684676170349,2522.422860999999
12540,1.6514291763305664,,0.0008397259734572906,0.39564746618270874,2524.4225747
12550,1.5720396041870117,,0.0008394412099945688,0.41449135541915894,2526.4293899999993
12560,1.532348871231079,,0.0008391562487015096,0.41592642664909363,2528.4307226
12570,1.5585594177246094,,0.0008388710897728807,0.4161890149116516,2530.419170199999
12580,1.4926705360412598,,0.000838585733403586,0.402523010969162,2532.4094081999992
12590,1.7155619859695435,,0.0008383001797886636,0.45097196102142334,2534.4141717
12600,1.6393089294433594,,0.0008380144291232869,0.42301952838897705,2536.4233036000005
12610,1.5481762886047363,,0.0008377284816027638,0.389985054731369,2538.4205091000003
12620,1.623845100402832,,0.0008374423374225365,0.40756288170814514,2540.4357127000003
12630,1.619989275932312,,0.000837155996778182,0.4305703341960907,2542.4343377999994
12640,1.631547451019287,,0.0008368694598654114,0.41642990708351135,2544.4239424999996
12650,1.5803089141845703,,0.0008365827268800701,0.38546034693717957,2546.4439805
12660,1.5463258028030396,,0.0008362957980181373,0.4135270416736603,2548.4337128999996
12670,1.5317920446395874,,0.000836008673475726,0.42265990376472473,2550.4369728
12680,1.6346979141235352,,0.0008357213534490835,0.4241068661212921,2552.4190309000005
12690,1.5972554683685303,,0.00083543383813459,0.4022568166255951,2554.4334476999993
12700,1.6056933403015137,,0.0008351461277287596,0.406507283449173,2556.405358599999
12710,1.5377362966537476,,0.0008348582224282397,0.3925832509994507,2558.3873079000005
12720,1.578833818435669,,0.0008345701224298107,0.39233800768852234,2560.3980317000005
12730,1.5181388854980469,,0.0008342818279303866,0.3876882493495941,2562.4075675999993
12740,1.5619926452636719,,0.0008339933391270135,0.40793025493621826,2564.3873666
12750,1.622873067855835,,0.000833704656216871,0.40953850746154785,2566.386095599999
12760,1.5314500331878662,,0.0008334157793972713,0.3966418206691742,2568.3727505000006
12770,1.6895513534545898,,0.0008331267088656587,0.42527854442596436,2570.3795716000004
12780,1.676552653312683,,0.0008328374448196104,0.41644787788391113,2572.350067199999
12790,1.4540185928344727,,0.0008325479874568355,0.384361207485199,2574.3389391
12800,1.5644316673278809,,0.0008322583369751755,0.4173101484775543,2576.3544335000006
12810,1.558861494064331,,0.0008319684935726037,0.40435683727264404,2578.3424627000004
12820,1.6303538084030151,,0.0008316784574472254,0.42105093598365784,2580.3412639
12830,1.6086933612823486,,0.0008313882287972774,0.3933661878108978,2582.3315423999993
12840,1.6509878635406494,,0.0008310978078211284,0.40814849734306335,2584.3469693000006
12850,1.5512077808380127,,0.0008308071947172785,0.39227625727653503,2586.3559351000004
12860,1.6137869358062744,,0.0008305163896843586,0.40686070919036865,2588.324906
12870,1.6140824556350708,,0.0008302253929211316,0.41230836510658264,2590.3294587
12880,1.600877285003662,,0.0008299342046264908,0.4135911166667938,2592.3293598
12890,1.6995775699615479,,0.0008296428249994608,0.41539934277534485,2594.3046596999993
12900,1.5457786321640015,,0.0008293512542391968,0.4159839153289795,2596.2989610000004
12910,1.5755232572555542,,0.0008290594925449849,0.40627729892730713,2598.2818441
12920,1.7326760292053223,,0.0008287675401162409,0.4311966896057129,2600.3192846
12930,1.645401954650879,,0.0008284753971525119,0.3977227509021759,2602.2949511999996
12940,1.4799600839614868,,0.0008281830638534749,0.41348886489868164,2604.2814756999996
12950,1.5718145370483398,,0.0008278905404189368,0.4275069236755371,2606.2796149000005
12960,1.5776894092559814,,0.0008275978270488347,0.40840303897857666,2608.2893669000005
12970,1.5548709630966187,,0.0008273049239432355,0.4259297549724579,2610.2717801
12980,1.611411690711975,,0.0008270118313023355,0.4009506106376648,2612.2499327999994
12990,1.6607182025909424,,0.0008267185493264608,0.4239862859249115,2614.249074899999
13000,1.6216250658035278,1.5777494430541992,0.0008264250782160671,0.4443415105342865,2617.5563686000005
13010,1.5919415950775146,,0.0008261314181717389,0.4349450170993805,2619.5755580999994
13020,1.6262619495391846,,0.0008258375693941902,0.4279729425907135,2621.5832952
13030,1.5750676393508911,,0.0008255435320842637,0.40866029262542725,2623.5551988000007
13040,1.59707772731781,,0.0008252493064429313,0.41378673911094666,2625.567653799999
13050,1.686186671257019,,0.0008249548926712935,0.4255596697330475,2627.5576655999994
13060,1.592963457107544,,0.000824660290970579,0.3974108397960663,2629.5581003999996
13070,1.6347270011901855,,0.0008243655015421456,0.4067741632461548,2631.5355213000003
13080,1.6001300811767578,,0.000824070524587479,0.39853307604789734,2633.534669299999
13090,1.581315517425537,,0.0008237753603081933,0.4432825446128845,2635.547172999999
13100,1.5858407020568848,,0.0008234800089060302,0.4026361107826233,2637.5516761
13110,1.5173218250274658,,0.0008231844705828598,0.38671261072158813,2639.5411891999993
13120,1.6235631704330444,,0.0008228887455406799,0.4074307978153229,2641.561740199999
13130,1.535886287689209,,0.0008225928339816156,0.40641334652900696,2643.5461766999997
13140,1.4144527912139893,,0.0008222967361079195,0.39141952991485596,2645.579044599999
13150,1.5135762691497803,,0.0008220004521219719,0.4196878969669342,2647.561102399999
13160,1.541859745979309,,0.0008217039822262801,0.4126448333263397,2649.5539860999997
13170,1.5295500755310059,,0.0008214073266234786,0.39149168133735657,2651.554741099999
13180,1.5842504501342773,,0.0008211104855163285,0.41767826676368713,2653.5611085
13190,1.621565580368042,,0.0008208134591077179,0.4044457972049713,2655.5492030999994
13200,1.6211035251617432,,0.0008205162476006616,0.4161803126335144,2657.5412904000004
13210,1.699240803718567,,0.0008202188511983009,0.41787734627723694,2659.5292874999996
13220,1.4579129219055176,,0.0008199212701039036,0.3868161737918854,2661.5493614999996
13230,1.61520254611969,,0.0008196235045208631,0.4163086414337158,2663.536992899999
13240,1.6354308128356934,,0.0008193255546526998,0.40754711627960205,2665.5386282
13250,1.5078611373901367,,0.0008190274207030595,0.3912016749382019,2667.5205472
13260,1.562066912651062,,0.0008187291028757138,0.40038520097732544,2669.5279513000005
13270,1.610975742340088,,0.0008184306013745605,0.3982695937156677,2671.514980099999
13280,1.5517491102218628,,0.0008181319164036222,0.393279492855072,2673.4880847999993
13290,1.4973015785217285,,0.0008178330481670473,0.3952818214893341,2675.4917587
13300,1.5927703380584717,,0.0008175339968691096,0.40577685832977295,2677.4879113999996
13310,1.4879345893859863,,0.0008172347627142076,0.3835618197917938,2679.4617003999992
13320,1.6191797256469727,,0.0008169353459068653,0.41608473658561707,2681.4593865999996
13330,1.6917269229888916,,0.000816635746651731,0.4124082326889038,2683.457123099999
13340,1.486539363861084,,0.0008163359651535781,0.40365391969680786,2685.4497087
13350,1.5505328178405762,,0.0008160360016173045,0.42670655250549316,2687.425404399999
13360,1.7029914855957031,,0.0008157358562479323,0.41889527440071106,2689.422529399999
13370,1.6673588752746582,,0.0008154355292506081,0.4235394597053528,2691.4411394
13380,1.651820421218872,,0.0008151350208306026,0.4110417664051056,2693.424641399999
13390,1.6804602146148682,,0.0008148343311933104,0.4359244406223297,2695.4335126000005
13400,1.647411584854126,,0.0008145334605442501,0.4301992952823639,2697.4324959000005
13410,1.5339114665985107,,0.0008142324090890639,0.37858620285987854,2699.4439512999998
13420,1.5078730583190918,,0.0008139311770335177,0.4049893319606781,2701.4580473999995
13430,1.654313087463379,,0.0008136297645835006,0.41237664222717285,2703.4318759
13440,1.524963617324829,,0.0008133281719450254,0.3899551033973694,2705.4341724999995
13450,1.6126742362976074,,0.0008130263993242277,0.41347870230674744,2707.4256007000004
13460,1.6110508441925049,,0.0008127244469273662,0.4334152042865753,2709.4066029000005
13470,1.6039390563964844,,0.0008124223149608225,0.40657299757003784,2711.402034499999
13480,1.4494178295135498,,0.0008121200036311011,0.3880668878555298,2713.3824026
13490,1.6300742626190186,,0.0008118175131448289,0.397134393453598,2715.411309699999
13500,1.6402621269226074,1.5723540425300597,0.0008115148437087553,0.41978520154953003,2718.6764301000003
13510,1.5745998620986938,,0.0008112119955297519,0.41282540559768677,2720.6701362999993
13520,1.4878435134887695,,0.0008109089688148125,0.39481520652770996,2722.6577921999997
13530,1.5981210470199585,,0.0008106057637710533,0.407153457403183,2724.6487376000005
13540,1.5679923295974731,,0.0008103023806057118,0.41809120774269104,2726.6628084999993
13550,1.4856538772583008,,0.0008099988195261478,0.4086403250694275,2728.6342654
13560,1.498311996459961,,0.0008096950807398424,0.40995466709136963,2730.6520765000005
13570,1.5898172855377197,,0.0008093911644543978,0.40938979387283325,2732.6368616
13580,1.5453284978866577,,0.0008090870708775383,0.3969131112098694,2734.6491731999995
13590,1.6483746767044067,,0.000808782800217109,0.4079901874065399,2736.6271684000003
13600,1.5674625635147095,,0.0008084783526810759,0.4196881651878357,2738.600053799999
13610,1.5106655359268188,,0.000808173728477526,0.39395007491111755,2740.6092649
13620,1.5474388599395752,,0.0008078689278146672,0.38981884717941284,2742.5928514999996
13630,1.5240919589996338,,0.0008075639509008277,0.39580973982810974,2744.5727353
13640,1.571596622467041,,0.0008072587979444565,0.4502505362033844,2746.572589199999
13650,1.652099609375,,0.0008069534691541227,0.410768061876297,2748.5722373999997
13660,1.5638856887817383,,0.0008066479647385156,0.3929492235183716,2750.5658853000004
13670,1.5664451122283936,,0.0008063422849064447,0.39571502804756165,2752.542442099999
13680,1.562727928161621,,0.0008060364298668393,0.4052797853946686,2754.5448825000003
13690,1.530368447303772,,0.0008057303998287483,0.3954481780529022,2756.5589051999996
13700,1.3949260711669922,,0.0008054241950013404,0.39091062545776367,2758.539177999999
13710,1.5519373416900635,,0.0008051178155939037,0.3965807557106018,2760.542847999999
13720,1.6452659368515015,,0.0008048112618158457,0.42449644207954407,2762.527389499999
13730,1.486098051071167,,0.0008045045338766929,0.3914770781993866,2764.5330223
13740,1.6105875968933105,,0.0008041976319860912,0.4051889181137085,2766.5093240000006
13750,1.5467777252197266,,0.0008038905563538049,0.40897679328918457,2768.4885557
13760,1.4962241649627686,,0.0008035833071897173,0.3922756016254425,2770.5097110000006
13770,1.5489521026611328,,0.0008032758847038304,0.4311627745628357,2772.5079095
13780,1.7092363834381104,,0.0008029682891062646,0.3985227644443512,2774.4920588999994
13790,1.564607858657837,,0.0008026605206072584,0.3966592252254486,2776.4907927000004
13800,1.640521764755249,,0.000802352579417169,0.39357176423072815,2778.4899504000005
13810,1.5913288593292236,,0.000802044465746471,0.4164682924747467,2780.482501299999
13820,1.544877529144287,,0.0008017361798057574,0.423091322183609,2782.4566297
13830,1.4470186233520508,,0.0008014277218057387,0.40488672256469727,2784.4468768999996
13840,1.6045061349868774,,0.0008011190919572428,0.3990824222564697,2786.4796241000004
13850,1.7178763151168823,,0.0008008102904712155,0.42742547392845154,2788.4575692
13860,1.6340751647949219,,0.0008005013175587196,0.4072874188423157,2790.4632421000006
13870,1.6917839050292969,,0.0008001921734309353,0.405800998210907,2792.4657375999996
13880,1.56170654296875,,0.0007998828582991597,0.3898565471172333,2794.4716009000003
13890,1.6958520412445068,,0.0007995733723748066,0.41689109802246094,2796.4992077000006
13900,1.7855174541473389,,0.0007992637158694069,0.4326322078704834,2798.4618861
13910,1.5728304386138916,,0.0007989538889946078,0.38970255851745605,2800.4905591999996
13920,1.5350606441497803,,0.0007986438919621731,0.40537697076797485,2802.476348799999
13930,1.527207851409912,,0.0007983337249839827,0.3928901255130768,2804.484927899999
13940,1.6663792133331299,,0.000798023388272033,0.40988361835479736,2806.4641278
13950,1.583764672279358,,0.0007977128820384361,0.4042194187641144,2808.4592484000004
13960,1.4721288681030273,,0.00079740220649542,0.395170658826828,2810.4775582
13970,1.6115906238555908,,0.000797091361855329,0.39334145188331604,2812.4779130999996
13980,1.6538103818893433,,0.0007967803483306218,0.40337634086608887,2814.4698252
13990,1.4836689233779907,,0.0007964691661338735,0.38854238390922546,2816.472475299999
14000,1.567476749420166,1.5663455843925476,0.0007961578154777743,0.4066166281700134,2819.7722305000007
14010,1.4868659973144531,,0.0007958462965751294,0.3863307237625122,2821.9555502000003
14020,1.516371488571167,,0.0007955346096388589,0.3937559425830841,2823.953793499999
14030,1.5800166130065918,,0.000795222754881998,0.39365309476852417,2825.9427054999996
14040,1.6460623741149902,,0.0007949107325176965,0.4058714509010315,2827.9208079
14050,1.5114487409591675,,0.0007945985427592186,0.40944838523864746,2829.9179578999992
14060,1.5856454372406006,,0.0007942861858199433,0.43391379714012146,2831.9236629000006
14070,1.6548230648040771,,0.0007939736619133633,0.4049202799797058,2833.8883948000002
14080,1.5817701816558838,,0.000793660971253086,0.4021722078323364,2835.8908195000004
14090,1.6828784942626953,,0.0007933481140528323,0.4100927710533142,2837.8869286999998
14100,1.5367114543914795,,0.0007930350905264375,0.3931084871292114,2839.8675877999995
14110,1.544047474861145,,0.0007927219008878499,0.39292311668395996,2841.8610645999997
14120,1.5135194063186646,,0.0007924085453511317,0.49624335765838623,2843.8385806000006
14130,1.418525218963623,,0.0007920950241304586,0.39913210272789,2845.8551554999995
14140,1.4309799671173096,,0.0007917813374401193,0.3821254074573517,2847.8308491999996
14150,1.5695576667785645,,0.0007914674854945158,0.41016095876693726,2849.8143211999995
14160,1.613945484161377,,0.0007911534685081628,0.42186206579208374,2851.818636099999
14170,1.576660394668579,,0.000790839286695688,0.3991848826408386,2853.7983975000006
14180,1.5627148151397705,,0.0007905249402718318,0.42895546555519104,2855.7996516000003
14190,1.5882573127746582,,0.0007902104294514469,0.43397390842437744,2857.778369399999
14200,1.5645966529846191,,0.0007898957544494985,0.4154094457626343,2859.7911408
14210,1.625279426574707,,0.0007895809154810641,0.4240604639053345,2861.7710884999997
14220,1.5618332624435425,,0.0007892659127613329,0.41223573684692383,2863.7463126000002
14230,1.6382739543914795,,0.0007889507465056066,0.41108518838882446,2865.7459591999996
14240,1.5027626752853394,,0.0007886354169292983,0.4102732539176941,2867.722182199999
14250,1.6623644828796387,,0.0007883199242479327,0.4031677842140198,2869.7232318000006
14260,1.5117995738983154,,0.000788004268677146,0.4105852246284485,2871.7182312999994
14270,1.6827069520950317,,0.000787688450432686,0.4238334596157074,2873.7121308000005
14280,1.663851022720337,,0.0007873724697304113,0.41093888878822327,2875.7021337999995
14290,1.5290637016296387,,0.0007870563267862918,0.40319278836250305,2877.6849748999994
14300,1.5470669269561768,,0.0007867400218164085,0.39362332224845886,2879.6771025
14310,1.4887326955795288,,0.0007864235550369523,0.42378461360931396,2881.6766420000004
14320,1.5855835676193237,,0.0007861069266642257,0.4125279188156128,2883.6468698999997
14330,1.6084179878234863,,0.000785790136914641,0.4419402778148651,2885.6584301000003
14340,1.5561506748199463,,0.0007854731860047214,0.40073758363723755,2887.6501577
14350,1.6081918478012085,,0.0007851560741510993,0.401422917842865,2889.6273688
14360,1.477673888206482,,0.0007848388015705179,0.40839117765426636,2891.6186715000003
14370,1.5455565452575684,,0.0007845213684798299,0.41642412543296814,2893.6021574999995
14380,1.577979326248169,,0.0007842037750959982,0.40182238817214966,2895.6115456999996
14390,1.6154029369354248,,0.0007838860216360946,0.4014648199081421,2897.5908547
14400,1.527353286743164,,0.0007835681083173006,0.39771267771720886,2899.5741634000005
14410,1.6355116367340088,,0.0007832500353569068,0.41767561435699463,2901.582303199999
14420,1.584333896636963,,0.0007829318029723134,0.3944975435733795,2903.5642260999994
14430,1.6142126321792603,,0.0007826134113810291,0.4446614980697632,2905.5597423
14440,1.5571236610412598,,0.0007822948608006715,0.3964237868785858,2907.5415534999993
14450,1.5622788667678833,,0.000781976151448967,0.43829211592674255,2909.5385035
14460,1.5168516635894775,,0.0007816572835437504,0.38848042488098145,2911.5330156
14470,1.5930893421173096,,0.0007813382573029648,0.4328036904335022,2913.5044044999995
14480,1.5205978155136108,,0.0007810190729446618,0.3914373815059662,2915.510764299999
14490,1.6494221687316895,,0.0007806997306870007,0.4158536493778229,2917.5031593000003
14500,1.5615390539169312,1.5807962715625763,0.000780380230748249,0.4071579873561859,2920.7662512999996
14510,1.6400296688079834,,0.0007800605733467821,0.40944305062294006,2922.753974899999
14520,1.6400518417358398,,0.0007797407587010827,0.39679357409477234,2924.741291799999
14530,1.5737888813018799,,0.000779420787029741,0.4060930609703064,2926.7542489999996
14540,1.5475252866744995,,0.0007791006585514547,0.4088822603225708,2928.7163254999996
14550,1.7238109111785889,,0.0007787803734850285,0.4175824522972107,2930.7153579999995
14560,1.639524221420288,,0.0007784599320493743,0.4085003733634949,2932.7103965999995
14570,1.5945509672164917,,0.0007781393344635109,0.38590535521507263,2934.697734199999
14580,1.576336145401001,,0.0007778185809465635,0.4306733310222626,2936.690020599999
14590,1.5402588844299316,,0.0007774976717177642,0.39221569895744324,2938.669776999999
14600,1.6352170705795288,,0.0007771766069964514,0.4050426185131073,2940.6962557000006
14610,1.555053949356079,,0.00077685538700207,0.4235592484474182,2942.677398599999
14620,1.5418704748153687,,0.0007765340119541708,0.40387800335884094,2944.6697134000005
14630,1.5370322465896606,,0.0007762124820724104,0.3946061134338379,2946.6730061
14640,1.550694227218628,,0.0007758907975765515,0.41100654006004333,2948.6700844999996
14650,1.4944294691085815,,0.0007755689586864626,0.40713053941726685,2950.656424999999
14660,1.5210586786270142,,0.0007752469656221173,0.40920940041542053,2952.6397830000005
14670,1.5147793292999268,,0.000774924818603595,0.41707953810691833,2954.6301332000003
14680,1.50860595703125,,0.0007746025178510803,0.43481966853141785,2956.6527807
14690,1.467918872833252,,0.0007742800635848622,0.3927536904811859,2958.6405412999993
14700,1.490959882736206,,0.0007739574560253355,0.3897179067134857,2960.6392531
14710,1.5665621757507324,,0.0007736346953929996,0.40223428606987,2962.6210752999996
14720,1.589339017868042,,0.0007733117819084581,0.40651020407676697,2964.616307099999
14730,1.5450278520584106,,0.0007729887157924193,0.4140302240848541,2966.6076785999994
14740,1.558023452758789,,0.0007726654972656959,0.41676560044288635,2968.5878176000006
14750,1.53371262550354,,0.0007723421265492047,0.4047199785709381,2970.6025265999997
14760,1.6087956428527832,,0.0007720186038639667,0.40037402510643005,2972.5973921999994
14770,1.4777649641036987,,0.0007716949294311065,0.4025431275367737,2974.5854287
14780,1.6021180152893066,,0.0007713711034718524,0.41722187399864197,2976.6058871999994
14790,1.4379569292068481,,0.0007710471262075364,0.415825217962265,2978.5966238
14800,1.4677789211273193,,0.0007707229978595939,0.42601820826530457,2980.6300565
14810,1.6098127365112305,,0.0007703987186495641,0.4487892687320709,2982.6109271000005
14820,1.600883960723877,,0.000770074288799088,0.39567017555236816,2984.6016378000004
14830,1.6009283065795898,,0.0007697497085299108,0.40470370650291443,2986.5966183
14840,1.6159911155700684,,0.0007694249780638798,0.462815523147583,2988.589175699999
14850,1.5523937940597534,,0.0007691000976229454,0.4127335250377655,2990.5840592999994
14860,1.5533697605133057,,0.0007687750674291603,0.40192335844039917,2992.5613568999997
14870,1.5948975086212158,,0.0007684498877046794,0.412945419549942,2994.557847
14880,1.627176284790039,,0.0007681245586717603,0.4215104281902313,2996.571146099999
14890,1.6669557094573975,,0.000767799080552762,0.41619357466697693,2998.5580945
14900,1.5802326202392578,,0.000767473453570146,0.4154758155345917,3000.561203699999
14910,1.6881169080734253,,0.0007671476779464751,0.4204622805118561,3002.547940999999
14920,1.5618691444396973,,0.0007668217539044139,0.3971594274044037,3004.5321212
14930,1.604369878768921,,0.0007664956816667284,0.40363892912864685,3006.5290499000002
14940,1.472623348236084,,0.0007661694614562859,0.38779351115226746,3008.5090757
14950,1.5763332843780518,,0.0007658430934960549,0.4024187922477722,3010.5197267000003
14960,1.6574592590332031,,0.0007655165780091047,0.4175317585468292,3012.501451599999
14970,1.4661492109298706,,0.0007651899152186056,0.4217597246170044,3014.476486899999
14980,1.5625457763671875,,0.0007648631053478287,0.4000343382358551,3016.4840489
14990,1.5691473484039307,,0.0007645361486201453,0.4048561453819275,3018.4642979
15000,1.5877838134765625,1.5544740676879882,0.0007642090452590272,0.40558403730392456,3021.7535659000005
15010,1.719038724899292,,0.0007638817954880465,0.4166388213634491,3023.7215208
15020,1.505291223526001,,0.0007635543995308755,0.40460148453712463,3025.7122531000005
15030,1.524017572402954,,0.0007632268576112861,0.41366448998451233,3027.7229642
15040,1.632845401763916,,0.0007628991699531501,0.3979055881500244,3029.6962693999994
15050,1.5773591995239258,,0.0007625713367804389,0.4277675449848175,3031.6938690000006
15060,1.5692964792251587,,0.0007622433583172235,0.41943636536598206,3033.6785222
15070,1.5365171432495117,,0.000761915234787674,0.37916556000709534,3035.6807221
15080,1.5940759181976318,,0.0007615869664160599,0.40457430481910706,3037.6603763000003
15090,1.4808194637298584,,0.0007612585534267492,0.39371007680892944,3039.6416040000004
15100,1.6353543996810913,,0.0007609299960442093,0.43966495990753174,3041.6562866000004
15110,1.6406991481781006,,0.0007606012944930062,0.43545833230018616,3043.6293960000003
15120,1.5817352533340454,,0.000760272448997804,0.43922293186187744,3045.6339633999996
15130,1.5854694843292236,,0.0007599434597833658,0.40236419439315796,3047.6134051999998
15140,1.4564471244812012,,0.0007596143270745524,0.4012806713581085,3049.6034473
15150,1.4611111879348755,,0.000759285051096323,0.3860612213611603,3051.5987564999996
15160,1.4989618062973022,,0.0007589556320737347,0.40255364775657654,3053.5796474
15170,1.5320823192596436,,0.000758626070231942,0.4244505763053894,3055.5946714
15180,1.5382548570632935,,0.0007582963657961978,0.41340023279190063,3057.5855556999995
15190,1.493039846420288,,0.0007579665189918516,0.41192173957824707,3059.5737319
15200,1.6402413845062256,,0.0007576365300443505,0.45772355794906616,3061.5791575999992
15210,1.5824313163757324,,0.0007573063991792392,0.43367788195610046,3063.5723125000004
15220,1.5721849203109741,,0.0007569761266221587,0.39992398023605347,3065.5580185
15230,1.6024696826934814,,0.0007566457125988475,0.41379696130752563,3067.5497453999997
15240,1.5287867784500122,,0.0007563151573351403,0.39843618869781494,3069.5282793000006
15250,1.552765130996704,,0.0007559844610569682,0.39883196353912354,3071.5527289
15260,1.5510408878326416,,0.0007556536239903596,0.40736299753189087,3073.5117812999997
15270,1.5934131145477295,,0.0007553226463614381,0.4241087734699249,3075.5195891999992
15280,1.5301648378372192,,0.0007549915283964238,0.402135968208313,3077.5040537000004
15290,1.4952266216278076,,0.0007546602703216329,0.3965064287185669,3079.4865420999995
15300,1.6265090703964233,,0.0007543288723634771,0.4389086365699768,3081.4851206000003
15310,1.511298418045044,,0.0007539973347484637,0.4005051851272583,3083.468410399999
15320,1.586820363998413,,0.0007536656577031956,0.44864171743392944,3085.490338399999
15330,1.6160051822662354,,0.0007533338414543707,0.40283527970314026,3087.482062699999
15340,1.4718282222747803,,0.0007530018862287827,0.4302530884742737,3089.468972299999
15350,1.6771384477615356,,0.0007526697922533196,0.4278896450996399,3091.4952078999995
15360,1.6891428232192993,,0.0007523375597549647,0.4302639067173004,3093.4821586
15370,1.4552953243255615,,0.0007520051889607955,0.3913639783859253,3095.4892351
15380,1.5778236389160156,,0.0007516726800979844,0.40228408575057983,3097.4609519999995
15390,1.616407871246338,,0.0007513400333937982,0.42303600907325745,3099.4654690999996
15400,1.5570200681686401,,0.0007510072490755975,0.40308812260627747,3101.4776762
15410,1.5586166381835938,,0.0007506743273708378,0.43333449959754944,3103.4694624999993
15420,1.492969036102295,,0.0007503412685070673,0.4215449392795563,3105.4530902000006
15430,1.4951374530792236,,0.000750008072711929,0.38658127188682556,3107.4527132000003
15440,1.547205924987793,,0.000749674740213159,0.41020575165748596,3109.4542433000006
15450,1.4232033491134644,,0.0007493412712385867,0.42924049496650696,3111.4842559999997
15460,1.5350916385650635,,0.0007490076660161354,0.4042709469795227,3113.4702044999995
15470,1.464418888092041,,0.0007486739247738208,0.4075387418270111,3115.470390299999
15480,1.5553460121154785,,0.0007483400477397519,0.42232564091682434,3117.4502563999995
15490,1.5924973487854004,,0.0007480060351421308,0.4125075340270996,3119.4455486000006
15500,1.5320162773132324,1.5688224673271178,0.0007476718872092517,0.41280606389045715,3122.728477299999
15510,1.502593755722046,,0.0007473376041695016,0.41202133893966675,3124.7246072
15520,1.606650948524475,,0.0007470031862513599,0.43275588750839233,3126.731926999999
15530,1.5025475025177002,,0.0007466686336833979,0.404901385307312,3128.7327927999995
15540,1.529840111732483,,0.0007463339466942793,0.39593663811683655,3130.7544481999994
15550,1.6025062799453735,,0.0007459991255127596,0.39968305826187134,3132.7577695
15560,1.5272867679595947,,0.0007456641703676855,0.4031730592250824,3134.7328818999995
15570,1.6126189231872559,,0.0007453290814879962,0.41883838176727295,3136.760021
15580,1.5312657356262207,,0.0007449938591027215,0.41920188069343567,3138.743670599999
15590,1.4941089153289795,,0.0007446585034409827,0.40612661838531494,3140.757226399999
15600,1.5932098627090454,,0.0007443230147319923,0.4288657307624817,3142.7288384999993
15610,1.4688057899475098,,0.0007439873932050538,0.38376325368881226,3144.715454199999
15620,1.465204119682312,,0.0007436516390895611,0.39533531665802,3146.7247764000003
15630,1.5335166454315186,,0.0007433157526149992,0.3913525938987732,3148.7003807
15640,1.5485165119171143,,0.0007429797340109433,0.413654625415802,3150.697458999999
15650,1.5974078178405762,,0.0007426435835070588,0.40083685517311096,3152.7026902
15660,1.5484766960144043,,0.0007423073013331016,0.4130776822566986,3154.707614499999
15670,1.5863754749298096,,0.0007419708877189171,0.400104820728302,3156.7091187000005
15680,1.6175380945205688,,0.000741634342894441,0.421112060546875,3158.6948207999994
15690,1.5244410037994385,,0.0007412976670896989,0.43876880407333374,3160.711689599999
15700,1.5701665878295898,,0.0007409608605348049,0.4238818883895874,3162.6986904000005
15710,1.6029911041259766,,0.0007406239234599634,0.41264772415161133,3164.6766489
15720,1.5594658851623535,,0.0007402868560954678,0.39684638381004333,3166.6782127999995
15730,1.597909927368164,,0.0007399496586717001,0.39700642228126526,3168.6591351999996
15740,1.651479721069336,,0.000739612331419132,0.39986464381217957,3170.6868495
15750,1.5750771760940552,,0.0007392748745683233,0.40211454033851624,3172.672384199999
15760,1.540889859199524,,0.0007389372883499227,0.4386415183544159,3174.6528930999993
15770,1.634902000427246,,0.0007385995729946668,0.4178161919116974,3176.6605266999995
15780,1.5283892154693604,,0.0007382617287333814,0.41262000799179077,3178.6595373
15790,1.5535846948623657,,0.0007379237557969795,0.4164860248565674,3180.653081799999
15800,1.4573618173599243,,0.0007375856544164626,0.39213472604751587,3182.6557713
15810,1.4937727451324463,,0.0007372474248229197,0.40683048963546753,3184.6592746000006
15820,1.44192373752594,,0.0007369090672475275,0.4333573579788208,3186.6695289
15830,1.576224684715271,,0.0007365705819215504,0.40817791223526,3188.6666258999994
15840,1.480676293373108,,0.0007362319690763397,0.41867712140083313,3190.680970899999
15850,1.4740952253341675,,0.0007358932289433343,0.4260863959789276,3192.664626599999
15860,1.6240260601043701,,0.0007355543617540597,0.41955021023750305,3194.667191999999
15870,1.6342296600341797,,0.0007352153677401285,0.4218873679637909,3196.6940288999995
15880,1.623397707939148,,0.0007348762471332401,0.4080883860588074,3198.6853976
15890,1.4785690307617188,,0.0007345370001651798,0.42169466614723206,3200.6863343999994
15900,1.62473726272583,,0.0007341976270678202,0.4168276786804199,3202.6946269
15910,1.5171159505844116,,0.0007338581280731192,0.4064047336578369,3204.6859650000006
15920,1.5493797063827515,,0.0007335185034131215,0.4041461646556854,3206.7201913999997
15930,1.546510100364685,,0.0007331787533199571,0.4102603495121002,3208.7005630000003
15940,1.48530912399292,,0.000732838878025842,0.39631712436676025,3210.7048773000006
15950,1.5805468559265137,,0.000732498877763078,0.45680204033851624,3212.706467599999
15960,1.6428520679473877,,0.0007321587527640518,0.4198509752750397,3214.706960399999
15970,1.4522337913513184,,0.000731818503261236,0.3977263271808624,3216.695717299999
15980,1.5220954418182373,,0.0007314781294871874,0.417308509349823,3218.6999956
15990,1.607906699180603,,0.0007311376316745485,0.423061728477478,3220.7042535
16000,1.4740723371505737,1.5473860383033753,0.0007307970100560464,0.4065527319908142,3223.9929188000006
16010,1.5389022827148438,,0.0007304562648644928,0.41360729932785034,3226.2145378000005
16020,1.573590636253357,,0.0007301153963327839,0.4284185767173767,3228.2117670999996
16030,1.4538006782531738,,0.0007297744046938998,0.40335825085639954,3230.198204099999
16040,1.5015305280685425,,0.0007294332901809053,0.3991362154483795,3232.1895439
16050,1.4462021589279175,,0.000729092053026949,0.3989785313606262,3234.1749567999996
16060,1.5113935470581055,,0.000728750693465263,0.41732457280158997,3236.2089770000002
16070,1.559767246246338,,0.0007284092117291638,0.43522199988365173,3238.1882836999994
16080,1.5694196224212646,,0.0007280676080520505,0.41308897733688354,3240.1720182999998
16090,1.5978128910064697,,0.0007277258826674061,0.40667545795440674,3242.170436799999
16100,1.552785873413086,,0.000727384035808797,0.41483503580093384,3244.160097
16110,1.4400572776794434,,0.0007270420677098719,0.4215383231639862,3246.1499638999994
16120,1.627878189086914,,0.000726699978604363,0.4350317716598511,3248.1327617000006
16130,1.538840889930725,,0.0007263577687260849,0.399069219827652,3250.1476065000006
16140,1.4864472150802612,,0.0007260154383089347,0.397466778755188,3252.1485166
16150,1.5317325592041016,,0.0007256729875868923,0.3990938365459442,3254.1289352000003
16160,1.5173423290252686,,0.0007253304167940193,0.41056564450263977,3256.1336598
16170,1.4280521869659424,,0.0007249877261644597,0.3908027708530426,3258.1305959
16180,1.583646535873413,,0.0007246449159324393,0.4295864403247833,3260.1086455000004
16190,1.6059134006500244,,0.0007243019863322655,0.3958894908428192,3262.0980662
16200,1.5576132535934448,,0.0007239589375983281,0.4063359200954437,3264.0825332000004
16210,1.5572731494903564,,0.0007236157699650967,0.4111209213733673,3266.1152595000003
16220,1.5239942073822021,,0.0007232724836671238,0.38500845432281494,3268.0995194999996
16230,1.48622727394104,,0.0007229290789390421,0.41239529848098755,3270.081016599999
16240,1.5622185468673706,,0.0007225855560155657,0.39982134103775024,3272.080924599999
16250,1.537100076675415,,0.0007222419151314892,0.4102894067764282,3274.085232199999
16260,1.5348920822143555,,0.0007218981565216877,0.4388807713985443,3276.0748330999995
16270,1.6534063816070557,,0.0007215542804211171,0.4156428575515747,3278.047893699999
16280,1.5749859809875488,,0.0007212102870648136,0.4058002829551697,3280.0501282000005
16290,1.5997180938720703,,0.0007208661766878931,0.40888240933418274,3282.0656252999997
16300,1.4476526975631714,,0.0007205219495255524,0.39092931151390076,3284.0442611
16310,1.5175137519836426,,0.0007201776058130668,0.399619460105896,3286.047408299999
16320,1.497992992401123,,0.0007198331457857924,0.41968509554862976,3288.0370397999995
16330,1.5331690311431885,,0.0007194885696791642,0.4277627766132355,3290.0235231999995
16340,1.4747743606567383,,0.0007191438777286969,0.39085832238197327,3292.0141304999997
16350,1.5150392055511475,,0.0007187990701699842,0.4126724302768707,3293.9924857999995
16360,1.528564453125,,0.0007184541472386985,0.410876989364624,3296.0256219000003
16370,1.5870639085769653,,0.0007181091091705918,0.4070301353931427,3298.0090841
16380,1.6210262775421143,,0.0007177639562014939,0.4348912239074707,3299.9898133000006
16390,1.572068691253662,,0.0007174186885673141,0.4289228022098541,3301.995208299999
16400,1.504584789276123,,0.0007170733065040393,0.42608320713043213,3303.998834099999
16410,1.557152271270752,,0.0007167278102477348,0.4135124087333679,3305.9865742
16420,1.6152904033660889,,0.0007163822000345443,0.4200640916824341,3307.9633039
16430,1.5380864143371582,,0.0007160364761006887,0.4000232517719269,3309.9532101000004
16440,1.6215851306915283,,0.0007156906386824675,0.42776182293891907,3311.9831171000005
16450,1.4834253787994385,,0.0007153446880162572,0.40052929520606995,3313.9620828999996
16460,1.5250065326690674,,0.0007149986243385117,0.4130328595638275,3315.957422399999
16470,1.5307281017303467,,0.0007146524478857622,0.43584635853767395,3317.9456642999994
16480,1.46547269821167,,0.0007143061588946172,0.4072074592113495,3319.9544024000006
16490,1.4567058086395264,,0.0007139597576017619,0.4213918149471283,3321.9314686
16500,1.5235356092453003,1.5642942786216736,0.0007136132442439584,0.42111238837242126,3325.1988454
16510,1.5441584587097168,,0.0007132666190580451,0.4134703278541565,3327.2066085999995
16520,1.4909889698028564,,0.0007129198822809373,0.4137577712535858,3329.2011191
16530,1.500378131866455,,0.0007125730341496263,0.410162091255188,3331.211965999999
16540,1.5804399251937866,,0.0007122260749011792,0.415174275636673,3333.1838138000003
16550,1.5664427280426025,,0.0007118790047727398,0.4208841919898987,3335.173593899999
16560,1.648098349571228,,0.0007115318240015269,0.4156915843486786,3337.1861374
16570,1.6297845840454102,,0.0007111845328248356,0.42250943183898926,3339.1765197999994
16580,1.4376790523529053,,0.0007108371314800359,0.40217649936676025,3341.1823829000004
16590,1.5175812244415283,,0.0007104896202045735,0.40026184916496277,3343.1660027
16600,1.5486903190612793,,0.000710141999235969,0.4178229570388794,3345.171771899999
16610,1.4711050987243652,,0.0007097942688118179,0.4038981795310974,3347.1773854000003
16620,1.4883196353912354,,0.0007094464291697911,0.42728742957115173,3349.1569911000006
16630,1.5305982828140259,,0.0007090984805476333,0.40213289856910706,3351.1640867000006
16640,1.512026071548462,,0.0007087504231831643,0.40757590532302856,3353.155006699999
16650,1.5161265134811401,,0.0007084022573142781,0.42004451155662537,3355.1387522000005
16660,1.4615775346755981,,0.0007080539831789424,0.4288059175014496,3357.1310023000005
16670,1.5428133010864258,,0.0007077056010151997,0.4268622398376465,3359.1100277000005
16680,1.5922906398773193,,0.0007073571110611659,0.42818543314933777,3361.139960999999
16690,1.6561408042907715,,0.0007070085135550303,0.43117791414260864,3363.1188315
16700,1.589638113975525,,0.0007066598087350562,0.4174014925956726,3365.110234599999
16710,1.6287022829055786,,0.0007063109968395801,0.401834636926651,3367.1124065999993
16720,1.5854418277740479,,0.0007059620781070116,0.4079701900482178,3369.1026956999995
16730,1.503594160079956,,0.0007056130527758334,0.4039749205112457,3371.0975755
16740,1.5480036735534668,,0.0007052639210846008,0.43776825070381165,3373.0787127000003
16750,1.5297547578811646,,0.0007049146832719423,0.41972464323043823,3375.0763327999994
16760,1.5181233882904053,,0.0007045653395765586,0.4164508879184723,3377.0947632000007
16770,1.6180468797683716,,0.0007042158902372227,0.4247005581855774,3379.0744536
16780,1.5040956735610962,,0.00070386633549278,0.4134807884693146,3381.0734663000003
16790,1.6201491355895996,,0.0007035166755821478,0.42531275749206543,3383.0621807999996
16800,1.4505233764648438,,0.0007031669107443154,0.41115641593933105,3385.045171399999
16810,1.5184860229492188,,0.000702817041218344,0.4062246084213257,3387.0465958999994
16820,1.4744656085968018,,0.0007024670672433656,0.4238562285900116,3389.0279955000005
16830,1.497673511505127,,0.0007021169890585846,0.39763951301574707,3391.0527901000005
16840,1.4368500709533691,,0.0007017668069032759,0.39504745602607727,3393.038272399999
16850,1.4798736572265625,,0.0007014165210167858,0.40837475657463074,3395.0250756999994
16860,1.5314933061599731,,0.0007010661316385313,0.43109938502311707,3397.0271283
16870,1.6464571952819824,,0.0007007156390080004,0.4350735545158386,3399.024862099999
16880,1.632266879081726,,0.0007003650433647512,0.41365721821784973,3401.016115799999
16890,1.5505976676940918,,0.0007000143449484129,0.4287635087966919,3402.9936577999997
16900,1.6071546077728271,,0.0006996635439986844,0.427014023065567,3404.9832697
16910,1.5367786884307861,,0.0006993126407553348,0.42401984333992004,3407.017070599999
16920,1.4634284973144531,,0.000698961635458203,0.4015122354030609,3408.9921921000005
16930,1.485728144645691,,0.0006986105283471981,0.3914867639541626,3410.9934847999994
16940,1.465477466583252,,0.0006982593196622985,0.4282244145870209,3412.9731773000003
16950,1.5554249286651611,,0.0006979080096435518,0.4116027355194092,3414.962872599999
16960,1.5856363773345947,,0.0006975565985310753,0.4148527681827545,3416.9626346000005
16970,1.5610194206237793,,0.0006972050865650549,0.4259304404258728,3418.9398569999994
16980,1.60393226146698,,0.000696853473985746,0.4495886564254761,3420.9570248
16990,1.5429165363311768,,0.0006965017610334724,0.4207638204097748,3422.9590642000003
17000,1.5092297792434692,1.5378182530403137,0.0006961499479486266,0.4232855439186096,3426.2331756999993
17010,1.603555679321289,,0.0006957980349716693,0.40336284041404724,3428.2149692000003
17020,1.5370579957962036,,0.00069544602234313,0.4149918258190155,3430.2245497999993
17030,1.545074462890625,,0.000695093910303606,0.4024966061115265,3432.230528099999
17040,1.4643123149871826,,0.0006947416990937624,0.4088536202907562,3434.2294968000006
17050,1.389580488204956,,0.0006943893889543323,0.4055909812450409,3436.222056299999
17060,1.4956028461456299,,0.0006940369801261162,0.42350828647613525,3438.2186504
17070,1.5005137920379639,,0.0006936844728499824,0.4365273416042328,3440.214922699999
17080,1.5371558666229248,,0.0006933318673668665,0.437096506357193,3442.2301683999995
17090,1.5763171911239624,,0.0006929791639177707,0.4175871014595032,3444.191081499999
17100,1.5008693933486938,,0.0006926263627437645,0.39876624941825867,3446.1959475999993
17110,1.5883419513702393,,0.0006922734640859844,0.42781195044517517,3448.1898557999993
17120,1.5433322191238403,,0.000691920468185633,0.4199410676956177,3450.189955
17130,1.5711827278137207,,0.0006915673752839799,0.4085809588432312,3452.1874666000003
17140,1.5118073225021362,,0.0006912141856223607,0.40364548563957214,3454.1938979999995
17150,1.5579620599746704,,0.0006908608994421772,0.41422685980796814,3456.2053863
17160,1.4716323614120483,,0.0006905075169848971,0.4205136299133301,3458.207099899999
17170,1.4721789360046387,,0.000690154038492054,0.40299147367477417,3460.202575199999
17180,1.532951831817627,,0.0006898004642052472,0.41500088572502136,3462.2029010999995
17190,1.4990588426589966,,0.0006894467943661415,0.3997653126716614,3464.2062836999994
17200,1.4844269752502441,,0.0006890930292164666,0.4185851812362671,3466.2182503999993
17210,1.5545575618743896,,0.0006887391689980178,0.41909632086753845,3468.2200059000006
17220,1.5404574871063232,,0.0006883852139526553,0.41436371207237244,3470.2055609
17230,1.5008821487426758,,0.000688031164322304,0.4108574092388153,3472.211537199999
17240,1.5131523609161377,,0.0006876770203489535,0.41576293110847473,3474.1993435000004
17250,1.4168906211853027,,0.0006873227822746576,0.39261332154273987,3476.205455199999
17260,1.4161458015441895,,0.0006869684503415349,0.4128830134868622,3478.1751392000006
17270,1.531170129776001,,0.0006866140247917679,0.4114890396595001,3480.1590459
17280,1.5338916778564453,,0.0006862595058676034,0.4150029420852661,3482.1781668999993
17290,1.506667971611023,,0.0006859048938113514,0.4277803599834442,3484.143303499999
17300,1.4071433544158936,,0.0006855501888653858,0.3877221643924713,3486.1454931999997
17310,1.5461289882659912,,0.0006851953912721446,0.4096679985523224,3488.1314170999995
17320,1.5158953666687012,,0.000684840501274128,0.4158920645713806,3490.117748299999
17330,1.526198148727417,,0.0006844855191139003,0.3970901370048523,3492.1144004
17340,1.4731829166412354,,0.0006841304450340884,0.40820688009262085,3494.0977112
17350,1.644636869430542,,0.0006837752792773821,0.42368388175964355,3496.1184276000004
17360,1.5478137731552124,,0.000683420022086534,0.42212313413619995,3498.1168285000003
17370,1.4631227254867554,,0.0006830646737043587,0.4072970151901245,3500.0882643999994
17380,1.4922840595245361,,0.0006827092343737337,0.40378692746162415,3502.0983722
17390,1.547581672668457,,0.0006823537043375985,0.4432932138442993,3504.091524399999
17400,1.5995867252349854,,0.0006819980838389542,0.45303627848625183,3506.0803737000006
17410,1.5749695301055908,,0.0006816423731208644,0.424030065536499,3508.0649259
17420,1.5795025825500488,,0.0006812865724264538,0.4373786449432373,3510.0694745
17430,1.4697222709655762,,0.0006809306819989089,0.41074976325035095,3512.0814398
17440,1.580398678779602,,0.0006805747020814775,0.433700829744339,3514.0589538999993
17450,1.4895977973937988,,0.0006802186329174684,0.3882122039794922,3516.059599799999
17460,1.620405912399292,,0.0006798624747502519,0.41346943378448486,3518.0438859999995
17470,1.538050889968872,,0.0006795062278232581,0.4387816786766052,3520.0503394999996
17480,1.5158488750457764,,0.0006791498923799788,0.4195616543292999,3522.0306328000006
17490,1.509572982788086,,0.0006787934686639659,0.4123682677745819,3524.0260808000003
17500,1.5861554145812988,1.5493793308734893,0.0006784369569188315,0.41833025217056274,3527.3205615999996
17510,1.515487790107727,,0.0006780803573882486,0.41849300265312195,3529.302034099999
17520,1.5416347980499268,,0.0006777236703159487,0.41315290331840515,3531.3365484000005
17530,1.5768177509307861,,0.0006773668959457245,0.4154875576496124,3533.3183647000005
17540,1.5477015972137451,,0.0006770100345214281,0.4048793613910675,3535.3106735
17550,1.4727498292922974,,0.0006766530862869707,0.40391650795936584,3537.3191276
17560,1.510636329650879,,0.0006762960514863232,0.4359826147556305,3539.3209609999994
17570,1.6031241416931152,,0.0006759389303635151,0.42375651001930237,3541.3123049999995
17580,1.4854750633239746,,0.0006755817231626359,0.4049832820892334,3543.3047642
17590,1.5556025505065918,,0.000675224430127833,0.3975880742073059,3545.3027869
17600,1.5845271348953247,,0.0006748670515033129,0.4374752938747406,3547.3131503999994
17610,1.5059902667999268,,0.0006745095875333406,0.4262368381023407,3549.294950199999
17620,1.4959907531738281,,0.0006741520384622392,0.4180600047111511,3551.2954974000004
17630,1.472882866859436,,0.0006737944045343901,0.42267194390296936,3553.2980675
17640,1.5354647636413574,,0.0006734366859942329,0.4104400873184204,3555.2987405999993
17650,1.474515676498413,,0.0006730788830862648,0.40577346086502075,3557.323723399999
17660,1.5819346904754639,,0.0006727209960550407,0.4125620126724243,3559.2956897999993
17670,1.4414355754852295,,0.0006723630251451729,0.4216320216655731,3561.3002822
17680,1.4334126710891724,,0.0006720049706013311,0.4178135395050049,3563.2884785000006
17690,1.6034948825836182,,0.0006716468326682427,0.43262988328933716,3565.2743938000003
17700,1.5472853183746338,,0.000671288611590691,0.41250982880592346,3567.267880199999
17710,1.4733377695083618,,0.0006709303076135169,0.40879562497138977,3569.243151299999
17720,1.572995662689209,,0.0006705719209816179,0.431567519903183,3571.2733437000006
17730,1.5249700546264648,,0.0006702134519399477,0.41626283526420593,3573.2632921000004
17740,1.5114377737045288,,0.0006698549007335171,0.416876882314682,3575.2445178
17750,1.4116206169128418,,0.0006694962676073915,0.41222283244132996,3577.2480065
17760,1.4746696949005127,,0.0006691375528066942,0.4046379625797272,3579.2474626999992
17770,1.5941014289855957,,0.0006687787565766027,0.41334739327430725,3581.2363922999994
17780,1.5008292198181152,,0.0006684198791623511,0.4085247814655304,3583.2133582000006
17790,1.5545272827148438,,0.0006680609208092288,0.41662049293518066,3585.2021642
17800,1.5832419395446777,,0.0006677018817625803,0.4127572774887085,3587.2296210999993
17810,1.5056382417678833,,0.0006673427622678055,0.4084566831588745,3589.2167818
17820,1.5318832397460938,,0.0006669835625703592,0.4179325997829437,3591.214421499999
17830,1.5702816247940063,,0.000666624282915751,0.4125424325466156,3593.1962114
17840,1.4904537200927734,,0.0006662649235495452,0.4246845245361328,3595.1852125000005
17850,1.548863172531128,,0.0006659054847173602,0.4039376378059387,3597.1832737999994
17860,1.4636887311935425,,0.0006655459666648696,0.4079180955886841,3599.160641299999
17870,1.6209992170333862,,0.0006651863696378001,0.4188036620616913,3601.176571099999
17880,1.5305569171905518,,0.0006648266938819332,0.4112636148929596,3603.1727293999993
17890,1.6498775482177734,,0.0006644669396431038,0.4238048195838928,3605.1533068999997
17900,1.5635557174682617,,0.0006641071071672005,0.42309319972991943,3607.1614845999993
17910,1.4099732637405396,,0.0006637471967001654,0.39959388971328735,3609.1541013999995
17920,1.5547192096710205,,0.0006633872084879939,0.4334532618522644,3611.1412156000006
17930,1.4966306686401367,,0.0006630271427767346,0.4129456579685211,3613.129382699999
17940,1.575815200805664,,0.0006626669998124891,0.41790521144866943,3615.1083696999995
17950,1.4606068134307861,,0.0006623067798414114,0.41508859395980835,3617.138365999999
17960,1.5784480571746826,,0.0006619464831097089,0.4184759259223938,3619.125018499999
17970,1.4604835510253906,,0.0006615861098636406,0.40952375531196594,3621.1301891000003
17980,1.5615085363388062,,0.0006612256603495184,0.42448750138282776,3623.1083851999992
17990,1.4476741552352905,,0.0006608651348137063,0.3923852741718292,3625.110961799999
18000,1.596240520477295,1.5156024515628814,0.0006605045335026198,0.4175874590873718,3628.3869813
18010,1.6590995788574219,,0.0006601438566627267,0.4381057620048523,3630.5825994999996
18020,1.596972942352295,,0.0006597831045405463,0.41557055711746216,3632.5781503
18030,1.5298656225204468,,0.000659422277382649,0.42575904726982117,3634.5607129
18040,1.4412633180618286,,0.0006590613754356569,0.4050506055355072,3636.5763100999993
18050,1.5810489654541016,,0.000658700398946243,0.4390224516391754,3638.5461921000006
18060,1.5230997800827026,,0.0006583393481611315,0.4096863567829132,3640.5330771999998
18070,1.519265055656433,,0.0006579782233270972,0.42905959486961365,3642.543749299999
18080,1.5788414478302002,,0.0006576170246909653,0.438986599445343,3644.5260356
18090,1.4840420484542847,,0.0006572557524996118,0.42009955644607544,3646.5304662
18100,1.4925566911697388,,0.0006568944069999629,0.44299086928367615,3648.5302594999994
18110,1.5354138612747192,,0.0006565329884389948,0.43333303928375244,3650.5333401999997
18120,1.4472817182540894,,0.0006561714970637336,0.39818277955055237,3652.550022199999
18130,1.5218794345855713,,0.0006558099331212552,0.43140479922294617,3654.5256145000003
18140,1.4976054430007935,,0.0006554482968586853,0.4134826064109802,3656.531251799999
18150,1.5953741073608398,,0.0006550865885231987,0.40401455760002136,3658.5173854000004
18160,1.5759449005126953,,0.00065472480836202,0.4396143853664398,3660.497264399999
18170,1.4953144788742065,,0.0006543629566224222,0.43946096301078796,3662.4965801
18180,1.3791172504425049,,0.0006540010335517275,0.38766923546791077,3664.4751904999994
18190,1.534475326538086,,0.0006536390393973073,0.42963770031929016,3666.5067368
18200,1.4107434749603271,,0.0006532769744065805,0.4139344096183777,3668.490724699999
18210,1.4905412197113037,,0.000652914838827016,0.42447108030319214,3670.477487599999
18220,1.6230695247650146,,0.0006525526329061295,0.4149560034275055,3672.4781162
18230,1.5569064617156982,,0.0006521903568914851,0.41886988282203674,3674.4735545999993
18240,1.4890742301940918,,0.0006518280110306956,0.41659727692604065,3676.4695097999993
18250,1.5625088214874268,,0.0006514655955714208,0.41798168420791626,3678.4501684000006
18260,1.511085033416748,,0.000651103110761368,0.41229328513145447,3680.4530863
18270,1.595818042755127,,0.0006507405568482925,0.4209572672843933,3682.4733185999994
18280,1.517383337020874,,0.0006503779340799962,0.4331744909286499,3684.4433473999998
18290,1.4892070293426514,,0.0006500152427043286,0.4392414391040802,3686.452432099999
18300,1.592198133468628,,0.0006496524829691856,0.4323103725910187,3688.4523879999997
18310,1.5299335718154907,,0.0006492896551225101,0.4169886112213135,3690.4529877000004
18320,1.5612746477127075,,0.0006489267594122918,0.40951332449913025,3692.4419607
18330,1.505730390548706,,0.000648563796086566,0.42689475417137146,3694.4222085
18340,1.412282943725586,,0.0006482007653934151,0.4302603006362915,3696.4294477999993
18350,1.4099671840667725,,0.0006478376675809671,0.39783602952957153,3698.4186372000004
18360,1.4649120569229126,,0.0006474745028973957,0.415255069732666,3700.387079799999
18370,1.601975440979004,,0.0006471112715909209,0.41394513845443726,3702.390987999999
18380,1.4250164031982422,,0.0006467479739098074,0.41512826085090637,3704.3876029000003
18390,1.4659550189971924,,0.0006463846101023663,0.42716556787490845,3706.375306599999
18400,1.4683523178100586,,0.000646021180416953,0.4099367558956146,3708.3537624
18410,1.558572769165039,,0.0006456576851019681,0.42600008845329285,3710.3399719999998
18420,1.5467519760131836,,0.0006452941244058576,0.4080818295478821,3712.3650930000003
18430,1.5026142597198486,,0.0006449304985771115,0.4299289286136627,3714.3429271000005
18440,1.5370056629180908,,0.0006445668078642649,0.4194456934928894,3716.3573087000004
18450,1.5180155038833618,,0.0006442030525158969,0.4176222085952759,3718.3362684999993
18460,1.5519940853118896,,0.0006438392327806306,0.41898205876350403,3720.3304874999994
18470,1.5248457193374634,,0.0006434753489071337,0.4122346043586731,3722.3276177999996
18480,1.5476410388946533,,0.0006431114011441171,0.4355660378932953,3724.305176
18490,1.5764942169189453,,0.000642747389740336,0.43317916989326477,3726.314349099999
18500,1.5027612447738647,1.522600346803665,0.0006423833149445884,0.40157726407051086,3729.5957118000006
18510,1.6058475971221924,,0.0006420191770057161,0.42632055282592773,3731.6302385
18520,1.5109256505966187,,0.0006416549761726042,0.4152374565601349,3733.6094899
18530,1.4519355297088623,,0.0006412907126941802,0.41406726837158203,3735.5931992999995
18540,1.5816012620925903,,0.0006409263868194149,0.4276098608970642,3737.5947754999997
18550,1.5034925937652588,,0.0006405619987973218,0.4257310628890991,3739.589847199999
18560,1.6036968231201172,,0.0006401975488769562,0.4253913462162018,3741.5845061
18570,1.5370954275131226,,0.0006398330373074166,0.4103754460811615,3743.5565602000006
18580,1.5173619985580444,,0.000639468464337843,0.41571539640426636,3745.5592644999997
18590,1.5429641008377075,,0.0006391038302174176,0.41200563311576843,3747.582396599999
18600,1.4585175514221191,,0.0006387391351953646,0.4203186333179474,3749.5529073
18610,1.399385929107666,,0.0006383743795209494,0.40270471572875977,3751.5578614000005
18620,1.5737922191619873,,0.0006380095634434791,0.43410348892211914,3753.5448894
18630,1.5978964567184448,,0.0006376446872123022,0.41713401675224304,3755.531170799999
18640,1.5635035037994385,,0.0006372797510768078,0.4238961935043335,3757.5279782
18650,1.5661425590515137,,0.0006369147552864268,0.43983134627342224,3759.5297408000006
18660,1.5106712579727173,,0.0006365497000906298,0.44527629017829895,3761.5377198999995
18670,1.5431904792785645,,0.0006361845857389292,0.4306388199329376,3763.5305952
18680,1.5466179847717285,,0.0006358194124808767,0.44240695238113403,3765.5028291
18690,1.4873197078704834,,0.0006354541805660651,0.4156227707862854,3767.5076341000004
18700,1.5848461389541626,,0.0006350888902441269,0.4165169596672058,3769.5062848
18710,1.4688307046890259,,0.0006347235417647344,0.42583250999450684,3771.4980973
18720,1.530728816986084,,0.0006343581353776002,0.43855610489845276,3773.4733448000006
18730,1.4782311916351318,,0.0006339926713324759,0.39344802498817444,3775.4610546000004
18740,1.5521297454833984,,0.0006336271498791526,0.42790156602859497,3777.484778099999
18750,1.5075290203094482,,0.000633261571267461,0.4365968108177185,3779.4743423
18760,1.594405174255371,,0.0006328959357472706,0.41381847858428955,3781.4724312
18770,1.5043296813964844,,0.0006325302435684897,0.42132848501205444,3783.4544561000002
18780,1.5544531345367432,,0.0006321644949810656,0.4407963454723358,3785.448855999999
18790,1.5746687650680542,,0.0006317986902349839,0.4581274390220642,3787.4440223
18800,1.4286692142486572,,0.0006314328295802689,0.41426149010658264,3789.4376441999993
18810,1.5099965333938599,,0.0006310669132669824,0.44663524627685547,3791.438933199999
18820,1.5032193660736084,,0.0006307009415452253,0.4000619649887085,3793.439041899999
18830,1.5506120920181274,,0.0006303349146651357,0.4119153320789337,3795.415868599999
18840,1.5216255187988281,,0.0006299688328768893,0.41882264614105225,3797.4380251000002
18850,1.4392988681793213,,0.0006296026964306997,0.41454386711120605,3799.4306677000004
18860,1.5067278146743774,,0.0006292365055768179,0.4226282238960266,3801.4496273000004
18870,1.5224404335021973,,0.0006288702605655314,0.40555018186569214,3803.415112499999
18880,1.568634033203125,,0.0006285039616471656,0.4110516905784607,3805.4161759
18890,1.4227691888809204,,0.0006281376090720823,0.4005981385707855,3807.4141710999993
18900,1.5249440670013428,,0.00062777120309068,0.43527138233184814,3809.4173107999995
18910,1.4461579322814941,,0.0006274047439533938,0.4254847764968872,3811.4251934000004
18920,1.5252394676208496,,0.0006270382319106949,0.4140319526195526,3813.4072951
18930,1.587606430053711,,0.0006266716672130909,0.44098520278930664,3815.4045996999994
18940,1.5572748184204102,,0.0006263050501111253,0.43157926201820374,3817.430198
18950,1.4641695022583008,,0.0006259383808553777,0.42971357703208923,3819.3916403999992
18960,1.5169661045074463,,0.0006255716596964626,0.4209941327571869,3821.3988138999994
18970,1.5085976123809814,,0.0006252048868850307,0.4334728717803955,3823.3831099
18980,1.606492519378662,,0.0006248380626717678,0.46575161814689636,3825.3631418999994
18990,1.4672191143035889,,0.0006244711873073947,0.4327768385410309,3827.3634127999994
19000,1.5659568309783936,1.5160763204097747,0.0006241042610426675,0.44586899876594543,3830.659943999999
19010,1.4463326930999756,,0.0006237372841283764,0.4094298183917999,3832.6564584999996
19020,1.4636253118515015,,0.0006233702568153469,0.41489332914352417,3834.6578334000005
19030,1.533366084098816,,0.0006230031793544389,0.4423460066318512,3836.6922778999997
19040,1.4444973468780518,,0.0006226360519965459,0.4066367447376251,3838.6776546
19050,1.510385513305664,,0.0006222688749925966,0.4071240723133087,3840.6575147000003
19060,1.463343620300293,,0.0006219016485935526,0.4222823977470398,3842.6603906
19070,1.5825337171554565,,0.0006215343730504095,0.4432888329029083,3844.6582117
19080,1.5042846202850342,,0.0006211670486141974,0.4329688251018524,3846.6514147
19090,1.414857268333435,,0.0006207996755359785,0.4443080723285675,3848.6358077999994
19100,1.604145884513855,,0.0006204322540668489,0.4120066165924072,3850.6358101000005
19110,1.5199356079101562,,0.0006200647844579377,0.4561300575733185,3852.657907999999
19120,1.4012759923934937,,0.000619697266960407,0.43036797642707825,3854.621747199999
19130,1.5038866996765137,,0.0006193297018254517,0.41543516516685486,3856.6266670999994
19140,1.5140771865844727,,0.0006189620893042988,0.42567241191864014,3858.609380599999
19150,1.5692389011383057,,0.0006185944296482083,0.4239822030067444,3860.598415799999
19160,1.540030837059021,,0.0006182267231084718,0.4154892861843109,3862.5943245
19170,1.512916088104248,,0.0006178589699364133,0.4172336757183075,3864.5723412000007
19180,1.5896002054214478,,0.0006174911703833889,0.45038044452667236,3866.5943059
19190,1.6089551448822021,,0.0006171233247007859,0.4187403619289398,3868.5942287
19200,1.6353309154510498,,0.0006167554331400235,0.42509064078330994,3870.5688508000003
19210,1.472531795501709,,0.0006163874959525518,0.4299831688404083,3872.5728122
19220,1.5224535465240479,,0.0006160195133898526,0.4458209276199341,3874.5702593999995
19230,1.572365164756775,,0.0006156514857034389,0.4331222474575043,3876.5567145000005
19240,1.4951400756835938,,0.0006152834131448534,0.42454370856285095,3878.5404758999994
19250,1.4834868907928467,,0.0006149152959656706,0.417851060628891,3880.5244654
19260,1.449077844619751,,0.0006145471344174954,0.446094810962677,3882.5511922999995
19270,1.412337064743042,,0.0006141789287519621,0.41370174288749695,3884.536337399999
19280,1.4908794164657593,,0.0006138106792207366,0.40405088663101196,3886.5223026000003
19290,1.5821160078048706,,0.0006134423860755133,0.4292054772377014,3888.5189047000003
19300,1.444326400756836,,0.0006130740495680174,0.44508859515190125,3890.5167509000003
19310,1.539224624633789,,0.0006127056699500033,0.4272046685218811,3892.5108782999996
19320,1.5027741193771362,,0.0006123372474732551,0.42441076040267944,3894.4853396
19330,1.552288293838501,,0.0006119687823895862,0.4235149621963501,3896.5007970000006
19340,1.6532933712005615,,0.0006116002749508387,0.4246591031551361,3898.4975646000003
19350,1.3989611864089966,,0.0006112317254088841,0.3989742696285248,3900.479582599999
19360,1.426992416381836,,0.0006108631340156227,0.41021355986595154,3902.4866411000003
19370,1.4770572185516357,,0.000610494501022983,0.4147936999797821,3904.4762014999997
19380,1.5606476068496704,,0.0006101258266829223,0.44226714968681335,3906.458396
19390,1.5398609638214111,,0.0006097571112474261,0.4299841523170471,3908.4532175999993
19400,1.458365797996521,,0.0006093883549685077,0.40469396114349365,3910.4322584
19410,1.465012550354004,,0.0006090195580982088,0.42052704095840454,3912.4587164000004
19420,1.54801344871521,,0.0006086507208885983,0.44197675585746765,3914.421054299999
19430,1.4939113855361938,,0.0006082818435917734,0.43794170022010803,3916.4253484
19440,1.5441371202468872,,0.0006079129264598578,0.4350467324256897,3918.4086415
19450,1.3889576196670532,,0.0006075439697450029,0.416164755821228,3920.3890143999997
19460,1.5088328123092651,,0.0006071749736993876,0.41838976740837097,3922.3930409999994
19470,1.5333807468414307,,0.0006068059385752168,0.41799238324165344,3924.3719445000006
19480,1.4941810369491577,,0.0006064368646247224,0.4177577793598175,3926.3948189000002
19490,1.5152521133422852,,0.0006060677521001634,0.41591572761535645,3928.3731004
19500,1.5240983963012695,1.5321816325187683,0.0006056986012538244,0.4236820340156555,3931.6665319000003
19510,1.543677806854248,,0.000605329412338017,0.4594593942165375,3933.6439458000004
19520,1.5792174339294434,,0.0006049601856050776,0.4424186646938324,3935.6245313
19530,1.4631037712097168,,0.0006045909213073697,0.4025906026363373,3937.6474971999996
19540,1.4594812393188477,,0.0006042216196972818,0.4311646819114685,3939.6144583000005
19550,1.474564552307129,,0.0006038522810272282,0.42138177156448364,3941.6164234999997
19560,1.5361394882202148,,0.0006034829055496484,0.44128504395484924,3943.6022247
19570,1.517568826675415,,0.0006031134935170068,0.41883689165115356,3945.5889633999996
19580,1.5365241765975952,,0.0006027440451817933,0.41112589836120605,3947.586821499999
19590,1.546888828277588,,0.0006023745607965222,0.4540795385837555,3949.5879375999993
19600,1.5487643480300903,,0.0006020050406137328,0.4332527816295624,3951.5934008000004
19610,1.4251742362976074,,0.0006016354848859885,0.41550904512405396,3953.590549299999
19620,1.6440188884735107,,0.000601265893865877,0.452616810798645,3955.5567329000005
19630,1.5246773958206177,,0.0006008962678060106,0.44529348611831665,3957.5654754999996
19640,1.5003000497817993,,0.0006005266069590249,0.44807296991348267,3959.5643669
19650,1.582162618637085,,0.00060015691157758,0.4313942790031433,3961.5528130000002
19660,1.5195739269256592,,0.000599787181914359,0.4256349503993988,3963.534005899999
19670,1.3912962675094604,,0.0005994174182220684,0.4255198836326599,3965.5150106
19680,1.5975112915039062,,0.0005990476207534386,0.45647117495536804,3967.5451611999997
19690,1.481819748878479,,0.0005986777897612224,0.42172977328300476,3969.5326717999997
19700,1.498523473739624,,0.000598307925498196,0.43385934829711914,3971.5382143000006
19710,1.5098097324371338,,0.0005979380282171579,0.42585042119026184,3973.5368665999995
19720,1.5056508779525757,,0.0005975680981709296,0.4324455261230469,3975.5363278999994
19730,1.5124120712280273,,0.0005971981356123549,0.43433311581611633,3977.5296896
19740,1.4643946886062622,,0.0005968281407942995,0.41458603739738464,3979.507426
19750,1.605146884918213,,0.0005964581139696512,0.42468538880348206,3981.4981546
19760,1.4594824314117432,,0.0005960880553913204,0.43758341670036316,3983.504883899999
19770,1.6606707572937012,,0.000595717965312238,0.4364737868309021,3985.4744599000005
19780,1.4966918230056763,,0.0005953478439853576,0.42471036314964294,3987.4802027000005
19790,1.4896321296691895,,0.0005949776916636534,0.4171254336833954,3989.4692589000006
19800,1.4372879266738892,,0.0005946075086001211,0.4306262135505676,3991.4591643999993
19810,1.494429111480713,,0.0005942372950477773,0.43943727016448975,3993.4445471
19820,1.476965069770813,,0.0005938670512596594,0.4193945825099945,3995.4267308
19830,1.4378503561019897,,0.0005934967774888256,0.42089593410491943,3997.4549320999995
19840,1.498673439025879,,0.0005931264739883547,0.4386318325996399,3999.441283799999
19850,1.5387436151504517,,0.0005927561410113452,0.46602049469947815,4001.4454428999998
19860,1.4743260145187378,,0.0005923857788109168,0.41709184646606445,4003.4281088999996
19870,1.465187907218933,,0.000592015387640208,0.4280238449573517,4005.4239753
19880,1.5270380973815918,,0.0005916449677523781,0.4344349205493927,4007.4204088999995
19890,1.534218192100525,,0.0005912745194006053,0.4455820620059967,4009.3921099
19900,1.502192735671997,,0.0005909040428380878,0.436046838760376,4011.4016422999994
19910,1.568271517753601,,0.0005905335383180428,0.4215647876262665,4013.3990169999997
19920,1.5513838529586792,,0.0005901630060937063,0.46306896209716797,4015.3765243
19930,1.4843416213989258,,0.0005897924464183341,0.45711424946784973,4017.3937953000004
19940,1.48299241065979,,0.0005894218595451998,0.423031210899353,4019.3772131999995
19950,1.4179463386535645,,0.0005890512457275962,0.4466264545917511,4021.381173399999
19960,1.5215951204299927,,0.0005886806052188346,0.4252191483974457,4023.3606007
19970,1.468601942062378,,0.0005883099382722439,0.4275372624397278,4025.3367856999994
19980,1.5594463348388672,,0.0005879392451411717,0.43345096707344055,4027.3560847999997
19990,1.4671953916549683,,0.0005875685260789832,0.429308146238327,4029.3321997000003
20000,1.5668210983276367,1.4879773914813996,0.0005871977813390613,0.439556360244751,4032.6112197
20010,1.523698329925537,,0.0005868270111748068,0.40809181332588196,4034.7833749
20020,1.472143292427063,,0.0005864562158396372,0.4073302447795868,4036.789632599999
20030,1.4675612449645996,,0.0005860853955869878,0.4141066372394562,4038.7755118999994
20040,1.5094012022018433,,0.000585714550670311,0.42594051361083984,4040.7472603000006
20050,1.45180082321167,,0.0005853436813430755,0.44077742099761963,4042.756088799999
20060,1.4780302047729492,,0.0005849727878587671,0.4476540982723236,4044.7532422999993
20070,1.4457411766052246,,0.0005846018704708879,0.40797457098960876,4046.746827499999
20080,1.4387308359146118,,0.0005842309294329565,0.42350682616233826,4048.7233830999994
20090,1.4683520793914795,,0.0005838599649985077,0.4226449131965637,4050.7067332999995
20100,1.5321754217147827,,0.0005834889774210919,0.44056057929992676,4052.713115999999
20110,1.5198733806610107,,0.0005831179669542761,0.45576778054237366,4054.6864105999994
20120,1.491508960723877,,0.000582746933851642,0.433586448431015,4056.6822111
20130,1.6469169855117798,,0.0005823758783667875,0.4424799382686615,4058.688626699999
20140,1.5663608312606812,,0.0005820048007533253,0.4427911043167114,4060.6584165000004
20150,1.5018479824066162,,0.0005816337012648835,0.43056315183639526,4062.6584017000005
20160,1.5045630931854248,,0.0005812625801551054,0.41734835505485535,4064.642565
20170,1.4806413650512695,,0.0005808914376776485,0.4272538423538208,4066.664074799999
20180,1.4615567922592163,,0.0005805202740861851,0.4359161853790283,4068.6293367
20190,1.5317752361297607,,0.0005801490896344024,0.434174507856369,4070.6068326999994
20200,1.434050440788269,,0.000579777884576001,0.4222005307674408,4072.6174453000003
20210,1.4193813800811768,,0.0005794066591646963,0.41228222846984863,4074.5976671999997
20220,1.5148422718048096,,0.0005790354136542174,0.41662418842315674,4076.594126
20230,1.6009681224822998,,0.0005786641482983071,0.4580793082714081,4078.580502999999
20240,1.524916648864746,,0.0005782928633507218,0.4522959589958191,4080.5676599
20250,1.5279350280761719,,0.0005779215590652309,0.4400012791156769,4082.5670878
20260,1.4652225971221924,,0.0005775502356956179,0.449390709400177,4084.5446842
20270,1.4149761199951172,,0.0005771788934956785,0.44995006918907166,4086.5588338
20280,1.4985971450805664,,0.0005768075327192217,0.4235824942588806,4088.5611475000005
20290,1.5347670316696167,,0.0005764361536200691,0.4388284683227539,4090.5444652999995
20300,1.599362850189209,,0.0005760647564520547,0.4495166838169098,4092.548471099999
20310,1.6079328060150146,,0.000575693341469025,0.43442949652671814,4094.5349045000003
20320,1.5289576053619385,,0.0005753219089248388,0.4499216377735138,4096.524968399999
20330,1.5231823921203613,,0.0005749504590733665,0.46876654028892517,4098.5122255999995
20340,1.5246001482009888,,0.0005745789921684909,0.433115690946579,4100.4902279
20350,1.4840315580368042,,0.0005742075084641059,0.4189152121543884,4102.518349
20360,1.5086605548858643,,0.0005738360082141169,0.43640780448913574,4104.483364399999
20370,1.4811187982559204,,0.0005734644916724411,0.42461732029914856,4106.4806768
20380,1.4533038139343262,,0.0005730929590930065,0.406176894903183,4108.4667422
20390,1.5058963298797607,,0.0005727214107297523,0.4408164918422699,4110.4492273
20400,1.4469892978668213,,0.0005723498468366279,0.4413571059703827,4112.454503999999
20410,1.5240373611450195,,0.000571978267667594,0.44174036383628845,4114.431285799999
20420,1.636573076248169,,0.0005716066734766216,0.45910683274269104,4116.4502737
20430,1.6284972429275513,,0.0005712350645176913,0.4388338029384613,4118.4397457
20440,1.5428407192230225,,0.0005708634410447949,0.4155556857585907,4120.425066
20450,1.5302430391311646,,0.0005704918033119332,0.4458596110343933,4122.430726099999
20460,1.5377923250198364,,0.0005701201515731169,0.45649534463882446,4124.4267683
20470,1.481650948524475,,0.0005697484860823671,0.42277124524116516,4126.4098244
20480,1.512574315071106,,0.000569376807093713,0.4435409903526306,4128.4001991000005
20490,1.4126064777374268,,0.000569005114861194,0.4111977815628052,4130.3819726
20500,1.509436845779419,1.5049591481685638,0.0005686334096388585,0.43811312317848206,4133.698449699999
20510,1.5141786336898804,,0.0005682616916807628,0.4468291997909546,4135.698282199999
20520,1.5851244926452637,,0.0005678899612409733,0.42348361015319824,4137.7209124
20530,1.4297372102737427,,0.0005675182185735638,0.42871803045272827,4139.685342499999
20540,1.4714174270629883,,0.0005671464639326173,0.4448606073856354,4141.703073799999
20550,1.3962926864624023,,0.0005667746975722243,0.4071721136569977,4143.695858499999
20560,1.4528744220733643,,0.0005664029197464836,0.4186435639858246,4145.6827691
20570,1.4397094249725342,,0.0005660311307095021,0.4165445864200592,4147.679743799999
20580,1.4244835376739502,,0.0005656593307153937,0.4248799979686737,4149.663025100001
20590,1.4211139678955078,,0.0005652875200182805,0.41756606101989746,4151.678669499999
20600,1.4674463272094727,,0.0005649156988722917,0.42457661032676697,4153.675674599999
20610,1.5629329681396484,,0.000564543867531563,0.43153640627861023,4155.6534367
20620,1.5728955268859863,,0.0005641720262502384,0.4320830702781677,4157.661848
20630,1.3672082424163818,,0.0005638001752824672,0.4143199026584625,4159.6553742
20640,1.6106343269348145,,0.0005634283148824064,0.470731258392334,4161.6438180000005
20650,1.5329599380493164,,0.000563056445304219,0.4492168426513672,4163.628093199999
20660,1.5398746728897095,,0.0005626845668020744,0.4319515824317932,4165.6102419
20670,1.4276809692382812,,0.000562312679630148,0.4189455807209015,4167.6415333
20680,1.4407529830932617,,0.0005619407840426211,0.43104690313339233,4169.6254018
20690,1.4596383571624756,,0.0005615688802936809,0.40177470445632935,4171.6249763
20700,1.4785008430480957,,0.0005611969686375202,0.4352371394634247,4173.6092367
20710,1.631664514541626,,0.0005608250493283369,0.4578246772289276,4175.6016869
20720,1.5940340757369995,,0.0005604531226203346,0.4720412492752075,4177.601961
20730,1.4711120128631592,,0.0005600811887677214,0.4198424816131592,4179.576573799999
20740,1.4605807065963745,,0.0005597092480247108,0.42879095673561096,4181.5869036
20750,1.4991341829299927,,0.0005593373006455208,0.4373646378517151,4183.5815463
20760,1.4441087245941162,,0.0005589653468843737,0.4250774383544922,4185.5660167999995
20770,1.418803334236145,,0.0005585933869954968,0.4602414071559906,4187.5770534
20780,1.494753360748291,,0.0005582214212331207,0.4499390423297882,4189.5627177999995
20790,1.567274570465088,,0.0005578494498514807,0.44145697355270386,4191.557710499999
20800,1.4249351024627686,,0.0005574774731048159,0.43467217683792114,4193.540771
20810,1.47576904296875,,0.0005571054912473685,0.4412058889865875,4195.522084799999
20820,1.4846651554107666,,0.0005567335045333852,0.42222097516059875,4197.5454123
20830,1.5204660892486572,,0.0005563615132171149,0.4352814257144928,4199.5194415000005
20840,1.5655004978179932,,0.0005559895175528101,0.44726890325546265,4201.524967199999
20850,1.4418067932128906,,0.0005556175177947266,0.41678521037101746,4203.5260063999995
20860,1.4921033382415771,,0.0005552455141971228,0.4245726764202118,4205.5259255
20870,1.4387233257293701,,0.0005548735070142595,0.4176601767539978,4207.5141146999995
20880,1.534440279006958,,0.0005545014965003999,0.4363870918750763,4209.4983895000005
20890,1.513404369354248,,0.00055412948290981,0.44329413771629333,4211.5136757
20900,1.5106563568115234,,0.0005537574664967576,0.440777063369751,4213.5189849
20910,1.5716615915298462,,0.0005533854475155122,0.43992283940315247,4215.490996999999
20920,1.4383891820907593,,0.0005530134262203454,0.437835156917572,4217.49958
20930,1.459639072418213,,0.00055264140286553,0.43290799856185913,4219.499119099999
20940,1.546584963798523,,0.0005522693777053407,0.4654257893562317,4221.5166204
20950,1.470846176147461,,0.0005518973509940534,0.45235320925712585,4223.521674899999
20960,1.559636116027832,,0.0005515253229859443,0.4506146311759949,4225.4931942
20970,1.4512393474578857,,0.0005511532939352913,0.44120001792907715,4227.5016098
20980,1.4008290767669678,,0.0005507812640963729,0.4447934031486511,4229.4947066
20990,1.4312589168548584,,0.0005504092337234677,0.41732460260391235,4231.4845931
21000,1.520389437675476,1.5022123634815217,0.0005500372030708555,0.46930715441703796,4234.7548203999995
21010,1.507787823677063,,0.0005496651723928149,0.44125354290008545,4236.763986599999
21020,1.4450093507766724,,0.0005492931419436262,0.4330344796180725,4238.755165500001
21030,1.494033932685852,,0.0005489211119775681,0.43303555250167847,4240.7543284
21040,1.5386712551116943,,0.0005485490827489198,0.44102123379707336,4242.7477242
21050,1.4717780351638794,,0.0005481770545119598,0.42641255259513855,4244.7202528
21060,1.629538655281067,,0.0005478050275209658,0.4588267505168915,4246.715021599999
21070,1.5713045597076416,,0.0005474330020302149,0.43523237109184265,4248.7244653
21080,1.5224788188934326,,0.0005470609782939828,0.44395866990089417,4250.6852966999995
21090,1.4648892879486084,,0.0005466889565665442,0.4198870360851288,4252.693501899999
21100,1.4556238651275635,,0.0005463169371021728,0.42764919996261597,4254.6825739
21110,1.446616530418396,,0.00054594492015514,0.4074413776397705,4256.6714457
21120,1.570359230041504,,0.0005455729059797162,0.44742515683174133,4258.6582913
21130,1.5092520713806152,,0.0005452008948301694,0.4220257103443146,4260.640114100001
21140,1.4894994497299194,,0.0005448288869607656,0.42971211671829224,4262.6689766
21150,1.4766823053359985,,0.0005444568826257689,0.42974853515625,4264.656633099999
21160,1.454874038696289,,0.0005440848820794405,0.44755005836486816,4266.6584263
21170,1.4643549919128418,,0.0005437128855760397,0.45789963006973267,4268.641089000001
21180,1.4656808376312256,,0.000543340893369822,0.44053369760513306,4270.6454011999995
21190,1.527103304862976,,0.0005429689057150411,0.44446295499801636,4272.6332002
21200,1.5390510559082031,,0.0005425969228659469,0.4479832947254181,4274.6136797
21210,1.430949330329895,,0.000542224945076786,0.4400770962238312,4276.6236993
21220,1.6302094459533691,,0.0005418529726018018,0.45484769344329834,4278.6392072
21230,1.4863190650939941,,0.0005414810056952341,0.41264286637306213,4280.608933899999
21240,1.4607102870941162,,0.0005411090446113186,0.41855281591415405,4282.6138863
21250,1.513039469718933,,0.0005407370896042873,0.42445099353790283,4284.6165796000005
21260,1.4897727966308594,,0.0005403651409283678,0.4681400656700134,4286.6346140000005
21270,1.5068933963775635,,0.0005399931988377838,0.4324526786804199,4288.6329193
21280,1.465086579322815,,0.000539621263586754,0.45270514488220215,4290.609827599999
21290,1.4687196016311646,,0.0005392493354294926,0.4408401846885681,4292.619201199999
21300,1.4751070737838745,,0.0005388774146202091,0.42463696002960205,4294.6153997
21310,1.4550222158432007,,0.000538505501413108,0.4434889256954193,4296.6024031
21320,1.5166881084442139,,0.000538133596062388,0.4405999183654785,4298.5877267
21330,1.3688760995864868,,0.0005377616988222433,0.433799684047699,4300.5909655
21340,1.5395662784576416,,0.0005373898099468621,0.4462694227695465,4302.609753999999
21350,1.4721425771713257,,0.000537017929690427,0.425691157579422,4304.606878099999
21360,1.5269855260849,,0.0005366460583071142,0.432674765586853,4306.6067136
21370,1.552230715751648,,0.000536274196051095,0.4287218153476715,4308.6011089
21380,1.4701640605926514,,0.0005359023431765331,0.42275604605674744,4310.602441699999
21390,1.5334577560424805,,0.0005355304999375868,0.4423294961452484,4312.6356486
21400,1.5120351314544678,,0.0005351586665884075,0.44758766889572144,4314.6194285
21410,1.5425539016723633,,0.0005347868433831396,0.4352087080478668,4316.6084083000005
21420,1.486226201057434,,0.0005344150305759206,0.4439179599285126,4318.6022882
21430,1.4704914093017578,,0.0005340432284208814,0.4327133893966675,4320.6087093999995
21440,1.5028620958328247,,0.000533671437172145,0.4365299344062805,4322.5914684
21450,1.482008934020996,,0.0005332996570838274,0.4356185495853424,4324.5702647
21460,1.3935421705245972,,0.0005329278884100367,0.44269850850105286,4326.580164200001
21470,1.4562028646469116,,0.0005325561314048733,0.416182279586792,4328.5942163
21480,1.4599310159683228,,0.0005321843863224296,0.43102923035621643,4330.560884099999
21490,1.514091968536377,,0.00053181265341679,0.4431332051753998,4332.570016199999
21500,1.5152084827423096,1.5013414561748504,0.00053144093294203,0.439045786857605,4335.8451979
21510,1.421927809715271,,0.0005310692251522175,0.4205964505672455,4337.8564671
21520,1.5549184083938599,,0.0005306975303014111,0.4388039708137512,4339.8598222
21530,1.4455151557922363,,0.0005303258486436607,0.4369945526123047,4341.859172299999
21540,1.463030219078064,,0.0005299541804330072,0.4434801936149597,4343.8596361
21550,1.5034582614898682,,0.0005295825259234824,0.43736693263053894,4345.859137199999
21560,1.6116825342178345,,0.0005292108853691085,0.4400513768196106,4347.865197199999
21570,1.4725669622421265,,0.0005288392590238985,0.42603057622909546,4349.8473235
21580,1.4631433486938477,,0.0005284676471418556,0.4402974843978882,4351.847677
21590,1.4204175472259521,,0.0005280960499769727,0.42683759331703186,4353.8304496
21600,1.513308048248291,,0.0005277244677832331,0.4530075192451477,4355.8281188
21610,1.4814789295196533,,0.0005273529008146097,0.4299522340297699,4357.8244106
21620,1.4488871097564697,,0.000526981349325065,0.4450550675392151,4359.8024559000005
21630,1.5318942070007324,,0.000526609813568551,0.4556257724761963,4361.809368799999
21640,1.4712635278701782,,0.0005262382937990089,0.43316733837127686,4363.806618299999
21650,1.4661297798156738,,0.0005258667902703689,0.4443995952606201,4365.795701499999
21660,1.5463460683822632,,0.0005254953032365502,0.4529210925102234,4367.8011879000005
21670,1.427242398262024,,0.0005251238329514607,0.4239901304244995,4369.7883707
21680,1.5088975429534912,,0.0005247523796689969,0.43277907371520996,4371.797623799999
21690,1.442792534828186,,0.0005243809436430434,0.4167020916938782,4373.7666254
21700,1.4460158348083496,,0.0005240095251274734,0.44056299328804016,4375.7679587
21710,1.5049656629562378,,0.0005236381243761479,0.4311249256134033,4377.7786393999995
21720,1.5275914669036865,,0.0005232667416429157,0.4341878294944763,4379.7696328
21730,1.5332930088043213,,0.0005228953771816136,0.46208056807518005,4381.7615123
21740,1.6184558868408203,,0.0005225240312460656,0.4663720726966858,4383.7471599
21750,1.4566802978515625,,0.0005221527040900832,0.4326092302799225,4385.7459767
21760,1.4683852195739746,,0.0005217813959674649,0.41651028394699097,4387.7345909
21770,1.4485132694244385,,0.0005214101071319966,0.43583253026008606,4389.7116599
21780,1.5478355884552002,,0.0005210388378374502,0.4250771403312683,4391.712485099999
21790,1.5379290580749512,,0.0005206675883375852,0.4495057463645935,4393.715792999999
21800,1.465667724609375,,0.0005202963588861468,0.4618321657180786,4395.678155199999
21810,1.5027358531951904,,0.0005199251497368672,0.4332886040210724,4397.6814135
21820,1.4044667482376099,,0.000519553961143464,0.42689162492752075,4399.679008699999
21830,1.4401355981826782,,0.0005191827933596415,0.4304650127887726,4401.66102
21840,1.4901210069656372,,0.0005188116466390889,0.43779808282852173,4403.6507755
21850,1.5194287300109863,,0.000518440521235482,0.4676976799964905,4405.632593799999
21860,1.5312751531600952,,0.0005180694174024812,0.4533749222755432,4407.6644108
21870,1.3502469062805176,,0.0005176983353937323,0.4496860206127167,4409.645367499999
21880,1.5569655895233154,,0.0005173272754628668,0.43868476152420044,4411.633993899999
21890,1.549365520477295,,0.0005169562378635003,0.4533022940158844,4413.631816199999
21900,1.5549782514572144,,0.0005165852228492336,0.45507803559303284,4415.622834599999
21910,1.4380208253860474,,0.0005162142306736521,0.42285990715026855,4417.6228756
21920,1.450305461883545,,0.0005158432615903252,0.44542914628982544,4419.596207999999
21930,1.518134355545044,,0.0005154723158528072,0.4321829080581665,4421.605005899999
21940,1.474548578262329,,0.0005151013937146355,0.4356768727302551,4423.6234907
21950,1.434685230255127,,0.0005147304954293322,0.4809532165527344,4425.5944062
21960,1.4981837272644043,,0.0005143596212504029,0.44599154591560364,4427.5960115
21970,1.4282925128936768,,0.0005139887714313362,0.4284399747848511,4429.5868837
21980,1.5258543491363525,,0.0005136179462256046,0.44775497913360596,4431.5703388
21990,1.4969252347946167,,0.0005132471458866637,0.41810891032218933,4433.5663002
22000,1.407896637916565,1.518635481595993,0.0005128763706679522,0.4432573616504669,4436.8433282999995
22010,1.4560240507125854,,0.0005125056208228912,0.4405306875705719,4439.022839899999
22020,1.5170917510986328,,0.0005121348966048848,0.44311514496803284,4441.0156257
22030,1.5412988662719727,,0.0005117641982673195,0.43701407313346863,4443.013210900001
22040,1.5915021896362305,,0.0005113935260635641,0.4708070456981659,4444.9862737
22050,1.4846689701080322,,0.0005110228802469698,0.44300293922424316,4447.0046268999995
22060,1.4543449878692627,,0.0005106522610708692,0.4512799084186554,4448.978382699999
22070,1.493277668952942,,0.0005102816687885772,0.4331321120262146,4450.9509825000005
22080,1.4372053146362305,,0.0005099111036533898,0.429124116897583,4452.955797499999
22090,1.3862017393112183,,0.0005095405659185854,0.43104785680770874,4454.952442
22100,1.5818095207214355,,0.0005091700558374223,0.44595009088516235,4456.933669
22110,1.5245963335037231,,0.0005087995736631414,0.44863584637641907,4458.925009299999
22120,1.4241445064544678,,0.0005084291196489632,0.4332718849182129,4460.915014799999
22130,1.4998326301574707,,0.0005080586940480898,0.4539988338947296,4462.895837800001
22140,1.5594537258148193,,0.0005076882971137036,0.4378895163536072,4464.8712203
22150,1.371727705001831,,0.0005073179290989672,0.43709394335746765,4466.8692078
22160,1.4675668478012085,,0.0005069475902570239,0.43059277534484863,4468.865392
22170,1.5275037288665771,,0.0005065772808409965,0.4552513360977173,4470.827697499999
22180,1.5955275297164917,,0.0005062070011039884,0.4762049913406372,4472.835016499999
22190,1.5123906135559082,,0.000505836751299082,0.4479820132255554,4474.831566499999
22200,1.534763216972351,,0.0005054665316793396,0.44822949171066284,4476.8139818
22210,1.4927270412445068,,0.0005050963424978031,0.4404694437980652,4478.804465199999
22220,1.3822622299194336,,0.0005047261840074929,0.4267188012599945,4480.7889791
22230,1.382800817489624,,0.0005043560564614091,0.45150697231292725,4482.8143383999995
22240,1.4550901651382446,,0.0005039859601125305,0.4387868046760559,4484.8032568
22250,1.4529967308044434,,0.000503615895213814,0.44847550988197327,4486.791042700001
22260,1.5137782096862793,,0.0005032458620181958,0.4412582218647003,4488.7862183
22270,1.4276487827301025,,0.00050287586077859,0.4489792585372925,4490.7820433
22280,1.4444365501403809,,0.0005025058917478891,0.4498840570449829,4492.775095699999
22290,1.4572837352752686,,0.0005021359551789633,0.4320836663246155,4494.7583123
22300,1.3938336372375488,,0.0005017660513246607,0.4218733608722687,4496.771774999999
22310,1.5624326467514038,,0.0005013961804378074,0.44027701020240784,4498.782728799999
22320,1.4543360471725464,,0.0005010263427712063,0.42977651953697205,4500.7444951
22330,1.498783826828003,,0.0005006565385776384,0.45089611411094666,4502.751683799999
22340,1.54337739944458,,0.0005002867681098608,0.4472663700580597,4504.745313199999
22350,1.581321120262146,,0.0004999170316206086,0.4701005816459656,4506.729313399999
22360,1.4699358940124512,,0.000499547329362593,0.4501928389072418,4508.7232384
22370,1.4750369787216187,,0.0004991776615885019,0.43584969639778137,4510.727021999999
22380,1.605966329574585,,0.0004988080285509999,0.460936963558197,4512.7392263
22390,1.5156338214874268,,0.0004984384305027278,0.46027886867523193,4514.724868400001
22400,1.4512665271759033,,0.0004980688676963021,0.4507400393486023,4516.7110999
22410,1.4852397441864014,,0.0004976993403843159,0.4498288333415985,4518.7006956000005
22420,1.579866647720337,,0.0004973298488193374,0.4430103302001953,4520.6966297
22430,1.5058501958847046,,0.0004969603932539103,0.42938607931137085,4522.6908592
22440,1.4889013767242432,,0.0004965909739405545,0.44722071290016174,4524.6772667000005
22450,1.3997100591659546,,0.0004962215911317642,0.45363783836364746,4526.6800375
22460,1.4856159687042236,,0.0004958522450800094,0.4602217674255371,4528.6970292999995
22470,1.4937608242034912,,0.0004954829360377344,0.45589160919189453,4530.6641604
22480,1.5304536819458008,,0.0004951136642573586,0.4647277295589447,4532.6688717
22490,1.5038480758666992,,0.0004947444299912757,0.4341581463813782,4534.650257199999
22500,1.4968957901000977,1.4979273498058319,0.0004943752334918539,0.4657823145389557,4537.9389188000005
22510,1.512591004371643,,0.0004940060750114357,0.47199270129203796,4539.942889599999
22520,1.5528481006622314,,0.0004936369548023371,0.44001173973083496,4541.9245575
22530,1.570124864578247,,0.0004932678731168483,0.4380767345428467,4543.9225506
22540,1.4797377586364746,,0.0004928988302072333,0.4412621259689331,4545.9093627
22550,1.537097692489624,,0.0004925298263257295,0.4450016915798187,4547.921751899999
22560,1.531960129737854,,0.0004921608617245475,0.4303382933139801,4549.8857936
22570,1.4785280227661133,,0.000491791936655871,0.4512878358364105,4551.8803193
22580,1.5295042991638184,,0.000491423051371857,0.4478006362915039,4553.8932258
22590,1.395092248916626,,0.000491054206124635,0.4387451708316803,4555.882238599999
22600,1.4844610691070557,,0.0004906854011663073,0.4473670721054077,4557.892322
22610,1.4193382263183594,,0.0004903166367489489,0.4766898453235626,4559.8976158000005
22620,1.4178533554077148,,0.0004899479131246062,0.4384196400642395,4561.8981148
22630,1.4661524295806885,,0.0004895792305452986,0.43735313415527344,4563.907343999999
22640,1.5711126327514648,,0.0004892105892630174,0.46767640113830566,4565.894908
22650,1.4568358659744263,,0.0004888419895297249,0.4401721954345703,4567.910839300001
22660,1.459035873413086,,0.0004884734315973562,0.45136013627052307,4569.904268099999
22670,1.436678171157837,,0.00048810491571781657,0.4530218839645386,4571.919646
22680,1.5237212181091309,,0.0004877364421429835,0.43294620513916016,4573.9044261
22690,1.51967191696167,,0.0004873680111247052,0.4470013976097107,4575.898590299999
22700,1.4539399147033691,,0.0004869996229148008,0.4406870901584625,4577.904330899999
22710,1.4391714334487915,,0.0004866312777650599,0.4337874948978424,4579.9013889
22720,1.551666498184204,,0.0004862629759272432,0.47147393226623535,4581.885192399999
22730,1.4474815130233765,,0.00048589471765308134,0.4386170208454132,4583.873451399999
22740,1.4970136880874634,,0.0004855265031942756,0.46174076199531555,4585.853621599999
22750,1.4325742721557617,,0.0004851583328024969,0.45688119530677795,4587.8850523
22760,1.4413117170333862,,0.00048479020672938624,0.4647330939769745,4589.870520999999
22770,1.4061017036437988,,0.0004844221252265545,0.4432971477508545,4591.8564475
22780,1.4277974367141724,,0.00048405408854558177,0.4498525857925415,4593.8513059
22790,1.4946353435516357,,0.00048368609693801793,0.4314872920513153,4595.8446112
22800,1.437813639640808,,0.0004833181506553813,0.4183133840560913,4597.8416985
22810,1.5453150272369385,,0.0004829502499491599,0.45697933435440063,4599.8174399
22820,1.4619395732879639,,0.0004825823950708105,0.43496838212013245,4601.8242661
22830,1.4619596004486084,,0.00048221458627175826,0.43068981170654297,4603.8272299
22840,1.439412236213684,,0.0004818468238033972,0.42704787850379944,4605.810068299999
22850,1.4822144508361816,,0.00048147910791708937,0.4543941915035248,4607.8140463
22860,1.5133273601531982,,0.0004811114388641651,0.44176462292671204,4609.806080099999
22870,1.4955977201461792,,0.000480743816895923,0.46687984466552734,4611.7919213000005
22880,1.4942357540130615,,0.0004803762422636288,0.45221295952796936,4613.7864288
22890,1.485724925994873,,0.00048000871521851677,0.4338420033454895,4615.763379099999
22900,1.5164806842803955,,0.00047964123601178775,0.4360206425189972,4617.7934829000005
22910,1.4063175916671753,,0.0004792738048946104,0.4282483160495758,4619.7806079
22920,1.524300456047058,,0.00047890642211812054,0.45736077427864075,4621.770368399999
22930,1.5247890949249268,,0.0004785390879334208,0.4700919985771179,4623.7650195999995
22940,1.4837641716003418,,0.00047817180259158065,0.4328640401363373,4625.7594704
22950,1.4569165706634521,,0.000477804566343636,0.45061811804771423,4627.754851600001
22960,1.5134954452514648,,0.00047743737944058956,0.449057936668396,4629.736129999999
22970,1.4181725978851318,,0.0004770702421334101,0.4332241714000702,4631.728421399999
22980,1.3636119365692139,,0.0004767031546730326,0.43152597546577454,4633.745600300001
22990,1.4445579051971436,,0.00047633611731035756,0.4465327560901642,4635.728635199999
23000,1.4628865718841553,1.4665325701236724,0.00047596913029625173,0.46312469244003296,4639.0211739999995
23010,1.453460693359375,,0.00047560219388154726,0.45381054282188416,4641.0155459
23020,1.4228850603103638,,0.0004752353083170418,0.44104278087615967,4643.016450699999
23030,1.4206516742706299,,0.00047486847385349803,0.44434553384780884,4645.0169983
23040,1.5719640254974365,,0.000474501690741644,0.4662582278251648,4646.994100399999
23050,1.5964419841766357,,0.00047413495923217234,0.4734165072441101,4648.9909981
23060,1.4597384929656982,,0.0004737682795757407,0.46253448724746704,4650.973122899999
23070,1.5583302974700928,,0.0004734016520229714,0.45289158821105957,4652.9921644999995
23080,1.4335912466049194,,0.0004730350768244505,0.4307002127170563,4654.9528937
23090,1.5113015174865723,,0.0004726685542307288,0.483195960521698,4656.941435000001
23100,1.5173636674880981,,0.00047230208449232114,0.4421354830265045,4658.9554149
23110,1.4801875352859497,,0.00047193566785970606,0.45261356234550476,4660.9246129
23120,1.3975012302398682,,0.0004715693045833259,0.4429757595062256,4662.9244961
23130,1.522944450378418,,0.00047120299491358646,0.47444215416908264,4664.904434599999
23140,1.4914963245391846,,0.00047083673910085704,0.46490204334259033,4666.9022007
23150,1.474670648574829,,0.00047047053739546993,0.4613496959209442,4668.8914771
23160,1.4937536716461182,,0.0004701043900477206,0.44809216260910034,4670.8709803
23170,1.3676995038986206,,0.0004697382973078675,0.4277587831020355,4672.8892495
23180,1.4837851524353027,,0.00046937225942613115,0.4480403959751129,4674.8644602
23190,1.5622355937957764,,0.0004690062766526952,0.4321177005767822,4676.847373999999
23200,1.5635979175567627,,0.0004686403492377056,0.45673927664756775,4678.8418148
23210,1.5250306129455566,,0.00046827447743126994,0.4442894756793976,4680.8385672
23220,1.4439729452133179,,0.0004679086614834584,0.43978655338287354,4682.836193900001
23230,1.404658317565918,,0.0004675429016443026,0.4447731077671051,4684.8083821
23240,1.4685430526733398,,0.0004671771981637961,0.4668594300746918,4686.8084844
23250,1.370629072189331,,0.0004668115512918936,0.42485377192497253,4688.798060499999
23260,1.4550135135650635,,0.00046644596127851155,0.4347963333129883,4690.773701799999
23270,1.4542579650878906,,0.00046608042837352693,0.4542427361011505,4692.775739000001
23280,1.482373595237732,,0.00046571495282677825,0.4644649028778076,4694.7885633999995
23290,1.4330379962921143,,0.0004653495348880645,0.4493171274662018,4696.781561399999
23300,1.54091477394104,,0.00046498417480714553,0.45651975274086,4698.7793538000005
23310,1.4108307361602783,,0.0004646188728337413,0.43029189109802246,4700.755584099999
23320,1.4829156398773193,,0.00046425362921753254,0.4702889621257782,4702.788514599999
23330,1.4286060333251953,,0.00046388844420815954,0.42813631892204285,4704.7769991000005
23340,1.5577201843261719,,0.0004635233180552231,0.4455133080482483,4706.7587896000005
23350,1.417945384979248,,0.00046315825100828336,0.4390471875667572,4708.760534200001
23360,1.5859944820404053,,0.00046279324331686,0.4666665196418762,4710.750945599999
23370,1.3708372116088867,,0.0004624282952304326,0.4621703624725342,4712.7482585
23380,1.4279425144195557,,0.0004620634069984397,0.4389340877532959,4714.726910899999
23390,1.3457964658737183,,0.0004616985788702788,0.4319189786911011,4716.719652599999
23400,1.4812548160552979,,0.0004613338110953067,0.4435015916824341,4718.7389953
23410,1.3590362071990967,,0.0004609691039228386,0.42963504791259766,4720.726876999999
23420,1.385507583618164,,0.00046060445760214854,0.41807493567466736,4722.72992
23430,1.607914686203003,,0.00046023987238246866,0.47037652134895325,4724.70831
23440,1.4941067695617676,,0.0004598753485129897,0.47490194439888,4726.7004074
23450,1.6081936359405518,,0.0004595108862428603,0.4548485577106476,4728.6959173
23460,1.4863836765289307,,0.00045914648582118673,0.4557623565196991,4730.6761854
23470,1.5520737171173096,,0.0004587821474970334,0.488584965467453,4732.6926717999995
23480,1.5141935348510742,,0.0004584178715194222,0.44722461700439453,4734.6851308000005
23490,1.4349839687347412,,0.00045805365813733216,0.4410005807876587,4736.673468699999
23500,1.4783855676651,1.4896271288394929,0.00045768950759969985,0.44858893752098083,4739.980706
23510,1.4456815719604492,,0.0004573254201554186,0.4326457679271698,4741.995525299999
23520,1.446852445602417,,0.0004569613960533389,0.45028916001319885,4743.990910099999
23530,1.4889037609100342,,0.0004565974355422676,0.44690072536468506,4745.9916791
23540,1.5636839866638184,,0.0004562335388709685,0.4577380120754242,4747.9785108
23550,1.4550403356552124,,0.00045586970628816144,0.46029266715049744,4749.9587465
23560,1.5010981559753418,,0.0004555059380425224,0.4559139013290405,4751.958687599999
23570,1.489532470703125,,0.00045514223438268363,0.4568720757961273,4753.960035
23580,1.5116450786590576,,0.00045477859555723333,0.4472489655017853,4755.926013
23590,1.5061516761779785,,0.000454415021814715,0.4552748203277588,4757.946133899999
23600,1.5558834075927734,,0.000454051513403628,0.43731263279914856,4759.939124999999
23610,1.5080567598342896,,0.0004536880705724268,0.46624600887298584,4761.940115699999
23620,1.4533796310424805,,0.00045332469356952127,0.45274466276168823,4763.926012399999
23630,1.4736136198043823,,0.0004529613826432762,0.43612417578697205,4765.908205600001
23640,1.5450925827026367,,0.0004525981380420109,0.4740978479385376,4767.9162906
23650,1.437705397605896,,0.00045223496001399986,0.4491775929927826,4769.8972816000005
23660,1.498993158340454,,0.0004518718488074717,0.43905067443847656,4771.8758705
23670,1.4791796207427979,,0.0004515088046706096,0.4219866394996643,4773.8743884
23680,1.4839133024215698,,0.00045114582785155084,0.45412540435791016,4775.8654594
23690,1.3714828491210938,,0.0004507829185983866,0.43536892533302307,4777.866159199999
23700,1.5473759174346924,,0.00045042007715916197,0.47556376457214355,4779.8392673
23710,1.361719012260437,,0.0004500573037818755,0.45576509833335876,4781.840016300001
23720,1.370990514755249,,0.0004496945987144796,0.4416074752807617,4783.8572853999995
23730,1.4039373397827148,,0.00044933196220487976,0.43294253945350647,4785.840703899999
23740,1.4509143829345703,,0.0004489693945009343,0.4738842844963074,4787.8507152
23750,1.452242136001587,,0.0004486068958504552,0.44658786058425903,4789.852023199999
23760,1.3553580045700073,,0.0004482444665012066,0.42762601375579834,4791.855586
23770,1.365541696548462,,0.0004478821067009056,0.44143518805503845,4793.843043299999
23780,1.548287034034729,,0.0004475198166972218,0.454074889421463,4795.815128
23790,1.4383316040039062,,0.000447157596737777,0.42941588163375854,4797.8236495
23800,1.4827505350112915,,0.00044679544707014506,0.44215860962867737,4799.8130599
23810,1.507460594177246,,0.0004464333679418519,0.4538329541683197,4801.792323399999
23820,1.4292504787445068,,0.0004460713596003753,0.4304524064064026,4803.7919846
23830,1.5957229137420654,,0.0004457094222931443,0.4738694429397583,4805.788277
23840,1.5136734247207642,,0.0004453475562675397,0.48615342378616333,4807.7800809
23850,1.4652460813522339,,0.0004449857617708937,0.4677715003490448,4809.7724923999995
23860,1.5071022510528564,,0.0004446240390504892,0.462921679019928,4811.7684396
23870,1.499776840209961,,0.0004442623883535603,0.4480600357055664,4813.781375500001
23880,1.4323869943618774,,0.0004439008099272921,0.4371747374534607,4815.7534466
23890,1.3590995073318481,,0.00044353930401881973,0.4453139007091522,4817.7528379
23900,1.4951541423797607,,0.00044317787087522935,0.4383600354194641,4819.7371482
23910,1.5171928405761719,,0.000442816510743557,0.4420720338821411,4821.732761699999
23920,1.4329382181167603,,0.0004424552238707887,0.43963974714279175,4823.7268532
23930,1.4055837392807007,,0.00044209401050386083,0.4451228082180023,4825.703174299999
23940,1.4224839210510254,,0.00044173287088965923,0.45372143387794495,4827.716462099999
23950,1.500672698020935,,0.0004413718052750196,0.4548187255859375,4829.7168568
23960,1.571213722229004,,0.0004410108139067266,0.475427508354187,4831.6970679999995
23970,1.5508558750152588,,0.0004406498970315147,0.45349007844924927,4833.7003664
23980,1.4611972570419312,,0.00044028905489606703,0.4579000174999237,4835.6964317
23990,1.4089562892913818,,0.00043992828774701585,0.4409255087375641,4837.692306699999
24000,1.4496140480041504,1.477693372964859,0.0004395675958309421,0.4388563334941864,4840.963279
24010,1.451176643371582,,0.0004392069793943755,0.4468050003051758,4843.1652151
24020,1.4528334140777588,,0.00043884643868379345,0.4622117280960083,4845.156256599999
24030,1.525622844696045,,0.0004384859739456225,0.4614580273628235,4847.1647422999995
24040,1.477583885192871,,0.0004381255854262369,0.44345834851264954,4849.1459282
24050,1.4778180122375488,,0.00043776527337195865,0.4646008014678955,4851.123060100001
24060,1.4672482013702393,,0.00043740503802905785,0.48988524079322815,4853.127817099999
24070,1.4137604236602783,,0.00043704487964375176,0.43235212564468384,4855.116590399999
24080,1.4024839401245117,,0.00043668479846220543,0.45457467436790466,4857.1007603
24090,1.51308274269104,,0.00043632479473053077,0.4588794708251953,4859.0933165999995
24100,1.4765316247940063,,0.0004359648686947872,0.4248920977115631,4861.0899505
24110,1.4605302810668945,,0.0004356050206009805,0.4506535232067108,4863.080539799999
24120,1.4390076398849487,,0.0004352452506950634,0.43861711025238037,4865.060106999999
24130,1.4090970754623413,,0.0004348855592229355,0.4606308043003082,4867.0499378
24140,1.3176944255828857,,0.0004345259464304423,0.43217647075653076,4869.0645329
24150,1.3683273792266846,,0.00043416641256337587,0.4293273687362671,4871.023898199999
24160,1.3874375820159912,,0.00043380695786747437,0.4523448646068573,4873.030224099999
24170,1.5225591659545898,,0.00043344758258842135,0.48218417167663574,4875.0198394
24180,1.578710913658142,,0.0004330882869718467,0.4726400375366211,4877.0023425
24190,1.5716583728790283,,0.00043272907126332567,0.4581063389778137,4878.9979920999995
24200,1.3953529596328735,,0.0004323699357083784,0.43965330719947815,4880.9756173000005
24210,1.4516392946243286,,0.000432010880552471,0.4294635057449341,4883.0102059
24220,1.5040795803070068,,0.00043165190604101404,0.451961874961853,4884.994148399999
24230,1.4304791688919067,,0.0004312930124193634,0.4608236253261566,4886.9762009999995
24240,1.384331226348877,,0.00043093419993281944,0.42741286754608154,4888.980076599999
24250,1.4388431310653687,,0.000430575468826627,0.4515448212623596,4890.977206899999
24260,1.4300925731658936,,0.0004302168193459757,0.46918511390686035,4892.971114399999
24270,1.5948834419250488,,0.0004298582517359987,0.4897707998752594,4894.943172199999
24280,1.537233591079712,,0.00042949976624177404,0.4415079653263092,4896.9397534
24290,1.455368995666504,,0.0004291413631083228,0.45285364985466003,4898.959872399999
24300,1.5453040599822998,,0.0004287830425806101,0.4526693522930145,4900.9444852
24310,1.4124886989593506,,0.0004284248049035449,0.4299219250679016,4902.939761399999
24320,1.455729603767395,,0.0004280666503219791,0.4358023703098297,4904.9300723
24330,1.524357795715332,,0.00042770857908070814,0.4631974399089813,4906.9218413
24340,1.5826252698898315,,0.0004273505914244701,0.4811736047267914,4908.9180853
24350,1.5483145713806152,,0.00042699268759794636,0.45593520998954773,4910.9224696
24360,1.5595088005065918,,0.0004266348678457608,0.4656039774417877,4912.9171933
24370,1.5106732845306396,,0.0004262771324124797,0.45256954431533813,4914.913805099999
24380,1.5604771375656128,,0.00042591948154261224,0.4595257639884949,4916.8918854
24390,1.5301793813705444,,0.00042556191548060894,0.4822482764720917,4918.8941952000005
24400,1.4125239849090576,,0.000425204434470863,0.44438448548316956,4920.890361
24410,1.3952085971832275,,0.0004248470387577094,0.4237087368965149,4922.8809064
24420,1.3481836318969727,,0.00042448972858542464,0.4421539306640625,4924.858229699999
24430,1.5407490730285645,,0.0004241325041982269,0.4715403616428375,4926.8445011
24440,1.417722225189209,,0.00042377536584027565,0.43356427550315857,4928.8662621
24450,1.4697961807250977,,0.0004234183137556717,0.4289959669113159,4930.8268584
24460,1.458404541015625,,0.00042306134818845666,0.44070592522621155,4932.8287817
24470,1.4978036880493164,,0.0004227044693826133,0.4369189739227295,4934.8205629
24480,1.4938905239105225,,0.0004223476775820647,0.4508863389492035,4936.798730999999
24490,1.3466742038726807,,0.0004219909730306748,0.4402274191379547,4938.79703
24500,1.5600240230560303,1.4723849296569824,0.0004216343559722477,0.45674335956573486,4942.0741583
24510,1.4956889152526855,,0.00042127782665052794,0.47908082604408264,4944.0624995
24520,1.4643474817276,,0.00042092138530919985,0.4645043909549713,4946.053079899999
24530,1.5466995239257812,,0.0004205650321918878,0.4499095380306244,4948.0526476
24540,1.483253002166748,,0.0004202087675421557,0.4844539165496826,4950.0354687
24550,1.555387020111084,,0.0004198525916035071,0.44243407249450684,4952.0408823
24560,1.4475841522216797,,0.0004194965046193851,0.45813268423080444,4954.058133500001
24570,1.50887131690979,,0.00041914050683317154,0.4480287730693817,4956.0238517
24580,1.3962441682815552,,0.00041878459848818756,0.4581911861896515,4958.029292499999
24590,1.3753793239593506,,0.00041842877982769324,0.44667506217956543,4960.0120224
24600,1.3850300312042236,,0.0004180730510948873,0.4272027611732483,4961.9926545
24610,1.4310216903686523,,0.00041771741253290694,0.43669596314430237,4963.9944576
24620,1.46181321144104,,0.00041736186438482765,0.4808516204357147,4965.970287099999
24630,1.3925254344940186,,0.00041700640689366355,0.44029417634010315,4967.999954499999
24640,1.5309257507324219,,0.00041665104030236613,0.4431276321411133,4969.9876736999995
24650,1.4476611614227295,,0.00041629576485382525,0.4748932719230652,4971.9711014
24660,1.4398889541625977,,0.00041594058079086853,0.454355388879776,4973.974644399999
24670,1.5260672569274902,,0.00041558548835626065,0.45918145775794983,4975.9693628
24680,1.4592148065567017,,0.0004152304877927039,0.46439263224601746,4977.963415099999
24690,1.4053601026535034,,0.00041487557934283807,0.46660149097442627,4979.9409118
24700,1.5439119338989258,,0.00041452076324923945,0.4630138874053955,4981.9315702
24710,1.3749654293060303,,0.00041416603975442186,0.45901238918304443,4983.9573433000005
24720,1.4676527976989746,,0.00041381140910083506,0.4661885201931,4985.9363766999995
24730,1.5147678852081299,,0.0004134568715308661,0.4499465227127075,4987.928225199999
24740,1.497179388999939,,0.00041310242728683785,0.45679330825805664,4989.9212449999995
24750,1.4193918704986572,,0.00041274807661100985,0.4683147668838501,4991.9094193
24760,1.3763325214385986,,0.0004123938197455771,0.46189817786216736,4993.906887199999
24770,1.4634957313537598,,0.00041203965693267113,0.4679379165172577,4995.888867
24780,1.4844367504119873,,0.0004116855884143586,0.44265016913414,4997.905323999999
24790,1.381941795349121,,0.00041133161443264227,0.43223094940185547,4999.8972715
24800,1.447977066040039,,0.0004109777352294598,0.45392918586730957,5001.882882599999
24810,1.4456347227096558,,0.0004106239510466846,0.45633283257484436,5003.887887499999
24820,1.5260485410690308,,0.0004102702621261244,0.4510454833507538,5005.884296099999
24830,1.399790644645691,,0.00040991666870952257,0.45082682371139526,5007.8720517
24840,1.4151983261108398,,0.00040956317103855696,0.46642419695854187,5009.8584505
24850,1.4333462715148926,,0.00040920976935483944,0.4493793547153473,5011.8629673
24860,1.501888632774353,,0.00040885646389991705,0.4516933262348175,5013.874954299999
24870,1.5109264850616455,,0.0004085032549152707,0.46100008487701416,5015.8516979
24880,1.4954631328582764,,0.0004081501426423153,0.498529851436615,5017.8559614000005
24890,1.436400294303894,,0.00040779712732239996,0.460896372795105,5019.833967799999
24900,1.404799461364746,,0.00040744420919680715,0.4515678584575653,5021.8272478
24910,1.430817723274231,,0.0004070913885067532,0.4672698676586151,5023.8226184
24920,1.4304826259613037,,0.00040673866549338747,0.4638577699661255,5025.8009568
24930,1.410857081413269,,0.0004063860403977932,0.4753589332103729,5027.8111396
24940,1.4743434190750122,,0.0004060335134609862,0.45533451437950134,5029.8043261
24950,1.3762919902801514,,0.0004056810849239151,0.4525727927684784,5031.790722
24960,1.3423271179199219,,0.0004053287550274615,0.45607778429985046,5033.8039111
24970,1.4503638744354248,,0.00040497652401243976,0.4637834131717682,5035.7895026999995
24980,1.4856308698654175,,0.0004046243921195963,0.45568186044692993,5037.7889412
24990,1.4204492568969727,,0.0004042723595896101,0.45515650510787964,5039.765397900001
25000,1.4331281185150146,1.467248982191086,0.00040392042666309195,0.46150562167167664,5043.052188399999
25010,1.3953139781951904,,0.0004035685935805848,0.43394795060157776,5045.050485599999
25020,1.541717767715454,,0.00040321686058256313,0.4587276577949524,5047.0536856
25030,1.4678120613098145,,0.0004028652279094332,0.472308486700058,5049.064412899999
25040,1.4600608348846436,,0.00040251369580153267,0.4610987901687622,5051.0502483
25050,1.4184579849243164,,0.0004021622644991302,0.4477941691875458,5053.055406699999
25060,1.5179800987243652,,0.00040181093424242583,0.46524104475975037,5055.0427994
25070,1.3730907440185547,,0.00040145970527155075,0.45026808977127075,5057.0388781
25080,1.5975966453552246,,0.0004011085778265664,0.4520730674266815,5059.021310300001
25090,1.3362150192260742,,0.00040075755214746513,0.4564455449581146,5061.0003657
25100,1.471173644065857,,0.0004004066284741697,0.4505397379398346,5063.025473600001
25110,1.4487649202346802,,0.0004000558070465332,0.4769282042980194,5065.0166063
25120,1.4791193008422852,,0.0003997050881043387,0.4496040642261505,5066.996411300001
25130,1.4292945861816406,,0.00039935447188729924,0.4396870732307434,5069.001871799999
25140,1.4115595817565918,,0.0003990039586350577,0.44815266132354736,5070.996914400001
25150,1.411638855934143,,0.0003986535485871866,0.4457205832004547,5072.9901985
25160,1.3603161573410034,,0.00039830324198318796,0.43009069561958313,5074.970447600001
25170,1.4399535655975342,,0.00039795303906249303,0.45888862013816833,5076.959154
25180,1.4754245281219482,,0.0003976029400644622,0.45775744318962097,5078.9909556
25190,1.5134742259979248,,0.0003972529452283848,0.4797391891479492,5080.9695078
25200,1.4654042720794678,,0.000396903054793479,0.4603315591812134,5082.968186099999
25210,1.491575002670288,,0.00039655326899889164,0.46968239545822144,5084.9510734
25220,1.512794017791748,,0.00039620358808369814,0.4507032632827759,5086.953696299999
25230,1.4844026565551758,,0.00039585401228690176,0.4757345914840698,5088.938331199999
25240,1.425973892211914,,0.0003955045418474345,0.4525996744632721,5090.916755799999
25250,1.5327250957489014,,0.0003951551770041562,0.47223347425460815,5092.9375492
25260,1.4660753011703491,,0.00039480591799585416,0.44334861636161804,5094.9396373
25270,1.4958326816558838,,0.0003944567650612439,0.4738765358924866,5096.909954499999
25280,1.3569326400756836,,0.00039410771843896797,0.4350506067276001,5098.9159586999995
25290,1.4749093055725098,,0.00039375877836759663,0.47206172347068787,5100.908993999999
25300,1.4307364225387573,,0.00039340994508562684,0.4818706512451172,5102.8977087
25310,1.4770488739013672,,0.00039306121883148326,0.45365655422210693,5104.886018900001
25320,1.5839776992797852,,0.0003927125998435167,0.4845515489578247,5106.8640706999995
25330,1.4766364097595215,,0.0003923640883600049,0.4697622060775757,5108.8970242
25340,1.5242884159088135,,0.00039201568461915223,0.46603232622146606,5110.879896099999
25350,1.4182945489883423,,0.0003916673888590895,0.45303666591644287,5112.884090699999
25360,1.4283063411712646,,0.00039131920131787345,0.43677860498428345,5114.861857399999
25370,1.5619624853134155,,0.00039097112223348716,0.48029184341430664,5116.8589200999995
25380,1.5071836709976196,,0.00039062315184383914,0.464253693819046,5118.8590946
25390,1.4994012117385864,,0.0003902752903867641,0.4821837842464447,5120.842690899999
25400,1.4799169301986694,,0.00038992753810002204,0.4563504159450531,5122.8473268
25410,1.3766443729400635,,0.00038957989522129817,0.4621597230434418,5124.8597728
25420,1.3631608486175537,,0.00038923236198820334,0.47157901525497437,5126.825298399999
25430,1.5616772174835205,,0.00038888493863827294,0.6070298552513123,5128.831448499999
25440,1.4449920654296875,,0.0003885376254089679,0.5074074268341064,5130.820693199999
25450,1.4483520984649658,,0.0003881904225376733,0.42982280254364014,5132.8260114
25460,1.458837628364563,,0.0003878433302616992,0.46143463253974915,5134.7982586
25470,1.4775890111923218,,0.00038749634881827985,0.48571714758872986,5136.7758259
25480,1.4047094583511353,,0.00038714947844457366,0.48229852318763733,5138.8017347
25490,1.4857903718948364,,0.00038680271937766345,0.4808374345302582,5140.7894098
25500,1.5252141952514648,1.4807849168777465,0.0003864560718545558,0.4636674225330353,5144.0859070999995
25510,1.4256832599639893,,0.0003861095361121808,0.4528428316116333,5146.0730563
25520,1.4077842235565186,,0.0003857631123873925,0.45737677812576294,5148.0784774
25530,1.4417750835418701,,0.000385416800916968,0.4598204493522644,5150.0689965
25540,1.460265040397644,,0.0003850706019376083,0.4566023647785187,5152.0492896
25550,1.4698961973190308,,0.0003847245156859371,0.4433814585208893,5154.0515204
25560,1.3668341636657715,,0.0003843785423985008,0.4375304877758026,5156.029569099999
25570,1.4259120225906372,,0.00038403268231176923,0.4560481607913971,5158.0577118
25580,1.466169834136963,,0.00038368693566213414,0.48182517290115356,5160.0470618
25590,1.3207693099975586,,0.0003833413026859105,0.44719627499580383,5162.0226991
25600,1.4896931648254395,,0.00038299578361933485,0.48223796486854553,5164.0326549
25610,1.38865327835083,,0.0003826503786985663,0.46917298436164856,5166.0304533
25620,1.5240602493286133,,0.000382305088159686,0.4837542474269867,5168.0222373
25630,1.4696195125579834,,0.0003819599122386965,0.46361270546913147,5169.9992002
25640,1.4282597303390503,,0.00038161485117152254,0.45799657702445984,5171.982600199999
25650,1.4275609254837036,,0.00038126990519401013,0.48239657282829285,5174.0099586
25660,1.4285314083099365,,0.0003809250745419264,0.4529631733894348,5175.9975127
25670,1.400278091430664,,0.00038058035945096,0.4319410026073456,5177.990742800001
25680,1.526840090751648,,0.0003802357601567204,0.46299508213996887,5179.978891499999
25690,1.5178207159042358,,0.00037989127689473786,0.45038267970085144,5181.9704516
25700,1.4349913597106934,,0.0003795469099004636,0.45966053009033203,5183.9697256
25710,1.4387786388397217,,0.00037920265940926903,0.4822816252708435,5185.946106199999
25720,1.350309133529663,,0.00037885852565644636,0.41808468103408813,5187.9642103999995
25730,1.4262232780456543,,0.00037851450887720756,0.4601154029369354,5189.958245399999
25740,1.4272587299346924,,0.0003781706093066849,0.4433968961238861,5191.9389804
25750,1.4899897575378418,,0.00037782682717993067,0.4797813892364502,5193.9477783
25760,1.54664945602417,,0.00037748316273191645,0.47104233503341675,5195.938101600001
25770,1.458012342453003,,0.0003771396161975339,0.4613705575466156,5197.925436699999
25780,1.3827247619628906,,0.0003767961878115937,0.43786415457725525,5199.9088847
25790,1.4181907176971436,,0.00037645287780882573,0.4654735326766968,5201.8946295999995
25800,1.4135746955871582,,0.0003761096864238794,0.44329172372817993,5203.9198596999995
25810,1.4391930103302002,,0.0003757666138913227,0.45192763209342957,5205.8770898
25820,1.424626111984253,,0.00037542366044564257,0.47674793004989624,5207.866526899999
25830,1.5567574501037598,,0.00037508082632124425,0.4776826798915863,5209.8664859
25840,1.421841025352478,,0.00037473811175245175,0.4864332377910614,5211.846616299999
25850,1.4263123273849487,,0.0003743955169735073,0.47231295704841614,5213.8512359
25860,1.431104302406311,,0.00037405304221857115,0.4937332570552826,5215.830496099999
25870,1.5068724155426025,,0.00037371068772172166,0.45020055770874023,5217.849625700001
25880,1.4906628131866455,,0.00037336845371695475,0.46558085083961487,5219.820928199999
25890,1.4314796924591064,,0.0003730263404381841,0.4691769480705261,5221.7959441
25900,1.4651178121566772,,0.00037268434811924103,0.458189994096756,5223.803501099999
25910,1.4347312450408936,,0.0003723424769938741,0.4441446363925934,5225.7954505
25920,1.4245524406433105,,0.00037200072729574884,0.4594358801841736,5227.787682
25930,1.469651460647583,,0.0003716590992584481,0.4663015604019165,5229.7711022
25940,1.41535484790802,,0.0003713175931154713,0.4566933512687683,5231.770455899999
25950,1.5054962635040283,,0.00037097620910023476,0.4713180661201477,5233.761064299999
25960,1.521319031715393,,0.00037063494744607136,0.4534395635128021,5235.7400179
25970,1.4244545698165894,,0.0003702938083862299,0.46652892231941223,5237.7385772
25980,1.4041211605072021,,0.00036995279215387597,0.43995487689971924,5239.741334799999
25990,1.4112920761108398,,0.00036961189898209075,0.4466361105442047,5241.702862300001
26000,1.3565104007720947,1.461194396018982,0.0003692711291038717,0.4454472064971924,5244.9921154
26010,1.3815407752990723,,0.0003689304827521317,0.44589391350746155,5247.1922168
26020,1.4597738981246948,,0.0003685899601596993,0.4740346074104309,5249.198154899999
26030,1.475771188735962,,0.0003682495615593186,0.45670533180236816,5251.186067299999
26040,1.3959417343139648,,0.0003679092871836487,0.44257253408432007,5253.1782683
26050,1.4988176822662354,,0.0003675691372652642,0.46678805351257324,5255.1603732
26060,1.419785737991333,,0.00036722911203665405,0.45615315437316895,5257.160462899999
26070,1.530019998550415,,0.00036688921173022235,0.48130255937576294,5259.1529195
26080,1.4886665344238281,,0.0003665494365782878,0.4897242486476898,5261.1292295
26090,1.4988760948181152,,0.00036620978681308353,0.4734058082103729,5263.125358400001
26100,1.3608262538909912,,0.000365870262666757,0.43626123666763306,5265.1238748
26110,1.4531781673431396,,0.0003655308643713696,0.4679342210292816,5267.100140799999
26120,1.3800079822540283,,0.000365191592158897,0.4526515305042267,5269.104064699999
26130,1.5488650798797607,,0.0003648524462612284,0.4744850695133209,5271.095063299999
26140,1.4563844203948975,,0.00036451342691016706,0.4619259238243103,5273.0824551999995
26150,1.5488409996032715,,0.00036417453433742954,0.48631685972213745,5275.065420699999
26160,1.417148232460022,,0.00036383576877464547,0.45808684825897217,5277.050043699999
26170,1.4946250915527344,,0.0003634971304533579,0.4791085422039032,5279.080448000001
26180,1.4212687015533447,,0.0003631586196050232,0.4785892963409424,5281.065475400001
26190,1.3382229804992676,,0.0003628202364610101,0.44737645983695984,5283.052993199999
26200,1.3326363563537598,,0.0003624819812526004,0.4457972049713135,5285.045028299999
26210,1.481593370437622,,0.00036214385421098823,0.4760986268520355,5287.0405883
26220,1.4828667640686035,,0.0003618058555672804,0.524347722530365,5289.040756099999
26230,1.4574124813079834,,0.0003614679855524957,0.4564165472984314,5291.023716600001
26240,1.4187051057815552,,0.0003611302443975653,0.47201165556907654,5293.0345419000005
26250,1.5491113662719727,,0.00036079263233333193,0.49073687195777893,5295.041868299999
26260,1.3915257453918457,,0.00036045514959055005,0.4482167363166809,5297.007664000001
26270,1.4646888971328735,,0.0003601177963998861,0.48845037817955017,5299.029608700001
26280,1.5189549922943115,,0.00035978057299191783,0.4749021828174591,5301.0227923
26290,1.526505708694458,,0.0003594434795971345,0.502799928188324,5303.044235400001
26300,1.3271894454956055,,0.0003591065164459358,0.4706142246723175,5305.0111240999995
26310,1.4677228927612305,,0.0003587696837686331,0.46534860134124756,5306.991127699999
26320,1.4414074420928955,,0.0003584329817954483,0.46563899517059326,5308.9981654
26330,1.4447360038757324,,0.00035809641075651433,0.48171839118003845,5310.9860076
26340,1.467965841293335,,0.00035775997088187384,0.46836498379707336,5312.982134
26350,1.3740651607513428,,0.0003574236624014807,0.4343772232532501,5314.9794224
26360,1.5181620121002197,,0.0003570874855451983,0.4783575236797333,5316.980608899999
26370,1.4413747787475586,,0.00035675144054280047,0.47537723183631897,5319.016347499999
26380,1.5013678073883057,,0.0003564155276239708,0.4690476357936859,5320.988217799999
26390,1.3720018863677979,,0.00035607974701830277,0.4519105851650238,5322.9859378
26400,1.5374796390533447,,0.0003557440989552989,0.47708407044410706,5324.973054
26410,1.4353690147399902,,0.0003554085836643717,0.46697965264320374,5326.9598031000005
26420,1.4949051141738892,,0.0003550732013748426,0.479272723197937,5328.956530399999
26430,1.5104894638061523,,0.00035473795231594256,0.4879682958126068,5330.938540900001
26440,1.4779136180877686,,0.0003544028367168107,0.4593382179737091,5332.9597405
26450,1.421288013458252,,0.0003540678548064957,0.45630496740341187,5334.953803
26460,1.4341373443603516,,0.00035373300681395436,0.4731495976448059,5336.9335013
26470,1.4710311889648438,,0.0003533982929680521,0.47002458572387695,5338.9398507000005
26480,1.4073693752288818,,0.0003530637134975628,0.46614688634872437,5340.9354955
26490,1.5704635381698608,,0.00035272926863116845,0.48478996753692627,5342.9231714
26500,1.4625167846679688,1.4668527483940124,0.0003523949585974587,0.4543486535549164,5346.1920869000005
26510,1.611233115196228,,0.00035206078362493145,0.5061066150665283,5348.2033407
26520,1.4747612476348877,,0.0003517267439419922,0.46289780735969543,5350.193308399999
26530,1.4507708549499512,,0.00035139283977695377,0.4814872145652771,5352.1829247000005
26540,1.4753021001815796,,0.00035105907135803664,0.47368836402893066,5354.1734474
26550,1.5201146602630615,,0.0003507254389133685,0.4652082324028015,5356.1581793000005
26560,1.467477560043335,,0.0003503919426709836,0.4807592034339905,5358.159421799999
26570,1.3992180824279785,,0.0003500585828588237,0.46788328886032104,5360.1566726
26580,1.4500415325164795,,0.0003497253597047371,0.46858683228492737,5362.1257604
26590,1.492669701576233,,0.00034939227343647883,0.4735787510871887,5364.1305287
26600,1.342890977859497,,0.00034905932428170986,0.4418799877166748,5366.1274249
26610,1.5190953016281128,,0.00034872651246799815,0.48954835534095764,5368.114534099999
26620,1.5382027626037598,,0.0003483938382228171,0.4800926744937897,5370.097770099999
26630,1.4098296165466309,,0.0003480613017735466,0.44404336810112,5372.077127500001
26640,1.4540019035339355,,0.00034772890334747224,0.43976739048957825,5374.1052512999995
26650,1.3881018161773682,,0.00034739664317178523,0.4555869400501251,5376.085713999999
26660,1.4150969982147217,,0.00034706452147358204,0.444654256105423,5378.1005958000005
26670,1.6013400554656982,,0.00034673253847986485,0.4744410514831543,5380.1013236
26680,1.4615283012390137,,0.0003464006944175409,0.4741802513599396,5382.0980867
26690,1.371307134628296,,0.0003460689895134227,0.4710715711116791,5384.092572899999
26700,1.385558009147644,,0.000345737423994227,0.4622100591659546,5386.0720010000005
26710,1.4964709281921387,,0.0003454059980865761,0.4777907729148865,5388.0678634
26720,1.4490646123886108,,0.0003450747120169961,0.4590088725090027,5390.070551999999
26730,1.4753702878952026,,0.00034474356601191816,0.523680567741394,5392.040643599999
26740,1.4639220237731934,,0.00034441256029767734,0.4636653661727905,5394.0475322
26750,1.5489975214004517,,0.00034408169510051327,0.46141260862350464,5396.0313487
26760,1.4654979705810547,,0.0003437509706465686,0.48388567566871643,5398.024733
26770,1.4040193557739258,,0.0003434203871618907,0.47032809257507324,5400.0114572
26780,1.4089233875274658,,0.0003430899448724303,0.4564884901046753,5401.9905934
26790,1.5970020294189453,,0.00034275964400404165,0.4925403594970703,5404.0165321
26800,1.3241281509399414,,0.0003424294847824822,0.4499460756778717,5405.992011299999
26810,1.4462244510650635,,0.00034209946743341246,0.4495266079902649,5408.009634599999
26820,1.4318948984146118,,0.00034176959218239634,0.47802600264549255,5409.992321
26830,1.452756404876709,,0.0003414398592549005,0.49033424258232117,5411.9889079
26840,1.4761039018630981,,0.0003411102688762942,0.46888190507888794,5413.9817330000005
26850,1.4623825550079346,,0.00034078082127184957,0.4773748815059662,5415.9626819000005
26860,1.3985588550567627,,0.0003404515166667407,0.4647008776664734,5417.9757744
26870,1.3653894662857056,,0.00034012235528604423,0.46235567331314087,5419.986143099999
26880,1.50333833694458,,0.00033979333735473883,0.4796693027019501,5421.9587106
26890,1.4641976356506348,,0.0003394644630977054,0.4557704031467438,5423.965245400001
26900,1.4415398836135864,,0.0003391357327397263,0.45184221863746643,5425.967313699999
26910,1.4438263177871704,,0.00033880714650548526,0.4633059799671173,5427.9879896
26920,1.384036898612976,,0.0003384787046195683,0.4630054235458374,5429.990444200001
26930,1.5242440700531006,,0.00033815040730646206,0.4785163104534149,5431.961289999999
26940,1.3645741939544678,,0.0003378222547905548,0.4639880359172821,5433.9661189
26950,1.4216198921203613,,0.00033749424729613597,0.4799785315990448,5435.961135699999
26960,1.353126883506775,,0.00033716638504739503,0.4604175388813019,5437.957079399999
26970,1.497322678565979,,0.0003368386682684231,0.45987069606781006,5439.9348856
26980,1.4849326610565186,,0.00033651109718321135,0.4744566082954407,5441.913494099999
26990,1.3903391361236572,,0.0003361836720156517,0.4753532111644745,5443.945059899999
27000,1.3438969850540161,1.4324398815631867,0.0003358563929895362,0.46372079849243164,5447.2166842999995
27010,1.5185694694519043,,0.0003355292603285566,0.4709215760231018,5449.210896999999
27020,1.4513592720031738,,0.00033520227425630527,0.5043735504150391,5451.1929101000005
27030,1.324707269668579,,0.00033487543499627397,0.46944066882133484,5453.188449199999
27040,1.4604549407958984,,0.00033454874277185444,0.4941270649433136,5455.1919978000005
27050,1.465834617614746,,0.0003342221978063378,0.45806342363357544,5457.1588569
27060,1.424613118171692,,0.0003338958003229141,0.46017104387283325,5459.1862839000005
27070,1.4970571994781494,,0.0003335695505446731,0.4820205271244049,5461.169749000001
27080,1.3479433059692383,,0.00033324344869460366,0.45574337244033813,5463.1812556
27090,1.4851152896881104,,0.00033291749499559303,0.4562245309352875,5465.155518399999
27100,1.4817759990692139,,0.00033259168967042773,0.4605861008167267,5467.1358869
27110,1.4697256088256836,,0.00033226603294179237,0.47392651438713074,5469.1469056999995
27120,1.444307565689087,,0.00033194052503227034,0.4513111710548401,5471.1322335
27130,1.3058195114135742,,0.00033161516616434335,0.438894659280777,5473.1350010999995
27140,1.4939706325531006,,0.000331289956560391,0.4720180630683899,5475.136912399999
27150,1.3904242515563965,,0.0003309648964426912,0.4551425874233246,5477.125925299999
27160,1.4560446739196777,,0.00033063998603341906,0.47411251068115234,5479.1249544
27170,1.3252348899841309,,0.0003303152255546483,0.44365355372428894,5481.101326
27180,1.6175904273986816,,0.00032999061522834917,0.5711029171943665,5483.096218299999
27190,1.4364596605300903,,0.00032966615527638994,0.4795438051223755,5485.108835200001
27200,1.4442795515060425,,0.0003293418459205362,0.477658212184906,5487.081374699999
27210,1.4406441450119019,,0.00032901768738244987,0.4557715654373169,5489.0892762
27220,1.4574341773986816,,0.00032869367988369044,0.4826902449131012,5491.0836987
27230,1.4661891460418701,,0.00032836982364571404,0.4846839904785156,5493.107184099999
27240,1.3832731246948242,,0.00032804611888987334,0.45379260182380676,5495.0964336
27250,1.4376778602600098,,0.0003277225658374177,0.47386106848716736,5497.0765551
27260,1.5134344100952148,,0.0003273991647094923,0.4789835512638092,5499.085143799999
27270,1.3727946281433105,,0.0003270759157271386,0.45500147342681885,5501.082491699999
27280,1.3545691967010498,,0.0003267528191112945,0.4674977958202362,5503.0664713999995
27290,1.4143441915512085,,0.0003264298750827935,0.5087947249412537,5505.0519028
27300,1.466762900352478,,0.0003261070838623648,0.4710801839828491,5507.0379551000005
27310,1.454005241394043,,0.000325784445670633,0.4621851146221161,5509.0756863999995
27320,1.5042872428894043,,0.0003254619607281184,0.4717981517314911,5511.048553299999
27330,1.480285406112671,,0.0003251396292552363,0.4923182427883148,5513.043292799999
27340,1.4232739210128784,,0.0003248174514722973,0.47441986203193665,5515.0324624
27350,1.4374150037765503,,0.0003244954275995071,0.49894753098487854,5517.0323081999995
27360,1.3991999626159668,,0.0003241735578569657,0.4424819350242615,5519.0274371
27370,1.4897401332855225,,0.00032385184246466796,0.4806855618953705,5521.0241546
27380,1.4005513191223145,,0.00032353028164250336,0.46747374534606934,5523.022988799999
27390,1.418623924255371,,0.00032320887561025586,0.47808974981307983,5525.0248701
27400,1.3737685680389404,,0.00032288762458760353,0.44611865282058716,5526.9902377
27410,1.5251398086547852,,0.000322566528794118,0.48710349202156067,5529.001753799999
27420,1.5440529584884644,,0.0003222455884492656,0.48056966066360474,5530.9910046
27430,1.3414366245269775,,0.0003219248037724058,0.44527414441108704,5532.979487299999
27440,1.3601882457733154,,0.0003216041749827921,0.47002002596855164,5534.9630428
27450,1.4617851972579956,,0.0003212837022995712,0.494276762008667,5536.946168
27460,1.3848512172698975,,0.0003209633859417832,0.4585322141647339,5538.977938800001
27470,1.3941020965576172,,0.000320643226128361,0.4594587981700897,5540.960778499999
27480,1.4626961946487427,,0.0003203232230781311,0.4648907482624054,5542.9644615
27490,1.4367709159851074,,0.00032000337700981244,0.48228079080581665,5544.9712137999995
27500,1.4215314388275146,1.4440435767173767,0.00031968368814201713,0.48921483755111694,5548.2662461
27510,1.4959648847579956,,0.0003193641566932489,0.4652900695800781,5550.261336199999
27520,1.4203511476516724,,0.0003190447828819049,0.45259517431259155,5552.253495699999
27530,1.4988467693328857,,0.00031872556692627406,0.5052064061164856,5554.2508855
27540,1.4761900901794434,,0.0003184065090445375,0.4878734350204468,5556.226595300001
27550,1.4115840196609497,,0.00031808760945476806,0.4600219130516052,5558.243259299999
27560,1.4856812953948975,,0.000317768868374931,0.47580650448799133,5560.2524932
27570,1.3798460960388184,,0.0003174502860228824,0.4676663875579834,5562.2216333
27580,1.4733879566192627,,0.00031713186261637043,0.4859221577644348,5564.2305411
27590,1.5637586116790771,,0.0003168135983730346,0.48854511976242065,5566.2173688
27600,1.2942776679992676,,0.00031649549351040563,0.5028214454650879,5568.209558799999
27610,1.5052990913391113,,0.0003161775482459049,0.4967172145843506,5570.2035956
27620,1.424672245979309,,0.00031585976279684504,0.4989567697048187,5572.203404899999
27630,1.4443621635437012,,0.00031554213738042955,0.46189624071121216,5574.2122633
27640,1.4572710990905762,,0.0003152246722137525,0.49714362621307373,5576.1989385
27650,1.4298419952392578,,0.00031490736751379805,0.46009624004364014,5578.1948011
27660,1.3757867813110352,,0.0003145902234974413,0.4738091230392456,5580.197703100001
27670,1.3545300960540771,,0.0003142732403814468,0.4554551839828491,5582.1921387
27680,1.4272105693817139,,0.0003139564183824698,0.49244996905326843,5584.2135880000005
27690,1.4288743734359741,,0.00031363975771705495,0.47638145089149475,5586.2017003
27700,1.4243814945220947,,0.00031332325860163724,0.457410991191864,5588.195921099999
27710,1.3245198726654053,,0.0003130069212525403,0.4606541693210602,5590.1894206
27720,1.5083521604537964,,0.000312690745885978,0.48933887481689453,5592.1820104
27730,1.6261708736419678,,0.0003123747327180534,0.5163410902023315,5594.1716572000005
27740,1.5040335655212402,,0.0003120588819647581,0.4817062020301819,5596.1516771999995
27750,1.4570382833480835,,0.00031174319384197336,0.4900120198726654,5598.168965499999
27760,1.3778536319732666,,0.0003114276685654691,0.4710501432418823,5600.160290399999
27770,1.6120606660842896,,0.00031111230635090374,0.48926472663879395,5602.1428662
27780,1.4455325603485107,,0.00031079710741382434,0.48237207531929016,5604.149676499999
27790,1.5438693761825562,,0.00031048207196966645,0.47498440742492676,5606.1483591
27800,1.4680356979370117,,0.00031016720023375403,0.4785698652267456,5608.1341907000005
27810,1.4348809719085693,,0.00030985249242129856,0.4635842740535736,5610.1174323
27820,1.3188965320587158,,0.00030953794874740033,0.46883946657180786,5612.1013649
27830,1.4513590335845947,,0.0003092235694270465,0.46137315034866333,5614.1320438
27840,1.4289460182189941,,0.00030890935467511253,0.4817987084388733,5616.1149836
27850,1.4278465509414673,,0.00030859530470636127,0.47873494029045105,5618.104736400001
27860,1.444634199142456,,0.00030828141973544316,0.469494104385376,5620.0984995
27870,1.5269685983657837,,0.00030796769997689527,0.4953405559062958,5622.089733999999
27880,1.4241715669631958,,0.00030765414564514214,0.45793500542640686,5624.0912161
27890,1.4588427543640137,,0.0003073407569544953,0.4712112843990326,5626.068738099999
27900,1.4656822681427002,,0.0003070275341191531,0.4804788827896118,5628.0753399000005
27910,1.2758266925811768,,0.0003067144773532001,0.4318036735057831,5630.08632
27920,1.5871965885162354,,0.0003064015868706079,0.496928334236145,5632.0573511
27930,1.4928524494171143,,0.00030608886288523396,0.46173790097236633,5634.0635076
27940,1.436745047569275,,0.00030577630561082225,0.4802809953689575,5636.054658999999
27950,1.4599347114562988,,0.0003054639152610028,0.4970112144947052,5638.042453800001
27960,1.3608331680297852,,0.0003051516920492916,0.46888378262519836,5640.0335407
27970,1.4609296321868896,,0.0003048396361890899,0.4663935601711273,5642.015137799999
27980,1.3987221717834473,,0.0003045277478936852,0.506450891494751,5644.040806200001
27990,1.395078182220459,,0.0003042160273762501,0.47226521372795105,5646.0265903
28000,1.5584814548492432,1.4401022851467133,0.0003039044748498429,0.5026088953018188,5649.316922099999
28010,1.4291729927062988,,0.00030359309052740654,0.4634133577346802,5651.4988861
28020,1.4263643026351929,,0.00030328187462176913,0.4804520905017853,5653.502276499999
28030,1.4103710651397705,,0.0003029708273456441,0.5045409202575684,5655.5097430999995
28040,1.4408118724822998,,0.00030265994891162917,0.48440486192703247,5657.4820602
28050,1.4130210876464844,,0.0003023492395322069,0.45230036973953247,5659.4817638
28060,1.4485547542572021,,0.00030203869941974437,0.502476155757904,5661.4632824
28070,1.46426260471344,,0.0003017283287864925,0.48449042439460754,5663.4840933
28080,1.4674289226531982,,0.0003014181278445868,0.46524137258529663,5665.452980599999
28090,1.3776123523712158,,0.00030110809680604676,0.4874640703201294,5667.430048599999
28100,1.4506025314331055,,0.00030079823588277584,0.4855148494243622,5669.4406363
28110,1.333726406097412,,0.0003004885452865608,0.45442214608192444,5671.4239474000005
28120,1.4319504499435425,,0.00030017902522907217,0.468472421169281,5673.4245835
28130,1.3469140529632568,,0.00029986967592186413,0.4427276849746704,5675.4036689
28140,1.427408218383789,,0.000299560497576374,0.46910154819488525,5677.4063719000005
28150,1.6645721197128296,,0.0002992514904039223,0.5170462131500244,5679.395417399999
28160,1.3610165119171143,,0.0002989426546157126,0.4585878252983093,5681.372258899999
28170,1.427320957183838,,0.000298633990422831,0.47133105993270874,5683.3796893
28180,1.4239909648895264,,0.00029832549803624674,0.478301078081131,5685.377507499999
28190,1.4130855798721313,,0.0002980171776668114,0.46827590465545654,5687.368062399999
28200,1.4654245376586914,,0.0002977090295252592,0.47646334767341614,5689.370191800001
28210,1.373687744140625,,0.0002974010538222062,0.48351091146469116,5691.355577799999
28220,1.3164374828338623,,0.00029709325076815126,0.4472869038581848,5693.359803899999
28230,1.4145219326019287,,0.00029678562057347454,0.4729475677013397,5695.3365378
28240,1.343833327293396,,0.00029647816344843835,0.46148163080215454,5697.3146366
28250,1.4694567918777466,,0.00029617087960318695,0.4747563600540161,5699.3357725000005
28260,1.384655237197876,,0.000295863769247746,0.45497071743011475,5701.3056662
28270,1.3264561891555786,,0.0002955568325920223,0.4468456208705902,5703.2998233
28280,1.3996140956878662,,0.0002952500698458042,0.484443336725235,5705.2910852
28290,1.4526722431182861,,0.0002949434812187615,0.5007778406143188,5707.290899399999
28300,1.3226423263549805,,0.00029463706692044406,0.4545519948005676,5709.282186799999
28310,1.4252333641052246,,0.0002943308271602835,0.4708898663520813,5711.284781299999
28320,1.4119963645935059,,0.0002940247621475919,0.45553058385849,5713.2815954
28330,1.3485538959503174,,0.0002937188720915615,0.47674399614334106,5715.286742
28340,1.4566373825073242,,0.0002934131572012655,0.49291178584098816,5717.2486045000005
28350,1.3897550106048584,,0.00029310761768565704,0.4896664321422577,5719.258625
28360,1.356062889099121,,0.0002928022537535697,0.48764103651046753,5721.250168500001
28370,1.4895703792572021,,0.0002924970656137165,0.48639288544654846,5723.241808999999
28380,1.5217335224151611,,0.0002921920534746911,0.48296889662742615,5725.227078599999
28390,1.429022192955017,,0.0002918872175449659,0.4647418260574341,5727.2295892
28400,1.4197317361831665,,0.0002915825580328937,0.47303828597068787,5729.241742099999
28410,1.5593302249908447,,0.00029127807514670636,0.4852977693080902,5731.224909299999
28420,1.3687313795089722,,0.00029097376909451516,0.4542728662490845,5733.2190104
28430,1.4622461795806885,,0.0002906696400843103,0.4839545488357544,5735.2061175
28440,1.4945318698883057,,0.00029036568832396093,0.5018681883811951,5737.1971906
28450,1.3449432849884033,,0.00029006191402121547,0.46731147170066833,5739.195690299999
28460,1.5430879592895508,,0.00028975831738370085,0.5126312971115112,5741.1744887
28470,1.5584825277328491,,0.00028945489861892225,0.5028122663497925,5743.1834984
28480,1.465662956237793,,0.00028915165793426373,0.4815167784690857,5745.1992408999995
28490,1.4160724878311157,,0.00028884859553698726,0.47145289182662964,5747.1642094
28500,1.396820306777954,1.4364014744758606,0.00028854571163423317,0.4609472453594208,5750.461779199999
28510,1.4357407093048096,,0.00028824300643301985,0.4698769450187683,5752.4604734
28520,1.451035499572754,,0.0002879404801402436,0.4682766795158386,5754.4839144
28530,1.347752332687378,,0.0002876381329626779,0.47786945104599,5756.4754061
28540,1.4983713626861572,,0.0002873359651069744,0.5070019364356995,5758.4663949000005
28550,1.3857111930847168,,0.00028703397677966205,0.47817984223365784,5760.458123799999
28560,1.4482815265655518,,0.000286732168187147,0.4960463345050812,5762.4590243
28570,1.4229636192321777,,0.00028643053953571256,0.46178409457206726,5764.4703297
28580,1.4642548561096191,,0.0002861290910315189,0.48482730984687805,5766.4562193
28590,1.4035167694091797,,0.0002858278228806034,0.4824107885360718,5768.453301699999
28600,1.416652798652649,,0.0002855267352888799,0.45703306794166565,5770.455174000001
28610,1.4115208387374878,,0.000285225828462139,0.4745018482208252,5772.4494127
28620,1.3552180528640747,,0.00028492510260604784,0.4799031615257263,5774.4638663999995
28630,1.4973375797271729,,0.00028462455792614943,0.4795108139514923,5776.4298696000005
28640,1.5283398628234863,,0.0002843241946278632,0.47693318128585815,5778.4327737
28650,1.5128501653671265,,0.0002840240129164849,0.48444339632987976,5780.4312064999995
28660,1.4030054807662964,,0.0002837240129971859,0.4696071147918701,5782.396427199999
28670,1.3990912437438965,,0.0002834241950750132,0.4764109253883362,5784.408941899999
28680,1.4212884902954102,,0.00028312455935488933,0.4653595983982086,5786.4086558
28690,1.360214352607727,,0.00028282510604161267,0.4632985293865204,5788.4305601
28700,1.433732509613037,,0.0002825258353398567,0.47246086597442627,5790.4244222
28710,1.3910771608352661,,0.0002822267474541702,0.48884087800979614,5792.403664699999
28720,1.3712165355682373,,0.00028192784258897696,0.4540233016014099,5794.4108873000005
28730,1.402077317237854,,0.00028162912094857536,0.4710700213909149,5796.4046915
28740,1.3736333847045898,,0.000281330582737139,0.47039487957954407,5798.3948449
28750,1.5109951496124268,,0.000281032228158716,0.5085583329200745,5800.390474599999
28760,1.3588204383850098,,0.000280734057417229,0.4688303470611572,5802.3826589
28770,1.3861281871795654,,0.0002804360707164747,0.4780769348144531,5804.397708999999
28780,1.3564655780792236,,0.00028013826826012406,0.4644324779510498,5806.374643199999
28790,1.3787126541137695,,0.0002798406502517224,0.4718000888824463,5808.369274499999
28800,1.4523067474365234,,0.00027954321689468894,0.46942541003227234,5810.356286099999
28810,1.5092133283615112,,0.0002792459683923164,0.49016889929771423,5812.350465699999
28820,1.385228157043457,,0.00027894890494777156,0.4660913646221161,5814.3496841
28830,1.403529405593872,,0.0002786520267640942,0.4988352358341217,5816.347560599999
28840,1.4611144065856934,,0.0002783553340441979,0.4745974838733673,5818.340392599999
28850,1.3679699897766113,,0.0002780588269908695,0.44478660821914673,5820.3529817
28860,1.428483247756958,,0.00027776250580676835,0.4758948087692261,5822.3148129
28870,1.4155373573303223,,0.00027746637069442766,0.47146159410476685,5824.3230088
28880,1.4450151920318604,,0.0002771704218562526,0.4878000319004059,5826.311059
28890,1.3580981492996216,,0.0002768746594945216,0.47699716687202454,5828.300907700001
28900,1.3574227094650269,,0.00027657908381138535,0.47034579515457153,5830.2879729
28910,1.4941028356552124,,0.00027628369500886713,0.4832422733306885,5832.266677899999
28920,1.327404260635376,,0.00027598849328886257,0.4779438376426697,5834.296261699999
28930,1.4558160305023193,,0.00027569347885313887,0.47236382961273193,5836.2802784
28940,1.4455139636993408,,0.000275398651903336,0.4710763096809387,5838.270134299999
28950,1.3328838348388672,,0.00027510401264096507,0.47247543931007385,5840.2712441
28960,1.355302095413208,,0.0002748095612674094,0.48274296522140503,5842.265794699999
28970,1.4972329139709473,,0.00027451529798392386,0.49148955941200256,5844.259595399999
28980,1.3696796894073486,,0.0002742212229916343,0.4806424379348755,5846.237003099999
28990,1.5273561477661133,,0.0002739273364915384,0.493671178817749,5848.2370591
29000,1.489766001701355,1.4378942370414733,0.0002736336386845048,0.48066872358322144,5851.527339799999
29010,1.3568466901779175,,0.00027334012977127316,0.4860526919364929,5853.556396099999
29020,1.3438529968261719,,0.00027304680995245427,0.4587581753730774,5855.5446737
29030,1.4201457500457764,,0.0002727536794285292,0.48353642225265503,5857.515938099999
29040,1.456608772277832,,0.00027246073839984987,0.5078619122505188,5859.5250892
29050,1.3979213237762451,,0.0002721679870666388,0.45301711559295654,5861.515058200001
29060,1.4259636402130127,,0.00027187542562898874,0.4810429811477661,5863.5149863999995
29070,1.3861713409423828,,0.00027158305428686287,0.46189582347869873,5865.4925963999995
29080,1.4401769638061523,,0.000271290873240094,0.4862131178379059,5867.479802899999
29090,1.4997825622558594,,0.0002709988826883851,0.4871937334537506,5869.503283399999
29100,1.3647637367248535,,0.0002707070828313091,0.46788132190704346,5871.490923699999
29110,1.4634262323379517,,0.0002704154738683084,0.4833998382091522,5873.4899069
29120,1.4728580713272095,,0.00027012405599869516,0.4857182800769806,5875.474607
29130,1.312890648841858,,0.00026983282942165057,0.4753733277320862,5877.4594863
29140,1.4056819677352905,,0.00026954179433622504,0.4780121445655823,5879.458098499999
29150,1.4116878509521484,,0.00026925095094133854,0.48663046956062317,5881.4403838
29160,1.429915189743042,,0.00026896029943577983,0.48589709401130676,5883.4588862
29170,1.3962583541870117,,0.0002686698400182065,0.48436060547828674,5885.453771999999
29180,1.4082951545715332,,0.00026837957288714464,0.4927106201648712,5887.433189899999
29190,1.4073383808135986,,0.00026808949824098916,0.47319844365119934,5889.4367649
29200,1.504606008529663,,0.00026779961627800334,0.48895514011383057,5891.4329053
29210,1.4404890537261963,,0.00026750992719631883,0.4811217486858368,5893.4124567
29220,1.3280575275421143,,0.0002672204311939355,0.4659685492515564,5895.406527199999
29230,1.4511947631835938,,0.00026693112846872105,0.48079708218574524,5897.3865556
29240,1.5071351528167725,,0.00026664201921841087,0.49330803751945496,5899.4196536
29250,1.3744993209838867,,0.0002663531036406087,0.4634808599948883,5901.403601099999
29260,1.453352689743042,,0.0002660643819327856,0.46801725029945374,5903.390109599999
29270,1.4994773864746094,,0.0002657758542922802,0.476986289024353,5905.3853567999995
29280,1.4604198932647705,,0.0002654875209162982,0.5097289681434631,5907.3766442
29290,1.352817177772522,,0.0002651993820019128,0.494808167219162,5909.3750638
29300,1.4599213600158691,,0.00026491143774606433,0.48722758889198303,5911.3498844000005
29310,1.484129548072815,,0.0002646236883455601,0.49239519238471985,5913.3604321
29320,1.4014686346054077,,0.00026433613399707374,0.502240777015686,5915.3624241
29330,1.4532254934310913,,0.00026404877489714636,0.49169182777404785,5917.3498213
29340,1.4841892719268799,,0.0002637616112421848,0.47314533591270447,5919.354862799999
29350,1.3774545192718506,,0.0002634746432284629,0.45445072650909424,5921.340355
29360,1.5140986442565918,,0.0002631878710521206,0.504740834236145,5923.3263037
29370,1.434828519821167,,0.00026290129490916405,0.493149995803833,5925.321302
29380,1.4416086673736572,,0.00026261491499546513,0.47566887736320496,5927.298738699999
29390,1.5107996463775635,,0.00026232873150676194,0.48155030608177185,5929.327615099999
29400,1.486708402633667,,0.00026204274463865817,0.47660380601882935,5931.3111945
29410,1.4087021350860596,,0.0002617569545866233,0.4876946806907654,5933.307425200001
29420,1.4218683242797852,,0.0002614713615459919,0.477414071559906,5935.301518599999
29430,1.4262139797210693,,0.0002611859657119643,0.4875783324241638,5937.2988778
29440,1.4180245399475098,,0.00026090076727960574,0.47327810525894165,5939.287967299999
29450,1.4639617204666138,,0.00026061576644384666,0.4902803897857666,5941.2671618
29460,1.4587371349334717,,0.00026033096339948245,0.48774659633636475,5943.2651365
29470,1.3049440383911133,,0.0002600463583411735,0.4628825783729553,5945.2766452
29480,1.3336584568023682,,0.0002597619514634444,0.4625617265701294,5947.265984899999
29490,1.4409034252166748,,0.00025947774296068466,0.4791942238807678,5949.266453799999
29500,1.4129881858825684,1.4450644314289094,0.0002591937330271483,0.4906797409057617,5952.5294245000005
29510,1.4587669372558594,,0.00025890992185695317,0.4861316680908203,5954.5313757
29520,1.397160530090332,,0.0002586263096440816,0.47048261761665344,5956.5447905
29530,1.5824618339538574,,0.00025834289658238006,0.49137967824935913,5958.537758999999
29540,1.4731147289276123,,0.0002580596828655584,0.5083999633789062,5960.521934299999
29550,1.3291800022125244,,0.0002577766686871906,0.45840370655059814,5962.5045863
29560,1.4912399053573608,,0.0002574938542407144,0.5053131580352783,5964.518013299999
29570,1.3590556383132935,,0.00025721123971943064,0.464057058095932,5966.487749
29580,1.4276477098464966,,0.00025692882531650363,0.4694073796272278,5968.480219699999
29590,1.3998043537139893,,0.0002566466112249612,0.4638445973396301,5970.489727
29600,1.380258560180664,,0.00025636459763769365,0.48799455165863037,5972.480013099999
29610,1.4308668375015259,,0.0002560827847474548,0.4893105924129486,5974.4889783
29620,1.4393304586410522,,0.00025580117274686114,0.48682141304016113,5976.469087399999
29630,1.4309821128845215,,0.0002555197618283918,0.4603368639945984,5978.481482499999
29640,1.4765644073486328,,0.00025523855218438846,0.4906201958656311,5980.4810560999995
29650,1.493844747543335,,0.0002549575440070552,0.48929670453071594,5982.4595171
29660,1.403930425643921,,0.00025467673748845855,0.48561033606529236,5984.465523299999
29670,1.4271013736724854,,0.00025439613282052725,0.4991442859172821,5986.463028099999
29680,1.4122400283813477,,0.00025411573019505163,0.4791579842567444,5988.452714200001
29690,1.4694677591323853,,0.00025383552980368454,0.4850711226463318,5990.4340058
29700,1.3624733686447144,,0.00025355553183794,0.48704636096954346,5992.415236499999
29710,1.377284049987793,,0.00025327573648919425,0.4815635681152344,5994.449385399999
29720,1.3965505361557007,,0.00025299614394868453,0.48043715953826904,5996.4325336
29730,1.434181571006775,,0.00025271675440751004,0.4673113226890564,5998.4232372999995
29740,1.4589732885360718,,0.0002524375680566306,0.4853232204914093,6000.421535899999
29750,1.4358218908309937,,0.00025215858508686746,0.4843052327632904,6002.413576999999
29760,1.5669991970062256,,0.00025187980568890296,0.48928216099739075,6004.410409599999
29770,1.3878270387649536,,0.0002516012300532804,0.476278692483902,6006.389467699999
29780,1.41545832157135,,0.0002513228583704033,0.48899000883102417,6008.4000793
29790,1.3613495826721191,,0.00025104469083053597,0.4958380162715912,6010.412941299999
29800,1.4152024984359741,,0.0002507667276238035,0.4845077395439148,6012.378443
29810,1.427408218383789,,0.00025048896894019115,0.4737074077129364,6014.385747599999
29820,1.5579040050506592,,0.00025021141496954426,0.5411351919174194,6016.3694421
29830,1.4224547147750854,,0.00024993406590156854,0.4890059530735016,6018.3601824
29840,1.4796688556671143,,0.0002496569219258292,0.4855870008468628,6020.3497558
29850,1.5612605810165405,,0.00024937998323175164,0.5012418031692505,6022.335899199999
29860,1.36181640625,,0.0002491032500086209,0.4935325086116791,6024.3538639
29870,1.4033801555633545,,0.00024882672244558155,0.4944295883178711,6026.3414816
29880,1.434950590133667,,0.00024855040073163765,0.47339871525764465,6028.3326947000005
29890,1.4121100902557373,,0.0002482742850556521,0.4922279715538025,6030.331156099999
29900,1.4517793655395508,,0.00024799837560634765,0.5102934241294861,6032.3298435
29910,1.4352381229400635,,0.0002477226725723057,0.477894127368927,6034.317477999999
29920,1.4444423913955688,,0.0002474471761419668,0.49146679043769836,6036.2970805
29930,1.4807629585266113,,0.00024717188650363035,0.5413388609886169,6038.289755899999
29940,1.4974863529205322,,0.0002468968038454537,0.49472686648368835,6040.3045117
29950,1.4963375329971313,,0.00024662192835545353,0.4936026334762573,6042.271906399999
29960,1.4277052879333496,,0.0002463472602215047,0.4635177552700043,6044.281215200001
29970,1.448399543762207,,0.0002460727996313404,0.4850604832172394,6046.279686
29980,1.3584675788879395,,0.0002457985467725516,0.4774206578731537,6048.274671499999
29990,1.4464678764343262,,0.00024552450183258753,0.4767093062400818,6050.264827499999
30000,1.3942985534667969,1.4159735918045044,0.0002452506649987554,0.4680745601654053,6053.5421088
30010,1.3999311923980713,,0.0002449770364582202,0.4778326451778412,6055.721062999999
30020,1.4356529712677002,,0.00024470361639800434,0.4843165874481201,6057.717078899999
30030,1.3250194787979126,,0.00024443040500498806,0.47129037976264954,6059.7121379
30040,1.354058027267456,,0.0002441574024659085,0.468211829662323,6061.6891813
30050,1.3989014625549316,,0.0002438846089673603,0.4902591407299042,6063.6910384
30060,1.5224947929382324,,0.00024361202469579563,0.4962628483772278,6065.6802788
30070,1.4320049285888672,,0.00024333964983752285,0.49318408966064453,6067.649777799999
30080,1.4305715560913086,,0.00024306748457870786,0.4895895719528198,6069.658330300001
30090,1.5651735067367554,,0.00024279552910537287,0.5053256750106812,6071.6552054
30100,1.4128632545471191,,0.00024252378360339704,0.46629780530929565,6073.6308448
30110,1.4125585556030273,,0.00024225224825851567,0.48765844106674194,6075.622525999999
30120,1.4264612197875977,,0.00024198092325632077,0.5067907571792603,6077.606906699999
30130,1.4441777467727661,,0.0002417098087822605,0.48528313636779785,6079.633793499999
30140,1.5215944051742554,,0.00024143890502163886,0.4811151921749115,6081.593714799999
30150,1.490717887878418,,0.00024116821215961615,0.5148541331291199,6083.5794816
30160,1.4723694324493408,,0.0002408977303812082,0.4927625060081482,6085.587245000001
30170,1.487962245941162,,0.00024062745987128687,0.48675107955932617,6087.5629297
30180,1.4696120023727417,,0.00024035740081457968,0.49058422446250916,6089.563941099999
30190,1.5049479007720947,,0.00024008755339566913,0.487901508808136,6091.5458473
30200,1.3741172552108765,,0.00023981791779899346,0.493645578622818,6093.5462389
30210,1.3593814373016357,,0.00023954849420884617,0.4947912395000458,6095.535133699999
30220,1.464865803718567,,0.00023927928280937576,0.4944210648536682,6097.507920800001
30230,1.4431002140045166,,0.00023901028378458573,0.4770147502422333,6099.5178393999995
30240,1.3632924556732178,,0.0002387414973183342,0.4792116582393646,6101.505409400001
30250,1.3858511447906494,,0.0002384729235943343,0.4865695536136627,6103.4785684
30260,1.4209282398223877,,0.00023820456279615348,0.4804304838180542,6105.4821422
30270,1.4178340435028076,,0.0002379364151072139,0.48347845673561096,6107.4813873
30280,1.4720232486724854,,0.00023766848071079226,0.4872376024723053,6109.4752881
30290,1.4019896984100342,,0.00023740075979001869,0.4683777391910553,6111.452476500001
30300,1.5894863605499268,,0.00023713325252787827,0.4875926375389099,6113.4508231
30310,1.502577781677246,,0.0002368659591072095,0.5006408095359802,6115.473725
30320,1.4459706544876099,,0.00023659887971070508,0.4831431806087494,6117.4471801
30330,1.4185885190963745,,0.0002363320145209113,0.4800996780395508,6119.4494331000005
30340,1.4028478860855103,,0.00023606536372022786,0.4781947731971741,6121.436049399999
30350,1.5249290466308594,,0.00023579892749090798,0.49550482630729675,6123.4419533
30360,1.4323399066925049,,0.00023553270601505837,0.4868618845939636,6125.417850899999
30370,1.3896560668945312,,0.000235266699474639,0.4860476553440094,6127.3983212
30380,1.429290771484375,,0.00023500090805146287,0.4827103614807129,6129.4169526000005
30390,1.4354076385498047,,0.0002347353319271957,0.48001521825790405,6131.411333800001
30400,1.5022927522659302,,0.00023446997128335643,0.4948033392429352,6133.3959724
30410,1.471754550933838,,0.0002342048263013165,0.4849518835544586,6135.3994501
30420,1.5092883110046387,,0.00023393989716230003,0.5017374753952026,6137.397713799999
30430,1.4955096244812012,,0.0002336751840473837,0.49574682116508484,6139.3954029
30440,1.3652644157409668,,0.0002334106871374963,0.4785168766975403,6141.371726400001
30450,1.383213758468628,,0.00023314640661341893,0.4646056592464447,6143.3799837999995
30460,1.44491708278656,,0.00023288234265578478,0.501232922077179,6145.3931359
30470,1.4794151782989502,,0.0002326184954450792,0.49067720770835876,6147.388819100001
30480,1.3921908140182495,,0.00023235486516163942,0.5160849690437317,6149.3985379999995
30490,1.3318449258804321,,0.00023209145198565395,0.48526719212532043,6151.3955086999995
30500,1.41098952293396,1.421099978685379,0.00023182825609716334,0.4981849491596222,6154.6903795
30510,1.5517321825027466,,0.00023156527767605948,0.5110883116722107,6156.691896599999
30520,1.535719633102417,,0.00023130251690208587,0.49974584579467773,6158.706928399999
30530,1.3414969444274902,,0.00023103997395483664,0.46161794662475586,6160.715916900001
30540,1.318817377090454,,0.0002307776490137577,0.45570799708366394,6162.6845349
30550,1.3688952922821045,,0.00023051554225814554,0.48484182357788086,6164.6919844
30560,1.3416826725006104,,0.00023025365386714763,0.47758617997169495,6166.6890384
30570,1.4787068367004395,,0.00022999198401976224,0.49378132820129395,6168.686596899999
30580,1.365325689315796,,0.00022973053289483832,0.47670942544937134,6170.6599202
30590,1.485145092010498,,0.00022946930067107533,0.5083701014518738,6172.6665527000005
30600,1.3563129901885986,,0.0002292082875270228,0.47973623871803284,6174.6801832
30610,1.418217658996582,,0.00022894749364108083,0.46329453587532043,6176.6776056
30620,1.4014248847961426,,0.00022868691919149974,0.5034717917442322,6178.6722694
30630,1.3200832605361938,,0.00022842656435637944,0.4869992136955261,6180.680983
30640,1.3771729469299316,,0.0002281664293136703,0.4704388380050659,6182.6762334
30650,1.357229232788086,,0.00022790651424117189,0.4651513993740082,6184.708158699999
30660,1.4578678607940674,,0.0002276468193165338,0.4752316176891327,6186.6897677
30670,1.447255253791809,,0.00022738734471725513,0.4807913899421692,6188.688995299999
30680,1.503682255744934,,0.0002271280906206843,0.4940546751022339,6190.677059
30690,1.3715908527374268,,0.00022686905720401918,0.5055332779884338,6192.6705397000005
30700,1.4320659637451172,,0.0002266102446443063,0.49006378650665283,6194.6661969
30710,1.5627259016036987,,0.00022635165311844205,0.5267937183380127,6196.653186399999
30720,1.3988299369812012,,0.00022609328280317093,0.5046306848526001,6198.658718999999
30730,1.4273180961608887,,0.0002258351338750867,0.5092110633850098,6200.6723095
30740,1.4432873725891113,,0.00022557720651063192,0.4843689501285553,6202.6362032
30750,1.4515352249145508,,0.00022531950088609722,0.4966355264186859,6204.643023299999
30760,1.4826278686523438,,0.00022506201717762217,0.503068208694458,6206.6277121
30770,1.4783108234405518,,0.0002248047555611944,0.5058528780937195,6208.618028499999
30780,1.4154973030090332,,0.00022454771621264975,0.4889345169067383,6210.610938399999
30790,1.445016860961914,,0.0002242908993076723,0.5142213106155396,6212.6154334
30800,1.3292953968048096,,0.00022403430502179403,0.4978570342063904,6214.6200589
30810,1.4409276247024536,,0.0002237779335303944,0.4846382141113281,6216.6130135
30820,1.4265871047973633,,0.00022352178500870118,0.4927399754524231,6218.589427999999
30830,1.3129804134368896,,0.00022326585963178936,0.48909714818000793,6220.589656
30840,1.5267919301986694,,0.00022301015757458174,0.4922947585582733,6222.5923965
30850,1.4039201736450195,,0.00022275467901184792,0.49384889006614685,6224.5814618
30860,1.41514253616333,,0.00022249942411820526,0.48955950140953064,6226.5616541
30870,1.3878170251846313,,0.00022224439306811812,0.5042977929115295,6228.571801799999
30880,1.4147326946258545,,0.00022198958603589767,0.4855913519859314,6230.587320799999
30890,1.3816328048706055,,0.00022173500319570241,0.4770776331424713,6232.5781033
30900,1.3925659656524658,,0.0002214806447215371,0.4553161561489105,6234.5927431
30910,1.5270270109176636,,0.0002212265107872532,0.5222589373588562,6236.5934204000005
30920,1.4250397682189941,,0.00022097260156654907,0.4851131737232208,6238.587585899999
30930,1.379606008529663,,0.00022071891723296922,0.49044525623321533,6240.608919599999
30940,1.5159300565719604,,0.00022046545795990468,0.5121545791625977,6242.5930305
30950,1.4473689794540405,,0.0002202122239205921,0.499454528093338,6244.598388099999
30960,1.5696749687194824,,0.0002199592152881148,0.5130531191825867,6246.6020585999995
30970,1.444532036781311,,0.00021970643223540167,0.48899045586586,6248.6103141
30980,1.5282256603240967,,0.00021945387493522772,0.49663612246513367,6250.6145136
30990,1.3633620738983154,,0.00021920154356021347,0.4790422022342682,6252.596708200001
31000,1.432889461517334,1.4422972440719604,0.00021894943828282498,0.4839300513267517,6255.887483
31010,1.427950382232666,,0.0002186975592753737,0.474862664937973,6257.897579799999
31020,1.3616724014282227,,0.00021844590671001658,0.49659350514411926,6259.9191986000005
31030,1.4166760444641113,,0.0002181944807587559,0.48066866397857666,6261.915283599999
31040,1.4117493629455566,,0.000217943281593439,0.5184521675109863,6263.906580700001
31050,1.4317641258239746,,0.00021769230938575791,0.4913410544395447,6265.888531099999
31060,1.3535652160644531,,0.00021744156430724988,0.4954742193222046,6267.867137699999
31070,1.3972058296203613,,0.00021719104652929684,0.472707599401474,6269.898449299999
31080,1.3235316276550293,,0.00021694075622312535,0.47967416048049927,6271.883222099999
31090,1.392971396446228,,0.0002166906935598063,0.48934200406074524,6273.8815777
31100,1.3960628509521484,,0.0002164408587102555,0.4918502867221832,6275.868784599999
31110,1.4571385383605957,,0.00021619125184523227,0.4865449368953705,6277.863914199999
31120,1.4254176616668701,,0.00021594187313534084,0.4810895323753357,6279.8553766
31130,1.4446852207183838,,0.0002156927227510291,0.5103976130485535,6281.8359029
31140,1.4407135248184204,,0.0002154438008625892,0.5076311230659485,6283.844498
31150,1.4172391891479492,,0.00021519510764015656,0.47159966826438904,6285.8548847
31160,1.471932053565979,,0.00021494664325371083,0.49566131830215454,6287.826156199999
31170,1.4418023824691772,,0.00021469840787307514,0.486708402633667,6289.8364203
31180,1.3817927837371826,,0.00021445040166791603,0.5083889961242676,6291.825577399999
31190,1.5050742626190186,,0.0002142026248077432,0.5391589403152466,6293.829193199999
31200,1.3773179054260254,,0.0002139550774619101,0.49530935287475586,6295.7996234
31210,1.4866620302200317,,0.0002137077597996127,0.5043777227401733,6297.7811279
31220,1.339053988456726,,0.00021346067198989044,0.48565006256103516,6299.8093966
31230,1.4466588497161865,,0.00021321381420162547,0.5165908336639404,6301.7961015
31240,1.5170090198516846,,0.00021296718660354294,0.5010565519332886,6303.7928462
31250,1.3939859867095947,,0.00021272078936421018,0.49485713243484497,6305.8046063
31260,1.524936318397522,,0.00021247462265203755,0.5077188611030579,6307.795643199999
31270,1.4176640510559082,,0.00021222868663527778,0.49518412351608276,6309.8048172
31280,1.309421420097351,,0.0002119829814820256,0.4627227187156677,6311.7763497
31290,1.433541178703308,,0.00021173750736021827,0.4846712052822113,6313.788648399999
31300,1.3981698751449585,,0.00021149226443763517,0.48775866627693176,6315.7947091999995
31310,1.3427228927612305,,0.0002112472528818972,0.5038384795188904,6317.7935001999995
31320,1.4164464473724365,,0.0002110024728604677,0.4910261332988739,6319.798277899999
31330,1.426336646080017,,0.0002107579245406514,0.48675796389579773,6321.7873516
31340,1.491400122642517,,0.00021051360808959502,0.5074178576469421,6323.7996229
31350,1.4269955158233643,,0.00021026952367428616,0.5069796442985535,6325.8152947
31360,1.3065828084945679,,0.0002100256714615545,0.4724370837211609,6327.7823446
31370,1.3614387512207031,,0.00020978205161807054,0.47616440057754517,6329.789527699999
31380,1.4094226360321045,,0.00020953866431034626,0.47849079966545105,6331.7885547999995
31390,1.4042917490005493,,0.0002092955097047345,0.4815410375595093,6333.809130600001
31400,1.3536670207977295,,0.00020905258796742945,0.4903961718082428,6335.8154877
31410,1.4221916198730469,,0.00020880989926446534,0.4958518445491791,6337.7872243
31420,1.422101378440857,,0.0002085674437617179,0.48458531498908997,6339.7949598
31430,1.4437764883041382,,0.0002083252216249031,0.49888238310813904,6341.793391499999
31440,1.2526272535324097,,0.00020808323301957767,0.4908987581729889,6343.790436899999
31450,1.4270622730255127,,0.0002078414781111383,0.5089758038520813,6345.7763846
31460,1.4235429763793945,,0.00020759995706482235,0.4959544241428375,6347.768187899999
31470,1.3337665796279907,,0.000207358670045707,0.4790482819080353,6349.7845554
31480,1.423841118812561,,0.00020711761721870975,0.49132096767425537,6351.784998199999
31490,1.4143414497375488,,0.00020687679874858793,0.4948069155216217,6353.769888999999
31500,1.373802900314331,1.4339230716228486,0.00020663621479993885,0.4842779338359833,6357.0505342
31510,1.4330613613128662,,0.0002063958655371991,0.49774476885795593,6359.068862599999
31520,1.4803404808044434,,0.00020615575112464528,0.5149600505828857,6361.0573355
31530,1.465091347694397,,0.0002059158717263933,0.5184764266014099,6363.0462083
31540,1.4506325721740723,,0.00020567622750639858,0.5245890617370605,6365.045310699999
31550,1.3645310401916504,,0.0002054368186284556,0.48282933235168457,6367.0236136
31560,1.5383059978485107,,0.00020519764525619793,0.4995979964733124,6369.0387763
31570,1.3644282817840576,,0.0002049587075530984,0.49395987391471863,6371.034978399999
31580,1.400559425354004,,0.00020472000568246874,0.49535757303237915,6373.01577
31590,1.5013866424560547,,0.0002044815398074594,0.48527926206588745,6375.020621
31600,1.494490385055542,,0.0002042433100910597,0.5145902037620544,6377.01382
31610,1.3945749998092651,,0.0002040053166960971,0.5018987655639648,6378.9995481000005
31620,1.4393537044525146,,0.00020376755978523806,0.4798804819583893,6380.9940516999995
31630,1.487701177597046,,0.00020353003952098707,0.5029686689376831,6382.9938375
31640,1.4491167068481445,,0.0002032927560656872,0.4813300669193268,6385.0068353999995
31650,1.359013557434082,,0.0002030557095815193,0.4903728663921356,6386.989003499999
31660,1.5640181303024292,,0.00020281890023050232,0.5172271728515625,6388.9872909999995
31670,1.4637198448181152,,0.00020258232817449326,0.49515947699546814,6390.969759899999
31680,1.3826310634613037,,0.00020234599357518696,0.4870384633541107,6392.962367799999
31690,1.3495653867721558,,0.00020210989659411586,0.4815436899662018,6394.961234299999
31700,1.399209976196289,,0.00020187403739265017,0.4891219735145569,6396.9415549000005
31710,1.4148814678192139,,0.00020163841613199716,0.4885174632072449,6398.940689200001
31720,1.4611445665359497,,0.00020140303297320187,0.4996051788330078,6400.949677299999
31730,1.3380954265594482,,0.00020116788807714647,0.4710077941417694,6402.9303077
31740,1.4004054069519043,,0.0002009329816045504,0.48689258098602295,6404.9379257
31750,1.4563831090927124,,0.00020069831371596994,0.4818514287471771,6406.9218091
31760,1.4055569171905518,,0.00020046388457179814,0.47854965925216675,6408.916528
31770,1.4938730001449585,,0.00020022969433226539,0.5142168998718262,6410.903016099999
31780,1.30888032913208,,0.00019999574315743835,0.48761001229286194,6412.883709199999
31790,1.3571302890777588,,0.00019976203120722054,0.5000432729721069,6414.9060371
31800,1.5074769258499146,,0.00019952855864135196,0.49162814021110535,6416.890675000001
31810,1.3959283828735352,,0.00019929532561940876,0.47583431005477905,6418.8931369
31820,1.344509243965149,,0.00019906233230080348,0.4790329933166504,6420.8845478
31830,1.4498143196105957,,0.00019882957884478507,0.49359530210494995,6422.879629200001
31840,1.2782413959503174,,0.00019859706541043806,0.4859505295753479,6424.8744537
31850,1.373049020767212,,0.00019836479215668343,0.4715495705604553,6426.8512914
31860,1.334859848022461,,0.0001981327592422775,0.49212777614593506,6428.8470806000005
31870,1.4065500497817993,,0.00019790096682581275,0.49017322063446045,6430.8549318000005
31880,1.5636231899261475,,0.00019766941506571707,0.5122617483139038,6432.8439444
31890,1.3758867979049683,,0.00019743810412025387,0.5116984844207764,6434.8525209
31900,1.3025774955749512,,0.00019720703414752224,0.49270668625831604,6436.8343078
31910,1.4070403575897217,,0.00019697620530545595,0.4810459017753601,6438.8403896
31920,1.3984731435775757,,0.00019674561775182464,0.505154550075531,6440.8205187
31930,1.3838071823120117,,0.00019651527164423255,0.5017729997634888,6442.801020700001
31940,1.519887924194336,,0.00019628516714011908,0.5000588297843933,6444.8106241000005
31950,1.3470968008041382,,0.00019605530439675863,0.5190879702568054,6446.8086643999995
31960,1.4544289112091064,,0.00019582568357126006,0.5104123950004578,6448.801289200001
31970,1.3846688270568848,,0.00019559630482056706,0.48249202966690063,6450.8089657
31980,1.3109556436538696,,0.00019536716830145795,0.4684852063655853,6452.8050872
31990,1.4147101640701294,,0.0001951382741705453,0.52568119764328,6454.8399957
32000,1.4434192180633545,1.4153387665748596,0.0001949096225842762,0.507171094417572,6458.1158373
32010,1.5477864742279053,,0.00019468121369893178,0.5209627747535706,6460.303000100001
32020,1.3638801574707031,,0.0001944530476706272,0.46837353706359863,6462.281186300001
32030,1.4750218391418457,,0.00019422512465531192,0.5154837965965271,6464.279904999999
32040,1.4684828519821167,,0.0001939974448087692,0.4939916133880615,6466.2908092
32050,1.4507744312286377,,0.0001937700082866162,0.5024887919425964,6468.278529900001
32060,1.4712355136871338,,0.00019354281524430332,0.4995519518852234,6470.285832699999
32070,1.4749906063079834,,0.00019331586583711506,0.47536832094192505,6472.287212499999
32080,1.5172088146209717,,0.00019308916022016918,0.5072780251502991,6474.296658699999
32090,1.3980696201324463,,0.0001928626985484168,0.4972817003726959,6476.2767864
32100,1.4416232109069824,,0.00019263648097664248,0.4998786151409149,6478.253693499999
32110,1.4379990100860596,,0.00019241050765946363,0.5054634809494019,6480.260238700001
32120,1.5383728742599487,,0.00019218477875133087,0.49281710386276245,6482.250587999999
32130,1.3658771514892578,,0.00019195929440652784,0.49097612500190735,6484.2327847
32140,1.4157956838607788,,0.00019173405477917094,0.4906419813632965,6486.228396500001
32150,1.3487935066223145,,0.00019150906002320946,0.48878607153892517,6488.214334099999
32160,1.4485880136489868,,0.000191284310292425,0.4981541037559509,6490.2086898
32170,1.348585844039917,,0.00019105980574043194,0.49954676628112793,6492.195846299999
32180,1.477123737335205,,0.00019083554652067706,0.5008965134620667,6494.2057165999995
32190,1.323453664779663,,0.00019061153278643946,0.48401615023612976,6496.205855599999
32200,1.3707451820373535,,0.00019038776469083044,0.48796409368515015,6498.1896853
32210,1.418151617050171,,0.00019016424238679335,0.49391305446624756,6500.1965301
32220,1.3505446910858154,,0.00018994096602710335,0.48370543122291565,6502.1979563
32230,1.288228154182434,,0.00018971793576436796,0.45777782797813416,6504.2130595
32240,1.4665489196777344,,0.00018949515175102622,0.5312734246253967,6506.220012599999
32250,1.479081630706787,,0.00018927261413934904,0.528069257736206,6508.1962262
32260,1.3800010681152344,,0.00018905032308143852,0.4750041961669922,6510.2032973000005
32270,1.5756652355194092,,0.0001888282787292286,0.5155020952224731,6512.1876467
32280,1.403173804283142,,0.00018860648123448452,0.5052428245544434,6514.189907
32290,1.5413037538528442,,0.00018838493074880286,0.5003430843353271,6516.170224199999
32300,1.458993911743164,,0.00018816362742361115,0.4815584719181061,6518.1522718
32310,1.3976517915725708,,0.00018794257141016828,0.4980064034461975,6520.1702608
32320,1.3158533573150635,,0.00018772176285956373,0.47806891798973083,6522.149764899999
32330,1.3869966268539429,,0.0001875012019227182,0.5065264701843262,6524.1669323999995
32340,1.3581236600875854,,0.00018728088875038298,0.5038519501686096,6526.150491099999
32350,1.3815059661865234,,0.00018706082349314018,0.4901852011680603,6528.1518115
32360,1.4483838081359863,,0.00018684100630140212,0.49543750286102295,6530.1416371
32370,1.3934853076934814,,0.00018662143732541187,0.4777132570743561,6532.1199588
32380,1.4029865264892578,,0.00018640211671524273,0.49970829486846924,6534.138485199999
32390,1.4097095727920532,,0.0001861830446207984,0.502318263053894,6536.145186
32400,1.4622035026550293,,0.00018596422119181237,0.5238827466964722,6538.120512899999
32410,1.4480822086334229,,0.00018574564657784865,0.5075923204421997,6540.1237335999995
32420,1.4881913661956787,,0.00018552732092830065,0.4966459274291992,6542.1237802
32430,1.3192226886749268,,0.000185309244392392,0.5050238966941833,6544.1410856
32440,1.349916696548462,,0.000185091417119176,0.48656004667282104,6546.151596600001
32450,1.4562854766845703,,0.00018487383925753565,0.491374671459198,6548.123761499999
32460,1.4191346168518066,,0.00018465651095618307,0.4983164668083191,6550.1275334
32470,1.5369168519973755,,0.00018443943236366028,0.5115139484405518,6552.118790500001
32480,1.2996538877487183,,0.0001842226036283386,0.475131630897522,6554.106175699999
32490,1.3581432104110718,,0.0001840060248984181,0.5068573951721191,6556.0955648
32500,1.4923231601715088,1.4383858799934388,0.00018378969632192846,0.5123777389526367,6559.387324899999
32510,1.333500862121582,,0.0001835736180467284,0.47159871459007263,6561.380673600001
32520,1.456012487411499,,0.00018335779022050507,0.48511460423469543,6563.3809905
32530,1.528809666633606,,0.00018314221299077488,0.49793967604637146,6565.393722299999
32540,1.355520248413086,,0.00018292688650488285,0.4917336106300354,6567.3768743
32550,1.361751914024353,,0.00018271181091000273,0.49343541264533997,6569.3937477
32560,1.424802541732788,,0.0001824969863531364,0.5136385560035706,6571.3905928
32570,1.3886836767196655,,0.00018228241298111467,0.5125411748886108,6573.3899382
32580,1.3851463794708252,,0.00018206809094059622,0.4713221490383148,6575.3800517
32590,1.395267367362976,,0.00018185402037806822,0.48266714811325073,6577.385702199999
32600,1.3721294403076172,,0.00018164020143984582,0.4815124571323395,6579.402684000001
32610,1.2707463502883911,,0.00018142663427207247,0.48494046926498413,6581.409961400001
32620,1.3764269351959229,,0.00018121331902071902,0.49667319655418396,6583.3998008
32630,1.3569639921188354,,0.0001810002558315846,0.4861831068992615,6585.413695699999
32640,1.3891541957855225,,0.00018078744485029583,0.4816068708896637,6587.407674399999
32650,1.3877322673797607,,0.00018057488622230715,0.47742903232574463,6589.418484899999
32660,1.392505407333374,,0.00018036258009290014,0.46833088994026184,6591.431282199999
32670,1.3959457874298096,,0.00018015052660718436,0.4840334355831146,6593.420082799999
32680,1.3381855487823486,,0.00017993872591009601,0.4900079071521759,6595.424805299999
32690,1.3350355625152588,,0.00017972717814639897,0.4820883870124817,6597.429892099999
32700,1.4055101871490479,,0.0001795158834606843,0.4784044027328491,6599.443759
32710,1.4028329849243164,,0.0001793048419973699,0.49678996205329895,6601.4575234
32720,1.4622135162353516,,0.0001790940539007004,0.5118950009346008,6603.427872300001
32730,1.4199312925338745,,0.00017888351931474763,0.513954222202301,6605.441349799999
32740,1.4928019046783447,,0.00017867323838341003,0.5108150243759155,6607.440360299999
32750,1.3490657806396484,,0.00017846321125041269,0.49106577038764954,6609.473673999999
32760,1.4785876274108887,,0.0001782534380593071,0.49415647983551025,6611.4788319
32770,1.4594573974609375,,0.00017804391895347111,0.4948076009750366,6613.4655167
32780,1.396024465560913,,0.0001778346540761092,0.5037256479263306,6615.468559499999
32790,1.411909818649292,,0.00017762564357025183,0.48886674642562866,6617.4585716
32800,1.4034712314605713,,0.00017741688757875586,0.48911845684051514,6619.4716419
32810,1.421860933303833,,0.0001772083862443041,0.4971635341644287,6621.435004699999
32820,1.4381906986236572,,0.00017700013970940503,0.5205097794532776,6623.440025100001
32830,1.2549824714660645,,0.00017679214811639328,0.4740908443927765,6625.4519934
32840,1.501279354095459,,0.00017658441160742916,0.5101954340934753,6627.452020799999
32850,1.3819305896759033,,0.0001763769303244987,0.4733193814754486,6629.4691766
32860,1.4457510709762573,,0.00017616970440941329,0.5098910927772522,6631.453771099999
32870,1.4003241062164307,,0.00017596273400380982,0.4998471140861511,6633.4567895
32880,1.4997484683990479,,0.00017575601924915067,0.5191113352775574,6635.4736149
32890,1.4241242408752441,,0.0001755495602867235,0.5203322768211365,6637.466693299999
32900,1.326569676399231,,0.000175343357257641,0.4726438820362091,6639.470996
32910,1.48478102684021,,0.00017513741030284114,0.4948306977748871,6641.471936399999
32920,1.3718600273132324,,0.00017493171956308644,0.49764055013656616,6643.466923800001
32930,1.4076054096221924,,0.0001747262851789648,0.4771259129047394,6645.5041258
32940,1.566542148590088,,0.00017452110729088857,0.5239565968513489,6647.482675899999
32950,1.4857738018035889,,0.0001743161860390951,0.5020174980163574,6649.4816854
32960,1.4158908128738403,,0.00017411152156364577,0.506405770778656,6651.461735499999
32970,1.363572120666504,,0.00017390711400442726,0.48793157935142517,6653.453567799999
32980,1.299497365951538,,0.00017370296350114982,0.5115063786506653,6655.4584098
32990,1.4100747108459473,,0.00017349907019334858,0.5059264302253723,6657.454911999999
33000,1.3295842409133911,1.4233399093151093,0.00017329543422038265,0.515998125076294,6660.7459703
33010,1.4188593626022339,,0.0001730920557214355,0.501648485660553,6662.746475099999
33020,1.4238452911376953,,0.00017288893483551404,0.49521198868751526,6664.7678712
33030,1.537203073501587,,0.0001726860717014497,0.5371423363685608,6666.7685972
33040,1.3601197004318237,,0.00017248346645789764,0.49118420481681824,6668.7443508
33050,1.4160867929458618,,0.00017228111924333633,0.5049740076065063,6670.7736061
33060,1.3560994863510132,,0.0001720790301960684,0.5030083060264587,6672.7802176000005
33070,1.4730820655822754,,0.00017187719945421982,0.4998515546321869,6674.801087100001
33080,1.3014030456542969,,0.00017167562715573976,0.48564210534095764,6676.796979499999
33090,1.3376681804656982,,0.00017147431343840126,0.4692997336387634,6678.7870908
33100,1.4572718143463135,,0.00017127325843980016,0.5078521370887756,6680.8076353
33110,1.472588300704956,,0.00017107246229735586,0.5056976675987244,6682.792731899999
33120,1.373826026916504,,0.00017087192514831043,0.48310160636901855,6684.8174493999995
33130,1.528477430343628,,0.0001706716471297293,0.5158986449241638,6686.7957026
33140,1.3595011234283447,,0.00017047162837850039,0.4884742200374603,6688.8042802
33150,1.3635839223861694,,0.00017027186903133474,0.48986104130744934,6690.822146500001
33160,1.3889310359954834,,0.000170072369224766,0.485980361700058,6692.815193299999
33170,1.3867559432983398,,0.0001698731290951505,0.48314669728279114,6694.8188543
33180,1.458346962928772,,0.00016967414877866677,0.49299150705337524,6696.8113398000005
33190,1.3788816928863525,,0.00016947542841131604,0.5152376294136047,6698.8143229
33200,1.4191160202026367,,0.00016927696812892194,0.4941488802433014,6700.8284298
33210,1.4763779640197754,,0.00016907876806713016,0.49426883459091187,6702.8321135999995
33220,1.4717888832092285,,0.0001688808283614085,0.5254089832305908,6704.821942500001
33230,1.418885350227356,,0.00016868314914704694,0.47978872060775757,6706.80694
33240,1.5806045532226562,,0.00016848573055915723,0.5475221872329712,6708.8086301
33250,1.3457531929016113,,0.00016828857273267327,0.4758857190608978,6710.8370989
33260,1.391697883605957,,0.00016809167580235054,0.49483442306518555,6712.8196826
33270,1.4845945835113525,,0.0001678950399027663,0.5032365322113037,6714.8244927
33280,1.3368608951568604,,0.00016769866516831914,0.4936421513557434,6716.829362799999
33290,1.4260727167129517,,0.00016750255173322943,0.5225986838340759,6718.8275994
33300,1.540759563446045,,0.00016730669973153892,0.5206078886985779,6720.860911899999
33310,1.3580479621887207,,0.00016711110929711062,0.492266446352005,6722.8351797
33320,1.498490571975708,,0.00016691578056362872,0.501074492931366,6724.8499667
33330,1.416128396987915,,0.00016672071366459842,0.4878581762313843,6726.8616246
33340,1.389786720275879,,0.00016652590873334624,0.5077328085899353,6728.868534499999
33350,1.5702245235443115,,0.00016633136590301945,0.49206802248954773,6730.9007124
33360,1.3995161056518555,,0.00016613708530658632,0.503719687461853,6732.868814399999
33370,1.3624731302261353,,0.0001659430670768359,0.47850218415260315,6734.8746188000005
33380,1.5305461883544922,,0.00016574931134637758,0.507962703704834,6736.8786994
33390,1.356009840965271,,0.00016555581824764164,0.4858632981777191,6738.8874211
33400,1.4755141735076904,,0.00016536258791287887,0.5092222690582275,6740.8937028
33410,1.4630388021469116,,0.00016516962047416044,0.4999079704284668,6742.8810994
33420,1.544752836227417,,0.00016497691606337766,0.5035371780395508,6744.906712399999
33430,1.3260548114776611,,0.00016478447481224216,0.4843585789203644,6746.893463799999
33440,1.3171279430389404,,0.0001645922968522857,0.47216132283210754,6748.9025418
33450,1.4371483325958252,,0.0001644003823148602,0.5126661062240601,6750.9040611
33460,1.4225579500198364,,0.0001642087313311374,0.49775430560112,6752.8949111
33470,1.5118380784988403,,0.00016401734403210903,0.5147093534469604,6754.9153838
33480,1.3682512044906616,,0.00016382622054858634,0.48917853832244873,6756.9191684
33490,1.3351131677627563,,0.00016363536101120045,0.5013414621353149,6758.909062000001
33500,1.4776239395141602,1.419456458091736,0.00016344476555040215,0.5122257471084595,6762.204147799999
33510,1.501697301864624,,0.00016325443429646171,0.5120136737823486,6764.2110207999995
33520,1.463912844657898,,0.00016306436737946863,0.5192540884017944,6766.216526599999
33530,1.2871267795562744,,0.00016287456492933175,0.5054513216018677,6768.2098795
33540,1.428238868713379,,0.00016268502707577937,0.5044786334037781,6770.239486999999
33550,1.4601078033447266,,0.0001624957539483588,0.5119256973266602,6772.2337281
33560,1.428140640258789,,0.00016230674567643645,0.5311033129692078,6774.2167850999995
33570,1.4445013999938965,,0.00016211800238919788,0.5027574896812439,6776.240531699999
33580,1.343186855316162,,0.00016192952421564697,0.4811328053474426,6778.2408194
33590,1.354817509651184,,0.000161741311284607,0.483290433883667,6780.2700221
33600,1.4229187965393066,,0.00016155336372471987,0.5024101734161377,6782.261003899999
33610,1.4548269510269165,,0.00016136568166444563,0.5028634667396545,6784.2582196
33620,1.4581427574157715,,0.00016117826523206347,0.5157904624938965,6786.274503499999
33630,1.5073697566986084,,0.0001609911145556706,0.5010268688201904,6788.279681099999
33640,1.473982334136963,,0.00016080422976318278,0.5259343385696411,6790.307835199999
33650,1.399192214012146,,0.000160617610982334,0.5072741508483887,6792.3100448000005
33660,1.438562273979187,,0.00016043125834067646,0.5087903141975403,6794.299512
33670,1.3494470119476318,,0.00016024517196558058,0.4949910044670105,6796.3114264
33680,1.4145748615264893,,0.00016005935198423434,0.5089502930641174,6798.2973010999995
33690,1.360381841659546,,0.00015987379852364423,0.486311137676239,6800.335904399999
33700,1.401491403579712,,0.00015968851171063405,0.4883463382720947,6802.3200541999995
33710,1.4238026142120361,,0.00015950349167184567,0.48584693670272827,6804.331071499999
33720,1.3710246086120605,,0.00015931873853373868,0.5182581543922424,6806.3349493000005
33730,1.4089341163635254,,0.00015913425242258995,0.49478569626808167,6808.3318679
33740,1.424149751663208,,0.00015895003346449397,0.5143978595733643,6810.369773799999
33750,1.4341392517089844,,0.0001587660817853628,0.48595160245895386,6812.347604500001
33760,1.3502156734466553,,0.00015858239751092556,0.4870340824127197,6814.3415329
33770,1.4379339218139648,,0.00015839898076672892,0.5014773607254028,6816.3319715
33780,1.3285183906555176,,0.00015821583167813634,0.5101552605628967,6818.3313832
33790,1.4084867238998413,,0.00015803295037032837,0.505555272102356,6820.3183073
33800,1.292954683303833,,0.00015785033696830286,0.48461979627609253,6822.317763499999
33810,1.427592396736145,,0.0001576679915968742,0.4907875657081604,6824.315469900001
33820,1.3156919479370117,,0.00015748591438067398,0.47966912388801575,6826.3360741
33830,1.4748928546905518,,0.00015730410544414998,0.5047464370727539,6828.3236304
33840,1.4059321880340576,,0.000157122564911567,0.4878048300743103,6830.3267564
33850,1.2982826232910156,,0.00015694129290700628,0.48321759700775146,6832.3054132
33860,1.4447450637817383,,0.00015676028955436555,0.506374180316925,6834.313758099999
33870,1.381500244140625,,0.00015657955497735894,0.49110400676727295,6836.298591299999
33880,1.3266491889953613,,0.0001563990892995168,0.5205246806144714,6838.2949843999995
33890,1.3802586793899536,,0.0001562188926441856,0.48397934436798096,6840.304098799999
33900,1.412307620048523,,0.00015603896513452815,0.5101463198661804,6842.307174
33910,1.388946771621704,,0.00015585930689352318,0.48177069425582886,6844.306030199999
33920,1.4063067436218262,,0.0001556799180439655,0.5060870051383972,6846.303567699999
33930,1.3954291343688965,,0.00015550079870846556,0.48269107937812805,6848.299983999999
33940,1.4794611930847168,,0.00015532194900944979,0.5179138779640198,6850.316231299999
33950,1.3237894773483276,,0.00015514336906916027,0.484239786863327,6852.307500499999
33960,1.5574138164520264,,0.00015496505900965474,0.515056848526001,6854.2877186999995
33970,1.396802306175232,,0.00015478701895280654,0.5262243747711182,6856.2829870000005
33980,1.4584012031555176,,0.00015460924902030416,0.5041356086730957,6858.2788566
33990,1.4090977907180786,,0.00015443174933365175,0.5004775524139404,6860.273708999999
34000,1.4467599391937256,1.4051187336444855,0.00015425452001416865,0.5291453003883362,6863.5362647
34010,1.3912465572357178,,0.00015407756118298948,0.5029093623161316,6865.7470797999995
34020,1.4494452476501465,,0.00015390087296106398,0.537888765335083,6867.731651
34030,1.3073526620864868,,0.00015372445546915674,0.48203325271606445,6869.7546047
34040,1.3984249830245972,,0.00015354830882784753,0.5009873509407043,6871.7215779
34050,1.421067237854004,,0.00015337243315753093,0.49683257937431335,6873.7140476
34060,1.381487488746643,,0.0001531968285784164,0.49970343708992004,6875.726043999999
34070,1.3407245874404907,,0.00015302149521052781,0.493849515914917,6877.7412515
34080,1.3694300651550293,,0.00015284643317370404,0.515320360660553,6879.7334034
34090,1.4682958126068115,,0.00015267164258759818,0.49773305654525757,6881.7265823
34100,1.363100290298462,,0.00015249712357167798,0.49216046929359436,6883.7065334
34110,1.51072359085083,,0.0001523228762452256,0.49492475390434265,6885.731073499999
34120,1.4817824363708496,,0.00015214890072733756,0.5063657164573669,6887.6974873
34130,1.4787647724151611,,0.00015197519713692432,0.49749723076820374,6889.704558699999
34140,1.3862767219543457,,0.0001518017655927106,0.5036380887031555,6891.6852777
34150,1.2917988300323486,,0.00015162860621323535,0.4754621386528015,6893.683530799999
34160,1.3814001083374023,,0.00015145571911685143,0.5273815393447876,6895.669655899999
34170,1.4025380611419678,,0.00015128310442172536,0.5080713629722595,6897.6444644
34180,1.470250129699707,,0.0001511107622458378,0.500182032585144,6899.673062
34190,1.4650087356567383,,0.00015093869270698285,0.5161626935005188,6901.674708299999
34200,1.4212068319320679,,0.00015076689592276852,0.5275025963783264,6903.64228
34210,1.3260703086853027,,0.00015059537201061633,0.4815533459186554,6905.6487213
34220,1.35457444190979,,0.00015042412108776126,0.48727139830589294,6907.6435759
34230,1.3920742273330688,,0.00015025314327125154,0.5130242705345154,6909.6266029
34240,1.4304895401000977,,0.00015008243867794909,0.5079562664031982,6911.612951900001
34250,1.3971238136291504,,0.00014991200742452886,0.4870513677597046,6913.5973302
34260,1.4102835655212402,,0.0001497418496274788,0.5233938694000244,6915.6362123
34270,1.4112008810043335,,0.00014957196540310038,0.4890599846839905,6917.617804899999
34280,1.3362958431243896,,0.00014940235486750783,0.48576125502586365,6919.613754399999
34290,1.3965294361114502,,0.00014923301813662824,0.5066211223602295,6921.594987799999
34300,1.4333600997924805,,0.00014906395532620178,0.4942530691623688,6923.600480199999
34310,1.4025318622589111,,0.00014889516655178125,0.5046335458755493,6925.584520299999
34320,1.366426944732666,,0.00014872665192873226,0.4705171287059784,6927.5624343
34330,1.3752005100250244,,0.0001485584115722328,0.4860219657421112,6929.5732288
34340,1.4082714319229126,,0.0001483904455972738,0.49344924092292786,6931.587571399999
34350,1.3425908088684082,,0.00014822275411865814,0.5012677311897278,6933.5576120000005
34360,1.394118309020996,,0.00014805533725100156,0.5064865350723267,6935.562710599999
34370,1.495816707611084,,0.0001478881951087318,0.5295166373252869,6937.552527599999
34380,1.4472308158874512,,0.0001477213278060891,0.49942871928215027,6939.5563547
34390,1.3066883087158203,,0.00014755473545712547,0.49516725540161133,6941.5301051999995
34400,1.4685440063476562,,0.0001473884181757054,0.5035883188247681,6943.527037100001
34410,1.465486764907837,,0.00014722237607550504,0.5170621871948242,6945.5459943000005
34420,1.3643596172332764,,0.00014705660927001281,0.4849303364753723,6947.5459027
34430,1.4895124435424805,,0.00014689111787252848,0.501807689666748,6949.5445203
34440,1.4165762662887573,,0.00014672590199616412,0.5158689022064209,6951.5532883
34450,1.5100691318511963,,0.00014656096175384294,0.5227438807487488,6953.5444205
34460,1.3849338293075562,,0.00014639629725830028,0.5160084366798401,6955.577965299999
34470,1.4488778114318848,,0.00014623190862208263,0.5094380974769592,6957.566786699999
34480,1.3663685321807861,,0.00014606779595754827,0.4999062120914459,6959.5640511
34490,1.397896409034729,,0.00014590395937686638,0.49692466855049133,6961.576505999999
34500,1.336040735244751,1.4067433774471283,0.00014574039899201786,0.47475555539131165,6964.8725426
34510,1.410337209701538,,0.00014557711491479475,0.5174107551574707,6966.8609301
34520,1.40704345703125,,0.00014541410725680014,0.5035502314567566,6968.8546953000005
34530,1.4025384187698364,,0.00014525137612944822,0.490086168050766,6970.854330300001
34540,1.395477533340454,,0.0001450889216439641,0.5010219216346741,6972.8413158
34550,1.4170763492584229,,0.00014492674391138397,0.5038551688194275,6974.8595752
34560,1.3490991592407227,,0.0001447648430425547,0.48717790842056274,6976.8634710999995
34570,1.3999323844909668,,0.00014460321914813414,0.5149745345115662,6978.8519548
34580,1.4805580377578735,,0.00014444187233859064,0.507172167301178,6980.8576496999995
34590,1.3028064966201782,,0.00014428080272420318,0.48906487226486206,6982.8436031
34600,1.3976176977157593,,0.00014412001041506133,0.4953837990760803,6984.8713107
34610,1.3034992218017578,,0.00014395949552106513,0.517362654209137,6986.8640412
34620,1.3838673830032349,,0.00014379925815192514,0.4829501211643219,6988.854550800001
34630,1.424392819404602,,0.00014363929841716195,0.5035644173622131,6990.874566099999
34640,1.3407373428344727,,0.00014347961642610643,0.490901380777359,6992.873732599999
34650,1.463205099105835,,0.00014332021228789983,0.5060431957244873,6994.9060328
34660,1.4852371215820312,,0.00014316108611149336,0.5169227719306946,6996.9010389
34670,1.5399811267852783,,0.00014300223800564832,0.5316835641860962,6998.871830799999
34680,1.3524413108825684,,0.00014284366807893587,0.4801238775253296,7000.876404499999
34690,1.4838862419128418,,0.000142685376439737,0.5068928599357605,7002.8766461
34700,1.3707573413848877,,0.00014252736319624254,0.4982629418373108,7004.8752091999995
34710,1.3424837589263916,,0.00014236962845645313,0.4948602020740509,7006.870612000001
34720,1.3621708154678345,,0.00014221217232817903,0.47843918204307556,7008.873415800001
34730,1.3910365104675293,,0.00014205499491903994,0.4885008633136749,7010.887457499999
34740,1.3833248615264893,,0.000141898096336465,0.47816091775894165,7012.889008300001
34750,1.4399386644363403,,0.00014174147668769309,0.5080719590187073,7014.8965931
34760,1.3818451166152954,,0.00014158513607977221,0.49460503458976746,7016.884536699999
34770,1.3941290378570557,,0.00014142907461955965,0.5033824443817139,7018.8846937
34780,1.3769817352294922,,0.00014127329241372214,0.5093961954116821,7020.9032320999995
34790,1.3533174991607666,,0.00014111778956873508,0.489779531955719,7022.8795064999995
34800,1.4861685037612915,,0.00014096256619088336,0.49244362115859985,7024.8817409
34810,1.5091092586517334,,0.00014080762238626068,0.5509496331214905,7026.8624132
34820,1.266305685043335,,0.00014065295826076962,0.4719892144203186,7028.8780117999995
34830,1.4042518138885498,,0.0001404985739201217,0.49972525238990784,7030.874962399999
34840,1.4517284631729126,,0.00014034446946983712,0.5188949108123779,7032.8702152999995
34850,1.3194575309753418,,0.00014019064501524477,0.48559969663619995,7034.8818347
34860,1.389897346496582,,0.00014003710066148235,0.4963894188404083,7036.8825805
34870,1.3997752666473389,,0.00013988383651349586,0.5106118321418762,7038.8789653
34880,1.4130908250808716,,0.00013973085267604006,0.49581295251846313,7040.8842305
34890,1.4827519655227661,,0.00013957814925367776,0.522308886051178,7042.890130399999
34900,1.4040091037750244,,0.00013942572635078045,0.5003103613853455,7044.8878757
34910,1.3510866165161133,,0.00013927358407152764,0.486418753862381,7046.892714199999
34920,1.3933660984039307,,0.0001391217225199072,0.5031911730766296,7048.8584654999995
34930,1.3971387147903442,,0.00013897014179971518,0.4865494966506958,7050.868629099999
34940,1.408416509628296,,0.00013881884201455533,0.5160915851593018,7052.854345600001
34950,1.4441006183624268,,0.00013866782326783978,0.49634629487991333,7054.8474271
34960,1.4452791213989258,,0.00013851708566278836,0.5309169292449951,7056.840096
34970,1.4928650856018066,,0.00013836662930242886,0.51735520362854,7058.838663500001
34980,1.3557664155960083,,0.00013821645428959686,0.49485328793525696,7060.850009399999
34990,1.3763484954833984,,0.00013806656072693537,0.5050512552261353,7062.8490502
35000,1.3306350708007812,1.4195013225078583,0.00013791694871689543,0.49320340156555176,7066.139886200001
35010,1.3781726360321045,,0.00013776761836173525,0.4925062358379364,7068.112267099999
35020,1.4399101734161377,,0.00013761856976352076,0.5033037066459656,7070.1303775
35030,1.3423722982406616,,0.00013746980302412542,0.4931904971599579,7072.1306804
35040,1.4835975170135498,,0.00013732131824522966,0.5003881454467773,7074.1311086999995
35050,1.3853529691696167,,0.0001371731155283216,0.5178825259208679,7076.120728
35060,1.4257818460464478,,0.00013702519497469634,0.5164376497268677,7078.112220499999
35070,1.3660399913787842,,0.00013687755668545623,0.48696890473365784,7080.135182599999
35080,1.4203258752822876,,0.00013673020076151063,0.49376386404037476,7082.1435628
35090,1.4863780736923218,,0.00013658312730357596,0.5225109457969666,7084.154181599999
35100,1.3950307369232178,,0.00013643633641217536,0.4895760118961334,7086.1606923
35110,1.3890535831451416,,0.0001362898281876392,0.5163537859916687,7088.166975799999
35120,1.3448388576507568,,0.00013614360273010435,0.48863843083381653,7090.195409599999
35130,1.4070837497711182,,0.00013599766013951478,0.5192154049873352,7092.1818807
35140,1.4582483768463135,,0.0001358520005156205,0.49999067187309265,7094.1802149
35150,1.3361223936080933,,0.0001357066239579788,0.511949896812439,7096.1905449999995
35160,1.4779003858566284,,0.00013556153056595301,0.5088154673576355,7098.1706467
35170,1.409055471420288,,0.0001354167204387132,0.5073488354682922,7100.177231
35180,1.4133009910583496,,0.0001352721936752357,0.5052462816238403,7102.1895575
35190,1.410921573638916,,0.0001351279503743032,0.5005408525466919,7104.1648977
35200,1.4017434120178223,,0.00013498399063450455,0.49645429849624634,7106.1831029
35210,1.401049017906189,,0.00013484031455423488,0.5070697665214539,7108.179909500001
35220,1.3402471542358398,,0.00013469692223169554,0.49341726303100586,7110.208428399999
35230,1.3584845066070557,,0.00013455381376489386,0.4983856678009033,7112.203208699999
35240,1.4277844429016113,,0.00013441098925164296,0.5068744421005249,7114.1740217999995
35250,1.3483428955078125,,0.00013426844878956215,0.5125800967216492,7116.197733200001
35260,1.470937967300415,,0.00013412619247607648,0.5075562000274658,7118.1942180999995
35270,1.3810930252075195,,0.00013398422040841683,0.5043020248413086,7120.210395
35280,1.3579983711242676,,0.00013384253268361972,0.4835640788078308,7122.178479599999
35290,1.3462073802947998,,0.00013370112939852741,0.5105979442596436,7124.1819916
35300,1.4485833644866943,,0.00013356001064978765,0.5083099603652954,7126.1908181
35310,1.4418928623199463,,0.0001334191765338538,0.5079857110977173,7128.213639
35320,1.394433617591858,,0.00013327862714698467,0.48936548829078674,7130.211953099999
35330,1.451364517211914,,0.00013313836258524445,0.5118674039840698,7132.1833117999995
35340,1.4617793560028076,,0.00013299838294450272,0.5090364813804626,7134.1682445999995
35350,1.3731729984283447,,0.00013285868832043404,0.5060491561889648,7136.2043251
35360,1.3121267557144165,,0.00013271927880851848,0.5061875581741333,7138.1823079999995
35370,1.3689944744110107,,0.00013258015450404127,0.497409462928772,7140.187389999999
35380,1.514752984046936,,0.0001324413155020923,0.5231122374534607,7142.191811499999
35390,1.341198205947876,,0.00013230276189756692,0.47650831937789917,7144.194655199999
35400,1.416825294494629,,0.0001321644937851651,0.49328726530075073,7146.2258879
35410,1.3754863739013672,,0.0001320265112593918,0.509964644908905,7148.188372299999
35420,1.4213895797729492,,0.00013188881441455677,0.5175541043281555,7150.2102963
35430,1.407172441482544,,0.00013175140334477456,0.497677743434906,7152.2058182
35440,1.3861463069915771,,0.00013161427814396438,0.48905929923057556,7154.203483199999
35450,1.2715394496917725,,0.00013147743890584988,0.48423871397972107,7156.192033400001
35460,1.5205886363983154,,0.00013134088572395956,0.5117529034614563,7158.193136100001
35470,1.4312808513641357,,0.00013120461869162603,0.5089932084083557,7160.1997818
35480,1.4288058280944824,,0.00013106863790198658,0.5030806064605713,7162.210029899999
35490,1.329925775527954,,0.00013093294344798293,0.5008663535118103,7164.192956499999
35500,1.3195931911468506,1.4009192407131195,0.00013079753542236087,0.4929055869579315,7167.511457999999
35510,1.4092183113098145,,0.00013066241391767043,0.49301040172576904,7169.514354999999
35520,1.3620994091033936,,0.00013052757902626597,0.4883834421634674,7171.5178003
35530,1.313960313796997,,0.0001303930308403059,0.47949570417404175,7173.526240199999
35540,1.4059441089630127,,0.0001302587694517526,0.5149211287498474,7175.539546800001
35550,1.4035978317260742,,0.0001301247949523725,0.5228548049926758,7177.545230399999
35560,1.3888444900512695,,0.00012999110743373575,0.5108038783073425,7179.5199355
35570,1.318516731262207,,0.00012985770698721664,0.5078788995742798,7181.535056999999
35580,1.353682279586792,,0.0001297245937039931,0.48760566115379333,7183.5326706
35590,1.3365716934204102,,0.0001295917676750469,0.48613956570625305,7185.5636725
35600,1.2962579727172852,,0.00012945922899116317,0.493475079536438,7187.547450099999
35610,1.562788724899292,,0.000129326977742931,0.5223191380500793,7189.5387687
35620,1.2905552387237549,,0.00012919501402074284,0.48183488845825195,7191.5556896
35630,1.405661940574646,,0.0001290633379147946,0.5245190262794495,7193.5519807
35640,1.2955262660980225,,0.0001289319495150858,0.49426719546318054,7195.5592263
35650,1.4068715572357178,,0.0001288008489114191,0.5091454386711121,7197.5433032
35660,1.4515013694763184,,0.00012867003619340035,0.4961964786052704,7199.541076699999
35670,1.3395715951919556,,0.00012853951145043902,0.49224433302879333,7201.543973399999
35680,1.3647905588150024,,0.00012840927477174747,0.4984491765499115,7203.533980599999
35690,1.4623239040374756,,0.0001282793262463413,0.5149030685424805,7205.5301610999995
35700,1.4070343971252441,,0.00012814966596303898,0.5017720460891724,7207.533777499999
35710,1.4173150062561035,,0.0001280202940104622,0.51753830909729,7209.531487099999
35720,1.4239978790283203,,0.00012789121047703536,0.5386665463447571,7211.562667
35730,1.504502773284912,,0.000127762415450986,0.5035672187805176,7213.5312737
35740,1.4342191219329834,,0.00012763390902034423,0.5023834705352783,7215.5356023
35750,1.4358351230621338,,0.00012750569127294297,0.5002040266990662,7217.5207618
35760,1.4092916250228882,,0.0001273777622964178,0.49421581625938416,7219.5391373
35770,1.4285694360733032,,0.000127250122178207,0.501214861869812,7221.5353954
35780,1.4523106813430786,,0.00012712277100555142,0.5012022256851196,7223.533829599999
35790,1.344020962715149,,0.0001269957088654944,0.5041195750236511,7225.5396807
35800,1.3928210735321045,,0.0001268689358448816,0.5022701025009155,7227.543588299999
35810,1.4340717792510986,,0.00012674245203036133,0.5096874833106995,7229.5331682
35820,1.3234386444091797,,0.00012661625750838391,0.4781308174133301,7231.5377114
35830,1.4544224739074707,,0.0001264903523652024,0.5039309859275818,7233.519510300001
35840,1.3493566513061523,,0.00012636473668687146,0.5212949514389038,7235.5405396999995
35850,1.4151679277420044,,0.00012623941055924838,0.49260279536247253,7237.535775599999
35860,1.3345741033554077,,0.00012611437406799235,0.49188151955604553,7239.5150952
35870,1.4644134044647217,,0.00012598962729856464,0.5117506384849548,7241.519133899999
35880,1.3557207584381104,,0.0001258651703362285,0.5158102512359619,7243.512160799999
35890,1.5369846820831299,,0.0001257410032660491,0.514491617679596,7245.4997379
35900,1.4455406665802002,,0.00012561712617289344,0.4966287314891815,7247.4835005
35910,1.3454031944274902,,0.0001254935391414303,0.5043907761573792,7249.4685372
35920,1.443215250968933,,0.00012537024225613036,0.518361508846283,7251.499349600001
35930,1.4515775442123413,,0.00012524723560126583,0.4990895390510559,7253.483635499999
35940,1.4812538623809814,,0.0001251245192609105,0.5255118012428284,7255.488361
35950,1.4159382581710815,,0.00012500209331894007,0.5195910930633545,7257.4671292
35960,1.4686610698699951,,0.0001248799578590312,0.517950177192688,7259.459831300001
35970,1.4303791522979736,,0.00012475811296466257,0.5032728314399719,7261.4557896999995
35980,1.4074530601501465,,0.0001246365587191139,0.48252204060554504,7263.4342641
35990,1.3559999465942383,,0.0001245152952054665,0.47934195399284363,7265.448508899999
36000,1.3765387535095215,1.399052518606186,0.00012439432250660267,0.4989461898803711,7268.7459418
36010,1.3576524257659912,,0.00012427364070520614,0.496698796749115,7270.9629745
36020,1.4932482242584229,,0.00012415324988376196,0.5165086388587952,7272.9358256
36030,1.4207003116607666,,0.00012403315012455586,0.5168336033821106,7274.927885499999
36040,1.3784610033035278,,0.00012391334150967508,0.4931657910346985,7276.9173532
36050,1.3819432258605957,,0.00012379382412100768,0.4902413785457611,7278.900333
36060,1.3965305089950562,,0.00012367459804024249,0.5043184161186218,7280.9042515
36070,1.3134841918945312,,0.0001235556633488696,0.4989795982837677,7282.8833804000005
36080,1.3285024166107178,,0.00012343702012817964,0.4765160381793976,7284.8838376
36090,1.3911967277526855,,0.0001233186684592643,0.515841007232666,7286.8712505
36100,1.3547320365905762,,0.00012320060842301554,0.4808540642261505,7288.849538
36110,1.3475239276885986,,0.00012308284010012656,0.5139991641044617,7290.857082
36120,1.3248963356018066,,0.00012296536357109077,0.48457396030426025,7292.8478526
36130,1.3096848726272583,,0.00012284817891620222,0.5116162896156311,7294.820826699999
36140,1.3799569606781006,,0.00012273128621555554,0.5024827718734741,7296.823917199999
36150,1.391271710395813,,0.00012261468554904595,0.5112450122833252,7298.8161428
36160,1.335129976272583,,0.00012249837699636874,0.510739803314209,7300.7985654
36170,1.425508737564087,,0.00012238236063701974,0.4874522387981415,7302.790188999999
36180,1.35386323928833,,0.000122266636550295,0.5047978162765503,7304.7751747
36190,1.463053584098816,,0.000122151204815291,0.5120577812194824,7306.787205999999
36200,1.4341485500335693,,0.00012203606551090408,0.503143310546875,7308.7544117
36210,1.4375174045562744,,0.00012192121871583097,0.5242159366607666,7310.7562375
36220,1.4671696424484253,,0.0001218066645085683,0.4873799979686737,7312.7476584
36230,1.3386398553848267,,0.00012169240296741276,0.4866315424442291,7314.7522211
36240,1.3470056056976318,,0.00012157843417046116,0.48625048995018005,7316.726184199999
36250,1.3361213207244873,,0.00012146475819561003,0.5014089345932007,7318.708403499999
36260,1.325833797454834,,0.0001213513751205558,0.5082653760910034,7320.735824199999
36270,1.3847169876098633,,0.00012123828502279476,0.5049942135810852,7322.721286800001
36280,1.3607511520385742,,0.00012112548797962291,0.5128623247146606,7324.704316899999
36290,1.2789840698242188,,0.00012101298406813605,0.49225741624832153,7326.7117287
36300,1.3900933265686035,,0.00012090077336522944,0.5047767162322998,7328.6994923
36310,1.4041261672973633,,0.00012078885594759805,0.512744128704071,7330.687147799999
36320,1.4050328731536865,,0.00012067723189173639,0.49992993474006653,7332.6761924
36330,1.4661504030227661,,0.00012056590127393846,0.5160587430000305,7334.6626746
36340,1.3969416618347168,,0.00012045486417029768,0.5138564705848694,7336.667985399999
36350,1.3957409858703613,,0.00012034412065670697,0.5096858143806458,7338.642164499999
36360,1.3882976770401,,0.00012023367080885828,0.4934200346469879,7340.6527399999995
36370,1.3800926208496094,,0.00012012351470224316,0.5144484639167786,7342.6410096
36380,1.3971102237701416,,0.00012001365241215222,0.4927670955657959,7344.631219999999
36390,1.4535768032073975,,0.00011990408401367542,0.5216377377510071,7346.6389332
36400,1.3863096237182617,,0.00011979480958170162,0.4836663007736206,7348.6280611
36410,1.2990748882293701,,0.0001196858291909188,0.5060091614723206,7350.6383783
36420,1.4186383485794067,,0.00011957714291581414,0.5003207921981812,7352.638854999999
36430,1.3951048851013184,,0.00011946875083067364,0.49116212129592896,7354.6202232
36440,1.3800256252288818,,0.00011936065300958225,0.5230233669281006,7356.641320999999
36450,1.468935251235962,,0.00011925284952642393,0.5084472298622131,7358.6343801
36460,1.3409411907196045,,0.00011914534045488122,0.48381465673446655,7360.6712947
36470,1.3446983098983765,,0.00011903812586843556,0.5160928964614868,7362.6540018
36480,1.3551921844482422,,0.00011893120584036712,0.5194473266601562,7364.6504066
36490,1.4082821607589722,,0.00011882458044375488,0.4993332624435425,7366.6671814
36500,1.3650482892990112,1.3997967183589934,0.00011871824975147613,0.5066924691200256,7369.971056099999
36510,1.4758014678955078,,0.00011861221383620682,0.5211281180381775,7371.978716600001
36520,1.45350980758667,,0.0001185064727704217,0.4948680102825165,7373.977055899999
36530,1.4261209964752197,,0.00011840102662639364,0.5080562829971313,7375.968992099999
36540,1.3420051336288452,,0.00011829587547619415,0.524946928024292,7377.9572391
36550,1.3800435066223145,,0.00011819101939169312,0.51880943775177,7379.9646433
36560,1.3993878364562988,,0.00011808645844455855,0.5312230587005615,7381.973145
36570,1.4118787050247192,,0.00011798219270625695,0.523787796497345,7383.974718899999
36580,1.385400414466858,,0.00011787822224805304,0.5002619028091431,7385.9828868
36590,1.2873425483703613,,0.00011777454714100943,0.5131310820579529,7387.9786478000005
36600,1.433518648147583,,0.00011767116745598729,0.5126069784164429,7389.9963463
36610,1.4169955253601074,,0.00011756808326364551,0.5102624893188477,7392.0073584
36620,1.3924591541290283,,0.00011746529463444125,0.5231214165687561,7394.001747299999
36630,1.410978078842163,,0.00011736280163862956,0.5168678760528564,7396.0164669999995
36640,1.4857263565063477,,0.00011726060434626341,0.5077815651893616,7398.0128434
36650,1.3952064514160156,,0.00011715870282719375,0.484784871339798,7400.009611699999
36660,1.3147202730178833,,0.00011705709715106923,0.496304452419281,7402.0330177
36670,1.3674638271331787,,0.0001169557873873364,0.5152079463005066,7404.0167086
36680,1.4360384941101074,,0.00011685477360523952,0.5152769088745117,7406.0229786
36690,1.4458158016204834,,0.00011675405587382057,0.5129399299621582,7408.0258607
36700,1.4108197689056396,,0.00011665363426191917,0.513839840888977,7410.0344212
36710,1.304312825202942,,0.00011655350883817253,0.503381073474884,7412.056573399999
36720,1.5047266483306885,,0.00011645367967101545,0.5029338002204895,7414.024249099999
36730,1.3697909116744995,,0.0001163541468286802,0.4992922842502594,7416.040604100001
36740,1.3718531131744385,,0.00011625491037919655,0.5106801390647888,7418.0400477
36750,1.4290075302124023,,0.00011615597039039177,0.49535036087036133,7420.0448844
36760,1.3880841732025146,,0.0001160573269298903,0.4969618022441864,7422.0269554999995
36770,1.451024055480957,,0.00011595898006511395,0.5231221318244934,7424.0261395
36780,1.4451913833618164,,0.00011586092986328201,0.5261512994766235,7426.045130500001
36790,1.4528131484985352,,0.00011576317639141078,0.5121978521347046,7428.0514877000005
36800,1.3605890274047852,,0.00011566571971631396,0.4900705814361572,7430.0560503
36810,1.4058153629302979,,0.00011556855990460215,0.5023378133773804,7432.0357301
36820,1.3742849826812744,,0.00011547169702268316,0.5020819902420044,7434.0421382
36830,1.3486108779907227,,0.00011537513113676196,0.4943445920944214,7436.049299299999
36840,1.4794440269470215,,0.0001152788623128403,0.5120812058448792,7438.056676799999
36850,1.3247311115264893,,0.00011518289061671712,0.5001357793807983,7440.054681399999
36860,1.2760379314422607,,0.00011508721611398817,0.5192724466323853,7442.0585649
36870,1.3298577070236206,,0.00011499183887004597,0.4863305389881134,7444.053548
36880,1.4376980066299438,,0.00011489675895008001,0.5044395923614502,7446.0758104
36890,1.4371538162231445,,0.0001148019764190765,0.5397292375564575,7448.0755474
36900,1.3856453895568848,,0.00011470749134181851,0.5224338173866272,7450.056762099999
36910,1.33598792552948,,0.00011461330378288556,0.5189209580421448,7452.0777939
36920,1.4114176034927368,,0.00011451941380665404,0.5026836395263672,7454.0852724
36930,1.4896883964538574,,0.00011442582147729686,0.5283581614494324,7456.1087384
36940,1.4541704654693604,,0.00011433252685878348,0.49508312344551086,7458.1070492
36950,1.342970609664917,,0.0001142395300148799,0.5082049369812012,7460.0965108
36960,1.4910132884979248,,0.00011414683100914865,0.5309045910835266,7462.110997399999
36970,1.4158918857574463,,0.00011405442990494843,0.501882791519165,7464.099857499999
36980,1.3821218013763428,,0.0001139623267654347,0.5178717374801636,7466.143457799999
36990,1.3531254529953003,,0.00011387052165355899,0.507362961769104,7468.140440499999
37000,1.4085876941680908,1.4085666358470916,0.00011377901463206936,0.4876364767551422,7471.4239155
37010,1.4711246490478516,,0.00011368780576350985,0.5008915662765503,7473.398010299999
37020,1.4106694459915161,,0.00011359689511022094,0.5059130191802979,7475.4228459000005
37030,1.2901712656021118,,0.0001135062827343392,0.5017973780632019,7477.4163315999995
37040,1.438960313796997,,0.00011341596869779733,0.519612729549408,7479.4083749
37050,1.380462408065796,,0.00011332595306232408,0.49359506368637085,7481.4013397
37060,1.3275121450424194,,0.00011323623588944437,0.5041205883026123,7483.4098361
37070,1.3454960584640503,,0.00011314681724047893,0.5139105319976807,7485.4304643
37080,1.3925461769104004,,0.00011305769717654466,0.5188850164413452,7487.441318900001
37090,1.3926711082458496,,0.00011296887575855421,0.5127292275428772,7489.4348099
37100,1.349621295928955,,0.00011288035304721632,0.4951785206794739,7491.437938499999
37110,1.4256559610366821,,0.00011279212910303524,0.49126726388931274,7493.419374199999
37120,1.4206287860870361,,0.00011270420398631129,0.5153865218162537,7495.4354103999995
37130,1.356874704360962,,0.0001126165777571405,0.5052873492240906,7497.4389691
37140,1.2639548778533936,,0.00011252925047541456,0.49548545479774475,7499.409462899999
37150,1.3162713050842285,,0.00011244222220082078,0.4998685121536255,7501.4307733000005
37160,1.4445828199386597,,0.00011235549299284226,0.5117357969284058,7503.4274205
37170,1.3378379344940186,,0.00011226906291075745,0.49678629636764526,7505.466141499999
37180,1.3938794136047363,,0.00011218293201364064,0.4877583682537079,7507.449008
37190,1.3440152406692505,,0.00011209710036036139,0.49308016896247864,7509.431939799999
37200,1.2845747470855713,,0.00011201156800958492,0.4869723320007324,7511.455547399999
37210,1.4633522033691406,,0.00011192633501977168,0.5091049075126648,7513.4489947
37220,1.2357330322265625,,0.0001118414014491777,0.5097293257713318,7515.451442199999
37230,1.371208906173706,,0.00011175676735585424,0.49594444036483765,7517.4251895
37240,1.5209770202636719,,0.00011167243279764786,0.5156975388526917,7519.4312541
37250,1.4423370361328125,,0.00011158839783220051,0.5150647163391113,7521.4436749
37260,1.3854775428771973,,0.00011150466251694928,0.5321031808853149,7523.447193
37270,1.4465878009796143,,0.00011142122690912647,0.48900991678237915,7525.4523874999995
37280,1.3686163425445557,,0.00011133809106575948,0.49362850189208984,7527.444061
37290,1.3993042707443237,,0.00011125525504367093,0.5028178691864014,7529.4397059
37300,1.4344744682312012,,0.00011117271889947845,0.5438587069511414,7531.4633605
37310,1.3539659976959229,,0.00011109048268959466,0.4966870844364166,7533.4484274999995
37320,1.373686671257019,,0.00011100854647022735,0.5053725242614746,7535.464493699999
37330,1.3940744400024414,,0.00011092691029737906,0.5119583606719971,7537.471769
37340,1.3819973468780518,,0.00011084557422684737,0.5242518782615662,7539.4751134
37350,1.4097933769226074,,0.00011076453831422467,0.5206576585769653,7541.504553999999
37360,1.3689115047454834,,0.0001106838026148984,0.5014837384223938,7543.491612100001
37370,1.3741620779037476,,0.00011060336718405044,0.5193201303482056,7545.4969475
37380,1.506461262702942,,0.00011052323207665779,0.5257872939109802,7547.5068526
37390,1.413163661956787,,0.00011044339734749193,0.5134250521659851,7549.5117109
37400,1.288770318031311,,0.00011036386305111933,0.49088233709335327,7551.541923299999
37410,1.3857076168060303,,0.00011028462924190072,0.5169503092765808,7553.533621299999
37420,1.3610143661499023,,0.0001102056959739918,0.5008542537689209,7555.530526299999
37430,1.307332992553711,,0.00011012706330134267,0.49056655168533325,7557.5175838
37440,1.3719842433929443,,0.00011004873127769798,0.5218620300292969,7559.5143052
37450,1.4334442615509033,,0.000109970699956597,0.4960877299308777,7561.5048752
37460,1.307746171951294,,0.00010989296939137338,0.5064975023269653,7563.4812870000005
37470,1.3485593795776367,,0.00010981553963515522,0.5094038248062134,7565.4843394
37480,1.2669477462768555,,0.00010973841074086497,0.4752150774002075,7567.489435199999
37490,1.3112207651138306,,0.00010966158276121963,0.4939877390861511,7569.4815136
37500,1.5271159410476685,1.4021691918373107,0.00010958505574873033,0.5292602777481079,7572.7668851
37510,1.4309245347976685,,0.00010950882975570254,0.5097804069519043,7574.761623099999
37520,1.5116344690322876,,0.00010943290483423604,0.5369478464126587,7576.7705797
37530,1.4170862436294556,,0.00010935728103622475,0.520088255405426,7578.7694763
37540,1.4173598289489746,,0.00010928195841335683,0.5033474564552307,7580.760482
37550,1.332658290863037,,0.00010920693701711467,0.4936974346637726,7582.7375476
37560,1.3549163341522217,,0.00010913221689877467,0.49056276679039,7584.7412196000005
37570,1.3935397863388062,,0.0001090577981094072,0.5158652067184448,7586.7626273999995
37580,1.3939619064331055,,0.00010898368069987691,0.5209150314331055,7588.7368666
37590,1.2892123460769653,,0.00010890986472084235,0.49726516008377075,7590.7529890999995
37600,1.3217036724090576,,0.00010883635022275603,0.4876108765602112,7592.7429501999995
37610,1.3499349355697632,,0.00010876313725586438,0.5080776214599609,7594.737509299999
37620,1.3103866577148438,,0.00010869022587020782,0.5321411490440369,7596.733813499999
37630,1.4159806966781616,,0.00010861761611562058,0.5175127387046814,7598.709045
37640,1.3976330757141113,,0.0001085453080417307,0.5145458579063416,7600.7094548000005
37650,1.3334811925888062,,0.00010847330169796007,0.48109039664268494,7602.717946499999
37660,1.4370574951171875,,0.0001084015971335245,0.5364965796470642,7604.708041399999
37670,1.3148813247680664,,0.00010833019439743317,0.5027095079421997,7606.711233399999
37680,1.3498833179473877,,0.00010825909353848931,0.5014544129371643,7608.690046600001
37690,1.4043408632278442,,0.00010818829460528966,0.5071492195129395,7610.711846799999
37700,1.4129148721694946,,0.00010811779764622459,0.5201234817504883,7612.680304399999
37710,1.4095077514648438,,0.00010804760270947814,0.505824625492096,7614.6759882999995
37720,1.3914425373077393,,0.00010797770984302786,0.4896133542060852,7616.679238000001
37730,1.4010013341903687,,0.0001079081190946449,0.5287107825279236,7618.684511399999
37740,1.457486867904663,,0.00010783883051189386,0.5050052404403687,7620.6712622
37750,1.4365065097808838,,0.00010776984414213279,0.5063222050666809,7622.6690770000005
37760,1.4051436185836792,,0.00010770116003251334,0.5127140283584595,7624.667203499999
37770,1.361173152923584,,0.00010763277822998035,0.5307384729385376,7626.6940662
37780,1.401330828666687,,0.00010756469878127215,0.5195871591567993,7628.6833169
37790,1.3690447807312012,,0.00010749692173292045,0.4917673170566559,7630.693065699999
37800,1.2714929580688477,,0.00010742944713125013,0.5001750588417053,7632.698034200001
37810,1.4380707740783691,,0.00010736227502237954,0.5205020308494568,7634.6893547
37820,1.5212323665618896,,0.00010729540545222019,0.5218900442123413,7636.7194327
37830,1.4587616920471191,,0.00010722883846647675,0.5144832730293274,7638.693701300001
37840,1.42464280128479,,0.00010716257411064709,0.503028392791748,7640.6955407000005
37850,1.3682301044464111,,0.00010709661243002232,0.4961526393890381,7642.680384199999
37860,1.354536771774292,,0.00010703095346968665,0.49275922775268555,7644.663852399999
37870,1.4823724031448364,,0.00010696559727451731,0.5204576253890991,7646.6631077
37880,1.4070417881011963,,0.00010690054388918473,0.5375415682792664,7648.663843799999
37890,1.4054439067840576,,0.00010683579335815214,0.5204870104789734,7650.682540100001
37900,1.386154294013977,,0.00010677134572567603,0.4916693866252899,7652.6988556
37910,1.4100182056427002,,0.00010670720103580573,0.5109067559242249,7654.6728614
37920,1.4097074270248413,,0.00010664335933238355,0.4991137385368347,7656.6697468
37930,1.3792579174041748,,0.00010657982065904461,0.5052752494812012,7658.6572555
37940,1.3997056484222412,,0.00010651658505921705,0.5188612341880798,7660.695558899999
37950,1.4462119340896606,,0.00010645365257612181,0.5180962681770325,7662.6769551
37960,1.3934619426727295,,0.00010639102325277272,0.5132632255554199,7664.669225600001
37970,1.4559071063995361,,0.00010632869713197614,0.5086897611618042,7666.677252399999
37980,1.3252227306365967,,0.00010626667425633161,0.49054399132728577,7668.6796763
37990,1.3795222043991089,,0.000106204954668231,0.4921000599861145,7670.676589299999
38000,1.3606562614440918,1.40055855512619,0.00010614353840985913,0.5043163299560547,7673.9344249999995
38010,1.3112819194793701,,0.00010608242552319341,0.49837878346443176,7676.151963599999
38020,1.3866443634033203,,0.00010602161605000404,0.5173241496086121,7678.130558999999
38030,1.4434651136398315,,0.00010596111003185362,0.5124744176864624,7680.1384903
38040,1.4434072971343994,,0.00010590090751009741,0.5179020166397095,7682.123299499999
38050,1.4242990016937256,,0.0001058410085258833,0.513871967792511,7684.100706499999
38060,1.3964269161224365,,0.00010578141312015174,0.5162282586097717,7686.1026432
38070,1.3720906972885132,,0.0001057221213336356,0.5011706948280334,7688.0971321
38080,1.3760749101638794,,0.00010566313320686022,0.49248266220092773,7690.064995499999
38090,1.3648016452789307,,0.00010560444878014345,0.5061730742454529,7692.0698864000005
38100,1.388054370880127,,0.00010554606809359548,0.5077114701271057,7694.061984800001
38110,1.5129181146621704,,0.00010548799118711906,0.5500447154045105,7696.0547814
38120,1.3872241973876953,,0.00010543021810040919,0.5136510729789734,7698.0361498
38130,1.376309871673584,,0.00010537274887295317,0.506888210773468,7700.024975599999
38140,1.2977137565612793,,0.0001053155835440307,0.5085246562957764,7702.0402223
38150,1.456855297088623,,0.00010525872215271381,0.5183584690093994,7704.000476900001
38160,1.3574035167694092,,0.00010520216473786666,0.5020214319229126,7705.9912523
38170,1.4071252346038818,,0.00010514591133814569,0.5018913149833679,7707.9899926
38180,1.3522956371307373,,0.00010508996199199963,0.5102044939994812,7709.9769304
38190,1.4213554859161377,,0.00010503431673766925,0.49998918175697327,7711.9745121
38200,1.3832857608795166,,0.00010497897561318763,0.510735273361206,7713.957579
38210,1.3934648036956787,,0.00010492393865637985,0.5482659935951233,7715.9529676
38220,1.40673828125,,0.00010486920590486324,0.5179858207702637,7717.9388542
38230,1.3774783611297607,,0.00010481477739604701,0.5044299364089966,7719.9204273
38240,1.4145029783248901,,0.0001047606531671326,0.5099800825119019,7721.9164820000005
38250,1.3765311241149902,,0.00010470683325511337,0.5031752586364746,7723.879601299999
38260,1.3577131032943726,,0.0001046533176967748,0.5000243186950684,7725.880604099999
38270,1.2751245498657227,,0.00010460010652869423,0.4864981770515442,7727.876953999999
38280,1.5376791954040527,,0.00010454719978724092,0.5522162318229675,7729.856602399999
38290,1.353413701057434,,0.00010449459750857619,0.5067427754402161,7731.8533651
38300,1.428740382194519,,0.00010444229972865322,0.5257068276405334,7733.8327616999995
38310,1.456892967224121,,0.00010439030648321704,0.5216805934906006,7735.8613953
38320,1.277578592300415,,0.00010433861780780451,0.48825088143348694,7737.8369277
38330,1.3952112197875977,,0.00010428723373774437,0.5387083888053894,7739.824650500001
38340,1.351789951324463,,0.00010423615430815714,0.4948183596134186,7741.8340185
38350,1.3719637393951416,,0.00010418537955395515,0.5225690007209778,7743.830242
38360,1.2759060859680176,,0.0001041349095098425,0.5160631537437439,7745.8223736
38370,1.5888352394104004,,0.0001040847442103149,0.5474795699119568,7747.802871599999
38380,1.5251212120056152,,0.0001040348836896599,0.5315057635307312,7749.7863748
38390,1.3794301748275757,,0.00010398532798195667,0.5154156684875488,7751.8133796
38400,1.4469794034957886,,0.00010393607712107613,0.5477786660194397,7753.8024331
38410,1.423560619354248,,0.00010388713114068076,0.5260159969329834,7755.8044429
38420,1.426490068435669,,0.00010383849007422467,0.5128738284111023,7757.784195599999
38430,1.423532485961914,,0.00010379015395495354,0.5010015368461609,7759.783929699999
38440,1.5012259483337402,,0.00010374212281590469,0.5172621607780457,7761.767347200001
38450,1.3625881671905518,,0.0001036943966899069,0.5002352595329285,7763.7682501
38460,1.3857364654541016,,0.00010364697560958058,0.5161707401275635,7765.779551
38470,1.406541347503662,,0.00010359985960733762,0.5144627094268799,7767.7884730999995
38480,1.4025436639785767,,0.00010355304871538127,0.5289763808250427,7769.776255999999
38490,1.4016590118408203,,0.00010350654296570634,0.5097734928131104,7771.781108900001
38500,1.3100497722625732,1.4205532550811768,0.00010346034239009916,0.4983643889427185,7775.0728282
38510,1.3511172533035278,,0.00010341444702013735,0.5012707710266113,7777.091859
38520,1.3306488990783691,,0.00010336885688718994,0.5020527243614197,7779.099573899999
38530,1.4086461067199707,,0.00010332357202241738,0.5004386305809021,7781.1316578999995
38540,1.4844191074371338,,0.00010327859245677144,0.5439613461494446,7783.155217699999
38550,1.4226526021957397,,0.00010323391822099519,0.5027945637702942,7785.135569800001
38560,1.3167216777801514,,0.0001031895493456231,0.5111300945281982,7787.143221799999
38570,1.3508079051971436,,0.00010314548586098087,0.5075739622116089,7789.137676799999
38580,1.3240797519683838,,0.00010310172779718545,0.49585428833961487,7791.159065599999
38590,1.4016525745391846,,0.00010305827518414507,0.4928511083126068,7793.1632319
38600,1.3626618385314941,,0.00010301512805155923,0.5329467058181763,7795.1370449999995
38610,1.2423319816589355,,0.00010297228642891852,0.5015130043029785,7797.1395925
38620,1.4474694728851318,,0.00010292975034550484,0.48921290040016174,7799.1373396
38630,1.3950202465057373,,0.00010288751983039117,0.5218204855918884,7801.1362625
38640,1.3767205476760864,,0.00010284559491244167,0.4895614981651306,7803.1180124
38650,1.4678529500961304,,0.00010280397562031167,0.5361505150794983,7805.1203503
38660,1.5238267183303833,,0.00010276266198244747,0.5254769325256348,7807.132887599999
38670,1.4036965370178223,,0.00010272165402708663,0.527335524559021,7809.1287366
38680,1.2461771965026855,,0.00010268095178225769,0.504158079624176,7811.148621
38690,1.4499802589416504,,0.00010264055527578022,0.5129406452178955,7813.151773199999
38700,1.4067487716674805,,0.00010260046453526491,0.5164374113082886,7815.155650299999
38710,1.455104112625122,,0.00010256067958811332,0.5201212763786316,7817.165459899999
38720,1.4002104997634888,,0.00010252120046151817,0.5379191637039185,7819.1450243
38730,1.3565348386764526,,0.00010248202718246305,0.5323709845542908,7821.1448715999995
38740,1.3801194429397583,,0.00010244315977772247,0.49539828300476074,7823.149393600001
38750,1.4875940084457397,,0.00010240459827386197,0.5123672485351562,7825.1521106
38760,1.5042603015899658,,0.00010236634269723795,0.5483549237251282,7827.1722807999995
38770,1.3352422714233398,,0.00010232839307399782,0.5126110315322876,7829.1519425999995
38780,1.4439150094985962,,0.00010229074943007972,0.5100076794624329,7831.162688799999
38790,1.3581633567810059,,0.0001022534117912127,0.5076563358306885,7833.159327699999
38800,1.3037182092666626,,0.00010221638018291678,0.48155078291893005,7835.154970899999
38810,1.4088878631591797,,0.00010217965463050265,0.5075046420097351,7837.152881399999
38820,1.4783074855804443,,0.00010214323515907188,0.5175307989120483,7839.1390111
38830,1.3828929662704468,,0.00010210712179351684,0.5042591691017151,7841.156912099999
38840,1.3230057954788208,,0.00010207131455852061,0.5104743242263794,7843.162760499999
38850,1.337134599685669,,0.00010203581347855727,0.504040539264679,7845.1533997999995
38860,1.389025330543518,,0.00010200061857789127,0.515152096748352,7847.1564423
38870,1.387434959411621,,0.00010196572988057817,0.5081630349159241,7849.134769299999
38880,1.3166183233261108,,0.00010193114741046395,0.528028130531311,7851.1652603
38890,1.2894346714019775,,0.00010189687119118542,0.4967885911464691,7853.1577598
38900,1.3747116327285767,,0.00010186290124617011,0.5004938840866089,7855.131196099999
38910,1.3378764390945435,,0.00010182923759863611,0.5221685767173767,7857.1375149
38920,1.3848986625671387,,0.00010179588027159219,0.4936681389808655,7859.1341796
38930,1.3356611728668213,,0.00010176282928783786,0.5134204626083374,7861.12638
38940,1.4479029178619385,,0.00010173008466996299,0.5232462286949158,7863.1216585
38950,1.3777852058410645,,0.00010169764644034838,0.5188075304031372,7865.111713
38960,1.3914904594421387,,0.00010166551462116515,0.5345249772071838,7867.130804299999
38970,1.3998891115188599,,0.00010163368923437519,0.5094770193099976,7869.103823199999
38980,1.3528261184692383,,0.00010160217030173072,0.47901520133018494,7871.121678899999
38990,1.3992345333099365,,0.0001015709578447748,0.4939245283603668,7873.112973199999
39000,1.4234354496002197,1.3958595633506774,0.00010154005188484072,0.531233012676239,7876.404953899999
39010,1.420931100845337,,0.00010150945244305242,0.5209492444992065,7878.403801999999
39020,1.393812894821167,,0.0001014791595403244,0.5105192065238953,7880.4097083
39030,1.384521484375,,0.0001014491731973615,0.5122117400169373,7882.393759799999
39040,1.4397832155227661,,0.00010141949343465919,0.5261666178703308,7884.398717800001
39050,1.4470438957214355,,0.00010139012027250322,0.5346927642822266,7886.412219
39060,1.2922735214233398,,0.0001013610537309699,0.522716760635376,7888.4277557000005
39070,1.6019625663757324,,0.00010133229382992598,0.5354152321815491,7890.416369999999
39080,1.3896372318267822,,0.00010130384058902848,0.5241477489471436,7892.421842600001
39090,1.3262683153152466,,0.00010127569402772506,0.5106907486915588,7894.424836099999
39100,1.2896915674209595,,0.0001012478541652535,0.4896409511566162,7896.435768199999
39110,1.3988038301467896,,0.00010122032102064217,0.4973178803920746,7898.443738099999
39120,1.311058759689331,,0.00010119309461270964,0.5229718685150146,7900.4391806
39130,1.3549659252166748,,0.00010116617496006499,0.511728048324585,7902.433708099999
39140,1.537916660308838,,0.00010113956208110752,0.546290397644043,7904.4148694
39150,1.3734683990478516,,0.00010111325599402683,0.5164731740951538,7906.444936399999
39160,1.456527590751648,,0.0001010872567168029,0.5072993636131287,7908.432090099999
39170,1.3706318140029907,,0.00010106156426720607,0.5223428606987,7910.434834899999
39180,1.405344009399414,,0.00010103617866279681,0.5422707796096802,7912.4402749
39190,1.417769193649292,,0.00010101109992092592,0.5128456950187683,7914.437764
39200,1.3649966716766357,,0.00010098632805873454,0.540052056312561,7916.428266999999
39210,1.3927218914031982,,0.000100961863093154,0.4993215501308441,7918.4048898
39220,1.3799017667770386,,0.00010093770504090585,0.5240343809127808,7920.3964913
39230,1.3294570446014404,,0.0001009138539185019,0.5003496408462524,7922.409932299999
39240,1.3631614446640015,,0.00010089030974224419,0.5158031582832336,7924.3743921000005
39250,1.295985460281372,,0.00010086707252822486,0.49845829606056213,7926.3818398
39260,1.3987321853637695,,0.00010084414229232647,0.5176592469215393,7928.3723594
39270,1.305159568786621,,0.00010082151905022144,0.4933107793331146,7930.3732549
39280,1.356327772140503,,0.00010079920281737274,0.5191371440887451,7932.3751213
39290,1.3638889789581299,,0.00010077719360903316,0.503302276134491,7934.354809099999
39300,1.3470515012741089,,0.0001007554914402458,0.4974403381347656,7936.3640172
39310,1.3291130065917969,,0.00010073409632584392,0.5098314881324768,7938.3657052
39320,1.444481611251831,,0.0001007130082804509,0.5220240950584412,7940.3536816
39330,1.416700839996338,,0.00010069222731848023,0.5242951512336731,7942.3589018
39340,1.3999557495117188,,0.00010067175345413544,0.5066123008728027,7944.3456558
39350,1.4457200765609741,,0.00010065158670141023,0.517574667930603,7946.3691846
39360,1.374746322631836,,0.00010063172707408843,0.4934176802635193,7948.351166099999
39370,1.3414543867111206,,0.00010061217458574388,0.5077332854270935,7950.3539972
39380,1.3063428401947021,,0.00010059292924974054,0.5096567869186401,7952.3673026
39390,1.405410647392273,,0.0001005739910792324,0.5246613621711731,7954.3623718
39400,1.3009796142578125,,0.00010055536008716349,0.48856350779533386,7956.355855399999
39410,1.4291434288024902,,0.00010053703628626797,0.5080500841140747,7958.340680199999
39420,1.5212819576263428,,0.00010051901968906999,0.5161454081535339,7960.343139999999
39430,1.3898987770080566,,0.00010050131030788368,0.5253487825393677,7962.364122999999
39440,1.3613202571868896,,0.00010048390815481327,0.4856443405151367,7964.3530051
39450,1.4717693328857422,,0.0001004668132417529,0.5396543741226196,7966.3565055
39460,1.4909013509750366,,0.00010045002558038692,0.5228614211082458,7968.3521432
39470,1.4316956996917725,,0.00010043354518218938,0.5199233889579773,7970.359532799999
39480,1.4031403064727783,,0.00010041737205842461,0.5043389201164246,7972.393663700001
39490,1.3692984580993652,,0.00010040150622014668,0.5316887497901917,7974.366967
39500,1.371446967124939,1.4177460372447968,0.0001003859476781998,0.49850994348526,7977.6750479
39510,1.4195218086242676,,0.00010037069644321808,0.525964617729187,7979.653193599999
39520,1.332454800605774,,0.00010035575252562559,0.5040256381034851,7981.676266799999
39530,1.3282819986343384,,0.00010034111593563633,0.4930024743080139,7983.6741468
39540,1.3307167291641235,,0.00010032678668325433,0.5185994505882263,7985.684856399999
39550,1.323765754699707,,0.00010031276477827346,0.5076939463615417,7987.651576
39560,1.3934237957000732,,0.00010029905023027755,0.5296017527580261,7989.657831
39570,1.2800731658935547,,0.00010028564304864041,0.5071695446968079,7991.667774399999
39580,1.3467559814453125,,0.0001002725432425257,0.519037663936615,7993.670894299999
39590,1.3594588041305542,,0.00010025975082088697,0.49819082021713257,7995.6766253999995
39600,1.4352805614471436,,0.0001002472657924678,0.5384527444839478,7997.672881500001
39610,1.3803980350494385,,0.0001002350881658015,0.4986640512943268,7999.6720375
39620,1.3639640808105469,,0.00010022321794921145,0.4999954402446747,8001.6905071
39630,1.4194307327270508,,0.00010021165515081079,0.5282725095748901,8003.685577799999
39640,1.3093868494033813,,0.00010020039977850252,0.505713939666748,8005.679247399999
39650,1.4482462406158447,,0.00010018945183997972,0.5147728323936462,8007.686105299999
39660,1.4533928632736206,,0.00010017881134272508,0.5270978808403015,8009.6817409
39670,1.3024241924285889,,0.00010016847829401135,0.4951639473438263,8011.7185402
39680,1.4267051219940186,,0.00010015845270090106,0.5092450380325317,8013.697536600001
39690,1.341027021408081,,0.00010014873457024655,0.521955668926239,8015.7000415
39700,1.3701534271240234,,0.00010013932390869019,0.5115538239479065,8017.7081301
39710,1.4083595275878906,,0.00010013022072266395,0.5282572507858276,8019.705168799999
39720,1.4258278608322144,,0.00010012142501838983,0.5084166526794434,8021.6994657
39730,1.3560396432876587,,0.0001001129368018796,0.5208385586738586,8023.6811442
39740,1.393178105354309,,0.0001001047560789349,0.5448139905929565,8025.689337899999
39750,1.330294132232666,,0.00010009688285514717,0.5371683239936829,8027.6983124
39760,1.4185278415679932,,0.00010008931713589769,0.5562041997909546,8029.6936573
39770,1.359316349029541,,0.00010008205892635754,0.49029672145843506,8031.706696699999
39780,1.3999310731887817,,0.00010007510823148762,0.5369259119033813,8033.701772299999
39790,1.4259837865829468,,0.00010006846505603867,0.5328236818313599,8035.6997113
39800,1.3990108966827393,,0.00010006212940455129,0.5186274647712708,8037.7118436
39810,1.2842230796813965,,0.00010005610128135577,0.48044759035110474,8039.6785922
39820,1.356153964996338,,0.00010005038069057235,0.5049947500228882,8041.6997942
39830,1.3276914358139038,,0.00010004496763611093,0.5220975875854492,8043.690149
39840,1.3697112798690796,,0.00010003986212167132,0.5042186379432678,8045.7003313000005
39850,1.4426743984222412,,0.00010003506415074305,0.5222607851028442,8047.6827152999995
39860,1.3528780937194824,,0.00010003057372660552,0.503014326095581,8049.6618569
39870,1.4991154670715332,,0.00010002639085232793,0.534146249294281,8051.6658307
39880,1.5045504570007324,,0.00010002251553076917,0.5719906687736511,8053.654134799999
39890,1.4344922304153442,,0.00010001894776457799,0.5410840511322021,8055.6405847000005
39900,1.3388409614562988,,0.00010001568755619298,0.5251277685165405,8057.659356799999
39910,1.4132680892944336,,0.00010001273490784242,0.5340346097946167,8059.6506371
39920,1.3995046615600586,,0.00010001008982154442,0.5087454319000244,8061.673344700001
39930,1.3499634265899658,,0.00010000775229910686,0.5013916492462158,8063.6542947
39940,1.380105972290039,,0.00010000572234212745,0.5501503348350525,8065.6535361999995
39950,1.2739272117614746,,0.00010000399995199363,0.49439817667007446,8067.6688025
39960,1.3805346488952637,,0.00010000258512988261,0.5300136208534241,8069.662600600001
39970,1.4194860458374023,,0.00010000147787676147,0.5257978439331055,8071.6577239
39980,1.3095672130584717,,0.0001000006781933869,0.49759727716445923,8073.644127
39990,1.427971363067627,,0.00010000018608030562,0.5358128547668457,8075.649820999999
40000,1.3815460205078125,1.4019526660442352,0.0001000000015378539,0.5076993107795715,8078.9536964
